size,horizon,delta,algorithm,trial,objective,risk,time_s,n,iterations,complete,constrained_pomdp_commit,raostar_commit,case,input_digest,domain,instance,alpha,lambda,status
5,3,0.1,RAOstar,1,9.749686328125,0.08926781233710164,0.08024474291596562,337,40,True,d84d099493b973a63d879255d2221c1930d649aa,543f782d80ceb9555130e911c1fcf7074153d267,grid-5x5-h3-d1-r1-b0.1,2dd4c818c32f51f28cb82c2c44ed9a65eb5ae10f13481483026f20a393ef47bd,benchmarks/grid/fixed-duration/domain.rddl,benchmarks/grid/fixed-duration/grid-5x5-h3-d1-r1-b0.1.rddl,1,1,ok
5,3,0.1,RAOstar,2,9.749686328125,0.08926781233710164,0.07643627596553415,337,40,True,d84d099493b973a63d879255d2221c1930d649aa,543f782d80ceb9555130e911c1fcf7074153d267,grid-5x5-h3-d1-r1-b0.1,2dd4c818c32f51f28cb82c2c44ed9a65eb5ae10f13481483026f20a393ef47bd,benchmarks/grid/fixed-duration/domain.rddl,benchmarks/grid/fixed-duration/grid-5x5-h3-d1-r1-b0.1.rddl,1,1,ok
5,3,0.1,RAOstar,3,9.749686328125,0.08926781233710164,0.11347686708904803,337,40,True,d84d099493b973a63d879255d2221c1930d649aa,543f782d80ceb9555130e911c1fcf7074153d267,grid-5x5-h3-d1-r1-b0.1,2dd4c818c32f51f28cb82c2c44ed9a65eb5ae10f13481483026f20a393ef47bd,benchmarks/grid/fixed-duration/domain.rddl,benchmarks/grid/fixed-duration/grid-5x5-h3-d1-r1-b0.1.rddl,1,1,ok
5,3,0.1,RAOstar,4,9.749686328125,0.08926781233710164,0.07836949499323964,337,40,True,d84d099493b973a63d879255d2221c1930d649aa,543f782d80ceb9555130e911c1fcf7074153d267,grid-5x5-h3-d1-r1-b0.1,2dd4c818c32f51f28cb82c2c44ed9a65eb5ae10f13481483026f20a393ef47bd,benchmarks/grid/fixed-duration/domain.rddl,benchmarks/grid/fixed-duration/grid-5x5-h3-d1-r1-b0.1.rddl,1,1,ok
5,3,0.1,RAOstar,5,9.749686328125,0.08926781233710164,0.07813379704020917,337,40,True,d84d099493b973a63d879255d2221c1930d649aa,543f782d80ceb9555130e911c1fcf7074153d267,grid-5x5-h3-d1-r1-b0.1,2dd4c818c32f51f28cb82c2c44ed9a65eb5ae10f13481483026f20a393ef47bd,benchmarks/grid/fixed-duration/domain.rddl,benchmarks/grid/fixed-duration/grid-5x5-h3-d1-r1-b0.1.rddl,1,1,ok
5,3,0.1,RAOstar,6,9.749686328125,0.08926781233710164,0.07697009097319096,337,40,True,d84d099493b973a63d879255d2221c1930d649aa,543f782d80ceb9555130e911c1fcf7074153d267,grid-5x5-h3-d1-r1-b0.1,2dd4c818c32f51f28cb82c2c44ed9a65eb5ae10f13481483026f20a393ef47bd,benchmarks/grid/fixed-duration/domain.rddl,benchmarks/grid/fixed-duration/grid-5x5-h3-d1-r1-b0.1.rddl,1,1,ok
5,3,0.1,RAOstar,7,9.749686328125,0.08926781233710164,0.07750718900933862,337,40,True,d84d099493b973a63d879255d2221c1930d649aa,543f782d80ceb9555130e911c1fcf7074153d267,grid-5x5-h3-d1-r1-b0.1,2dd4c818c32f51f28cb82c2c44ed9a65eb5ae10f13481483026f20a393ef47bd,benchmarks/grid/fixed-duration/domain.rddl,benchmarks/grid/fixed-duration/grid-5x5-h3-d1-r1-b0.1.rddl,1,1,ok
5,3,0.1,RAOstar,8,9.749686328125,0.08926781233710164,0.08841860992833972,337,40,True,d84d099493b973a63d879255d2221c1930d649aa,543f782d80ceb9555130e911c1fcf7074153d267,grid-5x5-h3-d1-r1-b0.1,2dd4c818c32f51f28cb82c2c44ed9a65eb5ae10f13481483026f20a393ef47bd,benchmarks/grid/fixed-duration/domain.rddl,benchmarks/grid/fixed-duration/grid-5x5-h3-d1-r1-b0.1.rddl,1,1,ok
5,3,0.1,RAOstar,9,9.749686328125,0.08926781233710164,0.08237476507201791,337,40,True,d84d099493b973a63d879255d2221c1930d649aa,543f782d80ceb9555130e911c1fcf7074153d267,grid-5x5-h3-d1-r1-b0.1,2dd4c818c32f51f28cb82c2c44ed9a65eb5ae10f13481483026f20a393ef47bd,benchmarks/grid/fixed-duration/domain.rddl,benchmarks/grid/fixed-duration/grid-5x5-h3-d1-r1-b0.1.rddl,1,1,ok
5,3,0.1,RAOstar,10,9.749686328125,0.08926781233710164,0.07636501907836646,337,40,True,d84d099493b973a63d879255d2221c1930d649aa,543f782d80ceb9555130e911c1fcf7074153d267,grid-5x5-h3-d1-r1-b0.1,2dd4c818c32f51f28cb82c2c44ed9a65eb5ae10f13481483026f20a393ef47bd,benchmarks/grid/fixed-duration/domain.rddl,benchmarks/grid/fixed-duration/grid-5x5-h3-d1-r1-b0.1.rddl,1,1,ok
5,3,0.1,RAOstar,11,9.749686328125,0.08926781233710164,0.07957061508204788,337,40,True,d84d099493b973a63d879255d2221c1930d649aa,543f782d80ceb9555130e911c1fcf7074153d267,grid-5x5-h3-d1-r1-b0.1,2dd4c818c32f51f28cb82c2c44ed9a65eb5ae10f13481483026f20a393ef47bd,benchmarks/grid/fixed-duration/domain.rddl,benchmarks/grid/fixed-duration/grid-5x5-h3-d1-r1-b0.1.rddl,1,1,ok
5,3,0.1,RAOstar,12,9.749686328125,0.08926781233710164,0.08048544602934271,337,40,True,d84d099493b973a63d879255d2221c1930d649aa,543f782d80ceb9555130e911c1fcf7074153d267,grid-5x5-h3-d1-r1-b0.1,2dd4c818c32f51f28cb82c2c44ed9a65eb5ae10f13481483026f20a393ef47bd,benchmarks/grid/fixed-duration/domain.rddl,benchmarks/grid/fixed-duration/grid-5x5-h3-d1-r1-b0.1.rddl,1,1,ok
5,3,0.1,RAOstar,13,9.749686328125,0.08926781233710164,0.11198064195923507,337,40,True,d84d099493b973a63d879255d2221c1930d649aa,543f782d80ceb9555130e911c1fcf7074153d267,grid-5x5-h3-d1-r1-b0.1,2dd4c818c32f51f28cb82c2c44ed9a65eb5ae10f13481483026f20a393ef47bd,benchmarks/grid/fixed-duration/domain.rddl,benchmarks/grid/fixed-duration/grid-5x5-h3-d1-r1-b0.1.rddl,1,1,ok
5,3,0.1,RAOstar,14,9.749686328125,0.08926781233710164,0.0828157919459045,337,40,True,d84d099493b973a63d879255d2221c1930d649aa,543f782d80ceb9555130e911c1fcf7074153d267,grid-5x5-h3-d1-r1-b0.1,2dd4c818c32f51f28cb82c2c44ed9a65eb5ae10f13481483026f20a393ef47bd,benchmarks/grid/fixed-duration/domain.rddl,benchmarks/grid/fixed-duration/grid-5x5-h3-d1-r1-b0.1.rddl,1,1,ok
5,3,0.1,RAOstar,15,9.749686328125,0.08926781233710164,0.08093440299853683,337,40,True,d84d099493b973a63d879255d2221c1930d649aa,543f782d80ceb9555130e911c1fcf7074153d267,grid-5x5-h3-d1-r1-b0.1,2dd4c818c32f51f28cb82c2c44ed9a65eb5ae10f13481483026f20a393ef47bd,benchmarks/grid/fixed-duration/domain.rddl,benchmarks/grid/fixed-duration/grid-5x5-h3-d1-r1-b0.1.rddl,1,1,ok
5,3,0.1,RAOstar,16,9.749686328125,0.08926781233710164,0.0987687559099868,337,40,True,d84d099493b973a63d879255d2221c1930d649aa,543f782d80ceb9555130e911c1fcf7074153d267,grid-5x5-h3-d1-r1-b0.1,2dd4c818c32f51f28cb82c2c44ed9a65eb5ae10f13481483026f20a393ef47bd,benchmarks/grid/fixed-duration/domain.rddl,benchmarks/grid/fixed-duration/grid-5x5-h3-d1-r1-b0.1.rddl,1,1,ok
5,3,0.1,RAOstar,17,9.749686328125,0.08926781233710164,0.07770806702319533,337,40,True,d84d099493b973a63d879255d2221c1930d649aa,543f782d80ceb9555130e911c1fcf7074153d267,grid-5x5-h3-d1-r1-b0.1,2dd4c818c32f51f28cb82c2c44ed9a65eb5ae10f13481483026f20a393ef47bd,benchmarks/grid/fixed-duration/domain.rddl,benchmarks/grid/fixed-duration/grid-5x5-h3-d1-r1-b0.1.rddl,1,1,ok
5,3,0.1,RAOstar,18,9.749686328125,0.08926781233710164,0.0773624760331586,337,40,True,d84d099493b973a63d879255d2221c1930d649aa,543f782d80ceb9555130e911c1fcf7074153d267,grid-5x5-h3-d1-r1-b0.1,2dd4c818c32f51f28cb82c2c44ed9a65eb5ae10f13481483026f20a393ef47bd,benchmarks/grid/fixed-duration/domain.rddl,benchmarks/grid/fixed-duration/grid-5x5-h3-d1-r1-b0.1.rddl,1,1,ok
5,3,0.1,RAOstar,19,9.749686328125,0.08926781233710164,0.08112143003381789,337,40,True,d84d099493b973a63d879255d2221c1930d649aa,543f782d80ceb9555130e911c1fcf7074153d267,grid-5x5-h3-d1-r1-b0.1,2dd4c818c32f51f28cb82c2c44ed9a65eb5ae10f13481483026f20a393ef47bd,benchmarks/grid/fixed-duration/domain.rddl,benchmarks/grid/fixed-duration/grid-5x5-h3-d1-r1-b0.1.rddl,1,1,ok
5,3,0.1,RAOstar,20,9.749686328125,0.08926781233710164,0.07752117200288922,337,40,True,d84d099493b973a63d879255d2221c1930d649aa,543f782d80ceb9555130e911c1fcf7074153d267,grid-5x5-h3-d1-r1-b0.1,2dd4c818c32f51f28cb82c2c44ed9a65eb5ae10f13481483026f20a393ef47bd,benchmarks/grid/fixed-duration/domain.rddl,benchmarks/grid/fixed-duration/grid-5x5-h3-d1-r1-b0.1.rddl,1,1,ok
5,3,0.1,RAOstar,21,9.749686328125,0.08926781233710164,0.07928376400377601,337,40,True,d84d099493b973a63d879255d2221c1930d649aa,543f782d80ceb9555130e911c1fcf7074153d267,grid-5x5-h3-d1-r1-b0.1,2dd4c818c32f51f28cb82c2c44ed9a65eb5ae10f13481483026f20a393ef47bd,benchmarks/grid/fixed-duration/domain.rddl,benchmarks/grid/fixed-duration/grid-5x5-h3-d1-r1-b0.1.rddl,1,1,ok
5,3,0.1,RAOstar,22,9.749686328125,0.08926781233710164,0.07887212000787258,337,40,True,d84d099493b973a63d879255d2221c1930d649aa,543f782d80ceb9555130e911c1fcf7074153d267,grid-5x5-h3-d1-r1-b0.1,2dd4c818c32f51f28cb82c2c44ed9a65eb5ae10f13481483026f20a393ef47bd,benchmarks/grid/fixed-duration/domain.rddl,benchmarks/grid/fixed-duration/grid-5x5-h3-d1-r1-b0.1.rddl,1,1,ok
5,3,0.1,RAOstar,23,9.749686328125,0.08926781233710164,0.07870077504776418,337,40,True,d84d099493b973a63d879255d2221c1930d649aa,543f782d80ceb9555130e911c1fcf7074153d267,grid-5x5-h3-d1-r1-b0.1,2dd4c818c32f51f28cb82c2c44ed9a65eb5ae10f13481483026f20a393ef47bd,benchmarks/grid/fixed-duration/domain.rddl,benchmarks/grid/fixed-duration/grid-5x5-h3-d1-r1-b0.1.rddl,1,1,ok
5,3,0.1,RAOstar,24,9.749686328125,0.08926781233710164,0.07908486505039036,337,40,True,d84d099493b973a63d879255d2221c1930d649aa,543f782d80ceb9555130e911c1fcf7074153d267,grid-5x5-h3-d1-r1-b0.1,2dd4c818c32f51f28cb82c2c44ed9a65eb5ae10f13481483026f20a393ef47bd,benchmarks/grid/fixed-duration/domain.rddl,benchmarks/grid/fixed-duration/grid-5x5-h3-d1-r1-b0.1.rddl,1,1,ok
5,3,0.1,RAOstar,25,9.749686328125,0.08926781233710164,0.07915700401645154,337,40,True,d84d099493b973a63d879255d2221c1930d649aa,543f782d80ceb9555130e911c1fcf7074153d267,grid-5x5-h3-d1-r1-b0.1,2dd4c818c32f51f28cb82c2c44ed9a65eb5ae10f13481483026f20a393ef47bd,benchmarks/grid/fixed-duration/domain.rddl,benchmarks/grid/fixed-duration/grid-5x5-h3-d1-r1-b0.1.rddl,1,1,ok
5,3,0.2,RAOstar,1,8.241031249999999,0.18432793332202302,0.028672628104686737,142,13,True,d84d099493b973a63d879255d2221c1930d649aa,543f782d80ceb9555130e911c1fcf7074153d267,grid-5x5-h3-d1-r1-b0.2,0c952fd7fb709ebd44038661f64d3016ca754a476eb7d971243a1a15a55c2b49,benchmarks/grid/fixed-duration/domain.rddl,benchmarks/grid/fixed-duration/grid-5x5-h3-d1-r1-b0.2.rddl,1,1,ok
5,3,0.2,RAOstar,2,8.241031249999999,0.18432793332202302,0.027743143029510975,142,13,True,d84d099493b973a63d879255d2221c1930d649aa,543f782d80ceb9555130e911c1fcf7074153d267,grid-5x5-h3-d1-r1-b0.2,0c952fd7fb709ebd44038661f64d3016ca754a476eb7d971243a1a15a55c2b49,benchmarks/grid/fixed-duration/domain.rddl,benchmarks/grid/fixed-duration/grid-5x5-h3-d1-r1-b0.2.rddl,1,1,ok
5,3,0.2,RAOstar,3,8.241031249999999,0.18432793332202302,0.040472752996720374,142,13,True,d84d099493b973a63d879255d2221c1930d649aa,543f782d80ceb9555130e911c1fcf7074153d267,grid-5x5-h3-d1-r1-b0.2,0c952fd7fb709ebd44038661f64d3016ca754a476eb7d971243a1a15a55c2b49,benchmarks/grid/fixed-duration/domain.rddl,benchmarks/grid/fixed-duration/grid-5x5-h3-d1-r1-b0.2.rddl,1,1,ok
5,3,0.2,RAOstar,4,8.241031249999999,0.18432793332202302,0.03297222300898284,142,13,True,d84d099493b973a63d879255d2221c1930d649aa,543f782d80ceb9555130e911c1fcf7074153d267,grid-5x5-h3-d1-r1-b0.2,0c952fd7fb709ebd44038661f64d3016ca754a476eb7d971243a1a15a55c2b49,benchmarks/grid/fixed-duration/domain.rddl,benchmarks/grid/fixed-duration/grid-5x5-h3-d1-r1-b0.2.rddl,1,1,ok
5,3,0.2,RAOstar,5,8.241031249999999,0.18432793332202302,0.02789750404190272,142,13,True,d84d099493b973a63d879255d2221c1930d649aa,543f782d80ceb9555130e911c1fcf7074153d267,grid-5x5-h3-d1-r1-b0.2,0c952fd7fb709ebd44038661f64d3016ca754a476eb7d971243a1a15a55c2b49,benchmarks/grid/fixed-duration/domain.rddl,benchmarks/grid/fixed-duration/grid-5x5-h3-d1-r1-b0.2.rddl,1,1,ok
5,3,0.2,RAOstar,6,8.241031249999999,0.18432793332202302,0.029839648981578648,142,13,True,d84d099493b973a63d879255d2221c1930d649aa,543f782d80ceb9555130e911c1fcf7074153d267,grid-5x5-h3-d1-r1-b0.2,0c952fd7fb709ebd44038661f64d3016ca754a476eb7d971243a1a15a55c2b49,benchmarks/grid/fixed-duration/domain.rddl,benchmarks/grid/fixed-duration/grid-5x5-h3-d1-r1-b0.2.rddl,1,1,ok
5,3,0.2,RAOstar,7,8.241031249999999,0.18432793332202302,0.02927063696552068,142,13,True,d84d099493b973a63d879255d2221c1930d649aa,543f782d80ceb9555130e911c1fcf7074153d267,grid-5x5-h3-d1-r1-b0.2,0c952fd7fb709ebd44038661f64d3016ca754a476eb7d971243a1a15a55c2b49,benchmarks/grid/fixed-duration/domain.rddl,benchmarks/grid/fixed-duration/grid-5x5-h3-d1-r1-b0.2.rddl,1,1,ok
5,3,0.2,RAOstar,8,8.241031249999999,0.18432793332202302,0.027938761981204152,142,13,True,d84d099493b973a63d879255d2221c1930d649aa,543f782d80ceb9555130e911c1fcf7074153d267,grid-5x5-h3-d1-r1-b0.2,0c952fd7fb709ebd44038661f64d3016ca754a476eb7d971243a1a15a55c2b49,benchmarks/grid/fixed-duration/domain.rddl,benchmarks/grid/fixed-duration/grid-5x5-h3-d1-r1-b0.2.rddl,1,1,ok
5,3,0.2,RAOstar,9,8.241031249999999,0.18432793332202302,0.028845536056905985,142,13,True,d84d099493b973a63d879255d2221c1930d649aa,543f782d80ceb9555130e911c1fcf7074153d267,grid-5x5-h3-d1-r1-b0.2,0c952fd7fb709ebd44038661f64d3016ca754a476eb7d971243a1a15a55c2b49,benchmarks/grid/fixed-duration/domain.rddl,benchmarks/grid/fixed-duration/grid-5x5-h3-d1-r1-b0.2.rddl,1,1,ok
5,3,0.2,RAOstar,10,8.241031249999999,0.18432793332202302,0.02738402900286019,142,13,True,d84d099493b973a63d879255d2221c1930d649aa,543f782d80ceb9555130e911c1fcf7074153d267,grid-5x5-h3-d1-r1-b0.2,0c952fd7fb709ebd44038661f64d3016ca754a476eb7d971243a1a15a55c2b49,benchmarks/grid/fixed-duration/domain.rddl,benchmarks/grid/fixed-duration/grid-5x5-h3-d1-r1-b0.2.rddl,1,1,ok
5,3,0.2,RAOstar,11,8.241031249999999,0.18432793332202302,0.028914393042214215,142,13,True,d84d099493b973a63d879255d2221c1930d649aa,543f782d80ceb9555130e911c1fcf7074153d267,grid-5x5-h3-d1-r1-b0.2,0c952fd7fb709ebd44038661f64d3016ca754a476eb7d971243a1a15a55c2b49,benchmarks/grid/fixed-duration/domain.rddl,benchmarks/grid/fixed-duration/grid-5x5-h3-d1-r1-b0.2.rddl,1,1,ok
5,3,0.2,RAOstar,12,8.241031249999999,0.18432793332202302,0.036072587012313306,142,13,True,d84d099493b973a63d879255d2221c1930d649aa,543f782d80ceb9555130e911c1fcf7074153d267,grid-5x5-h3-d1-r1-b0.2,0c952fd7fb709ebd44038661f64d3016ca754a476eb7d971243a1a15a55c2b49,benchmarks/grid/fixed-duration/domain.rddl,benchmarks/grid/fixed-duration/grid-5x5-h3-d1-r1-b0.2.rddl,1,1,ok
5,3,0.2,RAOstar,13,8.241031249999999,0.18432793332202302,0.03219628008082509,142,13,True,d84d099493b973a63d879255d2221c1930d649aa,543f782d80ceb9555130e911c1fcf7074153d267,grid-5x5-h3-d1-r1-b0.2,0c952fd7fb709ebd44038661f64d3016ca754a476eb7d971243a1a15a55c2b49,benchmarks/grid/fixed-duration/domain.rddl,benchmarks/grid/fixed-duration/grid-5x5-h3-d1-r1-b0.2.rddl,1,1,ok
5,3,0.2,RAOstar,14,8.241031249999999,0.18432793332202302,0.02834946196526289,142,13,True,d84d099493b973a63d879255d2221c1930d649aa,543f782d80ceb9555130e911c1fcf7074153d267,grid-5x5-h3-d1-r1-b0.2,0c952fd7fb709ebd44038661f64d3016ca754a476eb7d971243a1a15a55c2b49,benchmarks/grid/fixed-duration/domain.rddl,benchmarks/grid/fixed-duration/grid-5x5-h3-d1-r1-b0.2.rddl,1,1,ok
5,3,0.2,RAOstar,15,8.241031249999999,0.18432793332202302,0.03796476894058287,142,13,True,d84d099493b973a63d879255d2221c1930d649aa,543f782d80ceb9555130e911c1fcf7074153d267,grid-5x5-h3-d1-r1-b0.2,0c952fd7fb709ebd44038661f64d3016ca754a476eb7d971243a1a15a55c2b49,benchmarks/grid/fixed-duration/domain.rddl,benchmarks/grid/fixed-duration/grid-5x5-h3-d1-r1-b0.2.rddl,1,1,ok
5,3,0.2,RAOstar,16,8.241031249999999,0.18432793332202302,0.03528475493658334,142,13,True,d84d099493b973a63d879255d2221c1930d649aa,543f782d80ceb9555130e911c1fcf7074153d267,grid-5x5-h3-d1-r1-b0.2,0c952fd7fb709ebd44038661f64d3016ca754a476eb7d971243a1a15a55c2b49,benchmarks/grid/fixed-duration/domain.rddl,benchmarks/grid/fixed-duration/grid-5x5-h3-d1-r1-b0.2.rddl,1,1,ok
5,3,0.2,RAOstar,17,8.241031249999999,0.18432793332202302,0.03108834906015545,142,13,True,d84d099493b973a63d879255d2221c1930d649aa,543f782d80ceb9555130e911c1fcf7074153d267,grid-5x5-h3-d1-r1-b0.2,0c952fd7fb709ebd44038661f64d3016ca754a476eb7d971243a1a15a55c2b49,benchmarks/grid/fixed-duration/domain.rddl,benchmarks/grid/fixed-duration/grid-5x5-h3-d1-r1-b0.2.rddl,1,1,ok
5,3,0.2,RAOstar,18,8.241031249999999,0.18432793332202302,0.03190757194533944,142,13,True,d84d099493b973a63d879255d2221c1930d649aa,543f782d80ceb9555130e911c1fcf7074153d267,grid-5x5-h3-d1-r1-b0.2,0c952fd7fb709ebd44038661f64d3016ca754a476eb7d971243a1a15a55c2b49,benchmarks/grid/fixed-duration/domain.rddl,benchmarks/grid/fixed-duration/grid-5x5-h3-d1-r1-b0.2.rddl,1,1,ok
5,3,0.2,RAOstar,19,8.241031249999999,0.18432793332202302,0.04389610793441534,142,13,True,d84d099493b973a63d879255d2221c1930d649aa,543f782d80ceb9555130e911c1fcf7074153d267,grid-5x5-h3-d1-r1-b0.2,0c952fd7fb709ebd44038661f64d3016ca754a476eb7d971243a1a15a55c2b49,benchmarks/grid/fixed-duration/domain.rddl,benchmarks/grid/fixed-duration/grid-5x5-h3-d1-r1-b0.2.rddl,1,1,ok
5,3,0.2,RAOstar,20,8.241031249999999,0.18432793332202302,0.06147354899439961,142,13,True,d84d099493b973a63d879255d2221c1930d649aa,543f782d80ceb9555130e911c1fcf7074153d267,grid-5x5-h3-d1-r1-b0.2,0c952fd7fb709ebd44038661f64d3016ca754a476eb7d971243a1a15a55c2b49,benchmarks/grid/fixed-duration/domain.rddl,benchmarks/grid/fixed-duration/grid-5x5-h3-d1-r1-b0.2.rddl,1,1,ok
5,3,0.2,RAOstar,21,8.241031249999999,0.18432793332202302,0.03319952997844666,142,13,True,d84d099493b973a63d879255d2221c1930d649aa,543f782d80ceb9555130e911c1fcf7074153d267,grid-5x5-h3-d1-r1-b0.2,0c952fd7fb709ebd44038661f64d3016ca754a476eb7d971243a1a15a55c2b49,benchmarks/grid/fixed-duration/domain.rddl,benchmarks/grid/fixed-duration/grid-5x5-h3-d1-r1-b0.2.rddl,1,1,ok
5,3,0.2,RAOstar,22,8.241031249999999,0.18432793332202302,0.04117491899523884,142,13,True,d84d099493b973a63d879255d2221c1930d649aa,543f782d80ceb9555130e911c1fcf7074153d267,grid-5x5-h3-d1-r1-b0.2,0c952fd7fb709ebd44038661f64d3016ca754a476eb7d971243a1a15a55c2b49,benchmarks/grid/fixed-duration/domain.rddl,benchmarks/grid/fixed-duration/grid-5x5-h3-d1-r1-b0.2.rddl,1,1,ok
5,3,0.2,RAOstar,23,8.241031249999999,0.18432793332202302,0.02771119400858879,142,13,True,d84d099493b973a63d879255d2221c1930d649aa,543f782d80ceb9555130e911c1fcf7074153d267,grid-5x5-h3-d1-r1-b0.2,0c952fd7fb709ebd44038661f64d3016ca754a476eb7d971243a1a15a55c2b49,benchmarks/grid/fixed-duration/domain.rddl,benchmarks/grid/fixed-duration/grid-5x5-h3-d1-r1-b0.2.rddl,1,1,ok
5,3,0.2,RAOstar,24,8.241031249999999,0.18432793332202302,0.03231107699684799,142,13,True,d84d099493b973a63d879255d2221c1930d649aa,543f782d80ceb9555130e911c1fcf7074153d267,grid-5x5-h3-d1-r1-b0.2,0c952fd7fb709ebd44038661f64d3016ca754a476eb7d971243a1a15a55c2b49,benchmarks/grid/fixed-duration/domain.rddl,benchmarks/grid/fixed-duration/grid-5x5-h3-d1-r1-b0.2.rddl,1,1,ok
5,3,0.2,RAOstar,25,8.241031249999999,0.18432793332202302,0.02990968502126634,142,13,True,d84d099493b973a63d879255d2221c1930d649aa,543f782d80ceb9555130e911c1fcf7074153d267,grid-5x5-h3-d1-r1-b0.2,0c952fd7fb709ebd44038661f64d3016ca754a476eb7d971243a1a15a55c2b49,benchmarks/grid/fixed-duration/domain.rddl,benchmarks/grid/fixed-duration/grid-5x5-h3-d1-r1-b0.2.rddl,1,1,ok
5,3,0.3,RAOstar,1,8.241031249999999,0.18432793332202302,0.027851132908836007,175,15,True,d84d099493b973a63d879255d2221c1930d649aa,543f782d80ceb9555130e911c1fcf7074153d267,grid-5x5-h3-d1-r1-b0.3,22e089a008c49f646205b835e0f58d5518d958d6552b2cb62930b6c89c2c9c22,benchmarks/grid/fixed-duration/domain.rddl,benchmarks/grid/fixed-duration/grid-5x5-h3-d1-r1-b0.3.rddl,1,1,ok
5,3,0.3,RAOstar,2,8.241031249999999,0.18432793332202302,0.02806309494189918,175,15,True,d84d099493b973a63d879255d2221c1930d649aa,543f782d80ceb9555130e911c1fcf7074153d267,grid-5x5-h3-d1-r1-b0.3,22e089a008c49f646205b835e0f58d5518d958d6552b2cb62930b6c89c2c9c22,benchmarks/grid/fixed-duration/domain.rddl,benchmarks/grid/fixed-duration/grid-5x5-h3-d1-r1-b0.3.rddl,1,1,ok
5,3,0.3,RAOstar,3,8.241031249999999,0.18432793332202302,0.028204253991134465,175,15,True,d84d099493b973a63d879255d2221c1930d649aa,543f782d80ceb9555130e911c1fcf7074153d267,grid-5x5-h3-d1-r1-b0.3,22e089a008c49f646205b835e0f58d5518d958d6552b2cb62930b6c89c2c9c22,benchmarks/grid/fixed-duration/domain.rddl,benchmarks/grid/fixed-duration/grid-5x5-h3-d1-r1-b0.3.rddl,1,1,ok
5,3,0.3,RAOstar,4,8.241031249999999,0.18432793332202302,0.033248389954678714,175,15,True,d84d099493b973a63d879255d2221c1930d649aa,543f782d80ceb9555130e911c1fcf7074153d267,grid-5x5-h3-d1-r1-b0.3,22e089a008c49f646205b835e0f58d5518d958d6552b2cb62930b6c89c2c9c22,benchmarks/grid/fixed-duration/domain.rddl,benchmarks/grid/fixed-duration/grid-5x5-h3-d1-r1-b0.3.rddl,1,1,ok
5,3,0.3,RAOstar,5,8.241031249999999,0.18432793332202302,0.028893881011754274,175,15,True,d84d099493b973a63d879255d2221c1930d649aa,543f782d80ceb9555130e911c1fcf7074153d267,grid-5x5-h3-d1-r1-b0.3,22e089a008c49f646205b835e0f58d5518d958d6552b2cb62930b6c89c2c9c22,benchmarks/grid/fixed-duration/domain.rddl,benchmarks/grid/fixed-duration/grid-5x5-h3-d1-r1-b0.3.rddl,1,1,ok
5,3,0.3,RAOstar,6,8.241031249999999,0.18432793332202302,0.027963544009253383,175,15,True,d84d099493b973a63d879255d2221c1930d649aa,543f782d80ceb9555130e911c1fcf7074153d267,grid-5x5-h3-d1-r1-b0.3,22e089a008c49f646205b835e0f58d5518d958d6552b2cb62930b6c89c2c9c22,benchmarks/grid/fixed-duration/domain.rddl,benchmarks/grid/fixed-duration/grid-5x5-h3-d1-r1-b0.3.rddl,1,1,ok
5,3,0.3,RAOstar,7,8.241031249999999,0.18432793332202302,0.0288552469573915,175,15,True,d84d099493b973a63d879255d2221c1930d649aa,543f782d80ceb9555130e911c1fcf7074153d267,grid-5x5-h3-d1-r1-b0.3,22e089a008c49f646205b835e0f58d5518d958d6552b2cb62930b6c89c2c9c22,benchmarks/grid/fixed-duration/domain.rddl,benchmarks/grid/fixed-duration/grid-5x5-h3-d1-r1-b0.3.rddl,1,1,ok
5,3,0.3,RAOstar,8,8.241031249999999,0.18432793332202302,0.02827448199968785,175,15,True,d84d099493b973a63d879255d2221c1930d649aa,543f782d80ceb9555130e911c1fcf7074153d267,grid-5x5-h3-d1-r1-b0.3,22e089a008c49f646205b835e0f58d5518d958d6552b2cb62930b6c89c2c9c22,benchmarks/grid/fixed-duration/domain.rddl,benchmarks/grid/fixed-duration/grid-5x5-h3-d1-r1-b0.3.rddl,1,1,ok
5,3,0.3,RAOstar,9,8.241031249999999,0.18432793332202302,0.03236439707688987,175,15,True,d84d099493b973a63d879255d2221c1930d649aa,543f782d80ceb9555130e911c1fcf7074153d267,grid-5x5-h3-d1-r1-b0.3,22e089a008c49f646205b835e0f58d5518d958d6552b2cb62930b6c89c2c9c22,benchmarks/grid/fixed-duration/domain.rddl,benchmarks/grid/fixed-duration/grid-5x5-h3-d1-r1-b0.3.rddl,1,1,ok
5,3,0.3,RAOstar,10,8.241031249999999,0.18432793332202302,0.03200470900628716,175,15,True,d84d099493b973a63d879255d2221c1930d649aa,543f782d80ceb9555130e911c1fcf7074153d267,grid-5x5-h3-d1-r1-b0.3,22e089a008c49f646205b835e0f58d5518d958d6552b2cb62930b6c89c2c9c22,benchmarks/grid/fixed-duration/domain.rddl,benchmarks/grid/fixed-duration/grid-5x5-h3-d1-r1-b0.3.rddl,1,1,ok
5,3,0.3,RAOstar,11,8.241031249999999,0.18432793332202302,0.030473083956167102,175,15,True,d84d099493b973a63d879255d2221c1930d649aa,543f782d80ceb9555130e911c1fcf7074153d267,grid-5x5-h3-d1-r1-b0.3,22e089a008c49f646205b835e0f58d5518d958d6552b2cb62930b6c89c2c9c22,benchmarks/grid/fixed-duration/domain.rddl,benchmarks/grid/fixed-duration/grid-5x5-h3-d1-r1-b0.3.rddl,1,1,ok
5,3,0.3,RAOstar,12,8.241031249999999,0.18432793332202302,0.03515580797102302,175,15,True,d84d099493b973a63d879255d2221c1930d649aa,543f782d80ceb9555130e911c1fcf7074153d267,grid-5x5-h3-d1-r1-b0.3,22e089a008c49f646205b835e0f58d5518d958d6552b2cb62930b6c89c2c9c22,benchmarks/grid/fixed-duration/domain.rddl,benchmarks/grid/fixed-duration/grid-5x5-h3-d1-r1-b0.3.rddl,1,1,ok
5,3,0.3,RAOstar,13,8.241031249999999,0.18432793332202302,0.03327159595210105,175,15,True,d84d099493b973a63d879255d2221c1930d649aa,543f782d80ceb9555130e911c1fcf7074153d267,grid-5x5-h3-d1-r1-b0.3,22e089a008c49f646205b835e0f58d5518d958d6552b2cb62930b6c89c2c9c22,benchmarks/grid/fixed-duration/domain.rddl,benchmarks/grid/fixed-duration/grid-5x5-h3-d1-r1-b0.3.rddl,1,1,ok
5,3,0.3,RAOstar,14,8.241031249999999,0.18432793332202302,0.03224347694776952,175,15,True,d84d099493b973a63d879255d2221c1930d649aa,543f782d80ceb9555130e911c1fcf7074153d267,grid-5x5-h3-d1-r1-b0.3,22e089a008c49f646205b835e0f58d5518d958d6552b2cb62930b6c89c2c9c22,benchmarks/grid/fixed-duration/domain.rddl,benchmarks/grid/fixed-duration/grid-5x5-h3-d1-r1-b0.3.rddl,1,1,ok
5,3,0.3,RAOstar,15,8.241031249999999,0.18432793332202302,0.03348895302042365,175,15,True,d84d099493b973a63d879255d2221c1930d649aa,543f782d80ceb9555130e911c1fcf7074153d267,grid-5x5-h3-d1-r1-b0.3,22e089a008c49f646205b835e0f58d5518d958d6552b2cb62930b6c89c2c9c22,benchmarks/grid/fixed-duration/domain.rddl,benchmarks/grid/fixed-duration/grid-5x5-h3-d1-r1-b0.3.rddl,1,1,ok
5,3,0.3,RAOstar,16,8.241031249999999,0.18432793332202302,0.02771085803397,175,15,True,d84d099493b973a63d879255d2221c1930d649aa,543f782d80ceb9555130e911c1fcf7074153d267,grid-5x5-h3-d1-r1-b0.3,22e089a008c49f646205b835e0f58d5518d958d6552b2cb62930b6c89c2c9c22,benchmarks/grid/fixed-duration/domain.rddl,benchmarks/grid/fixed-duration/grid-5x5-h3-d1-r1-b0.3.rddl,1,1,ok
5,3,0.3,RAOstar,17,8.241031249999999,0.18432793332202302,0.02820565307047218,175,15,True,d84d099493b973a63d879255d2221c1930d649aa,543f782d80ceb9555130e911c1fcf7074153d267,grid-5x5-h3-d1-r1-b0.3,22e089a008c49f646205b835e0f58d5518d958d6552b2cb62930b6c89c2c9c22,benchmarks/grid/fixed-duration/domain.rddl,benchmarks/grid/fixed-duration/grid-5x5-h3-d1-r1-b0.3.rddl,1,1,ok
5,3,0.3,RAOstar,18,8.241031249999999,0.18432793332202302,0.02817679801955819,175,15,True,d84d099493b973a63d879255d2221c1930d649aa,543f782d80ceb9555130e911c1fcf7074153d267,grid-5x5-h3-d1-r1-b0.3,22e089a008c49f646205b835e0f58d5518d958d6552b2cb62930b6c89c2c9c22,benchmarks/grid/fixed-duration/domain.rddl,benchmarks/grid/fixed-duration/grid-5x5-h3-d1-r1-b0.3.rddl,1,1,ok
5,3,0.3,RAOstar,19,8.241031249999999,0.18432793332202302,0.02795657597016543,175,15,True,d84d099493b973a63d879255d2221c1930d649aa,543f782d80ceb9555130e911c1fcf7074153d267,grid-5x5-h3-d1-r1-b0.3,22e089a008c49f646205b835e0f58d5518d958d6552b2cb62930b6c89c2c9c22,benchmarks/grid/fixed-duration/domain.rddl,benchmarks/grid/fixed-duration/grid-5x5-h3-d1-r1-b0.3.rddl,1,1,ok
5,3,0.3,RAOstar,20,8.241031249999999,0.18432793332202302,0.02919682499486953,175,15,True,d84d099493b973a63d879255d2221c1930d649aa,543f782d80ceb9555130e911c1fcf7074153d267,grid-5x5-h3-d1-r1-b0.3,22e089a008c49f646205b835e0f58d5518d958d6552b2cb62930b6c89c2c9c22,benchmarks/grid/fixed-duration/domain.rddl,benchmarks/grid/fixed-duration/grid-5x5-h3-d1-r1-b0.3.rddl,1,1,ok
5,3,0.3,RAOstar,21,8.241031249999999,0.18432793332202302,0.034045484964735806,175,15,True,d84d099493b973a63d879255d2221c1930d649aa,543f782d80ceb9555130e911c1fcf7074153d267,grid-5x5-h3-d1-r1-b0.3,22e089a008c49f646205b835e0f58d5518d958d6552b2cb62930b6c89c2c9c22,benchmarks/grid/fixed-duration/domain.rddl,benchmarks/grid/fixed-duration/grid-5x5-h3-d1-r1-b0.3.rddl,1,1,ok
5,3,0.3,RAOstar,22,8.241031249999999,0.18432793332202302,0.0297479439759627,175,15,True,d84d099493b973a63d879255d2221c1930d649aa,543f782d80ceb9555130e911c1fcf7074153d267,grid-5x5-h3-d1-r1-b0.3,22e089a008c49f646205b835e0f58d5518d958d6552b2cb62930b6c89c2c9c22,benchmarks/grid/fixed-duration/domain.rddl,benchmarks/grid/fixed-duration/grid-5x5-h3-d1-r1-b0.3.rddl,1,1,ok
5,3,0.3,RAOstar,23,8.241031249999999,0.18432793332202302,0.028644329984672368,175,15,True,d84d099493b973a63d879255d2221c1930d649aa,543f782d80ceb9555130e911c1fcf7074153d267,grid-5x5-h3-d1-r1-b0.3,22e089a008c49f646205b835e0f58d5518d958d6552b2cb62930b6c89c2c9c22,benchmarks/grid/fixed-duration/domain.rddl,benchmarks/grid/fixed-duration/grid-5x5-h3-d1-r1-b0.3.rddl,1,1,ok
5,3,0.3,RAOstar,24,8.241031249999999,0.18432793332202302,0.03063376701902598,175,15,True,d84d099493b973a63d879255d2221c1930d649aa,543f782d80ceb9555130e911c1fcf7074153d267,grid-5x5-h3-d1-r1-b0.3,22e089a008c49f646205b835e0f58d5518d958d6552b2cb62930b6c89c2c9c22,benchmarks/grid/fixed-duration/domain.rddl,benchmarks/grid/fixed-duration/grid-5x5-h3-d1-r1-b0.3.rddl,1,1,ok
5,3,0.3,RAOstar,25,8.241031249999999,0.18432793332202302,0.02967048902064562,175,15,True,d84d099493b973a63d879255d2221c1930d649aa,543f782d80ceb9555130e911c1fcf7074153d267,grid-5x5-h3-d1-r1-b0.3,22e089a008c49f646205b835e0f58d5518d958d6552b2cb62930b6c89c2c9c22,benchmarks/grid/fixed-duration/domain.rddl,benchmarks/grid/fixed-duration/grid-5x5-h3-d1-r1-b0.3.rddl,1,1,ok
5,4,0.1,RAOstar,1,10.775187066467288,0.06560473067238873,0.5360822710208595,1309,135,True,d84d099493b973a63d879255d2221c1930d649aa,543f782d80ceb9555130e911c1fcf7074153d267,grid-5x5-h4-d1-r1-b0.1,1908d944b6414c2ca44181e62d668caeb6e065c3eb0a7215a35a13067ca0891d,benchmarks/grid/fixed-duration/domain.rddl,benchmarks/grid/fixed-duration/grid-5x5-h4-d1-r1-b0.1.rddl,1,1,ok
5,4,0.1,RAOstar,2,10.775187066467288,0.06560473067238873,0.49469542503356934,1309,135,True,d84d099493b973a63d879255d2221c1930d649aa,543f782d80ceb9555130e911c1fcf7074153d267,grid-5x5-h4-d1-r1-b0.1,1908d944b6414c2ca44181e62d668caeb6e065c3eb0a7215a35a13067ca0891d,benchmarks/grid/fixed-duration/domain.rddl,benchmarks/grid/fixed-duration/grid-5x5-h4-d1-r1-b0.1.rddl,1,1,ok
5,4,0.1,RAOstar,3,10.775187066467288,0.06560473067238873,0.5206645210273564,1309,135,True,d84d099493b973a63d879255d2221c1930d649aa,543f782d80ceb9555130e911c1fcf7074153d267,grid-5x5-h4-d1-r1-b0.1,1908d944b6414c2ca44181e62d668caeb6e065c3eb0a7215a35a13067ca0891d,benchmarks/grid/fixed-duration/domain.rddl,benchmarks/grid/fixed-duration/grid-5x5-h4-d1-r1-b0.1.rddl,1,1,ok
5,4,0.1,RAOstar,4,10.775187066467288,0.06560473067238873,0.5048832659376785,1309,135,True,d84d099493b973a63d879255d2221c1930d649aa,543f782d80ceb9555130e911c1fcf7074153d267,grid-5x5-h4-d1-r1-b0.1,1908d944b6414c2ca44181e62d668caeb6e065c3eb0a7215a35a13067ca0891d,benchmarks/grid/fixed-duration/domain.rddl,benchmarks/grid/fixed-duration/grid-5x5-h4-d1-r1-b0.1.rddl,1,1,ok
5,4,0.1,RAOstar,5,10.775187066467288,0.06560473067238873,0.45457691396586597,1309,135,True,d84d099493b973a63d879255d2221c1930d649aa,543f782d80ceb9555130e911c1fcf7074153d267,grid-5x5-h4-d1-r1-b0.1,1908d944b6414c2ca44181e62d668caeb6e065c3eb0a7215a35a13067ca0891d,benchmarks/grid/fixed-duration/domain.rddl,benchmarks/grid/fixed-duration/grid-5x5-h4-d1-r1-b0.1.rddl,1,1,ok
5,4,0.1,RAOstar,6,10.775187066467288,0.06560473067238873,0.5973061110125855,1309,135,True,d84d099493b973a63d879255d2221c1930d649aa,543f782d80ceb9555130e911c1fcf7074153d267,grid-5x5-h4-d1-r1-b0.1,1908d944b6414c2ca44181e62d668caeb6e065c3eb0a7215a35a13067ca0891d,benchmarks/grid/fixed-duration/domain.rddl,benchmarks/grid/fixed-duration/grid-5x5-h4-d1-r1-b0.1.rddl,1,1,ok
5,4,0.1,RAOstar,7,10.775187066467288,0.06560473067238873,0.5127675920957699,1309,135,True,d84d099493b973a63d879255d2221c1930d649aa,543f782d80ceb9555130e911c1fcf7074153d267,grid-5x5-h4-d1-r1-b0.1,1908d944b6414c2ca44181e62d668caeb6e065c3eb0a7215a35a13067ca0891d,benchmarks/grid/fixed-duration/domain.rddl,benchmarks/grid/fixed-duration/grid-5x5-h4-d1-r1-b0.1.rddl,1,1,ok
5,4,0.1,RAOstar,8,10.775187066467288,0.06560473067238873,0.539625626988709,1309,135,True,d84d099493b973a63d879255d2221c1930d649aa,543f782d80ceb9555130e911c1fcf7074153d267,grid-5x5-h4-d1-r1-b0.1,1908d944b6414c2ca44181e62d668caeb6e065c3eb0a7215a35a13067ca0891d,benchmarks/grid/fixed-duration/domain.rddl,benchmarks/grid/fixed-duration/grid-5x5-h4-d1-r1-b0.1.rddl,1,1,ok
5,4,0.1,RAOstar,9,10.775187066467288,0.06560473067238873,0.49186458403710276,1309,135,True,d84d099493b973a63d879255d2221c1930d649aa,543f782d80ceb9555130e911c1fcf7074153d267,grid-5x5-h4-d1-r1-b0.1,1908d944b6414c2ca44181e62d668caeb6e065c3eb0a7215a35a13067ca0891d,benchmarks/grid/fixed-duration/domain.rddl,benchmarks/grid/fixed-duration/grid-5x5-h4-d1-r1-b0.1.rddl,1,1,ok
5,4,0.1,RAOstar,10,10.775187066467288,0.06560473067238873,0.4817069210112095,1309,135,True,d84d099493b973a63d879255d2221c1930d649aa,543f782d80ceb9555130e911c1fcf7074153d267,grid-5x5-h4-d1-r1-b0.1,1908d944b6414c2ca44181e62d668caeb6e065c3eb0a7215a35a13067ca0891d,benchmarks/grid/fixed-duration/domain.rddl,benchmarks/grid/fixed-duration/grid-5x5-h4-d1-r1-b0.1.rddl,1,1,ok
5,4,0.1,RAOstar,11,10.775187066467288,0.06560473067238873,0.4674606809858233,1309,135,True,d84d099493b973a63d879255d2221c1930d649aa,543f782d80ceb9555130e911c1fcf7074153d267,grid-5x5-h4-d1-r1-b0.1,1908d944b6414c2ca44181e62d668caeb6e065c3eb0a7215a35a13067ca0891d,benchmarks/grid/fixed-duration/domain.rddl,benchmarks/grid/fixed-duration/grid-5x5-h4-d1-r1-b0.1.rddl,1,1,ok
5,4,0.1,RAOstar,12,10.775187066467288,0.06560473067238873,0.4950802599778399,1309,135,True,d84d099493b973a63d879255d2221c1930d649aa,543f782d80ceb9555130e911c1fcf7074153d267,grid-5x5-h4-d1-r1-b0.1,1908d944b6414c2ca44181e62d668caeb6e065c3eb0a7215a35a13067ca0891d,benchmarks/grid/fixed-duration/domain.rddl,benchmarks/grid/fixed-duration/grid-5x5-h4-d1-r1-b0.1.rddl,1,1,ok
5,4,0.1,RAOstar,13,10.775187066467288,0.06560473067238873,0.4708153479732573,1309,135,True,d84d099493b973a63d879255d2221c1930d649aa,543f782d80ceb9555130e911c1fcf7074153d267,grid-5x5-h4-d1-r1-b0.1,1908d944b6414c2ca44181e62d668caeb6e065c3eb0a7215a35a13067ca0891d,benchmarks/grid/fixed-duration/domain.rddl,benchmarks/grid/fixed-duration/grid-5x5-h4-d1-r1-b0.1.rddl,1,1,ok
5,4,0.1,RAOstar,14,10.775187066467288,0.06560473067238873,0.4766271719709039,1309,135,True,d84d099493b973a63d879255d2221c1930d649aa,543f782d80ceb9555130e911c1fcf7074153d267,grid-5x5-h4-d1-r1-b0.1,1908d944b6414c2ca44181e62d668caeb6e065c3eb0a7215a35a13067ca0891d,benchmarks/grid/fixed-duration/domain.rddl,benchmarks/grid/fixed-duration/grid-5x5-h4-d1-r1-b0.1.rddl,1,1,ok
5,4,0.1,RAOstar,15,10.775187066467288,0.06560473067238873,0.4905698139918968,1309,135,True,d84d099493b973a63d879255d2221c1930d649aa,543f782d80ceb9555130e911c1fcf7074153d267,grid-5x5-h4-d1-r1-b0.1,1908d944b6414c2ca44181e62d668caeb6e065c3eb0a7215a35a13067ca0891d,benchmarks/grid/fixed-duration/domain.rddl,benchmarks/grid/fixed-duration/grid-5x5-h4-d1-r1-b0.1.rddl,1,1,ok
5,4,0.1,RAOstar,16,10.775187066467288,0.06560473067238873,0.5017074249917641,1309,135,True,d84d099493b973a63d879255d2221c1930d649aa,543f782d80ceb9555130e911c1fcf7074153d267,grid-5x5-h4-d1-r1-b0.1,1908d944b6414c2ca44181e62d668caeb6e065c3eb0a7215a35a13067ca0891d,benchmarks/grid/fixed-duration/domain.rddl,benchmarks/grid/fixed-duration/grid-5x5-h4-d1-r1-b0.1.rddl,1,1,ok
5,4,0.1,RAOstar,17,10.775187066467288,0.06560473067238873,0.5128655170556158,1309,135,True,d84d099493b973a63d879255d2221c1930d649aa,543f782d80ceb9555130e911c1fcf7074153d267,grid-5x5-h4-d1-r1-b0.1,1908d944b6414c2ca44181e62d668caeb6e065c3eb0a7215a35a13067ca0891d,benchmarks/grid/fixed-duration/domain.rddl,benchmarks/grid/fixed-duration/grid-5x5-h4-d1-r1-b0.1.rddl,1,1,ok
5,4,0.1,RAOstar,18,10.775187066467288,0.06560473067238873,0.5208596959710121,1309,135,True,d84d099493b973a63d879255d2221c1930d649aa,543f782d80ceb9555130e911c1fcf7074153d267,grid-5x5-h4-d1-r1-b0.1,1908d944b6414c2ca44181e62d668caeb6e065c3eb0a7215a35a13067ca0891d,benchmarks/grid/fixed-duration/domain.rddl,benchmarks/grid/fixed-duration/grid-5x5-h4-d1-r1-b0.1.rddl,1,1,ok
5,4,0.1,RAOstar,19,10.775187066467288,0.06560473067238873,0.48369803198147565,1309,135,True,d84d099493b973a63d879255d2221c1930d649aa,543f782d80ceb9555130e911c1fcf7074153d267,grid-5x5-h4-d1-r1-b0.1,1908d944b6414c2ca44181e62d668caeb6e065c3eb0a7215a35a13067ca0891d,benchmarks/grid/fixed-duration/domain.rddl,benchmarks/grid/fixed-duration/grid-5x5-h4-d1-r1-b0.1.rddl,1,1,ok
5,4,0.1,RAOstar,20,10.775187066467288,0.06560473067238873,0.5170855609467253,1309,135,True,d84d099493b973a63d879255d2221c1930d649aa,543f782d80ceb9555130e911c1fcf7074153d267,grid-5x5-h4-d1-r1-b0.1,1908d944b6414c2ca44181e62d668caeb6e065c3eb0a7215a35a13067ca0891d,benchmarks/grid/fixed-duration/domain.rddl,benchmarks/grid/fixed-duration/grid-5x5-h4-d1-r1-b0.1.rddl,1,1,ok
5,4,0.1,RAOstar,21,10.775187066467288,0.06560473067238873,0.46075584599748254,1309,135,True,d84d099493b973a63d879255d2221c1930d649aa,543f782d80ceb9555130e911c1fcf7074153d267,grid-5x5-h4-d1-r1-b0.1,1908d944b6414c2ca44181e62d668caeb6e065c3eb0a7215a35a13067ca0891d,benchmarks/grid/fixed-duration/domain.rddl,benchmarks/grid/fixed-duration/grid-5x5-h4-d1-r1-b0.1.rddl,1,1,ok
5,4,0.1,RAOstar,22,10.775187066467288,0.06560473067238873,0.4906739960424602,1309,135,True,d84d099493b973a63d879255d2221c1930d649aa,543f782d80ceb9555130e911c1fcf7074153d267,grid-5x5-h4-d1-r1-b0.1,1908d944b6414c2ca44181e62d668caeb6e065c3eb0a7215a35a13067ca0891d,benchmarks/grid/fixed-duration/domain.rddl,benchmarks/grid/fixed-duration/grid-5x5-h4-d1-r1-b0.1.rddl,1,1,ok
5,4,0.1,RAOstar,23,10.775187066467288,0.06560473067238873,0.5028896370204166,1309,135,True,d84d099493b973a63d879255d2221c1930d649aa,543f782d80ceb9555130e911c1fcf7074153d267,grid-5x5-h4-d1-r1-b0.1,1908d944b6414c2ca44181e62d668caeb6e065c3eb0a7215a35a13067ca0891d,benchmarks/grid/fixed-duration/domain.rddl,benchmarks/grid/fixed-duration/grid-5x5-h4-d1-r1-b0.1.rddl,1,1,ok
5,4,0.1,RAOstar,24,10.775187066467288,0.06560473067238873,0.4547772330697626,1309,135,True,d84d099493b973a63d879255d2221c1930d649aa,543f782d80ceb9555130e911c1fcf7074153d267,grid-5x5-h4-d1-r1-b0.1,1908d944b6414c2ca44181e62d668caeb6e065c3eb0a7215a35a13067ca0891d,benchmarks/grid/fixed-duration/domain.rddl,benchmarks/grid/fixed-duration/grid-5x5-h4-d1-r1-b0.1.rddl,1,1,ok
5,4,0.1,RAOstar,25,10.775187066467288,0.06560473067238873,0.46381166600622237,1309,135,True,d84d099493b973a63d879255d2221c1930d649aa,543f782d80ceb9555130e911c1fcf7074153d267,grid-5x5-h4-d1-r1-b0.1,1908d944b6414c2ca44181e62d668caeb6e065c3eb0a7215a35a13067ca0891d,benchmarks/grid/fixed-duration/domain.rddl,benchmarks/grid/fixed-duration/grid-5x5-h4-d1-r1-b0.1.rddl,1,1,ok
5,4,0.2,RAOstar,1,8.330533203125,0.1873195386398268,0.22509356099180877,550,48,True,d84d099493b973a63d879255d2221c1930d649aa,543f782d80ceb9555130e911c1fcf7074153d267,grid-5x5-h4-d1-r1-b0.2,48d1800adc3241e68e2bd399602b82183aded8fdacd64f217363b84eb7d178d4,benchmarks/grid/fixed-duration/domain.rddl,benchmarks/grid/fixed-duration/grid-5x5-h4-d1-r1-b0.2.rddl,1,1,ok
5,4,0.2,RAOstar,2,8.330533203125,0.1873195386398268,0.20785828004591167,550,48,True,d84d099493b973a63d879255d2221c1930d649aa,543f782d80ceb9555130e911c1fcf7074153d267,grid-5x5-h4-d1-r1-b0.2,48d1800adc3241e68e2bd399602b82183aded8fdacd64f217363b84eb7d178d4,benchmarks/grid/fixed-duration/domain.rddl,benchmarks/grid/fixed-duration/grid-5x5-h4-d1-r1-b0.2.rddl,1,1,ok
5,4,0.2,RAOstar,3,8.330533203125,0.1873195386398268,0.21623418806120753,550,48,True,d84d099493b973a63d879255d2221c1930d649aa,543f782d80ceb9555130e911c1fcf7074153d267,grid-5x5-h4-d1-r1-b0.2,48d1800adc3241e68e2bd399602b82183aded8fdacd64f217363b84eb7d178d4,benchmarks/grid/fixed-duration/domain.rddl,benchmarks/grid/fixed-duration/grid-5x5-h4-d1-r1-b0.2.rddl,1,1,ok
5,4,0.2,RAOstar,4,8.330533203125,0.1873195386398268,0.1873539419611916,550,48,True,d84d099493b973a63d879255d2221c1930d649aa,543f782d80ceb9555130e911c1fcf7074153d267,grid-5x5-h4-d1-r1-b0.2,48d1800adc3241e68e2bd399602b82183aded8fdacd64f217363b84eb7d178d4,benchmarks/grid/fixed-duration/domain.rddl,benchmarks/grid/fixed-duration/grid-5x5-h4-d1-r1-b0.2.rddl,1,1,ok
5,4,0.2,RAOstar,5,8.330533203125,0.1873195386398268,0.19155918003525585,550,48,True,d84d099493b973a63d879255d2221c1930d649aa,543f782d80ceb9555130e911c1fcf7074153d267,grid-5x5-h4-d1-r1-b0.2,48d1800adc3241e68e2bd399602b82183aded8fdacd64f217363b84eb7d178d4,benchmarks/grid/fixed-duration/domain.rddl,benchmarks/grid/fixed-duration/grid-5x5-h4-d1-r1-b0.2.rddl,1,1,ok
5,4,0.2,RAOstar,6,8.330533203125,0.1873195386398268,0.2042704130290076,550,48,True,d84d099493b973a63d879255d2221c1930d649aa,543f782d80ceb9555130e911c1fcf7074153d267,grid-5x5-h4-d1-r1-b0.2,48d1800adc3241e68e2bd399602b82183aded8fdacd64f217363b84eb7d178d4,benchmarks/grid/fixed-duration/domain.rddl,benchmarks/grid/fixed-duration/grid-5x5-h4-d1-r1-b0.2.rddl,1,1,ok
5,4,0.2,RAOstar,7,8.330533203125,0.1873195386398268,0.20698474196251482,550,48,True,d84d099493b973a63d879255d2221c1930d649aa,543f782d80ceb9555130e911c1fcf7074153d267,grid-5x5-h4-d1-r1-b0.2,48d1800adc3241e68e2bd399602b82183aded8fdacd64f217363b84eb7d178d4,benchmarks/grid/fixed-duration/domain.rddl,benchmarks/grid/fixed-duration/grid-5x5-h4-d1-r1-b0.2.rddl,1,1,ok
5,4,0.2,RAOstar,8,8.330533203125,0.1873195386398268,0.19902823597658426,550,48,True,d84d099493b973a63d879255d2221c1930d649aa,543f782d80ceb9555130e911c1fcf7074153d267,grid-5x5-h4-d1-r1-b0.2,48d1800adc3241e68e2bd399602b82183aded8fdacd64f217363b84eb7d178d4,benchmarks/grid/fixed-duration/domain.rddl,benchmarks/grid/fixed-duration/grid-5x5-h4-d1-r1-b0.2.rddl,1,1,ok
5,4,0.2,RAOstar,9,8.330533203125,0.1873195386398268,0.21165409905370325,550,48,True,d84d099493b973a63d879255d2221c1930d649aa,543f782d80ceb9555130e911c1fcf7074153d267,grid-5x5-h4-d1-r1-b0.2,48d1800adc3241e68e2bd399602b82183aded8fdacd64f217363b84eb7d178d4,benchmarks/grid/fixed-duration/domain.rddl,benchmarks/grid/fixed-duration/grid-5x5-h4-d1-r1-b0.2.rddl,1,1,ok
5,4,0.2,RAOstar,10,8.330533203125,0.1873195386398268,0.19676322594750673,550,48,True,d84d099493b973a63d879255d2221c1930d649aa,543f782d80ceb9555130e911c1fcf7074153d267,grid-5x5-h4-d1-r1-b0.2,48d1800adc3241e68e2bd399602b82183aded8fdacd64f217363b84eb7d178d4,benchmarks/grid/fixed-duration/domain.rddl,benchmarks/grid/fixed-duration/grid-5x5-h4-d1-r1-b0.2.rddl,1,1,ok
5,4,0.2,RAOstar,11,8.330533203125,0.1873195386398268,0.21416574099566787,550,48,True,d84d099493b973a63d879255d2221c1930d649aa,543f782d80ceb9555130e911c1fcf7074153d267,grid-5x5-h4-d1-r1-b0.2,48d1800adc3241e68e2bd399602b82183aded8fdacd64f217363b84eb7d178d4,benchmarks/grid/fixed-duration/domain.rddl,benchmarks/grid/fixed-duration/grid-5x5-h4-d1-r1-b0.2.rddl,1,1,ok
5,4,0.2,RAOstar,12,8.330533203125,0.1873195386398268,0.20759820099920034,550,48,True,d84d099493b973a63d879255d2221c1930d649aa,543f782d80ceb9555130e911c1fcf7074153d267,grid-5x5-h4-d1-r1-b0.2,48d1800adc3241e68e2bd399602b82183aded8fdacd64f217363b84eb7d178d4,benchmarks/grid/fixed-duration/domain.rddl,benchmarks/grid/fixed-duration/grid-5x5-h4-d1-r1-b0.2.rddl,1,1,ok
5,4,0.2,RAOstar,13,8.330533203125,0.1873195386398268,0.209234747919254,550,48,True,d84d099493b973a63d879255d2221c1930d649aa,543f782d80ceb9555130e911c1fcf7074153d267,grid-5x5-h4-d1-r1-b0.2,48d1800adc3241e68e2bd399602b82183aded8fdacd64f217363b84eb7d178d4,benchmarks/grid/fixed-duration/domain.rddl,benchmarks/grid/fixed-duration/grid-5x5-h4-d1-r1-b0.2.rddl,1,1,ok
5,4,0.2,RAOstar,14,8.330533203125,0.1873195386398268,0.20313202403485775,550,48,True,d84d099493b973a63d879255d2221c1930d649aa,543f782d80ceb9555130e911c1fcf7074153d267,grid-5x5-h4-d1-r1-b0.2,48d1800adc3241e68e2bd399602b82183aded8fdacd64f217363b84eb7d178d4,benchmarks/grid/fixed-duration/domain.rddl,benchmarks/grid/fixed-duration/grid-5x5-h4-d1-r1-b0.2.rddl,1,1,ok
5,4,0.2,RAOstar,15,8.330533203125,0.1873195386398268,0.2198178709950298,550,48,True,d84d099493b973a63d879255d2221c1930d649aa,543f782d80ceb9555130e911c1fcf7074153d267,grid-5x5-h4-d1-r1-b0.2,48d1800adc3241e68e2bd399602b82183aded8fdacd64f217363b84eb7d178d4,benchmarks/grid/fixed-duration/domain.rddl,benchmarks/grid/fixed-duration/grid-5x5-h4-d1-r1-b0.2.rddl,1,1,ok
5,4,0.2,RAOstar,16,8.330533203125,0.1873195386398268,0.19482686195988208,550,48,True,d84d099493b973a63d879255d2221c1930d649aa,543f782d80ceb9555130e911c1fcf7074153d267,grid-5x5-h4-d1-r1-b0.2,48d1800adc3241e68e2bd399602b82183aded8fdacd64f217363b84eb7d178d4,benchmarks/grid/fixed-duration/domain.rddl,benchmarks/grid/fixed-duration/grid-5x5-h4-d1-r1-b0.2.rddl,1,1,ok
5,4,0.2,RAOstar,17,8.330533203125,0.1873195386398268,0.2786257539410144,550,48,True,d84d099493b973a63d879255d2221c1930d649aa,543f782d80ceb9555130e911c1fcf7074153d267,grid-5x5-h4-d1-r1-b0.2,48d1800adc3241e68e2bd399602b82183aded8fdacd64f217363b84eb7d178d4,benchmarks/grid/fixed-duration/domain.rddl,benchmarks/grid/fixed-duration/grid-5x5-h4-d1-r1-b0.2.rddl,1,1,ok
5,4,0.2,RAOstar,18,8.330533203125,0.1873195386398268,0.17977216304279864,550,48,True,d84d099493b973a63d879255d2221c1930d649aa,543f782d80ceb9555130e911c1fcf7074153d267,grid-5x5-h4-d1-r1-b0.2,48d1800adc3241e68e2bd399602b82183aded8fdacd64f217363b84eb7d178d4,benchmarks/grid/fixed-duration/domain.rddl,benchmarks/grid/fixed-duration/grid-5x5-h4-d1-r1-b0.2.rddl,1,1,ok
5,4,0.2,RAOstar,19,8.330533203125,0.1873195386398268,0.19534270593430847,550,48,True,d84d099493b973a63d879255d2221c1930d649aa,543f782d80ceb9555130e911c1fcf7074153d267,grid-5x5-h4-d1-r1-b0.2,48d1800adc3241e68e2bd399602b82183aded8fdacd64f217363b84eb7d178d4,benchmarks/grid/fixed-duration/domain.rddl,benchmarks/grid/fixed-duration/grid-5x5-h4-d1-r1-b0.2.rddl,1,1,ok
5,4,0.2,RAOstar,20,8.330533203125,0.1873195386398268,0.1806515509961173,550,48,True,d84d099493b973a63d879255d2221c1930d649aa,543f782d80ceb9555130e911c1fcf7074153d267,grid-5x5-h4-d1-r1-b0.2,48d1800adc3241e68e2bd399602b82183aded8fdacd64f217363b84eb7d178d4,benchmarks/grid/fixed-duration/domain.rddl,benchmarks/grid/fixed-duration/grid-5x5-h4-d1-r1-b0.2.rddl,1,1,ok
5,4,0.2,RAOstar,21,8.330533203125,0.1873195386398268,0.1954638829920441,550,48,True,d84d099493b973a63d879255d2221c1930d649aa,543f782d80ceb9555130e911c1fcf7074153d267,grid-5x5-h4-d1-r1-b0.2,48d1800adc3241e68e2bd399602b82183aded8fdacd64f217363b84eb7d178d4,benchmarks/grid/fixed-duration/domain.rddl,benchmarks/grid/fixed-duration/grid-5x5-h4-d1-r1-b0.2.rddl,1,1,ok
5,4,0.2,RAOstar,22,8.330533203125,0.1873195386398268,0.1845822889590636,550,48,True,d84d099493b973a63d879255d2221c1930d649aa,543f782d80ceb9555130e911c1fcf7074153d267,grid-5x5-h4-d1-r1-b0.2,48d1800adc3241e68e2bd399602b82183aded8fdacd64f217363b84eb7d178d4,benchmarks/grid/fixed-duration/domain.rddl,benchmarks/grid/fixed-duration/grid-5x5-h4-d1-r1-b0.2.rddl,1,1,ok
5,4,0.2,RAOstar,23,8.330533203125,0.1873195386398268,0.18274293292779475,550,48,True,d84d099493b973a63d879255d2221c1930d649aa,543f782d80ceb9555130e911c1fcf7074153d267,grid-5x5-h4-d1-r1-b0.2,48d1800adc3241e68e2bd399602b82183aded8fdacd64f217363b84eb7d178d4,benchmarks/grid/fixed-duration/domain.rddl,benchmarks/grid/fixed-duration/grid-5x5-h4-d1-r1-b0.2.rddl,1,1,ok
5,4,0.2,RAOstar,24,8.330533203125,0.1873195386398268,0.1879297069972381,550,48,True,d84d099493b973a63d879255d2221c1930d649aa,543f782d80ceb9555130e911c1fcf7074153d267,grid-5x5-h4-d1-r1-b0.2,48d1800adc3241e68e2bd399602b82183aded8fdacd64f217363b84eb7d178d4,benchmarks/grid/fixed-duration/domain.rddl,benchmarks/grid/fixed-duration/grid-5x5-h4-d1-r1-b0.2.rddl,1,1,ok
5,4,0.2,RAOstar,25,8.330533203125,0.1873195386398268,0.1905230430420488,550,48,True,d84d099493b973a63d879255d2221c1930d649aa,543f782d80ceb9555130e911c1fcf7074153d267,grid-5x5-h4-d1-r1-b0.2,48d1800adc3241e68e2bd399602b82183aded8fdacd64f217363b84eb7d178d4,benchmarks/grid/fixed-duration/domain.rddl,benchmarks/grid/fixed-duration/grid-5x5-h4-d1-r1-b0.2.rddl,1,1,ok
5,4,0.3,RAOstar,1,8.330533203125,0.1873195386398268,0.28656445699743927,712,60,True,d84d099493b973a63d879255d2221c1930d649aa,543f782d80ceb9555130e911c1fcf7074153d267,grid-5x5-h4-d1-r1-b0.3,ab6f51b97e4aebc3bc2f3935bce339d5433906f3a3580f79e8a7f1c385603898,benchmarks/grid/fixed-duration/domain.rddl,benchmarks/grid/fixed-duration/grid-5x5-h4-d1-r1-b0.3.rddl,1,1,ok
5,4,0.3,RAOstar,2,8.330533203125,0.1873195386398268,0.23008263600058854,712,60,True,d84d099493b973a63d879255d2221c1930d649aa,543f782d80ceb9555130e911c1fcf7074153d267,grid-5x5-h4-d1-r1-b0.3,ab6f51b97e4aebc3bc2f3935bce339d5433906f3a3580f79e8a7f1c385603898,benchmarks/grid/fixed-duration/domain.rddl,benchmarks/grid/fixed-duration/grid-5x5-h4-d1-r1-b0.3.rddl,1,1,ok
5,4,0.3,RAOstar,3,8.330533203125,0.1873195386398268,0.24520199792459607,712,60,True,d84d099493b973a63d879255d2221c1930d649aa,543f782d80ceb9555130e911c1fcf7074153d267,grid-5x5-h4-d1-r1-b0.3,ab6f51b97e4aebc3bc2f3935bce339d5433906f3a3580f79e8a7f1c385603898,benchmarks/grid/fixed-duration/domain.rddl,benchmarks/grid/fixed-duration/grid-5x5-h4-d1-r1-b0.3.rddl,1,1,ok
5,4,0.3,RAOstar,4,8.330533203125,0.1873195386398268,0.24981640896294266,712,60,True,d84d099493b973a63d879255d2221c1930d649aa,543f782d80ceb9555130e911c1fcf7074153d267,grid-5x5-h4-d1-r1-b0.3,ab6f51b97e4aebc3bc2f3935bce339d5433906f3a3580f79e8a7f1c385603898,benchmarks/grid/fixed-duration/domain.rddl,benchmarks/grid/fixed-duration/grid-5x5-h4-d1-r1-b0.3.rddl,1,1,ok
5,4,0.3,RAOstar,5,8.330533203125,0.1873195386398268,0.21834767400287092,712,60,True,d84d099493b973a63d879255d2221c1930d649aa,543f782d80ceb9555130e911c1fcf7074153d267,grid-5x5-h4-d1-r1-b0.3,ab6f51b97e4aebc3bc2f3935bce339d5433906f3a3580f79e8a7f1c385603898,benchmarks/grid/fixed-duration/domain.rddl,benchmarks/grid/fixed-duration/grid-5x5-h4-d1-r1-b0.3.rddl,1,1,ok
5,4,0.3,RAOstar,6,8.330533203125,0.1873195386398268,0.22089426906313747,712,60,True,d84d099493b973a63d879255d2221c1930d649aa,543f782d80ceb9555130e911c1fcf7074153d267,grid-5x5-h4-d1-r1-b0.3,ab6f51b97e4aebc3bc2f3935bce339d5433906f3a3580f79e8a7f1c385603898,benchmarks/grid/fixed-duration/domain.rddl,benchmarks/grid/fixed-duration/grid-5x5-h4-d1-r1-b0.3.rddl,1,1,ok
5,4,0.3,RAOstar,7,8.330533203125,0.1873195386398268,0.2514318999601528,712,60,True,d84d099493b973a63d879255d2221c1930d649aa,543f782d80ceb9555130e911c1fcf7074153d267,grid-5x5-h4-d1-r1-b0.3,ab6f51b97e4aebc3bc2f3935bce339d5433906f3a3580f79e8a7f1c385603898,benchmarks/grid/fixed-duration/domain.rddl,benchmarks/grid/fixed-duration/grid-5x5-h4-d1-r1-b0.3.rddl,1,1,ok
5,4,0.3,RAOstar,8,8.330533203125,0.1873195386398268,0.22551165509503335,712,60,True,d84d099493b973a63d879255d2221c1930d649aa,543f782d80ceb9555130e911c1fcf7074153d267,grid-5x5-h4-d1-r1-b0.3,ab6f51b97e4aebc3bc2f3935bce339d5433906f3a3580f79e8a7f1c385603898,benchmarks/grid/fixed-duration/domain.rddl,benchmarks/grid/fixed-duration/grid-5x5-h4-d1-r1-b0.3.rddl,1,1,ok
5,4,0.3,RAOstar,9,8.330533203125,0.1873195386398268,0.2369600129313767,712,60,True,d84d099493b973a63d879255d2221c1930d649aa,543f782d80ceb9555130e911c1fcf7074153d267,grid-5x5-h4-d1-r1-b0.3,ab6f51b97e4aebc3bc2f3935bce339d5433906f3a3580f79e8a7f1c385603898,benchmarks/grid/fixed-duration/domain.rddl,benchmarks/grid/fixed-duration/grid-5x5-h4-d1-r1-b0.3.rddl,1,1,ok
5,4,0.3,RAOstar,10,8.330533203125,0.1873195386398268,0.2259625840233639,712,60,True,d84d099493b973a63d879255d2221c1930d649aa,543f782d80ceb9555130e911c1fcf7074153d267,grid-5x5-h4-d1-r1-b0.3,ab6f51b97e4aebc3bc2f3935bce339d5433906f3a3580f79e8a7f1c385603898,benchmarks/grid/fixed-duration/domain.rddl,benchmarks/grid/fixed-duration/grid-5x5-h4-d1-r1-b0.3.rddl,1,1,ok
5,4,0.3,RAOstar,11,8.330533203125,0.1873195386398268,0.22012733900919557,712,60,True,d84d099493b973a63d879255d2221c1930d649aa,543f782d80ceb9555130e911c1fcf7074153d267,grid-5x5-h4-d1-r1-b0.3,ab6f51b97e4aebc3bc2f3935bce339d5433906f3a3580f79e8a7f1c385603898,benchmarks/grid/fixed-duration/domain.rddl,benchmarks/grid/fixed-duration/grid-5x5-h4-d1-r1-b0.3.rddl,1,1,ok
5,4,0.3,RAOstar,12,8.330533203125,0.1873195386398268,0.24796537403017282,712,60,True,d84d099493b973a63d879255d2221c1930d649aa,543f782d80ceb9555130e911c1fcf7074153d267,grid-5x5-h4-d1-r1-b0.3,ab6f51b97e4aebc3bc2f3935bce339d5433906f3a3580f79e8a7f1c385603898,benchmarks/grid/fixed-duration/domain.rddl,benchmarks/grid/fixed-duration/grid-5x5-h4-d1-r1-b0.3.rddl,1,1,ok
5,4,0.3,RAOstar,13,8.330533203125,0.1873195386398268,0.24154858000110835,712,60,True,d84d099493b973a63d879255d2221c1930d649aa,543f782d80ceb9555130e911c1fcf7074153d267,grid-5x5-h4-d1-r1-b0.3,ab6f51b97e4aebc3bc2f3935bce339d5433906f3a3580f79e8a7f1c385603898,benchmarks/grid/fixed-duration/domain.rddl,benchmarks/grid/fixed-duration/grid-5x5-h4-d1-r1-b0.3.rddl,1,1,ok
5,4,0.3,RAOstar,14,8.330533203125,0.1873195386398268,0.2310094990534708,712,60,True,d84d099493b973a63d879255d2221c1930d649aa,543f782d80ceb9555130e911c1fcf7074153d267,grid-5x5-h4-d1-r1-b0.3,ab6f51b97e4aebc3bc2f3935bce339d5433906f3a3580f79e8a7f1c385603898,benchmarks/grid/fixed-duration/domain.rddl,benchmarks/grid/fixed-duration/grid-5x5-h4-d1-r1-b0.3.rddl,1,1,ok
5,4,0.3,RAOstar,15,8.330533203125,0.1873195386398268,0.23776753607671708,712,60,True,d84d099493b973a63d879255d2221c1930d649aa,543f782d80ceb9555130e911c1fcf7074153d267,grid-5x5-h4-d1-r1-b0.3,ab6f51b97e4aebc3bc2f3935bce339d5433906f3a3580f79e8a7f1c385603898,benchmarks/grid/fixed-duration/domain.rddl,benchmarks/grid/fixed-duration/grid-5x5-h4-d1-r1-b0.3.rddl,1,1,ok
5,4,0.3,RAOstar,16,8.330533203125,0.1873195386398268,0.2194193759933114,712,60,True,d84d099493b973a63d879255d2221c1930d649aa,543f782d80ceb9555130e911c1fcf7074153d267,grid-5x5-h4-d1-r1-b0.3,ab6f51b97e4aebc3bc2f3935bce339d5433906f3a3580f79e8a7f1c385603898,benchmarks/grid/fixed-duration/domain.rddl,benchmarks/grid/fixed-duration/grid-5x5-h4-d1-r1-b0.3.rddl,1,1,ok
5,4,0.3,RAOstar,17,8.330533203125,0.1873195386398268,0.22249713900964707,712,60,True,d84d099493b973a63d879255d2221c1930d649aa,543f782d80ceb9555130e911c1fcf7074153d267,grid-5x5-h4-d1-r1-b0.3,ab6f51b97e4aebc3bc2f3935bce339d5433906f3a3580f79e8a7f1c385603898,benchmarks/grid/fixed-duration/domain.rddl,benchmarks/grid/fixed-duration/grid-5x5-h4-d1-r1-b0.3.rddl,1,1,ok
5,4,0.3,RAOstar,18,8.330533203125,0.1873195386398268,0.21892912301700562,712,60,True,d84d099493b973a63d879255d2221c1930d649aa,543f782d80ceb9555130e911c1fcf7074153d267,grid-5x5-h4-d1-r1-b0.3,ab6f51b97e4aebc3bc2f3935bce339d5433906f3a3580f79e8a7f1c385603898,benchmarks/grid/fixed-duration/domain.rddl,benchmarks/grid/fixed-duration/grid-5x5-h4-d1-r1-b0.3.rddl,1,1,ok
5,4,0.3,RAOstar,19,8.330533203125,0.1873195386398268,0.2592882320750505,712,60,True,d84d099493b973a63d879255d2221c1930d649aa,543f782d80ceb9555130e911c1fcf7074153d267,grid-5x5-h4-d1-r1-b0.3,ab6f51b97e4aebc3bc2f3935bce339d5433906f3a3580f79e8a7f1c385603898,benchmarks/grid/fixed-duration/domain.rddl,benchmarks/grid/fixed-duration/grid-5x5-h4-d1-r1-b0.3.rddl,1,1,ok
5,4,0.3,RAOstar,20,8.330533203125,0.1873195386398268,0.23744754202198237,712,60,True,d84d099493b973a63d879255d2221c1930d649aa,543f782d80ceb9555130e911c1fcf7074153d267,grid-5x5-h4-d1-r1-b0.3,ab6f51b97e4aebc3bc2f3935bce339d5433906f3a3580f79e8a7f1c385603898,benchmarks/grid/fixed-duration/domain.rddl,benchmarks/grid/fixed-duration/grid-5x5-h4-d1-r1-b0.3.rddl,1,1,ok
5,4,0.3,RAOstar,21,8.330533203125,0.1873195386398268,0.22381083597429097,712,60,True,d84d099493b973a63d879255d2221c1930d649aa,543f782d80ceb9555130e911c1fcf7074153d267,grid-5x5-h4-d1-r1-b0.3,ab6f51b97e4aebc3bc2f3935bce339d5433906f3a3580f79e8a7f1c385603898,benchmarks/grid/fixed-duration/domain.rddl,benchmarks/grid/fixed-duration/grid-5x5-h4-d1-r1-b0.3.rddl,1,1,ok
5,4,0.3,RAOstar,22,8.330533203125,0.1873195386398268,0.23841169697698206,712,60,True,d84d099493b973a63d879255d2221c1930d649aa,543f782d80ceb9555130e911c1fcf7074153d267,grid-5x5-h4-d1-r1-b0.3,ab6f51b97e4aebc3bc2f3935bce339d5433906f3a3580f79e8a7f1c385603898,benchmarks/grid/fixed-duration/domain.rddl,benchmarks/grid/fixed-duration/grid-5x5-h4-d1-r1-b0.3.rddl,1,1,ok
5,4,0.3,RAOstar,23,8.330533203125,0.1873195386398268,0.2590354400454089,712,60,True,d84d099493b973a63d879255d2221c1930d649aa,543f782d80ceb9555130e911c1fcf7074153d267,grid-5x5-h4-d1-r1-b0.3,ab6f51b97e4aebc3bc2f3935bce339d5433906f3a3580f79e8a7f1c385603898,benchmarks/grid/fixed-duration/domain.rddl,benchmarks/grid/fixed-duration/grid-5x5-h4-d1-r1-b0.3.rddl,1,1,ok
5,4,0.3,RAOstar,24,8.330533203125,0.1873195386398268,0.2103591519407928,712,60,True,d84d099493b973a63d879255d2221c1930d649aa,543f782d80ceb9555130e911c1fcf7074153d267,grid-5x5-h4-d1-r1-b0.3,ab6f51b97e4aebc3bc2f3935bce339d5433906f3a3580f79e8a7f1c385603898,benchmarks/grid/fixed-duration/domain.rddl,benchmarks/grid/fixed-duration/grid-5x5-h4-d1-r1-b0.3.rddl,1,1,ok
5,4,0.3,RAOstar,25,8.330533203125,0.1873195386398268,0.2266970300115645,712,60,True,d84d099493b973a63d879255d2221c1930d649aa,543f782d80ceb9555130e911c1fcf7074153d267,grid-5x5-h4-d1-r1-b0.3,ab6f51b97e4aebc3bc2f3935bce339d5433906f3a3580f79e8a7f1c385603898,benchmarks/grid/fixed-duration/domain.rddl,benchmarks/grid/fixed-duration/grid-5x5-h4-d1-r1-b0.3.rddl,1,1,ok
5,5,0.1,RAOstar,1,11.1940493124079,0.08510887858347371,3.343837307067588,5170,470,True,d84d099493b973a63d879255d2221c1930d649aa,543f782d80ceb9555130e911c1fcf7074153d267,grid-5x5-h5-d1-r1-b0.1,c2782ac2130146505c431b6d79606db6ec0d93d61eafd747313eeaa42908d059,benchmarks/grid/fixed-duration/domain.rddl,benchmarks/grid/fixed-duration/grid-5x5-h5-d1-r1-b0.1.rddl,1,1,ok
5,5,0.1,RAOstar,2,11.1940493124079,0.08510887858347371,3.1930903900647536,5170,470,True,d84d099493b973a63d879255d2221c1930d649aa,543f782d80ceb9555130e911c1fcf7074153d267,grid-5x5-h5-d1-r1-b0.1,c2782ac2130146505c431b6d79606db6ec0d93d61eafd747313eeaa42908d059,benchmarks/grid/fixed-duration/domain.rddl,benchmarks/grid/fixed-duration/grid-5x5-h5-d1-r1-b0.1.rddl,1,1,ok
5,5,0.1,RAOstar,3,11.1940493124079,0.08510887858347371,3.32750810100697,5170,470,True,d84d099493b973a63d879255d2221c1930d649aa,543f782d80ceb9555130e911c1fcf7074153d267,grid-5x5-h5-d1-r1-b0.1,c2782ac2130146505c431b6d79606db6ec0d93d61eafd747313eeaa42908d059,benchmarks/grid/fixed-duration/domain.rddl,benchmarks/grid/fixed-duration/grid-5x5-h5-d1-r1-b0.1.rddl,1,1,ok
5,5,0.1,RAOstar,4,11.1940493124079,0.08510887858347371,3.2245875149965286,5170,470,True,d84d099493b973a63d879255d2221c1930d649aa,543f782d80ceb9555130e911c1fcf7074153d267,grid-5x5-h5-d1-r1-b0.1,c2782ac2130146505c431b6d79606db6ec0d93d61eafd747313eeaa42908d059,benchmarks/grid/fixed-duration/domain.rddl,benchmarks/grid/fixed-duration/grid-5x5-h5-d1-r1-b0.1.rddl,1,1,ok
5,5,0.1,RAOstar,5,11.1940493124079,0.08510887858347371,3.4462405160302296,5170,470,True,d84d099493b973a63d879255d2221c1930d649aa,543f782d80ceb9555130e911c1fcf7074153d267,grid-5x5-h5-d1-r1-b0.1,c2782ac2130146505c431b6d79606db6ec0d93d61eafd747313eeaa42908d059,benchmarks/grid/fixed-duration/domain.rddl,benchmarks/grid/fixed-duration/grid-5x5-h5-d1-r1-b0.1.rddl,1,1,ok
5,5,0.1,RAOstar,6,11.1940493124079,0.08510887858347371,3.518055199063383,5170,470,True,d84d099493b973a63d879255d2221c1930d649aa,543f782d80ceb9555130e911c1fcf7074153d267,grid-5x5-h5-d1-r1-b0.1,c2782ac2130146505c431b6d79606db6ec0d93d61eafd747313eeaa42908d059,benchmarks/grid/fixed-duration/domain.rddl,benchmarks/grid/fixed-duration/grid-5x5-h5-d1-r1-b0.1.rddl,1,1,ok
5,5,0.1,RAOstar,7,11.1940493124079,0.08510887858347371,3.410107485949993,5170,470,True,d84d099493b973a63d879255d2221c1930d649aa,543f782d80ceb9555130e911c1fcf7074153d267,grid-5x5-h5-d1-r1-b0.1,c2782ac2130146505c431b6d79606db6ec0d93d61eafd747313eeaa42908d059,benchmarks/grid/fixed-duration/domain.rddl,benchmarks/grid/fixed-duration/grid-5x5-h5-d1-r1-b0.1.rddl,1,1,ok
5,5,0.1,RAOstar,8,11.1940493124079,0.08510887858347371,3.22387142397929,5170,470,True,d84d099493b973a63d879255d2221c1930d649aa,543f782d80ceb9555130e911c1fcf7074153d267,grid-5x5-h5-d1-r1-b0.1,c2782ac2130146505c431b6d79606db6ec0d93d61eafd747313eeaa42908d059,benchmarks/grid/fixed-duration/domain.rddl,benchmarks/grid/fixed-duration/grid-5x5-h5-d1-r1-b0.1.rddl,1,1,ok
5,5,0.1,RAOstar,9,11.1940493124079,0.08510887858347371,3.3223584860097617,5170,470,True,d84d099493b973a63d879255d2221c1930d649aa,543f782d80ceb9555130e911c1fcf7074153d267,grid-5x5-h5-d1-r1-b0.1,c2782ac2130146505c431b6d79606db6ec0d93d61eafd747313eeaa42908d059,benchmarks/grid/fixed-duration/domain.rddl,benchmarks/grid/fixed-duration/grid-5x5-h5-d1-r1-b0.1.rddl,1,1,ok
5,5,0.1,RAOstar,10,11.1940493124079,0.08510887858347371,3.164620200986974,5170,470,True,d84d099493b973a63d879255d2221c1930d649aa,543f782d80ceb9555130e911c1fcf7074153d267,grid-5x5-h5-d1-r1-b0.1,c2782ac2130146505c431b6d79606db6ec0d93d61eafd747313eeaa42908d059,benchmarks/grid/fixed-duration/domain.rddl,benchmarks/grid/fixed-duration/grid-5x5-h5-d1-r1-b0.1.rddl,1,1,ok
5,5,0.1,RAOstar,11,11.1940493124079,0.08510887858347371,3.2555073770927265,5170,470,True,d84d099493b973a63d879255d2221c1930d649aa,543f782d80ceb9555130e911c1fcf7074153d267,grid-5x5-h5-d1-r1-b0.1,c2782ac2130146505c431b6d79606db6ec0d93d61eafd747313eeaa42908d059,benchmarks/grid/fixed-duration/domain.rddl,benchmarks/grid/fixed-duration/grid-5x5-h5-d1-r1-b0.1.rddl,1,1,ok
5,5,0.1,RAOstar,12,11.1940493124079,0.08510887858347371,3.2585211519617587,5170,470,True,d84d099493b973a63d879255d2221c1930d649aa,543f782d80ceb9555130e911c1fcf7074153d267,grid-5x5-h5-d1-r1-b0.1,c2782ac2130146505c431b6d79606db6ec0d93d61eafd747313eeaa42908d059,benchmarks/grid/fixed-duration/domain.rddl,benchmarks/grid/fixed-duration/grid-5x5-h5-d1-r1-b0.1.rddl,1,1,ok
5,5,0.1,RAOstar,13,11.1940493124079,0.08510887858347371,3.7268331580562517,5170,470,True,d84d099493b973a63d879255d2221c1930d649aa,543f782d80ceb9555130e911c1fcf7074153d267,grid-5x5-h5-d1-r1-b0.1,c2782ac2130146505c431b6d79606db6ec0d93d61eafd747313eeaa42908d059,benchmarks/grid/fixed-duration/domain.rddl,benchmarks/grid/fixed-duration/grid-5x5-h5-d1-r1-b0.1.rddl,1,1,ok
5,5,0.1,RAOstar,14,11.1940493124079,0.08510887858347371,4.017790702986531,5170,470,True,d84d099493b973a63d879255d2221c1930d649aa,543f782d80ceb9555130e911c1fcf7074153d267,grid-5x5-h5-d1-r1-b0.1,c2782ac2130146505c431b6d79606db6ec0d93d61eafd747313eeaa42908d059,benchmarks/grid/fixed-duration/domain.rddl,benchmarks/grid/fixed-duration/grid-5x5-h5-d1-r1-b0.1.rddl,1,1,ok
5,5,0.1,RAOstar,15,11.1940493124079,0.08510887858347371,3.481219699024223,5170,470,True,d84d099493b973a63d879255d2221c1930d649aa,543f782d80ceb9555130e911c1fcf7074153d267,grid-5x5-h5-d1-r1-b0.1,c2782ac2130146505c431b6d79606db6ec0d93d61eafd747313eeaa42908d059,benchmarks/grid/fixed-duration/domain.rddl,benchmarks/grid/fixed-duration/grid-5x5-h5-d1-r1-b0.1.rddl,1,1,ok
5,5,0.1,RAOstar,16,11.1940493124079,0.08510887858347371,3.304600340081379,5170,470,True,d84d099493b973a63d879255d2221c1930d649aa,543f782d80ceb9555130e911c1fcf7074153d267,grid-5x5-h5-d1-r1-b0.1,c2782ac2130146505c431b6d79606db6ec0d93d61eafd747313eeaa42908d059,benchmarks/grid/fixed-duration/domain.rddl,benchmarks/grid/fixed-duration/grid-5x5-h5-d1-r1-b0.1.rddl,1,1,ok
5,5,0.1,RAOstar,17,11.1940493124079,0.08510887858347371,3.281912982929498,5170,470,True,d84d099493b973a63d879255d2221c1930d649aa,543f782d80ceb9555130e911c1fcf7074153d267,grid-5x5-h5-d1-r1-b0.1,c2782ac2130146505c431b6d79606db6ec0d93d61eafd747313eeaa42908d059,benchmarks/grid/fixed-duration/domain.rddl,benchmarks/grid/fixed-duration/grid-5x5-h5-d1-r1-b0.1.rddl,1,1,ok
5,5,0.1,RAOstar,18,11.1940493124079,0.08510887858347371,3.3920431649312377,5170,470,True,d84d099493b973a63d879255d2221c1930d649aa,543f782d80ceb9555130e911c1fcf7074153d267,grid-5x5-h5-d1-r1-b0.1,c2782ac2130146505c431b6d79606db6ec0d93d61eafd747313eeaa42908d059,benchmarks/grid/fixed-duration/domain.rddl,benchmarks/grid/fixed-duration/grid-5x5-h5-d1-r1-b0.1.rddl,1,1,ok
5,5,0.1,RAOstar,19,11.1940493124079,0.08510887858347371,3.423413248034194,5170,470,True,d84d099493b973a63d879255d2221c1930d649aa,543f782d80ceb9555130e911c1fcf7074153d267,grid-5x5-h5-d1-r1-b0.1,c2782ac2130146505c431b6d79606db6ec0d93d61eafd747313eeaa42908d059,benchmarks/grid/fixed-duration/domain.rddl,benchmarks/grid/fixed-duration/grid-5x5-h5-d1-r1-b0.1.rddl,1,1,ok
5,5,0.1,RAOstar,20,11.1940493124079,0.08510887858347371,3.2929473320255056,5170,470,True,d84d099493b973a63d879255d2221c1930d649aa,543f782d80ceb9555130e911c1fcf7074153d267,grid-5x5-h5-d1-r1-b0.1,c2782ac2130146505c431b6d79606db6ec0d93d61eafd747313eeaa42908d059,benchmarks/grid/fixed-duration/domain.rddl,benchmarks/grid/fixed-duration/grid-5x5-h5-d1-r1-b0.1.rddl,1,1,ok
5,5,0.1,RAOstar,21,11.1940493124079,0.08510887858347371,3.445687834988348,5170,470,True,d84d099493b973a63d879255d2221c1930d649aa,543f782d80ceb9555130e911c1fcf7074153d267,grid-5x5-h5-d1-r1-b0.1,c2782ac2130146505c431b6d79606db6ec0d93d61eafd747313eeaa42908d059,benchmarks/grid/fixed-duration/domain.rddl,benchmarks/grid/fixed-duration/grid-5x5-h5-d1-r1-b0.1.rddl,1,1,ok
5,5,0.1,RAOstar,22,11.1940493124079,0.08510887858347371,3.554092847974971,5170,470,True,d84d099493b973a63d879255d2221c1930d649aa,543f782d80ceb9555130e911c1fcf7074153d267,grid-5x5-h5-d1-r1-b0.1,c2782ac2130146505c431b6d79606db6ec0d93d61eafd747313eeaa42908d059,benchmarks/grid/fixed-duration/domain.rddl,benchmarks/grid/fixed-duration/grid-5x5-h5-d1-r1-b0.1.rddl,1,1,ok
5,5,0.1,RAOstar,23,11.1940493124079,0.08510887858347371,3.292380976025015,5170,470,True,d84d099493b973a63d879255d2221c1930d649aa,543f782d80ceb9555130e911c1fcf7074153d267,grid-5x5-h5-d1-r1-b0.1,c2782ac2130146505c431b6d79606db6ec0d93d61eafd747313eeaa42908d059,benchmarks/grid/fixed-duration/domain.rddl,benchmarks/grid/fixed-duration/grid-5x5-h5-d1-r1-b0.1.rddl,1,1,ok
5,5,0.1,RAOstar,24,11.1940493124079,0.08510887858347371,3.314875641022809,5170,470,True,d84d099493b973a63d879255d2221c1930d649aa,543f782d80ceb9555130e911c1fcf7074153d267,grid-5x5-h5-d1-r1-b0.1,c2782ac2130146505c431b6d79606db6ec0d93d61eafd747313eeaa42908d059,benchmarks/grid/fixed-duration/domain.rddl,benchmarks/grid/fixed-duration/grid-5x5-h5-d1-r1-b0.1.rddl,1,1,ok
5,5,0.1,RAOstar,25,11.1940493124079,0.08510887858347371,3.3079779980471358,5170,470,True,d84d099493b973a63d879255d2221c1930d649aa,543f782d80ceb9555130e911c1fcf7074153d267,grid-5x5-h5-d1-r1-b0.1,c2782ac2130146505c431b6d79606db6ec0d93d61eafd747313eeaa42908d059,benchmarks/grid/fixed-duration/domain.rddl,benchmarks/grid/fixed-duration/grid-5x5-h5-d1-r1-b0.1.rddl,1,1,ok
5,5,0.2,RAOstar,1,8.517308228802941,0.19070231978831415,1.9816913680406287,3073,259,True,d84d099493b973a63d879255d2221c1930d649aa,543f782d80ceb9555130e911c1fcf7074153d267,grid-5x5-h5-d1-r1-b0.2,f3d6fa15df4240a746e6ac4eff341a7504eaa7cc09751818ef06e89040b79377,benchmarks/grid/fixed-duration/domain.rddl,benchmarks/grid/fixed-duration/grid-5x5-h5-d1-r1-b0.2.rddl,1,1,ok
5,5,0.2,RAOstar,2,8.517308228802941,0.19070231978831415,2.084058656007983,3073,259,True,d84d099493b973a63d879255d2221c1930d649aa,543f782d80ceb9555130e911c1fcf7074153d267,grid-5x5-h5-d1-r1-b0.2,f3d6fa15df4240a746e6ac4eff341a7504eaa7cc09751818ef06e89040b79377,benchmarks/grid/fixed-duration/domain.rddl,benchmarks/grid/fixed-duration/grid-5x5-h5-d1-r1-b0.2.rddl,1,1,ok
5,5,0.2,RAOstar,3,8.517308228802941,0.19070231978831415,1.9788122120080516,3073,259,True,d84d099493b973a63d879255d2221c1930d649aa,543f782d80ceb9555130e911c1fcf7074153d267,grid-5x5-h5-d1-r1-b0.2,f3d6fa15df4240a746e6ac4eff341a7504eaa7cc09751818ef06e89040b79377,benchmarks/grid/fixed-duration/domain.rddl,benchmarks/grid/fixed-duration/grid-5x5-h5-d1-r1-b0.2.rddl,1,1,ok
5,5,0.2,RAOstar,4,8.517308228802941,0.19070231978831415,1.960600099992007,3073,259,True,d84d099493b973a63d879255d2221c1930d649aa,543f782d80ceb9555130e911c1fcf7074153d267,grid-5x5-h5-d1-r1-b0.2,f3d6fa15df4240a746e6ac4eff341a7504eaa7cc09751818ef06e89040b79377,benchmarks/grid/fixed-duration/domain.rddl,benchmarks/grid/fixed-duration/grid-5x5-h5-d1-r1-b0.2.rddl,1,1,ok
5,5,0.2,RAOstar,5,8.517308228802941,0.19070231978831415,1.9720440619857982,3073,259,True,d84d099493b973a63d879255d2221c1930d649aa,543f782d80ceb9555130e911c1fcf7074153d267,grid-5x5-h5-d1-r1-b0.2,f3d6fa15df4240a746e6ac4eff341a7504eaa7cc09751818ef06e89040b79377,benchmarks/grid/fixed-duration/domain.rddl,benchmarks/grid/fixed-duration/grid-5x5-h5-d1-r1-b0.2.rddl,1,1,ok
5,5,0.2,RAOstar,6,8.517308228802941,0.19070231978831415,1.9333979219663888,3073,259,True,d84d099493b973a63d879255d2221c1930d649aa,543f782d80ceb9555130e911c1fcf7074153d267,grid-5x5-h5-d1-r1-b0.2,f3d6fa15df4240a746e6ac4eff341a7504eaa7cc09751818ef06e89040b79377,benchmarks/grid/fixed-duration/domain.rddl,benchmarks/grid/fixed-duration/grid-5x5-h5-d1-r1-b0.2.rddl,1,1,ok
5,5,0.2,RAOstar,7,8.517308228802941,0.19070231978831415,2.009362132055685,3073,259,True,d84d099493b973a63d879255d2221c1930d649aa,543f782d80ceb9555130e911c1fcf7074153d267,grid-5x5-h5-d1-r1-b0.2,f3d6fa15df4240a746e6ac4eff341a7504eaa7cc09751818ef06e89040b79377,benchmarks/grid/fixed-duration/domain.rddl,benchmarks/grid/fixed-duration/grid-5x5-h5-d1-r1-b0.2.rddl,1,1,ok
5,5,0.2,RAOstar,8,8.517308228802941,0.19070231978831415,1.9532457509776577,3073,259,True,d84d099493b973a63d879255d2221c1930d649aa,543f782d80ceb9555130e911c1fcf7074153d267,grid-5x5-h5-d1-r1-b0.2,f3d6fa15df4240a746e6ac4eff341a7504eaa7cc09751818ef06e89040b79377,benchmarks/grid/fixed-duration/domain.rddl,benchmarks/grid/fixed-duration/grid-5x5-h5-d1-r1-b0.2.rddl,1,1,ok
5,5,0.2,RAOstar,9,8.517308228802941,0.19070231978831415,1.9034629910020158,3073,259,True,d84d099493b973a63d879255d2221c1930d649aa,543f782d80ceb9555130e911c1fcf7074153d267,grid-5x5-h5-d1-r1-b0.2,f3d6fa15df4240a746e6ac4eff341a7504eaa7cc09751818ef06e89040b79377,benchmarks/grid/fixed-duration/domain.rddl,benchmarks/grid/fixed-duration/grid-5x5-h5-d1-r1-b0.2.rddl,1,1,ok
5,5,0.2,RAOstar,10,8.517308228802941,0.19070231978831415,2.018336522975005,3073,259,True,d84d099493b973a63d879255d2221c1930d649aa,543f782d80ceb9555130e911c1fcf7074153d267,grid-5x5-h5-d1-r1-b0.2,f3d6fa15df4240a746e6ac4eff341a7504eaa7cc09751818ef06e89040b79377,benchmarks/grid/fixed-duration/domain.rddl,benchmarks/grid/fixed-duration/grid-5x5-h5-d1-r1-b0.2.rddl,1,1,ok
5,5,0.2,RAOstar,11,8.517308228802941,0.19070231978831415,2.0277977869845927,3073,259,True,d84d099493b973a63d879255d2221c1930d649aa,543f782d80ceb9555130e911c1fcf7074153d267,grid-5x5-h5-d1-r1-b0.2,f3d6fa15df4240a746e6ac4eff341a7504eaa7cc09751818ef06e89040b79377,benchmarks/grid/fixed-duration/domain.rddl,benchmarks/grid/fixed-duration/grid-5x5-h5-d1-r1-b0.2.rddl,1,1,ok
5,5,0.2,RAOstar,12,8.517308228802941,0.19070231978831415,2.020934075000696,3073,259,True,d84d099493b973a63d879255d2221c1930d649aa,543f782d80ceb9555130e911c1fcf7074153d267,grid-5x5-h5-d1-r1-b0.2,f3d6fa15df4240a746e6ac4eff341a7504eaa7cc09751818ef06e89040b79377,benchmarks/grid/fixed-duration/domain.rddl,benchmarks/grid/fixed-duration/grid-5x5-h5-d1-r1-b0.2.rddl,1,1,ok
5,5,0.2,RAOstar,13,8.517308228802941,0.19070231978831415,1.960395951056853,3073,259,True,d84d099493b973a63d879255d2221c1930d649aa,543f782d80ceb9555130e911c1fcf7074153d267,grid-5x5-h5-d1-r1-b0.2,f3d6fa15df4240a746e6ac4eff341a7504eaa7cc09751818ef06e89040b79377,benchmarks/grid/fixed-duration/domain.rddl,benchmarks/grid/fixed-duration/grid-5x5-h5-d1-r1-b0.2.rddl,1,1,ok
5,5,0.2,RAOstar,14,8.517308228802941,0.19070231978831415,2.010379759944044,3073,259,True,d84d099493b973a63d879255d2221c1930d649aa,543f782d80ceb9555130e911c1fcf7074153d267,grid-5x5-h5-d1-r1-b0.2,f3d6fa15df4240a746e6ac4eff341a7504eaa7cc09751818ef06e89040b79377,benchmarks/grid/fixed-duration/domain.rddl,benchmarks/grid/fixed-duration/grid-5x5-h5-d1-r1-b0.2.rddl,1,1,ok
5,5,0.2,RAOstar,15,8.517308228802941,0.19070231978831415,1.9883689999114722,3073,259,True,d84d099493b973a63d879255d2221c1930d649aa,543f782d80ceb9555130e911c1fcf7074153d267,grid-5x5-h5-d1-r1-b0.2,f3d6fa15df4240a746e6ac4eff341a7504eaa7cc09751818ef06e89040b79377,benchmarks/grid/fixed-duration/domain.rddl,benchmarks/grid/fixed-duration/grid-5x5-h5-d1-r1-b0.2.rddl,1,1,ok
5,5,0.2,RAOstar,16,8.517308228802941,0.19070231978831415,2.0381865489762276,3073,259,True,d84d099493b973a63d879255d2221c1930d649aa,543f782d80ceb9555130e911c1fcf7074153d267,grid-5x5-h5-d1-r1-b0.2,f3d6fa15df4240a746e6ac4eff341a7504eaa7cc09751818ef06e89040b79377,benchmarks/grid/fixed-duration/domain.rddl,benchmarks/grid/fixed-duration/grid-5x5-h5-d1-r1-b0.2.rddl,1,1,ok
5,5,0.2,RAOstar,17,8.517308228802941,0.19070231978831415,1.9721565000945702,3073,259,True,d84d099493b973a63d879255d2221c1930d649aa,543f782d80ceb9555130e911c1fcf7074153d267,grid-5x5-h5-d1-r1-b0.2,f3d6fa15df4240a746e6ac4eff341a7504eaa7cc09751818ef06e89040b79377,benchmarks/grid/fixed-duration/domain.rddl,benchmarks/grid/fixed-duration/grid-5x5-h5-d1-r1-b0.2.rddl,1,1,ok
5,5,0.2,RAOstar,18,8.517308228802941,0.19070231978831415,1.9128562120022252,3073,259,True,d84d099493b973a63d879255d2221c1930d649aa,543f782d80ceb9555130e911c1fcf7074153d267,grid-5x5-h5-d1-r1-b0.2,f3d6fa15df4240a746e6ac4eff341a7504eaa7cc09751818ef06e89040b79377,benchmarks/grid/fixed-duration/domain.rddl,benchmarks/grid/fixed-duration/grid-5x5-h5-d1-r1-b0.2.rddl,1,1,ok
5,5,0.2,RAOstar,19,8.517308228802941,0.19070231978831415,1.960149614023976,3073,259,True,d84d099493b973a63d879255d2221c1930d649aa,543f782d80ceb9555130e911c1fcf7074153d267,grid-5x5-h5-d1-r1-b0.2,f3d6fa15df4240a746e6ac4eff341a7504eaa7cc09751818ef06e89040b79377,benchmarks/grid/fixed-duration/domain.rddl,benchmarks/grid/fixed-duration/grid-5x5-h5-d1-r1-b0.2.rddl,1,1,ok
5,5,0.2,RAOstar,20,8.517308228802941,0.19070231978831415,2.062198668019846,3073,259,True,d84d099493b973a63d879255d2221c1930d649aa,543f782d80ceb9555130e911c1fcf7074153d267,grid-5x5-h5-d1-r1-b0.2,f3d6fa15df4240a746e6ac4eff341a7504eaa7cc09751818ef06e89040b79377,benchmarks/grid/fixed-duration/domain.rddl,benchmarks/grid/fixed-duration/grid-5x5-h5-d1-r1-b0.2.rddl,1,1,ok
5,5,0.2,RAOstar,21,8.517308228802941,0.19070231978831415,2.032660347991623,3073,259,True,d84d099493b973a63d879255d2221c1930d649aa,543f782d80ceb9555130e911c1fcf7074153d267,grid-5x5-h5-d1-r1-b0.2,f3d6fa15df4240a746e6ac4eff341a7504eaa7cc09751818ef06e89040b79377,benchmarks/grid/fixed-duration/domain.rddl,benchmarks/grid/fixed-duration/grid-5x5-h5-d1-r1-b0.2.rddl,1,1,ok
5,5,0.2,RAOstar,22,8.517308228802941,0.19070231978831415,2.007915255962871,3073,259,True,d84d099493b973a63d879255d2221c1930d649aa,543f782d80ceb9555130e911c1fcf7074153d267,grid-5x5-h5-d1-r1-b0.2,f3d6fa15df4240a746e6ac4eff341a7504eaa7cc09751818ef06e89040b79377,benchmarks/grid/fixed-duration/domain.rddl,benchmarks/grid/fixed-duration/grid-5x5-h5-d1-r1-b0.2.rddl,1,1,ok
5,5,0.2,RAOstar,23,8.517308228802941,0.19070231978831415,2.034667441039346,3073,259,True,d84d099493b973a63d879255d2221c1930d649aa,543f782d80ceb9555130e911c1fcf7074153d267,grid-5x5-h5-d1-r1-b0.2,f3d6fa15df4240a746e6ac4eff341a7504eaa7cc09751818ef06e89040b79377,benchmarks/grid/fixed-duration/domain.rddl,benchmarks/grid/fixed-duration/grid-5x5-h5-d1-r1-b0.2.rddl,1,1,ok
5,5,0.2,RAOstar,24,8.517308228802941,0.19070231978831415,2.078555271960795,3073,259,True,d84d099493b973a63d879255d2221c1930d649aa,543f782d80ceb9555130e911c1fcf7074153d267,grid-5x5-h5-d1-r1-b0.2,f3d6fa15df4240a746e6ac4eff341a7504eaa7cc09751818ef06e89040b79377,benchmarks/grid/fixed-duration/domain.rddl,benchmarks/grid/fixed-duration/grid-5x5-h5-d1-r1-b0.2.rddl,1,1,ok
5,5,0.2,RAOstar,25,8.517308228802941,0.19070231978831415,2.023058859980665,3073,259,True,d84d099493b973a63d879255d2221c1930d649aa,543f782d80ceb9555130e911c1fcf7074153d267,grid-5x5-h5-d1-r1-b0.2,f3d6fa15df4240a746e6ac4eff341a7504eaa7cc09751818ef06e89040b79377,benchmarks/grid/fixed-duration/domain.rddl,benchmarks/grid/fixed-duration/grid-5x5-h5-d1-r1-b0.2.rddl,1,1,ok
5,5,0.3,RAOstar,1,8.517308228802941,0.19070231978831415,2.8505157390609384,4228,353,True,d84d099493b973a63d879255d2221c1930d649aa,543f782d80ceb9555130e911c1fcf7074153d267,grid-5x5-h5-d1-r1-b0.3,87a1da684d35b9dd9860156eecec31919adf2d9eaed7d0d48966428aad4cd464,benchmarks/grid/fixed-duration/domain.rddl,benchmarks/grid/fixed-duration/grid-5x5-h5-d1-r1-b0.3.rddl,1,1,ok
5,5,0.3,RAOstar,2,8.517308228802941,0.19070231978831415,2.6280026140157133,4228,353,True,d84d099493b973a63d879255d2221c1930d649aa,543f782d80ceb9555130e911c1fcf7074153d267,grid-5x5-h5-d1-r1-b0.3,87a1da684d35b9dd9860156eecec31919adf2d9eaed7d0d48966428aad4cd464,benchmarks/grid/fixed-duration/domain.rddl,benchmarks/grid/fixed-duration/grid-5x5-h5-d1-r1-b0.3.rddl,1,1,ok
5,5,0.3,RAOstar,3,8.517308228802941,0.19070231978831415,2.820653341943398,4228,353,True,d84d099493b973a63d879255d2221c1930d649aa,543f782d80ceb9555130e911c1fcf7074153d267,grid-5x5-h5-d1-r1-b0.3,87a1da684d35b9dd9860156eecec31919adf2d9eaed7d0d48966428aad4cd464,benchmarks/grid/fixed-duration/domain.rddl,benchmarks/grid/fixed-duration/grid-5x5-h5-d1-r1-b0.3.rddl,1,1,ok
5,5,0.3,RAOstar,4,8.517308228802941,0.19070231978831415,2.521038986975327,4228,353,True,d84d099493b973a63d879255d2221c1930d649aa,543f782d80ceb9555130e911c1fcf7074153d267,grid-5x5-h5-d1-r1-b0.3,87a1da684d35b9dd9860156eecec31919adf2d9eaed7d0d48966428aad4cd464,benchmarks/grid/fixed-duration/domain.rddl,benchmarks/grid/fixed-duration/grid-5x5-h5-d1-r1-b0.3.rddl,1,1,ok
5,5,0.3,RAOstar,5,8.517308228802941,0.19070231978831415,2.6107966899871826,4228,353,True,d84d099493b973a63d879255d2221c1930d649aa,543f782d80ceb9555130e911c1fcf7074153d267,grid-5x5-h5-d1-r1-b0.3,87a1da684d35b9dd9860156eecec31919adf2d9eaed7d0d48966428aad4cd464,benchmarks/grid/fixed-duration/domain.rddl,benchmarks/grid/fixed-duration/grid-5x5-h5-d1-r1-b0.3.rddl,1,1,ok
5,5,0.3,RAOstar,6,8.517308228802941,0.19070231978831415,2.5780951080378145,4228,353,True,d84d099493b973a63d879255d2221c1930d649aa,543f782d80ceb9555130e911c1fcf7074153d267,grid-5x5-h5-d1-r1-b0.3,87a1da684d35b9dd9860156eecec31919adf2d9eaed7d0d48966428aad4cd464,benchmarks/grid/fixed-duration/domain.rddl,benchmarks/grid/fixed-duration/grid-5x5-h5-d1-r1-b0.3.rddl,1,1,ok
5,5,0.3,RAOstar,7,8.517308228802941,0.19070231978831415,2.6921759439865127,4228,353,True,d84d099493b973a63d879255d2221c1930d649aa,543f782d80ceb9555130e911c1fcf7074153d267,grid-5x5-h5-d1-r1-b0.3,87a1da684d35b9dd9860156eecec31919adf2d9eaed7d0d48966428aad4cd464,benchmarks/grid/fixed-duration/domain.rddl,benchmarks/grid/fixed-duration/grid-5x5-h5-d1-r1-b0.3.rddl,1,1,ok
5,5,0.3,RAOstar,8,8.517308228802941,0.19070231978831415,2.690739626996219,4228,353,True,d84d099493b973a63d879255d2221c1930d649aa,543f782d80ceb9555130e911c1fcf7074153d267,grid-5x5-h5-d1-r1-b0.3,87a1da684d35b9dd9860156eecec31919adf2d9eaed7d0d48966428aad4cd464,benchmarks/grid/fixed-duration/domain.rddl,benchmarks/grid/fixed-duration/grid-5x5-h5-d1-r1-b0.3.rddl,1,1,ok
5,5,0.3,RAOstar,9,8.517308228802941,0.19070231978831415,2.5611485390691087,4228,353,True,d84d099493b973a63d879255d2221c1930d649aa,543f782d80ceb9555130e911c1fcf7074153d267,grid-5x5-h5-d1-r1-b0.3,87a1da684d35b9dd9860156eecec31919adf2d9eaed7d0d48966428aad4cd464,benchmarks/grid/fixed-duration/domain.rddl,benchmarks/grid/fixed-duration/grid-5x5-h5-d1-r1-b0.3.rddl,1,1,ok
5,5,0.3,RAOstar,10,8.517308228802941,0.19070231978831415,2.5252535520121455,4228,353,True,d84d099493b973a63d879255d2221c1930d649aa,543f782d80ceb9555130e911c1fcf7074153d267,grid-5x5-h5-d1-r1-b0.3,87a1da684d35b9dd9860156eecec31919adf2d9eaed7d0d48966428aad4cd464,benchmarks/grid/fixed-duration/domain.rddl,benchmarks/grid/fixed-duration/grid-5x5-h5-d1-r1-b0.3.rddl,1,1,ok
5,5,0.3,RAOstar,11,8.517308228802941,0.19070231978831415,2.66227909992449,4228,353,True,d84d099493b973a63d879255d2221c1930d649aa,543f782d80ceb9555130e911c1fcf7074153d267,grid-5x5-h5-d1-r1-b0.3,87a1da684d35b9dd9860156eecec31919adf2d9eaed7d0d48966428aad4cd464,benchmarks/grid/fixed-duration/domain.rddl,benchmarks/grid/fixed-duration/grid-5x5-h5-d1-r1-b0.3.rddl,1,1,ok
5,5,0.3,RAOstar,12,8.517308228802941,0.19070231978831415,2.8151412790175527,4228,353,True,d84d099493b973a63d879255d2221c1930d649aa,543f782d80ceb9555130e911c1fcf7074153d267,grid-5x5-h5-d1-r1-b0.3,87a1da684d35b9dd9860156eecec31919adf2d9eaed7d0d48966428aad4cd464,benchmarks/grid/fixed-duration/domain.rddl,benchmarks/grid/fixed-duration/grid-5x5-h5-d1-r1-b0.3.rddl,1,1,ok
5,5,0.3,RAOstar,13,8.517308228802941,0.19070231978831415,2.53632810106501,4228,353,True,d84d099493b973a63d879255d2221c1930d649aa,543f782d80ceb9555130e911c1fcf7074153d267,grid-5x5-h5-d1-r1-b0.3,87a1da684d35b9dd9860156eecec31919adf2d9eaed7d0d48966428aad4cd464,benchmarks/grid/fixed-duration/domain.rddl,benchmarks/grid/fixed-duration/grid-5x5-h5-d1-r1-b0.3.rddl,1,1,ok
5,5,0.3,RAOstar,14,8.517308228802941,0.19070231978831415,2.476787501014769,4228,353,True,d84d099493b973a63d879255d2221c1930d649aa,543f782d80ceb9555130e911c1fcf7074153d267,grid-5x5-h5-d1-r1-b0.3,87a1da684d35b9dd9860156eecec31919adf2d9eaed7d0d48966428aad4cd464,benchmarks/grid/fixed-duration/domain.rddl,benchmarks/grid/fixed-duration/grid-5x5-h5-d1-r1-b0.3.rddl,1,1,ok
5,5,0.3,RAOstar,15,8.517308228802941,0.19070231978831415,2.570668886997737,4228,353,True,d84d099493b973a63d879255d2221c1930d649aa,543f782d80ceb9555130e911c1fcf7074153d267,grid-5x5-h5-d1-r1-b0.3,87a1da684d35b9dd9860156eecec31919adf2d9eaed7d0d48966428aad4cd464,benchmarks/grid/fixed-duration/domain.rddl,benchmarks/grid/fixed-duration/grid-5x5-h5-d1-r1-b0.3.rddl,1,1,ok
5,5,0.3,RAOstar,16,8.517308228802941,0.19070231978831415,2.6445370849687606,4228,353,True,d84d099493b973a63d879255d2221c1930d649aa,543f782d80ceb9555130e911c1fcf7074153d267,grid-5x5-h5-d1-r1-b0.3,87a1da684d35b9dd9860156eecec31919adf2d9eaed7d0d48966428aad4cd464,benchmarks/grid/fixed-duration/domain.rddl,benchmarks/grid/fixed-duration/grid-5x5-h5-d1-r1-b0.3.rddl,1,1,ok
5,5,0.3,RAOstar,17,8.517308228802941,0.19070231978831415,2.5585994330467656,4228,353,True,d84d099493b973a63d879255d2221c1930d649aa,543f782d80ceb9555130e911c1fcf7074153d267,grid-5x5-h5-d1-r1-b0.3,87a1da684d35b9dd9860156eecec31919adf2d9eaed7d0d48966428aad4cd464,benchmarks/grid/fixed-duration/domain.rddl,benchmarks/grid/fixed-duration/grid-5x5-h5-d1-r1-b0.3.rddl,1,1,ok
5,5,0.3,RAOstar,18,8.517308228802941,0.19070231978831415,2.669624767964706,4228,353,True,d84d099493b973a63d879255d2221c1930d649aa,543f782d80ceb9555130e911c1fcf7074153d267,grid-5x5-h5-d1-r1-b0.3,87a1da684d35b9dd9860156eecec31919adf2d9eaed7d0d48966428aad4cd464,benchmarks/grid/fixed-duration/domain.rddl,benchmarks/grid/fixed-duration/grid-5x5-h5-d1-r1-b0.3.rddl,1,1,ok
5,5,0.3,RAOstar,19,8.517308228802941,0.19070231978831415,2.5868142260005698,4228,353,True,d84d099493b973a63d879255d2221c1930d649aa,543f782d80ceb9555130e911c1fcf7074153d267,grid-5x5-h5-d1-r1-b0.3,87a1da684d35b9dd9860156eecec31919adf2d9eaed7d0d48966428aad4cd464,benchmarks/grid/fixed-duration/domain.rddl,benchmarks/grid/fixed-duration/grid-5x5-h5-d1-r1-b0.3.rddl,1,1,ok
5,5,0.3,RAOstar,20,8.517308228802941,0.19070231978831415,2.6296833760570735,4228,353,True,d84d099493b973a63d879255d2221c1930d649aa,543f782d80ceb9555130e911c1fcf7074153d267,grid-5x5-h5-d1-r1-b0.3,87a1da684d35b9dd9860156eecec31919adf2d9eaed7d0d48966428aad4cd464,benchmarks/grid/fixed-duration/domain.rddl,benchmarks/grid/fixed-duration/grid-5x5-h5-d1-r1-b0.3.rddl,1,1,ok
5,5,0.3,RAOstar,21,8.517308228802941,0.19070231978831415,2.739610151038505,4228,353,True,d84d099493b973a63d879255d2221c1930d649aa,543f782d80ceb9555130e911c1fcf7074153d267,grid-5x5-h5-d1-r1-b0.3,87a1da684d35b9dd9860156eecec31919adf2d9eaed7d0d48966428aad4cd464,benchmarks/grid/fixed-duration/domain.rddl,benchmarks/grid/fixed-duration/grid-5x5-h5-d1-r1-b0.3.rddl,1,1,ok
5,5,0.3,RAOstar,22,8.517308228802941,0.19070231978831415,2.628244774066843,4228,353,True,d84d099493b973a63d879255d2221c1930d649aa,543f782d80ceb9555130e911c1fcf7074153d267,grid-5x5-h5-d1-r1-b0.3,87a1da684d35b9dd9860156eecec31919adf2d9eaed7d0d48966428aad4cd464,benchmarks/grid/fixed-duration/domain.rddl,benchmarks/grid/fixed-duration/grid-5x5-h5-d1-r1-b0.3.rddl,1,1,ok
5,5,0.3,RAOstar,23,8.517308228802941,0.19070231978831415,2.6219865509774536,4228,353,True,d84d099493b973a63d879255d2221c1930d649aa,543f782d80ceb9555130e911c1fcf7074153d267,grid-5x5-h5-d1-r1-b0.3,87a1da684d35b9dd9860156eecec31919adf2d9eaed7d0d48966428aad4cd464,benchmarks/grid/fixed-duration/domain.rddl,benchmarks/grid/fixed-duration/grid-5x5-h5-d1-r1-b0.3.rddl,1,1,ok
5,5,0.3,RAOstar,24,8.517308228802941,0.19070231978831415,2.575051811989397,4228,353,True,d84d099493b973a63d879255d2221c1930d649aa,543f782d80ceb9555130e911c1fcf7074153d267,grid-5x5-h5-d1-r1-b0.3,87a1da684d35b9dd9860156eecec31919adf2d9eaed7d0d48966428aad4cd464,benchmarks/grid/fixed-duration/domain.rddl,benchmarks/grid/fixed-duration/grid-5x5-h5-d1-r1-b0.3.rddl,1,1,ok
5,5,0.3,RAOstar,25,8.517308228802941,0.19070231978831415,2.9001391771016642,4228,353,True,d84d099493b973a63d879255d2221c1930d649aa,543f782d80ceb9555130e911c1fcf7074153d267,grid-5x5-h5-d1-r1-b0.3,87a1da684d35b9dd9860156eecec31919adf2d9eaed7d0d48966428aad4cd464,benchmarks/grid/fixed-duration/domain.rddl,benchmarks/grid/fixed-duration/grid-5x5-h5-d1-r1-b0.3.rddl,1,1,ok
5,6,0.1,RAOstar,1,11.664317925302502,0.09879943551458453,34.73932871897705,25393,2196,True,d84d099493b973a63d879255d2221c1930d649aa,543f782d80ceb9555130e911c1fcf7074153d267,grid-5x5-h6-d1-r1-b0.1,959c4626f1c8703f136037c5a817d95e59bc4a493656f584d55dcaf308815f3a,benchmarks/grid/fixed-duration/domain.rddl,benchmarks/grid/fixed-duration/grid-5x5-h6-d1-r1-b0.1.rddl,1,1,ok
5,6,0.1,RAOstar,2,11.664317925302502,0.09879943551458453,33.31430182699114,25393,2196,True,d84d099493b973a63d879255d2221c1930d649aa,543f782d80ceb9555130e911c1fcf7074153d267,grid-5x5-h6-d1-r1-b0.1,959c4626f1c8703f136037c5a817d95e59bc4a493656f584d55dcaf308815f3a,benchmarks/grid/fixed-duration/domain.rddl,benchmarks/grid/fixed-duration/grid-5x5-h6-d1-r1-b0.1.rddl,1,1,ok
5,6,0.1,RAOstar,3,11.664317925302502,0.09879943551458453,34.81029002997093,25393,2196,True,d84d099493b973a63d879255d2221c1930d649aa,543f782d80ceb9555130e911c1fcf7074153d267,grid-5x5-h6-d1-r1-b0.1,959c4626f1c8703f136037c5a817d95e59bc4a493656f584d55dcaf308815f3a,benchmarks/grid/fixed-duration/domain.rddl,benchmarks/grid/fixed-duration/grid-5x5-h6-d1-r1-b0.1.rddl,1,1,ok
5,6,0.1,RAOstar,4,11.664317925302502,0.09879943551458453,33.74753553199116,25393,2196,True,d84d099493b973a63d879255d2221c1930d649aa,543f782d80ceb9555130e911c1fcf7074153d267,grid-5x5-h6-d1-r1-b0.1,959c4626f1c8703f136037c5a817d95e59bc4a493656f584d55dcaf308815f3a,benchmarks/grid/fixed-duration/domain.rddl,benchmarks/grid/fixed-duration/grid-5x5-h6-d1-r1-b0.1.rddl,1,1,ok
5,6,0.1,RAOstar,5,11.664317925302502,0.09879943551458453,34.149061116040684,25393,2196,True,d84d099493b973a63d879255d2221c1930d649aa,543f782d80ceb9555130e911c1fcf7074153d267,grid-5x5-h6-d1-r1-b0.1,959c4626f1c8703f136037c5a817d95e59bc4a493656f584d55dcaf308815f3a,benchmarks/grid/fixed-duration/domain.rddl,benchmarks/grid/fixed-duration/grid-5x5-h6-d1-r1-b0.1.rddl,1,1,ok
5,6,0.1,RAOstar,6,11.664317925302502,0.09879943551458453,33.34608838101849,25393,2196,True,d84d099493b973a63d879255d2221c1930d649aa,543f782d80ceb9555130e911c1fcf7074153d267,grid-5x5-h6-d1-r1-b0.1,959c4626f1c8703f136037c5a817d95e59bc4a493656f584d55dcaf308815f3a,benchmarks/grid/fixed-duration/domain.rddl,benchmarks/grid/fixed-duration/grid-5x5-h6-d1-r1-b0.1.rddl,1,1,ok
5,6,0.1,RAOstar,7,11.664317925302502,0.09879943551458453,33.39423407695722,25393,2196,True,d84d099493b973a63d879255d2221c1930d649aa,543f782d80ceb9555130e911c1fcf7074153d267,grid-5x5-h6-d1-r1-b0.1,959c4626f1c8703f136037c5a817d95e59bc4a493656f584d55dcaf308815f3a,benchmarks/grid/fixed-duration/domain.rddl,benchmarks/grid/fixed-duration/grid-5x5-h6-d1-r1-b0.1.rddl,1,1,ok
5,6,0.1,RAOstar,8,11.664317925302502,0.09879943551458453,33.73884269304108,25393,2196,True,d84d099493b973a63d879255d2221c1930d649aa,543f782d80ceb9555130e911c1fcf7074153d267,grid-5x5-h6-d1-r1-b0.1,959c4626f1c8703f136037c5a817d95e59bc4a493656f584d55dcaf308815f3a,benchmarks/grid/fixed-duration/domain.rddl,benchmarks/grid/fixed-duration/grid-5x5-h6-d1-r1-b0.1.rddl,1,1,ok
5,6,0.1,RAOstar,9,11.664317925302502,0.09879943551458453,33.53669917199295,25393,2196,True,d84d099493b973a63d879255d2221c1930d649aa,543f782d80ceb9555130e911c1fcf7074153d267,grid-5x5-h6-d1-r1-b0.1,959c4626f1c8703f136037c5a817d95e59bc4a493656f584d55dcaf308815f3a,benchmarks/grid/fixed-duration/domain.rddl,benchmarks/grid/fixed-duration/grid-5x5-h6-d1-r1-b0.1.rddl,1,1,ok
5,6,0.1,RAOstar,10,11.664317925302502,0.09879943551458453,35.716343184001744,25393,2196,True,d84d099493b973a63d879255d2221c1930d649aa,543f782d80ceb9555130e911c1fcf7074153d267,grid-5x5-h6-d1-r1-b0.1,959c4626f1c8703f136037c5a817d95e59bc4a493656f584d55dcaf308815f3a,benchmarks/grid/fixed-duration/domain.rddl,benchmarks/grid/fixed-duration/grid-5x5-h6-d1-r1-b0.1.rddl,1,1,ok
5,6,0.1,RAOstar,11,11.664317925302502,0.09879943551458453,35.92761321389116,25393,2196,True,d84d099493b973a63d879255d2221c1930d649aa,543f782d80ceb9555130e911c1fcf7074153d267,grid-5x5-h6-d1-r1-b0.1,959c4626f1c8703f136037c5a817d95e59bc4a493656f584d55dcaf308815f3a,benchmarks/grid/fixed-duration/domain.rddl,benchmarks/grid/fixed-duration/grid-5x5-h6-d1-r1-b0.1.rddl,1,1,ok
5,6,0.1,RAOstar,12,11.664317925302502,0.09879943551458453,33.07647322898265,25393,2196,True,d84d099493b973a63d879255d2221c1930d649aa,543f782d80ceb9555130e911c1fcf7074153d267,grid-5x5-h6-d1-r1-b0.1,959c4626f1c8703f136037c5a817d95e59bc4a493656f584d55dcaf308815f3a,benchmarks/grid/fixed-duration/domain.rddl,benchmarks/grid/fixed-duration/grid-5x5-h6-d1-r1-b0.1.rddl,1,1,ok
5,6,0.1,RAOstar,13,11.664317925302502,0.09879943551458453,33.14908329991158,25393,2196,True,d84d099493b973a63d879255d2221c1930d649aa,543f782d80ceb9555130e911c1fcf7074153d267,grid-5x5-h6-d1-r1-b0.1,959c4626f1c8703f136037c5a817d95e59bc4a493656f584d55dcaf308815f3a,benchmarks/grid/fixed-duration/domain.rddl,benchmarks/grid/fixed-duration/grid-5x5-h6-d1-r1-b0.1.rddl,1,1,ok
5,6,0.1,RAOstar,14,11.664317925302502,0.09879943551458453,33.324381242040545,25393,2196,True,d84d099493b973a63d879255d2221c1930d649aa,543f782d80ceb9555130e911c1fcf7074153d267,grid-5x5-h6-d1-r1-b0.1,959c4626f1c8703f136037c5a817d95e59bc4a493656f584d55dcaf308815f3a,benchmarks/grid/fixed-duration/domain.rddl,benchmarks/grid/fixed-duration/grid-5x5-h6-d1-r1-b0.1.rddl,1,1,ok
5,6,0.1,RAOstar,15,11.664317925302502,0.09879943551458453,33.20900375104975,25393,2196,True,d84d099493b973a63d879255d2221c1930d649aa,543f782d80ceb9555130e911c1fcf7074153d267,grid-5x5-h6-d1-r1-b0.1,959c4626f1c8703f136037c5a817d95e59bc4a493656f584d55dcaf308815f3a,benchmarks/grid/fixed-duration/domain.rddl,benchmarks/grid/fixed-duration/grid-5x5-h6-d1-r1-b0.1.rddl,1,1,ok
5,6,0.1,RAOstar,16,11.664317925302502,0.09879943551458453,34.163144664955325,25393,2196,True,d84d099493b973a63d879255d2221c1930d649aa,543f782d80ceb9555130e911c1fcf7074153d267,grid-5x5-h6-d1-r1-b0.1,959c4626f1c8703f136037c5a817d95e59bc4a493656f584d55dcaf308815f3a,benchmarks/grid/fixed-duration/domain.rddl,benchmarks/grid/fixed-duration/grid-5x5-h6-d1-r1-b0.1.rddl,1,1,ok
5,6,0.1,RAOstar,17,11.664317925302502,0.09879943551458453,33.666992156999186,25393,2196,True,d84d099493b973a63d879255d2221c1930d649aa,543f782d80ceb9555130e911c1fcf7074153d267,grid-5x5-h6-d1-r1-b0.1,959c4626f1c8703f136037c5a817d95e59bc4a493656f584d55dcaf308815f3a,benchmarks/grid/fixed-duration/domain.rddl,benchmarks/grid/fixed-duration/grid-5x5-h6-d1-r1-b0.1.rddl,1,1,ok
5,6,0.1,RAOstar,18,11.664317925302502,0.09879943551458453,33.25247371499427,25393,2196,True,d84d099493b973a63d879255d2221c1930d649aa,543f782d80ceb9555130e911c1fcf7074153d267,grid-5x5-h6-d1-r1-b0.1,959c4626f1c8703f136037c5a817d95e59bc4a493656f584d55dcaf308815f3a,benchmarks/grid/fixed-duration/domain.rddl,benchmarks/grid/fixed-duration/grid-5x5-h6-d1-r1-b0.1.rddl,1,1,ok
5,6,0.1,RAOstar,19,11.664317925302502,0.09879943551458453,33.23942040896509,25393,2196,True,d84d099493b973a63d879255d2221c1930d649aa,543f782d80ceb9555130e911c1fcf7074153d267,grid-5x5-h6-d1-r1-b0.1,959c4626f1c8703f136037c5a817d95e59bc4a493656f584d55dcaf308815f3a,benchmarks/grid/fixed-duration/domain.rddl,benchmarks/grid/fixed-duration/grid-5x5-h6-d1-r1-b0.1.rddl,1,1,ok
5,6,0.1,RAOstar,20,11.664317925302502,0.09879943551458453,34.911349541042,25393,2196,True,d84d099493b973a63d879255d2221c1930d649aa,543f782d80ceb9555130e911c1fcf7074153d267,grid-5x5-h6-d1-r1-b0.1,959c4626f1c8703f136037c5a817d95e59bc4a493656f584d55dcaf308815f3a,benchmarks/grid/fixed-duration/domain.rddl,benchmarks/grid/fixed-duration/grid-5x5-h6-d1-r1-b0.1.rddl,1,1,ok
5,6,0.1,RAOstar,21,11.664317925302502,0.09879943551458453,34.063659106963314,25393,2196,True,d84d099493b973a63d879255d2221c1930d649aa,543f782d80ceb9555130e911c1fcf7074153d267,grid-5x5-h6-d1-r1-b0.1,959c4626f1c8703f136037c5a817d95e59bc4a493656f584d55dcaf308815f3a,benchmarks/grid/fixed-duration/domain.rddl,benchmarks/grid/fixed-duration/grid-5x5-h6-d1-r1-b0.1.rddl,1,1,ok
5,6,0.1,RAOstar,22,11.664317925302502,0.09879943551458453,34.36051704699639,25393,2196,True,d84d099493b973a63d879255d2221c1930d649aa,543f782d80ceb9555130e911c1fcf7074153d267,grid-5x5-h6-d1-r1-b0.1,959c4626f1c8703f136037c5a817d95e59bc4a493656f584d55dcaf308815f3a,benchmarks/grid/fixed-duration/domain.rddl,benchmarks/grid/fixed-duration/grid-5x5-h6-d1-r1-b0.1.rddl,1,1,ok
5,6,0.1,RAOstar,23,11.664317925302502,0.09879943551458453,34.386290373979136,25393,2196,True,d84d099493b973a63d879255d2221c1930d649aa,543f782d80ceb9555130e911c1fcf7074153d267,grid-5x5-h6-d1-r1-b0.1,959c4626f1c8703f136037c5a817d95e59bc4a493656f584d55dcaf308815f3a,benchmarks/grid/fixed-duration/domain.rddl,benchmarks/grid/fixed-duration/grid-5x5-h6-d1-r1-b0.1.rddl,1,1,ok
5,6,0.1,RAOstar,24,11.664317925302502,0.09879943551458453,34.23411521199159,25393,2196,True,d84d099493b973a63d879255d2221c1930d649aa,543f782d80ceb9555130e911c1fcf7074153d267,grid-5x5-h6-d1-r1-b0.1,959c4626f1c8703f136037c5a817d95e59bc4a493656f584d55dcaf308815f3a,benchmarks/grid/fixed-duration/domain.rddl,benchmarks/grid/fixed-duration/grid-5x5-h6-d1-r1-b0.1.rddl,1,1,ok
5,6,0.1,RAOstar,25,11.664317925302502,0.09879943551458453,34.94865973095875,25393,2196,True,d84d099493b973a63d879255d2221c1930d649aa,543f782d80ceb9555130e911c1fcf7074153d267,grid-5x5-h6-d1-r1-b0.1,959c4626f1c8703f136037c5a817d95e59bc4a493656f584d55dcaf308815f3a,benchmarks/grid/fixed-duration/domain.rddl,benchmarks/grid/fixed-duration/grid-5x5-h6-d1-r1-b0.1.rddl,1,1,ok
5,6,0.2,RAOstar,1,9.454810466494346,0.1920991604288611,54.402908299001865,48844,4100,True,d84d099493b973a63d879255d2221c1930d649aa,543f782d80ceb9555130e911c1fcf7074153d267,grid-5x5-h6-d1-r1-b0.2,f435a050ed6c57225ff670ff2792667af22e08597cb613b317d984872c88ddcb,benchmarks/grid/fixed-duration/domain.rddl,benchmarks/grid/fixed-duration/grid-5x5-h6-d1-r1-b0.2.rddl,1,1,ok
5,6,0.2,RAOstar,2,9.454810466494346,0.1920991604288611,54.26489620201755,48844,4100,True,d84d099493b973a63d879255d2221c1930d649aa,543f782d80ceb9555130e911c1fcf7074153d267,grid-5x5-h6-d1-r1-b0.2,f435a050ed6c57225ff670ff2792667af22e08597cb613b317d984872c88ddcb,benchmarks/grid/fixed-duration/domain.rddl,benchmarks/grid/fixed-duration/grid-5x5-h6-d1-r1-b0.2.rddl,1,1,ok
5,6,0.2,RAOstar,3,9.454810466494346,0.1920991604288611,54.74034520692658,48844,4100,True,d84d099493b973a63d879255d2221c1930d649aa,543f782d80ceb9555130e911c1fcf7074153d267,grid-5x5-h6-d1-r1-b0.2,f435a050ed6c57225ff670ff2792667af22e08597cb613b317d984872c88ddcb,benchmarks/grid/fixed-duration/domain.rddl,benchmarks/grid/fixed-duration/grid-5x5-h6-d1-r1-b0.2.rddl,1,1,ok
5,6,0.2,RAOstar,4,9.454810466494346,0.1920991604288611,55.125776864006184,48844,4100,True,d84d099493b973a63d879255d2221c1930d649aa,543f782d80ceb9555130e911c1fcf7074153d267,grid-5x5-h6-d1-r1-b0.2,f435a050ed6c57225ff670ff2792667af22e08597cb613b317d984872c88ddcb,benchmarks/grid/fixed-duration/domain.rddl,benchmarks/grid/fixed-duration/grid-5x5-h6-d1-r1-b0.2.rddl,1,1,ok
5,6,0.2,RAOstar,5,9.454810466494346,0.1920991604288611,56.032483051065356,48844,4100,True,d84d099493b973a63d879255d2221c1930d649aa,543f782d80ceb9555130e911c1fcf7074153d267,grid-5x5-h6-d1-r1-b0.2,f435a050ed6c57225ff670ff2792667af22e08597cb613b317d984872c88ddcb,benchmarks/grid/fixed-duration/domain.rddl,benchmarks/grid/fixed-duration/grid-5x5-h6-d1-r1-b0.2.rddl,1,1,ok
5,6,0.2,RAOstar,6,9.454810466494346,0.1920991604288611,55.83465544099454,48844,4100,True,d84d099493b973a63d879255d2221c1930d649aa,543f782d80ceb9555130e911c1fcf7074153d267,grid-5x5-h6-d1-r1-b0.2,f435a050ed6c57225ff670ff2792667af22e08597cb613b317d984872c88ddcb,benchmarks/grid/fixed-duration/domain.rddl,benchmarks/grid/fixed-duration/grid-5x5-h6-d1-r1-b0.2.rddl,1,1,ok
5,6,0.2,RAOstar,7,9.454810466494346,0.1920991604288611,54.96613474097103,48844,4100,True,d84d099493b973a63d879255d2221c1930d649aa,543f782d80ceb9555130e911c1fcf7074153d267,grid-5x5-h6-d1-r1-b0.2,f435a050ed6c57225ff670ff2792667af22e08597cb613b317d984872c88ddcb,benchmarks/grid/fixed-duration/domain.rddl,benchmarks/grid/fixed-duration/grid-5x5-h6-d1-r1-b0.2.rddl,1,1,ok
5,6,0.2,RAOstar,8,9.454810466494346,0.1920991604288611,55.40079475706443,48844,4100,True,d84d099493b973a63d879255d2221c1930d649aa,543f782d80ceb9555130e911c1fcf7074153d267,grid-5x5-h6-d1-r1-b0.2,f435a050ed6c57225ff670ff2792667af22e08597cb613b317d984872c88ddcb,benchmarks/grid/fixed-duration/domain.rddl,benchmarks/grid/fixed-duration/grid-5x5-h6-d1-r1-b0.2.rddl,1,1,ok
5,6,0.2,RAOstar,9,9.454810466494346,0.1920991604288611,55.82494419394061,48844,4100,True,d84d099493b973a63d879255d2221c1930d649aa,543f782d80ceb9555130e911c1fcf7074153d267,grid-5x5-h6-d1-r1-b0.2,f435a050ed6c57225ff670ff2792667af22e08597cb613b317d984872c88ddcb,benchmarks/grid/fixed-duration/domain.rddl,benchmarks/grid/fixed-duration/grid-5x5-h6-d1-r1-b0.2.rddl,1,1,ok
5,6,0.2,RAOstar,10,9.454810466494346,0.1920991604288611,54.798793858033605,48844,4100,True,d84d099493b973a63d879255d2221c1930d649aa,543f782d80ceb9555130e911c1fcf7074153d267,grid-5x5-h6-d1-r1-b0.2,f435a050ed6c57225ff670ff2792667af22e08597cb613b317d984872c88ddcb,benchmarks/grid/fixed-duration/domain.rddl,benchmarks/grid/fixed-duration/grid-5x5-h6-d1-r1-b0.2.rddl,1,1,ok
5,6,0.2,RAOstar,11,9.454810466494346,0.1920991604288611,54.00217749492731,48844,4100,True,d84d099493b973a63d879255d2221c1930d649aa,543f782d80ceb9555130e911c1fcf7074153d267,grid-5x5-h6-d1-r1-b0.2,f435a050ed6c57225ff670ff2792667af22e08597cb613b317d984872c88ddcb,benchmarks/grid/fixed-duration/domain.rddl,benchmarks/grid/fixed-duration/grid-5x5-h6-d1-r1-b0.2.rddl,1,1,ok
5,6,0.2,RAOstar,12,9.454810466494346,0.1920991604288611,54.52817802398931,48844,4100,True,d84d099493b973a63d879255d2221c1930d649aa,543f782d80ceb9555130e911c1fcf7074153d267,grid-5x5-h6-d1-r1-b0.2,f435a050ed6c57225ff670ff2792667af22e08597cb613b317d984872c88ddcb,benchmarks/grid/fixed-duration/domain.rddl,benchmarks/grid/fixed-duration/grid-5x5-h6-d1-r1-b0.2.rddl,1,1,ok
5,6,0.2,RAOstar,13,9.454810466494346,0.1920991604288611,54.20410493097734,48844,4100,True,d84d099493b973a63d879255d2221c1930d649aa,543f782d80ceb9555130e911c1fcf7074153d267,grid-5x5-h6-d1-r1-b0.2,f435a050ed6c57225ff670ff2792667af22e08597cb613b317d984872c88ddcb,benchmarks/grid/fixed-duration/domain.rddl,benchmarks/grid/fixed-duration/grid-5x5-h6-d1-r1-b0.2.rddl,1,1,ok
5,6,0.2,RAOstar,14,9.454810466494346,0.1920991604288611,54.75627743406221,48844,4100,True,d84d099493b973a63d879255d2221c1930d649aa,543f782d80ceb9555130e911c1fcf7074153d267,grid-5x5-h6-d1-r1-b0.2,f435a050ed6c57225ff670ff2792667af22e08597cb613b317d984872c88ddcb,benchmarks/grid/fixed-duration/domain.rddl,benchmarks/grid/fixed-duration/grid-5x5-h6-d1-r1-b0.2.rddl,1,1,ok
5,6,0.2,RAOstar,15,9.454810466494346,0.1920991604288611,53.95577216602396,48844,4100,True,d84d099493b973a63d879255d2221c1930d649aa,543f782d80ceb9555130e911c1fcf7074153d267,grid-5x5-h6-d1-r1-b0.2,f435a050ed6c57225ff670ff2792667af22e08597cb613b317d984872c88ddcb,benchmarks/grid/fixed-duration/domain.rddl,benchmarks/grid/fixed-duration/grid-5x5-h6-d1-r1-b0.2.rddl,1,1,ok
5,6,0.2,RAOstar,16,9.454810466494346,0.1920991604288611,55.91380731400568,48844,4100,True,d84d099493b973a63d879255d2221c1930d649aa,543f782d80ceb9555130e911c1fcf7074153d267,grid-5x5-h6-d1-r1-b0.2,f435a050ed6c57225ff670ff2792667af22e08597cb613b317d984872c88ddcb,benchmarks/grid/fixed-duration/domain.rddl,benchmarks/grid/fixed-duration/grid-5x5-h6-d1-r1-b0.2.rddl,1,1,ok
5,6,0.2,RAOstar,17,9.454810466494346,0.1920991604288611,55.72266553901136,48844,4100,True,d84d099493b973a63d879255d2221c1930d649aa,543f782d80ceb9555130e911c1fcf7074153d267,grid-5x5-h6-d1-r1-b0.2,f435a050ed6c57225ff670ff2792667af22e08597cb613b317d984872c88ddcb,benchmarks/grid/fixed-duration/domain.rddl,benchmarks/grid/fixed-duration/grid-5x5-h6-d1-r1-b0.2.rddl,1,1,ok
5,6,0.2,RAOstar,18,9.454810466494346,0.1920991604288611,54.84363340702839,48844,4100,True,d84d099493b973a63d879255d2221c1930d649aa,543f782d80ceb9555130e911c1fcf7074153d267,grid-5x5-h6-d1-r1-b0.2,f435a050ed6c57225ff670ff2792667af22e08597cb613b317d984872c88ddcb,benchmarks/grid/fixed-duration/domain.rddl,benchmarks/grid/fixed-duration/grid-5x5-h6-d1-r1-b0.2.rddl,1,1,ok
5,6,0.2,RAOstar,19,9.454810466494346,0.1920991604288611,56.27648039802443,48844,4100,True,d84d099493b973a63d879255d2221c1930d649aa,543f782d80ceb9555130e911c1fcf7074153d267,grid-5x5-h6-d1-r1-b0.2,f435a050ed6c57225ff670ff2792667af22e08597cb613b317d984872c88ddcb,benchmarks/grid/fixed-duration/domain.rddl,benchmarks/grid/fixed-duration/grid-5x5-h6-d1-r1-b0.2.rddl,1,1,ok
5,6,0.2,RAOstar,20,9.454810466494346,0.1920991604288611,56.4709401660366,48844,4100,True,d84d099493b973a63d879255d2221c1930d649aa,543f782d80ceb9555130e911c1fcf7074153d267,grid-5x5-h6-d1-r1-b0.2,f435a050ed6c57225ff670ff2792667af22e08597cb613b317d984872c88ddcb,benchmarks/grid/fixed-duration/domain.rddl,benchmarks/grid/fixed-duration/grid-5x5-h6-d1-r1-b0.2.rddl,1,1,ok
5,6,0.2,RAOstar,21,9.454810466494346,0.1920991604288611,55.397909229039215,48844,4100,True,d84d099493b973a63d879255d2221c1930d649aa,543f782d80ceb9555130e911c1fcf7074153d267,grid-5x5-h6-d1-r1-b0.2,f435a050ed6c57225ff670ff2792667af22e08597cb613b317d984872c88ddcb,benchmarks/grid/fixed-duration/domain.rddl,benchmarks/grid/fixed-duration/grid-5x5-h6-d1-r1-b0.2.rddl,1,1,ok
5,6,0.2,RAOstar,22,9.454810466494346,0.1920991604288611,55.270527175976895,48844,4100,True,d84d099493b973a63d879255d2221c1930d649aa,543f782d80ceb9555130e911c1fcf7074153d267,grid-5x5-h6-d1-r1-b0.2,f435a050ed6c57225ff670ff2792667af22e08597cb613b317d984872c88ddcb,benchmarks/grid/fixed-duration/domain.rddl,benchmarks/grid/fixed-duration/grid-5x5-h6-d1-r1-b0.2.rddl,1,1,ok
5,6,0.2,RAOstar,23,9.454810466494346,0.1920991604288611,55.857321374933235,48844,4100,True,d84d099493b973a63d879255d2221c1930d649aa,543f782d80ceb9555130e911c1fcf7074153d267,grid-5x5-h6-d1-r1-b0.2,f435a050ed6c57225ff670ff2792667af22e08597cb613b317d984872c88ddcb,benchmarks/grid/fixed-duration/domain.rddl,benchmarks/grid/fixed-duration/grid-5x5-h6-d1-r1-b0.2.rddl,1,1,ok
5,6,0.2,RAOstar,24,9.454810466494346,0.1920991604288611,55.2436177090276,48844,4100,True,d84d099493b973a63d879255d2221c1930d649aa,543f782d80ceb9555130e911c1fcf7074153d267,grid-5x5-h6-d1-r1-b0.2,f435a050ed6c57225ff670ff2792667af22e08597cb613b317d984872c88ddcb,benchmarks/grid/fixed-duration/domain.rddl,benchmarks/grid/fixed-duration/grid-5x5-h6-d1-r1-b0.2.rddl,1,1,ok
5,6,0.2,RAOstar,25,9.454810466494346,0.1920991604288611,54.827531183022074,48844,4100,True,d84d099493b973a63d879255d2221c1930d649aa,543f782d80ceb9555130e911c1fcf7074153d267,grid-5x5-h6-d1-r1-b0.2,f435a050ed6c57225ff670ff2792667af22e08597cb613b317d984872c88ddcb,benchmarks/grid/fixed-duration/domain.rddl,benchmarks/grid/fixed-duration/grid-5x5-h6-d1-r1-b0.2.rddl,1,1,ok
5,6,0.3,RAOstar,1,9.454810466494346,0.1920991604288611,59.50460852799006,50839,4256,True,d84d099493b973a63d879255d2221c1930d649aa,543f782d80ceb9555130e911c1fcf7074153d267,grid-5x5-h6-d1-r1-b0.3,db66b6a1fb137e99afaae553a2b707a4a34e4e9fead656cb8f29b02085bdea0d,benchmarks/grid/fixed-duration/domain.rddl,benchmarks/grid/fixed-duration/grid-5x5-h6-d1-r1-b0.3.rddl,1,1,ok
5,6,0.3,RAOstar,2,9.454810466494346,0.1920991604288611,58.805224015028216,50839,4256,True,d84d099493b973a63d879255d2221c1930d649aa,543f782d80ceb9555130e911c1fcf7074153d267,grid-5x5-h6-d1-r1-b0.3,db66b6a1fb137e99afaae553a2b707a4a34e4e9fead656cb8f29b02085bdea0d,benchmarks/grid/fixed-duration/domain.rddl,benchmarks/grid/fixed-duration/grid-5x5-h6-d1-r1-b0.3.rddl,1,1,ok
5,6,0.3,RAOstar,3,9.454810466494346,0.1920991604288611,60.614587234915234,50839,4256,True,d84d099493b973a63d879255d2221c1930d649aa,543f782d80ceb9555130e911c1fcf7074153d267,grid-5x5-h6-d1-r1-b0.3,db66b6a1fb137e99afaae553a2b707a4a34e4e9fead656cb8f29b02085bdea0d,benchmarks/grid/fixed-duration/domain.rddl,benchmarks/grid/fixed-duration/grid-5x5-h6-d1-r1-b0.3.rddl,1,1,ok
5,6,0.3,RAOstar,4,9.454810466494346,0.1920991604288611,59.33174504293129,50839,4256,True,d84d099493b973a63d879255d2221c1930d649aa,543f782d80ceb9555130e911c1fcf7074153d267,grid-5x5-h6-d1-r1-b0.3,db66b6a1fb137e99afaae553a2b707a4a34e4e9fead656cb8f29b02085bdea0d,benchmarks/grid/fixed-duration/domain.rddl,benchmarks/grid/fixed-duration/grid-5x5-h6-d1-r1-b0.3.rddl,1,1,ok
5,6,0.3,RAOstar,5,9.454810466494346,0.1920991604288611,58.812468692078255,50839,4256,True,d84d099493b973a63d879255d2221c1930d649aa,543f782d80ceb9555130e911c1fcf7074153d267,grid-5x5-h6-d1-r1-b0.3,db66b6a1fb137e99afaae553a2b707a4a34e4e9fead656cb8f29b02085bdea0d,benchmarks/grid/fixed-duration/domain.rddl,benchmarks/grid/fixed-duration/grid-5x5-h6-d1-r1-b0.3.rddl,1,1,ok
5,6,0.3,RAOstar,6,9.454810466494346,0.1920991604288611,59.12741517892573,50839,4256,True,d84d099493b973a63d879255d2221c1930d649aa,543f782d80ceb9555130e911c1fcf7074153d267,grid-5x5-h6-d1-r1-b0.3,db66b6a1fb137e99afaae553a2b707a4a34e4e9fead656cb8f29b02085bdea0d,benchmarks/grid/fixed-duration/domain.rddl,benchmarks/grid/fixed-duration/grid-5x5-h6-d1-r1-b0.3.rddl,1,1,ok
5,6,0.3,RAOstar,7,9.454810466494346,0.1920991604288611,57.996315744007006,50839,4256,True,d84d099493b973a63d879255d2221c1930d649aa,543f782d80ceb9555130e911c1fcf7074153d267,grid-5x5-h6-d1-r1-b0.3,db66b6a1fb137e99afaae553a2b707a4a34e4e9fead656cb8f29b02085bdea0d,benchmarks/grid/fixed-duration/domain.rddl,benchmarks/grid/fixed-duration/grid-5x5-h6-d1-r1-b0.3.rddl,1,1,ok
5,6,0.3,RAOstar,8,9.454810466494346,0.1920991604288611,57.170120168011636,50839,4256,True,d84d099493b973a63d879255d2221c1930d649aa,543f782d80ceb9555130e911c1fcf7074153d267,grid-5x5-h6-d1-r1-b0.3,db66b6a1fb137e99afaae553a2b707a4a34e4e9fead656cb8f29b02085bdea0d,benchmarks/grid/fixed-duration/domain.rddl,benchmarks/grid/fixed-duration/grid-5x5-h6-d1-r1-b0.3.rddl,1,1,ok
5,6,0.3,RAOstar,9,9.454810466494346,0.1920991604288611,57.66419485199731,50839,4256,True,d84d099493b973a63d879255d2221c1930d649aa,543f782d80ceb9555130e911c1fcf7074153d267,grid-5x5-h6-d1-r1-b0.3,db66b6a1fb137e99afaae553a2b707a4a34e4e9fead656cb8f29b02085bdea0d,benchmarks/grid/fixed-duration/domain.rddl,benchmarks/grid/fixed-duration/grid-5x5-h6-d1-r1-b0.3.rddl,1,1,ok
5,6,0.3,RAOstar,10,9.454810466494346,0.1920991604288611,56.79439398704562,50839,4256,True,d84d099493b973a63d879255d2221c1930d649aa,543f782d80ceb9555130e911c1fcf7074153d267,grid-5x5-h6-d1-r1-b0.3,db66b6a1fb137e99afaae553a2b707a4a34e4e9fead656cb8f29b02085bdea0d,benchmarks/grid/fixed-duration/domain.rddl,benchmarks/grid/fixed-duration/grid-5x5-h6-d1-r1-b0.3.rddl,1,1,ok
5,6,0.3,RAOstar,11,9.454810466494346,0.1920991604288611,59.81276172399521,50839,4256,True,d84d099493b973a63d879255d2221c1930d649aa,543f782d80ceb9555130e911c1fcf7074153d267,grid-5x5-h6-d1-r1-b0.3,db66b6a1fb137e99afaae553a2b707a4a34e4e9fead656cb8f29b02085bdea0d,benchmarks/grid/fixed-duration/domain.rddl,benchmarks/grid/fixed-duration/grid-5x5-h6-d1-r1-b0.3.rddl,1,1,ok
5,6,0.3,RAOstar,12,9.454810466494346,0.1920991604288611,57.838959235930815,50839,4256,True,d84d099493b973a63d879255d2221c1930d649aa,543f782d80ceb9555130e911c1fcf7074153d267,grid-5x5-h6-d1-r1-b0.3,db66b6a1fb137e99afaae553a2b707a4a34e4e9fead656cb8f29b02085bdea0d,benchmarks/grid/fixed-duration/domain.rddl,benchmarks/grid/fixed-duration/grid-5x5-h6-d1-r1-b0.3.rddl,1,1,ok
5,6,0.3,RAOstar,13,9.454810466494346,0.1920991604288611,61.767044942011125,50839,4256,True,d84d099493b973a63d879255d2221c1930d649aa,543f782d80ceb9555130e911c1fcf7074153d267,grid-5x5-h6-d1-r1-b0.3,db66b6a1fb137e99afaae553a2b707a4a34e4e9fead656cb8f29b02085bdea0d,benchmarks/grid/fixed-duration/domain.rddl,benchmarks/grid/fixed-duration/grid-5x5-h6-d1-r1-b0.3.rddl,1,1,ok
5,6,0.3,RAOstar,14,9.454810466494346,0.1920991604288611,61.52446777001023,50839,4256,True,d84d099493b973a63d879255d2221c1930d649aa,543f782d80ceb9555130e911c1fcf7074153d267,grid-5x5-h6-d1-r1-b0.3,db66b6a1fb137e99afaae553a2b707a4a34e4e9fead656cb8f29b02085bdea0d,benchmarks/grid/fixed-duration/domain.rddl,benchmarks/grid/fixed-duration/grid-5x5-h6-d1-r1-b0.3.rddl,1,1,ok
5,6,0.3,RAOstar,15,9.454810466494346,0.1920991604288611,58.79654638504144,50839,4256,True,d84d099493b973a63d879255d2221c1930d649aa,543f782d80ceb9555130e911c1fcf7074153d267,grid-5x5-h6-d1-r1-b0.3,db66b6a1fb137e99afaae553a2b707a4a34e4e9fead656cb8f29b02085bdea0d,benchmarks/grid/fixed-duration/domain.rddl,benchmarks/grid/fixed-duration/grid-5x5-h6-d1-r1-b0.3.rddl,1,1,ok
5,6,0.3,RAOstar,16,9.454810466494346,0.1920991604288611,60.48386733408552,50839,4256,True,d84d099493b973a63d879255d2221c1930d649aa,543f782d80ceb9555130e911c1fcf7074153d267,grid-5x5-h6-d1-r1-b0.3,db66b6a1fb137e99afaae553a2b707a4a34e4e9fead656cb8f29b02085bdea0d,benchmarks/grid/fixed-duration/domain.rddl,benchmarks/grid/fixed-duration/grid-5x5-h6-d1-r1-b0.3.rddl,1,1,ok
5,6,0.3,RAOstar,17,9.454810466494346,0.1920991604288611,57.94790943607222,50839,4256,True,d84d099493b973a63d879255d2221c1930d649aa,543f782d80ceb9555130e911c1fcf7074153d267,grid-5x5-h6-d1-r1-b0.3,db66b6a1fb137e99afaae553a2b707a4a34e4e9fead656cb8f29b02085bdea0d,benchmarks/grid/fixed-duration/domain.rddl,benchmarks/grid/fixed-duration/grid-5x5-h6-d1-r1-b0.3.rddl,1,1,ok
5,6,0.3,RAOstar,18,9.454810466494346,0.1920991604288611,58.93773660995066,50839,4256,True,d84d099493b973a63d879255d2221c1930d649aa,543f782d80ceb9555130e911c1fcf7074153d267,grid-5x5-h6-d1-r1-b0.3,db66b6a1fb137e99afaae553a2b707a4a34e4e9fead656cb8f29b02085bdea0d,benchmarks/grid/fixed-duration/domain.rddl,benchmarks/grid/fixed-duration/grid-5x5-h6-d1-r1-b0.3.rddl,1,1,ok
5,6,0.3,RAOstar,19,9.454810466494346,0.1920991604288611,58.33850494201761,50839,4256,True,d84d099493b973a63d879255d2221c1930d649aa,543f782d80ceb9555130e911c1fcf7074153d267,grid-5x5-h6-d1-r1-b0.3,db66b6a1fb137e99afaae553a2b707a4a34e4e9fead656cb8f29b02085bdea0d,benchmarks/grid/fixed-duration/domain.rddl,benchmarks/grid/fixed-duration/grid-5x5-h6-d1-r1-b0.3.rddl,1,1,ok
5,6,0.3,RAOstar,20,9.454810466494346,0.1920991604288611,59.5304923390504,50839,4256,True,d84d099493b973a63d879255d2221c1930d649aa,543f782d80ceb9555130e911c1fcf7074153d267,grid-5x5-h6-d1-r1-b0.3,db66b6a1fb137e99afaae553a2b707a4a34e4e9fead656cb8f29b02085bdea0d,benchmarks/grid/fixed-duration/domain.rddl,benchmarks/grid/fixed-duration/grid-5x5-h6-d1-r1-b0.3.rddl,1,1,ok
5,6,0.3,RAOstar,21,9.454810466494346,0.1920991604288611,58.871848784037866,50839,4256,True,d84d099493b973a63d879255d2221c1930d649aa,543f782d80ceb9555130e911c1fcf7074153d267,grid-5x5-h6-d1-r1-b0.3,db66b6a1fb137e99afaae553a2b707a4a34e4e9fead656cb8f29b02085bdea0d,benchmarks/grid/fixed-duration/domain.rddl,benchmarks/grid/fixed-duration/grid-5x5-h6-d1-r1-b0.3.rddl,1,1,ok
5,6,0.3,RAOstar,22,9.454810466494346,0.1920991604288611,58.94080343400128,50839,4256,True,d84d099493b973a63d879255d2221c1930d649aa,543f782d80ceb9555130e911c1fcf7074153d267,grid-5x5-h6-d1-r1-b0.3,db66b6a1fb137e99afaae553a2b707a4a34e4e9fead656cb8f29b02085bdea0d,benchmarks/grid/fixed-duration/domain.rddl,benchmarks/grid/fixed-duration/grid-5x5-h6-d1-r1-b0.3.rddl,1,1,ok
5,6,0.3,RAOstar,23,9.454810466494346,0.1920991604288611,60.85100868099835,50839,4256,True,d84d099493b973a63d879255d2221c1930d649aa,543f782d80ceb9555130e911c1fcf7074153d267,grid-5x5-h6-d1-r1-b0.3,db66b6a1fb137e99afaae553a2b707a4a34e4e9fead656cb8f29b02085bdea0d,benchmarks/grid/fixed-duration/domain.rddl,benchmarks/grid/fixed-duration/grid-5x5-h6-d1-r1-b0.3.rddl,1,1,ok
5,6,0.3,RAOstar,24,9.454810466494346,0.1920991604288611,59.254132687929086,50839,4256,True,d84d099493b973a63d879255d2221c1930d649aa,543f782d80ceb9555130e911c1fcf7074153d267,grid-5x5-h6-d1-r1-b0.3,db66b6a1fb137e99afaae553a2b707a4a34e4e9fead656cb8f29b02085bdea0d,benchmarks/grid/fixed-duration/domain.rddl,benchmarks/grid/fixed-duration/grid-5x5-h6-d1-r1-b0.3.rddl,1,1,ok
5,6,0.3,RAOstar,25,9.454810466494346,0.1920991604288611,59.26383563305717,50839,4256,True,d84d099493b973a63d879255d2221c1930d649aa,543f782d80ceb9555130e911c1fcf7074153d267,grid-5x5-h6-d1-r1-b0.3,db66b6a1fb137e99afaae553a2b707a4a34e4e9fead656cb8f29b02085bdea0d,benchmarks/grid/fixed-duration/domain.rddl,benchmarks/grid/fixed-duration/grid-5x5-h6-d1-r1-b0.3.rddl,1,1,ok
100,3,0.1,RAOstar,1,199.74968632812502,0.08926781233710164,0.0798007280100137,337,40,True,d84d099493b973a63d879255d2221c1930d649aa,543f782d80ceb9555130e911c1fcf7074153d267,grid-100x100-h3-d1-r1-b0.1,e7b5e078af983ad6f47d645291ad2e5c7cd7305be73b248d29073906c80157df,benchmarks/grid/fixed-duration/domain.rddl,benchmarks/grid/fixed-duration/grid-100x100-h3-d1-r1-b0.1.rddl,1,1,ok
100,3,0.1,RAOstar,2,199.74968632812502,0.08926781233710164,0.07968982204329222,337,40,True,d84d099493b973a63d879255d2221c1930d649aa,543f782d80ceb9555130e911c1fcf7074153d267,grid-100x100-h3-d1-r1-b0.1,e7b5e078af983ad6f47d645291ad2e5c7cd7305be73b248d29073906c80157df,benchmarks/grid/fixed-duration/domain.rddl,benchmarks/grid/fixed-duration/grid-100x100-h3-d1-r1-b0.1.rddl,1,1,ok
100,3,0.1,RAOstar,3,199.74968632812502,0.08926781233710164,0.0791223089909181,337,40,True,d84d099493b973a63d879255d2221c1930d649aa,543f782d80ceb9555130e911c1fcf7074153d267,grid-100x100-h3-d1-r1-b0.1,e7b5e078af983ad6f47d645291ad2e5c7cd7305be73b248d29073906c80157df,benchmarks/grid/fixed-duration/domain.rddl,benchmarks/grid/fixed-duration/grid-100x100-h3-d1-r1-b0.1.rddl,1,1,ok
100,3,0.1,RAOstar,4,199.74968632812502,0.08926781233710164,0.07904237799812108,337,40,True,d84d099493b973a63d879255d2221c1930d649aa,543f782d80ceb9555130e911c1fcf7074153d267,grid-100x100-h3-d1-r1-b0.1,e7b5e078af983ad6f47d645291ad2e5c7cd7305be73b248d29073906c80157df,benchmarks/grid/fixed-duration/domain.rddl,benchmarks/grid/fixed-duration/grid-100x100-h3-d1-r1-b0.1.rddl,1,1,ok
100,3,0.1,RAOstar,5,199.74968632812502,0.08926781233710164,0.08098498196341097,337,40,True,d84d099493b973a63d879255d2221c1930d649aa,543f782d80ceb9555130e911c1fcf7074153d267,grid-100x100-h3-d1-r1-b0.1,e7b5e078af983ad6f47d645291ad2e5c7cd7305be73b248d29073906c80157df,benchmarks/grid/fixed-duration/domain.rddl,benchmarks/grid/fixed-duration/grid-100x100-h3-d1-r1-b0.1.rddl,1,1,ok
100,3,0.1,RAOstar,6,199.74968632812502,0.08926781233710164,0.07990933710243553,337,40,True,d84d099493b973a63d879255d2221c1930d649aa,543f782d80ceb9555130e911c1fcf7074153d267,grid-100x100-h3-d1-r1-b0.1,e7b5e078af983ad6f47d645291ad2e5c7cd7305be73b248d29073906c80157df,benchmarks/grid/fixed-duration/domain.rddl,benchmarks/grid/fixed-duration/grid-100x100-h3-d1-r1-b0.1.rddl,1,1,ok
100,3,0.1,RAOstar,7,199.74968632812502,0.08926781233710164,0.08963280299212784,337,40,True,d84d099493b973a63d879255d2221c1930d649aa,543f782d80ceb9555130e911c1fcf7074153d267,grid-100x100-h3-d1-r1-b0.1,e7b5e078af983ad6f47d645291ad2e5c7cd7305be73b248d29073906c80157df,benchmarks/grid/fixed-duration/domain.rddl,benchmarks/grid/fixed-duration/grid-100x100-h3-d1-r1-b0.1.rddl,1,1,ok
100,3,0.1,RAOstar,8,199.74968632812502,0.08926781233710164,0.08265525999013335,337,40,True,d84d099493b973a63d879255d2221c1930d649aa,543f782d80ceb9555130e911c1fcf7074153d267,grid-100x100-h3-d1-r1-b0.1,e7b5e078af983ad6f47d645291ad2e5c7cd7305be73b248d29073906c80157df,benchmarks/grid/fixed-duration/domain.rddl,benchmarks/grid/fixed-duration/grid-100x100-h3-d1-r1-b0.1.rddl,1,1,ok
100,3,0.1,RAOstar,9,199.74968632812502,0.08926781233710164,0.09469496109522879,337,40,True,d84d099493b973a63d879255d2221c1930d649aa,543f782d80ceb9555130e911c1fcf7074153d267,grid-100x100-h3-d1-r1-b0.1,e7b5e078af983ad6f47d645291ad2e5c7cd7305be73b248d29073906c80157df,benchmarks/grid/fixed-duration/domain.rddl,benchmarks/grid/fixed-duration/grid-100x100-h3-d1-r1-b0.1.rddl,1,1,ok
100,3,0.1,RAOstar,10,199.74968632812502,0.08926781233710164,0.0893854449968785,337,40,True,d84d099493b973a63d879255d2221c1930d649aa,543f782d80ceb9555130e911c1fcf7074153d267,grid-100x100-h3-d1-r1-b0.1,e7b5e078af983ad6f47d645291ad2e5c7cd7305be73b248d29073906c80157df,benchmarks/grid/fixed-duration/domain.rddl,benchmarks/grid/fixed-duration/grid-100x100-h3-d1-r1-b0.1.rddl,1,1,ok
100,3,0.1,RAOstar,11,199.74968632812502,0.08926781233710164,0.08766839606687427,337,40,True,d84d099493b973a63d879255d2221c1930d649aa,543f782d80ceb9555130e911c1fcf7074153d267,grid-100x100-h3-d1-r1-b0.1,e7b5e078af983ad6f47d645291ad2e5c7cd7305be73b248d29073906c80157df,benchmarks/grid/fixed-duration/domain.rddl,benchmarks/grid/fixed-duration/grid-100x100-h3-d1-r1-b0.1.rddl,1,1,ok
100,3,0.1,RAOstar,12,199.74968632812502,0.08926781233710164,0.0849653179757297,337,40,True,d84d099493b973a63d879255d2221c1930d649aa,543f782d80ceb9555130e911c1fcf7074153d267,grid-100x100-h3-d1-r1-b0.1,e7b5e078af983ad6f47d645291ad2e5c7cd7305be73b248d29073906c80157df,benchmarks/grid/fixed-duration/domain.rddl,benchmarks/grid/fixed-duration/grid-100x100-h3-d1-r1-b0.1.rddl,1,1,ok
100,3,0.1,RAOstar,13,199.74968632812502,0.08926781233710164,0.0867868090281263,337,40,True,d84d099493b973a63d879255d2221c1930d649aa,543f782d80ceb9555130e911c1fcf7074153d267,grid-100x100-h3-d1-r1-b0.1,e7b5e078af983ad6f47d645291ad2e5c7cd7305be73b248d29073906c80157df,benchmarks/grid/fixed-duration/domain.rddl,benchmarks/grid/fixed-duration/grid-100x100-h3-d1-r1-b0.1.rddl,1,1,ok
100,3,0.1,RAOstar,14,199.74968632812502,0.08926781233710164,0.09360432298853993,337,40,True,d84d099493b973a63d879255d2221c1930d649aa,543f782d80ceb9555130e911c1fcf7074153d267,grid-100x100-h3-d1-r1-b0.1,e7b5e078af983ad6f47d645291ad2e5c7cd7305be73b248d29073906c80157df,benchmarks/grid/fixed-duration/domain.rddl,benchmarks/grid/fixed-duration/grid-100x100-h3-d1-r1-b0.1.rddl,1,1,ok
100,3,0.1,RAOstar,15,199.74968632812502,0.08926781233710164,0.0876788980094716,337,40,True,d84d099493b973a63d879255d2221c1930d649aa,543f782d80ceb9555130e911c1fcf7074153d267,grid-100x100-h3-d1-r1-b0.1,e7b5e078af983ad6f47d645291ad2e5c7cd7305be73b248d29073906c80157df,benchmarks/grid/fixed-duration/domain.rddl,benchmarks/grid/fixed-duration/grid-100x100-h3-d1-r1-b0.1.rddl,1,1,ok
100,3,0.1,RAOstar,16,199.74968632812502,0.08926781233710164,0.10089293599594384,337,40,True,d84d099493b973a63d879255d2221c1930d649aa,543f782d80ceb9555130e911c1fcf7074153d267,grid-100x100-h3-d1-r1-b0.1,e7b5e078af983ad6f47d645291ad2e5c7cd7305be73b248d29073906c80157df,benchmarks/grid/fixed-duration/domain.rddl,benchmarks/grid/fixed-duration/grid-100x100-h3-d1-r1-b0.1.rddl,1,1,ok
100,3,0.1,RAOstar,17,199.74968632812502,0.08926781233710164,0.09701893595047295,337,40,True,d84d099493b973a63d879255d2221c1930d649aa,543f782d80ceb9555130e911c1fcf7074153d267,grid-100x100-h3-d1-r1-b0.1,e7b5e078af983ad6f47d645291ad2e5c7cd7305be73b248d29073906c80157df,benchmarks/grid/fixed-duration/domain.rddl,benchmarks/grid/fixed-duration/grid-100x100-h3-d1-r1-b0.1.rddl,1,1,ok
100,3,0.1,RAOstar,18,199.74968632812502,0.08926781233710164,0.07522733299992979,337,40,True,d84d099493b973a63d879255d2221c1930d649aa,543f782d80ceb9555130e911c1fcf7074153d267,grid-100x100-h3-d1-r1-b0.1,e7b5e078af983ad6f47d645291ad2e5c7cd7305be73b248d29073906c80157df,benchmarks/grid/fixed-duration/domain.rddl,benchmarks/grid/fixed-duration/grid-100x100-h3-d1-r1-b0.1.rddl,1,1,ok
100,3,0.1,RAOstar,19,199.74968632812502,0.08926781233710164,0.07818617299199104,337,40,True,d84d099493b973a63d879255d2221c1930d649aa,543f782d80ceb9555130e911c1fcf7074153d267,grid-100x100-h3-d1-r1-b0.1,e7b5e078af983ad6f47d645291ad2e5c7cd7305be73b248d29073906c80157df,benchmarks/grid/fixed-duration/domain.rddl,benchmarks/grid/fixed-duration/grid-100x100-h3-d1-r1-b0.1.rddl,1,1,ok
100,3,0.1,RAOstar,20,199.74968632812502,0.08926781233710164,0.07928153697866946,337,40,True,d84d099493b973a63d879255d2221c1930d649aa,543f782d80ceb9555130e911c1fcf7074153d267,grid-100x100-h3-d1-r1-b0.1,e7b5e078af983ad6f47d645291ad2e5c7cd7305be73b248d29073906c80157df,benchmarks/grid/fixed-duration/domain.rddl,benchmarks/grid/fixed-duration/grid-100x100-h3-d1-r1-b0.1.rddl,1,1,ok
100,3,0.1,RAOstar,21,199.74968632812502,0.08926781233710164,0.07933516893535852,337,40,True,d84d099493b973a63d879255d2221c1930d649aa,543f782d80ceb9555130e911c1fcf7074153d267,grid-100x100-h3-d1-r1-b0.1,e7b5e078af983ad6f47d645291ad2e5c7cd7305be73b248d29073906c80157df,benchmarks/grid/fixed-duration/domain.rddl,benchmarks/grid/fixed-duration/grid-100x100-h3-d1-r1-b0.1.rddl,1,1,ok
100,3,0.1,RAOstar,22,199.74968632812502,0.08926781233710164,0.07779603102244437,337,40,True,d84d099493b973a63d879255d2221c1930d649aa,543f782d80ceb9555130e911c1fcf7074153d267,grid-100x100-h3-d1-r1-b0.1,e7b5e078af983ad6f47d645291ad2e5c7cd7305be73b248d29073906c80157df,benchmarks/grid/fixed-duration/domain.rddl,benchmarks/grid/fixed-duration/grid-100x100-h3-d1-r1-b0.1.rddl,1,1,ok
100,3,0.1,RAOstar,23,199.74968632812502,0.08926781233710164,0.07704951998312026,337,40,True,d84d099493b973a63d879255d2221c1930d649aa,543f782d80ceb9555130e911c1fcf7074153d267,grid-100x100-h3-d1-r1-b0.1,e7b5e078af983ad6f47d645291ad2e5c7cd7305be73b248d29073906c80157df,benchmarks/grid/fixed-duration/domain.rddl,benchmarks/grid/fixed-duration/grid-100x100-h3-d1-r1-b0.1.rddl,1,1,ok
100,3,0.1,RAOstar,24,199.74968632812502,0.08926781233710164,0.07779526198282838,337,40,True,d84d099493b973a63d879255d2221c1930d649aa,543f782d80ceb9555130e911c1fcf7074153d267,grid-100x100-h3-d1-r1-b0.1,e7b5e078af983ad6f47d645291ad2e5c7cd7305be73b248d29073906c80157df,benchmarks/grid/fixed-duration/domain.rddl,benchmarks/grid/fixed-duration/grid-100x100-h3-d1-r1-b0.1.rddl,1,1,ok
100,3,0.1,RAOstar,25,199.74968632812502,0.08926781233710164,0.08490602893289179,337,40,True,d84d099493b973a63d879255d2221c1930d649aa,543f782d80ceb9555130e911c1fcf7074153d267,grid-100x100-h3-d1-r1-b0.1,e7b5e078af983ad6f47d645291ad2e5c7cd7305be73b248d29073906c80157df,benchmarks/grid/fixed-duration/domain.rddl,benchmarks/grid/fixed-duration/grid-100x100-h3-d1-r1-b0.1.rddl,1,1,ok
100,3,0.2,RAOstar,1,198.24103124999996,0.18432793332202302,0.028994529973715544,142,13,True,d84d099493b973a63d879255d2221c1930d649aa,543f782d80ceb9555130e911c1fcf7074153d267,grid-100x100-h3-d1-r1-b0.2,8d19c9785f17d3478014f39bf5866c2cce0659476a9b8f4c05c10e65bf507861,benchmarks/grid/fixed-duration/domain.rddl,benchmarks/grid/fixed-duration/grid-100x100-h3-d1-r1-b0.2.rddl,1,1,ok
100,3,0.2,RAOstar,2,198.24103124999996,0.18432793332202302,0.030810191063210368,142,13,True,d84d099493b973a63d879255d2221c1930d649aa,543f782d80ceb9555130e911c1fcf7074153d267,grid-100x100-h3-d1-r1-b0.2,8d19c9785f17d3478014f39bf5866c2cce0659476a9b8f4c05c10e65bf507861,benchmarks/grid/fixed-duration/domain.rddl,benchmarks/grid/fixed-duration/grid-100x100-h3-d1-r1-b0.2.rddl,1,1,ok
100,3,0.2,RAOstar,3,198.24103124999996,0.18432793332202302,0.02806903305463493,142,13,True,d84d099493b973a63d879255d2221c1930d649aa,543f782d80ceb9555130e911c1fcf7074153d267,grid-100x100-h3-d1-r1-b0.2,8d19c9785f17d3478014f39bf5866c2cce0659476a9b8f4c05c10e65bf507861,benchmarks/grid/fixed-duration/domain.rddl,benchmarks/grid/fixed-duration/grid-100x100-h3-d1-r1-b0.2.rddl,1,1,ok
100,3,0.2,RAOstar,4,198.24103124999996,0.18432793332202302,0.02738261001650244,142,13,True,d84d099493b973a63d879255d2221c1930d649aa,543f782d80ceb9555130e911c1fcf7074153d267,grid-100x100-h3-d1-r1-b0.2,8d19c9785f17d3478014f39bf5866c2cce0659476a9b8f4c05c10e65bf507861,benchmarks/grid/fixed-duration/domain.rddl,benchmarks/grid/fixed-duration/grid-100x100-h3-d1-r1-b0.2.rddl,1,1,ok
100,3,0.2,RAOstar,5,198.24103124999996,0.18432793332202302,0.028070969972759485,142,13,True,d84d099493b973a63d879255d2221c1930d649aa,543f782d80ceb9555130e911c1fcf7074153d267,grid-100x100-h3-d1-r1-b0.2,8d19c9785f17d3478014f39bf5866c2cce0659476a9b8f4c05c10e65bf507861,benchmarks/grid/fixed-duration/domain.rddl,benchmarks/grid/fixed-duration/grid-100x100-h3-d1-r1-b0.2.rddl,1,1,ok
100,3,0.2,RAOstar,6,198.24103124999996,0.18432793332202302,0.02825613401364535,142,13,True,d84d099493b973a63d879255d2221c1930d649aa,543f782d80ceb9555130e911c1fcf7074153d267,grid-100x100-h3-d1-r1-b0.2,8d19c9785f17d3478014f39bf5866c2cce0659476a9b8f4c05c10e65bf507861,benchmarks/grid/fixed-duration/domain.rddl,benchmarks/grid/fixed-duration/grid-100x100-h3-d1-r1-b0.2.rddl,1,1,ok
100,3,0.2,RAOstar,7,198.24103124999996,0.18432793332202302,0.02827385999262333,142,13,True,d84d099493b973a63d879255d2221c1930d649aa,543f782d80ceb9555130e911c1fcf7074153d267,grid-100x100-h3-d1-r1-b0.2,8d19c9785f17d3478014f39bf5866c2cce0659476a9b8f4c05c10e65bf507861,benchmarks/grid/fixed-duration/domain.rddl,benchmarks/grid/fixed-duration/grid-100x100-h3-d1-r1-b0.2.rddl,1,1,ok
100,3,0.2,RAOstar,8,198.24103124999996,0.18432793332202302,0.028631563996896148,142,13,True,d84d099493b973a63d879255d2221c1930d649aa,543f782d80ceb9555130e911c1fcf7074153d267,grid-100x100-h3-d1-r1-b0.2,8d19c9785f17d3478014f39bf5866c2cce0659476a9b8f4c05c10e65bf507861,benchmarks/grid/fixed-duration/domain.rddl,benchmarks/grid/fixed-duration/grid-100x100-h3-d1-r1-b0.2.rddl,1,1,ok
100,3,0.2,RAOstar,9,198.24103124999996,0.18432793332202302,0.028754631988704205,142,13,True,d84d099493b973a63d879255d2221c1930d649aa,543f782d80ceb9555130e911c1fcf7074153d267,grid-100x100-h3-d1-r1-b0.2,8d19c9785f17d3478014f39bf5866c2cce0659476a9b8f4c05c10e65bf507861,benchmarks/grid/fixed-duration/domain.rddl,benchmarks/grid/fixed-duration/grid-100x100-h3-d1-r1-b0.2.rddl,1,1,ok
100,3,0.2,RAOstar,10,198.24103124999996,0.18432793332202302,0.028351883054710925,142,13,True,d84d099493b973a63d879255d2221c1930d649aa,543f782d80ceb9555130e911c1fcf7074153d267,grid-100x100-h3-d1-r1-b0.2,8d19c9785f17d3478014f39bf5866c2cce0659476a9b8f4c05c10e65bf507861,benchmarks/grid/fixed-duration/domain.rddl,benchmarks/grid/fixed-duration/grid-100x100-h3-d1-r1-b0.2.rddl,1,1,ok
100,3,0.2,RAOstar,11,198.24103124999996,0.18432793332202302,0.027887654025107622,142,13,True,d84d099493b973a63d879255d2221c1930d649aa,543f782d80ceb9555130e911c1fcf7074153d267,grid-100x100-h3-d1-r1-b0.2,8d19c9785f17d3478014f39bf5866c2cce0659476a9b8f4c05c10e65bf507861,benchmarks/grid/fixed-duration/domain.rddl,benchmarks/grid/fixed-duration/grid-100x100-h3-d1-r1-b0.2.rddl,1,1,ok
100,3,0.2,RAOstar,12,198.24103124999996,0.18432793332202302,0.02745412802323699,142,13,True,d84d099493b973a63d879255d2221c1930d649aa,543f782d80ceb9555130e911c1fcf7074153d267,grid-100x100-h3-d1-r1-b0.2,8d19c9785f17d3478014f39bf5866c2cce0659476a9b8f4c05c10e65bf507861,benchmarks/grid/fixed-duration/domain.rddl,benchmarks/grid/fixed-duration/grid-100x100-h3-d1-r1-b0.2.rddl,1,1,ok
100,3,0.2,RAOstar,13,198.24103124999996,0.18432793332202302,0.02796510700136423,142,13,True,d84d099493b973a63d879255d2221c1930d649aa,543f782d80ceb9555130e911c1fcf7074153d267,grid-100x100-h3-d1-r1-b0.2,8d19c9785f17d3478014f39bf5866c2cce0659476a9b8f4c05c10e65bf507861,benchmarks/grid/fixed-duration/domain.rddl,benchmarks/grid/fixed-duration/grid-100x100-h3-d1-r1-b0.2.rddl,1,1,ok
100,3,0.2,RAOstar,14,198.24103124999996,0.18432793332202302,0.027854710002429783,142,13,True,d84d099493b973a63d879255d2221c1930d649aa,543f782d80ceb9555130e911c1fcf7074153d267,grid-100x100-h3-d1-r1-b0.2,8d19c9785f17d3478014f39bf5866c2cce0659476a9b8f4c05c10e65bf507861,benchmarks/grid/fixed-duration/domain.rddl,benchmarks/grid/fixed-duration/grid-100x100-h3-d1-r1-b0.2.rddl,1,1,ok
100,3,0.2,RAOstar,15,198.24103124999996,0.18432793332202302,0.028855737997218966,142,13,True,d84d099493b973a63d879255d2221c1930d649aa,543f782d80ceb9555130e911c1fcf7074153d267,grid-100x100-h3-d1-r1-b0.2,8d19c9785f17d3478014f39bf5866c2cce0659476a9b8f4c05c10e65bf507861,benchmarks/grid/fixed-duration/domain.rddl,benchmarks/grid/fixed-duration/grid-100x100-h3-d1-r1-b0.2.rddl,1,1,ok
100,3,0.2,RAOstar,16,198.24103124999996,0.18432793332202302,0.02838158397935331,142,13,True,d84d099493b973a63d879255d2221c1930d649aa,543f782d80ceb9555130e911c1fcf7074153d267,grid-100x100-h3-d1-r1-b0.2,8d19c9785f17d3478014f39bf5866c2cce0659476a9b8f4c05c10e65bf507861,benchmarks/grid/fixed-duration/domain.rddl,benchmarks/grid/fixed-duration/grid-100x100-h3-d1-r1-b0.2.rddl,1,1,ok
100,3,0.2,RAOstar,17,198.24103124999996,0.18432793332202302,0.02746104507241398,142,13,True,d84d099493b973a63d879255d2221c1930d649aa,543f782d80ceb9555130e911c1fcf7074153d267,grid-100x100-h3-d1-r1-b0.2,8d19c9785f17d3478014f39bf5866c2cce0659476a9b8f4c05c10e65bf507861,benchmarks/grid/fixed-duration/domain.rddl,benchmarks/grid/fixed-duration/grid-100x100-h3-d1-r1-b0.2.rddl,1,1,ok
100,3,0.2,RAOstar,18,198.24103124999996,0.18432793332202302,0.02847749600186944,142,13,True,d84d099493b973a63d879255d2221c1930d649aa,543f782d80ceb9555130e911c1fcf7074153d267,grid-100x100-h3-d1-r1-b0.2,8d19c9785f17d3478014f39bf5866c2cce0659476a9b8f4c05c10e65bf507861,benchmarks/grid/fixed-duration/domain.rddl,benchmarks/grid/fixed-duration/grid-100x100-h3-d1-r1-b0.2.rddl,1,1,ok
100,3,0.2,RAOstar,19,198.24103124999996,0.18432793332202302,0.02864253195002675,142,13,True,d84d099493b973a63d879255d2221c1930d649aa,543f782d80ceb9555130e911c1fcf7074153d267,grid-100x100-h3-d1-r1-b0.2,8d19c9785f17d3478014f39bf5866c2cce0659476a9b8f4c05c10e65bf507861,benchmarks/grid/fixed-duration/domain.rddl,benchmarks/grid/fixed-duration/grid-100x100-h3-d1-r1-b0.2.rddl,1,1,ok
100,3,0.2,RAOstar,20,198.24103124999996,0.18432793332202302,0.028534319950267673,142,13,True,d84d099493b973a63d879255d2221c1930d649aa,543f782d80ceb9555130e911c1fcf7074153d267,grid-100x100-h3-d1-r1-b0.2,8d19c9785f17d3478014f39bf5866c2cce0659476a9b8f4c05c10e65bf507861,benchmarks/grid/fixed-duration/domain.rddl,benchmarks/grid/fixed-duration/grid-100x100-h3-d1-r1-b0.2.rddl,1,1,ok
100,3,0.2,RAOstar,21,198.24103124999996,0.18432793332202302,0.028164641000330448,142,13,True,d84d099493b973a63d879255d2221c1930d649aa,543f782d80ceb9555130e911c1fcf7074153d267,grid-100x100-h3-d1-r1-b0.2,8d19c9785f17d3478014f39bf5866c2cce0659476a9b8f4c05c10e65bf507861,benchmarks/grid/fixed-duration/domain.rddl,benchmarks/grid/fixed-duration/grid-100x100-h3-d1-r1-b0.2.rddl,1,1,ok
100,3,0.2,RAOstar,22,198.24103124999996,0.18432793332202302,0.02802631806116551,142,13,True,d84d099493b973a63d879255d2221c1930d649aa,543f782d80ceb9555130e911c1fcf7074153d267,grid-100x100-h3-d1-r1-b0.2,8d19c9785f17d3478014f39bf5866c2cce0659476a9b8f4c05c10e65bf507861,benchmarks/grid/fixed-duration/domain.rddl,benchmarks/grid/fixed-duration/grid-100x100-h3-d1-r1-b0.2.rddl,1,1,ok
100,3,0.2,RAOstar,23,198.24103124999996,0.18432793332202302,0.028255695942789316,142,13,True,d84d099493b973a63d879255d2221c1930d649aa,543f782d80ceb9555130e911c1fcf7074153d267,grid-100x100-h3-d1-r1-b0.2,8d19c9785f17d3478014f39bf5866c2cce0659476a9b8f4c05c10e65bf507861,benchmarks/grid/fixed-duration/domain.rddl,benchmarks/grid/fixed-duration/grid-100x100-h3-d1-r1-b0.2.rddl,1,1,ok
100,3,0.2,RAOstar,24,198.24103124999996,0.18432793332202302,0.027815566980279982,142,13,True,d84d099493b973a63d879255d2221c1930d649aa,543f782d80ceb9555130e911c1fcf7074153d267,grid-100x100-h3-d1-r1-b0.2,8d19c9785f17d3478014f39bf5866c2cce0659476a9b8f4c05c10e65bf507861,benchmarks/grid/fixed-duration/domain.rddl,benchmarks/grid/fixed-duration/grid-100x100-h3-d1-r1-b0.2.rddl,1,1,ok
100,3,0.2,RAOstar,25,198.24103124999996,0.18432793332202302,0.030708045000210404,142,13,True,d84d099493b973a63d879255d2221c1930d649aa,543f782d80ceb9555130e911c1fcf7074153d267,grid-100x100-h3-d1-r1-b0.2,8d19c9785f17d3478014f39bf5866c2cce0659476a9b8f4c05c10e65bf507861,benchmarks/grid/fixed-duration/domain.rddl,benchmarks/grid/fixed-duration/grid-100x100-h3-d1-r1-b0.2.rddl,1,1,ok
100,3,0.3,RAOstar,1,198.24103124999996,0.18432793332202302,0.027479055104777217,175,15,True,d84d099493b973a63d879255d2221c1930d649aa,543f782d80ceb9555130e911c1fcf7074153d267,grid-100x100-h3-d1-r1-b0.3,8d7ff3af4203e00b0d3ca0d34d16dcfd62f3fdea52057e1df95db68d3531deb7,benchmarks/grid/fixed-duration/domain.rddl,benchmarks/grid/fixed-duration/grid-100x100-h3-d1-r1-b0.3.rddl,1,1,ok
100,3,0.3,RAOstar,2,198.24103124999996,0.18432793332202302,0.030403238022699952,175,15,True,d84d099493b973a63d879255d2221c1930d649aa,543f782d80ceb9555130e911c1fcf7074153d267,grid-100x100-h3-d1-r1-b0.3,8d7ff3af4203e00b0d3ca0d34d16dcfd62f3fdea52057e1df95db68d3531deb7,benchmarks/grid/fixed-duration/domain.rddl,benchmarks/grid/fixed-duration/grid-100x100-h3-d1-r1-b0.3.rddl,1,1,ok
100,3,0.3,RAOstar,3,198.24103124999996,0.18432793332202302,0.03085345891304314,175,15,True,d84d099493b973a63d879255d2221c1930d649aa,543f782d80ceb9555130e911c1fcf7074153d267,grid-100x100-h3-d1-r1-b0.3,8d7ff3af4203e00b0d3ca0d34d16dcfd62f3fdea52057e1df95db68d3531deb7,benchmarks/grid/fixed-duration/domain.rddl,benchmarks/grid/fixed-duration/grid-100x100-h3-d1-r1-b0.3.rddl,1,1,ok
100,3,0.3,RAOstar,4,198.24103124999996,0.18432793332202302,0.03058946307282895,175,15,True,d84d099493b973a63d879255d2221c1930d649aa,543f782d80ceb9555130e911c1fcf7074153d267,grid-100x100-h3-d1-r1-b0.3,8d7ff3af4203e00b0d3ca0d34d16dcfd62f3fdea52057e1df95db68d3531deb7,benchmarks/grid/fixed-duration/domain.rddl,benchmarks/grid/fixed-duration/grid-100x100-h3-d1-r1-b0.3.rddl,1,1,ok
100,3,0.3,RAOstar,5,198.24103124999996,0.18432793332202302,0.029038804001174867,175,15,True,d84d099493b973a63d879255d2221c1930d649aa,543f782d80ceb9555130e911c1fcf7074153d267,grid-100x100-h3-d1-r1-b0.3,8d7ff3af4203e00b0d3ca0d34d16dcfd62f3fdea52057e1df95db68d3531deb7,benchmarks/grid/fixed-duration/domain.rddl,benchmarks/grid/fixed-duration/grid-100x100-h3-d1-r1-b0.3.rddl,1,1,ok
100,3,0.3,RAOstar,6,198.24103124999996,0.18432793332202302,0.029451432987116277,175,15,True,d84d099493b973a63d879255d2221c1930d649aa,543f782d80ceb9555130e911c1fcf7074153d267,grid-100x100-h3-d1-r1-b0.3,8d7ff3af4203e00b0d3ca0d34d16dcfd62f3fdea52057e1df95db68d3531deb7,benchmarks/grid/fixed-duration/domain.rddl,benchmarks/grid/fixed-duration/grid-100x100-h3-d1-r1-b0.3.rddl,1,1,ok
100,3,0.3,RAOstar,7,198.24103124999996,0.18432793332202302,0.031057816930115223,175,15,True,d84d099493b973a63d879255d2221c1930d649aa,543f782d80ceb9555130e911c1fcf7074153d267,grid-100x100-h3-d1-r1-b0.3,8d7ff3af4203e00b0d3ca0d34d16dcfd62f3fdea52057e1df95db68d3531deb7,benchmarks/grid/fixed-duration/domain.rddl,benchmarks/grid/fixed-duration/grid-100x100-h3-d1-r1-b0.3.rddl,1,1,ok
100,3,0.3,RAOstar,8,198.24103124999996,0.18432793332202302,0.029009543010033667,175,15,True,d84d099493b973a63d879255d2221c1930d649aa,543f782d80ceb9555130e911c1fcf7074153d267,grid-100x100-h3-d1-r1-b0.3,8d7ff3af4203e00b0d3ca0d34d16dcfd62f3fdea52057e1df95db68d3531deb7,benchmarks/grid/fixed-duration/domain.rddl,benchmarks/grid/fixed-duration/grid-100x100-h3-d1-r1-b0.3.rddl,1,1,ok
100,3,0.3,RAOstar,9,198.24103124999996,0.18432793332202302,0.03618339099921286,175,15,True,d84d099493b973a63d879255d2221c1930d649aa,543f782d80ceb9555130e911c1fcf7074153d267,grid-100x100-h3-d1-r1-b0.3,8d7ff3af4203e00b0d3ca0d34d16dcfd62f3fdea52057e1df95db68d3531deb7,benchmarks/grid/fixed-duration/domain.rddl,benchmarks/grid/fixed-duration/grid-100x100-h3-d1-r1-b0.3.rddl,1,1,ok
100,3,0.3,RAOstar,10,198.24103124999996,0.18432793332202302,0.03277135395910591,175,15,True,d84d099493b973a63d879255d2221c1930d649aa,543f782d80ceb9555130e911c1fcf7074153d267,grid-100x100-h3-d1-r1-b0.3,8d7ff3af4203e00b0d3ca0d34d16dcfd62f3fdea52057e1df95db68d3531deb7,benchmarks/grid/fixed-duration/domain.rddl,benchmarks/grid/fixed-duration/grid-100x100-h3-d1-r1-b0.3.rddl,1,1,ok
100,3,0.3,RAOstar,11,198.24103124999996,0.18432793332202302,0.03008321300148964,175,15,True,d84d099493b973a63d879255d2221c1930d649aa,543f782d80ceb9555130e911c1fcf7074153d267,grid-100x100-h3-d1-r1-b0.3,8d7ff3af4203e00b0d3ca0d34d16dcfd62f3fdea52057e1df95db68d3531deb7,benchmarks/grid/fixed-duration/domain.rddl,benchmarks/grid/fixed-duration/grid-100x100-h3-d1-r1-b0.3.rddl,1,1,ok
100,3,0.3,RAOstar,12,198.24103124999996,0.18432793332202302,0.03090020501986146,175,15,True,d84d099493b973a63d879255d2221c1930d649aa,543f782d80ceb9555130e911c1fcf7074153d267,grid-100x100-h3-d1-r1-b0.3,8d7ff3af4203e00b0d3ca0d34d16dcfd62f3fdea52057e1df95db68d3531deb7,benchmarks/grid/fixed-duration/domain.rddl,benchmarks/grid/fixed-duration/grid-100x100-h3-d1-r1-b0.3.rddl,1,1,ok
100,3,0.3,RAOstar,13,198.24103124999996,0.18432793332202302,0.030388929997570813,175,15,True,d84d099493b973a63d879255d2221c1930d649aa,543f782d80ceb9555130e911c1fcf7074153d267,grid-100x100-h3-d1-r1-b0.3,8d7ff3af4203e00b0d3ca0d34d16dcfd62f3fdea52057e1df95db68d3531deb7,benchmarks/grid/fixed-duration/domain.rddl,benchmarks/grid/fixed-duration/grid-100x100-h3-d1-r1-b0.3.rddl,1,1,ok
100,3,0.3,RAOstar,14,198.24103124999996,0.18432793332202302,0.03142130596097559,175,15,True,d84d099493b973a63d879255d2221c1930d649aa,543f782d80ceb9555130e911c1fcf7074153d267,grid-100x100-h3-d1-r1-b0.3,8d7ff3af4203e00b0d3ca0d34d16dcfd62f3fdea52057e1df95db68d3531deb7,benchmarks/grid/fixed-duration/domain.rddl,benchmarks/grid/fixed-duration/grid-100x100-h3-d1-r1-b0.3.rddl,1,1,ok
100,3,0.3,RAOstar,15,198.24103124999996,0.18432793332202302,0.03016881598159671,175,15,True,d84d099493b973a63d879255d2221c1930d649aa,543f782d80ceb9555130e911c1fcf7074153d267,grid-100x100-h3-d1-r1-b0.3,8d7ff3af4203e00b0d3ca0d34d16dcfd62f3fdea52057e1df95db68d3531deb7,benchmarks/grid/fixed-duration/domain.rddl,benchmarks/grid/fixed-duration/grid-100x100-h3-d1-r1-b0.3.rddl,1,1,ok
100,3,0.3,RAOstar,16,198.24103124999996,0.18432793332202302,0.03167736402247101,175,15,True,d84d099493b973a63d879255d2221c1930d649aa,543f782d80ceb9555130e911c1fcf7074153d267,grid-100x100-h3-d1-r1-b0.3,8d7ff3af4203e00b0d3ca0d34d16dcfd62f3fdea52057e1df95db68d3531deb7,benchmarks/grid/fixed-duration/domain.rddl,benchmarks/grid/fixed-duration/grid-100x100-h3-d1-r1-b0.3.rddl,1,1,ok
100,3,0.3,RAOstar,17,198.24103124999996,0.18432793332202302,0.030489105032756925,175,15,True,d84d099493b973a63d879255d2221c1930d649aa,543f782d80ceb9555130e911c1fcf7074153d267,grid-100x100-h3-d1-r1-b0.3,8d7ff3af4203e00b0d3ca0d34d16dcfd62f3fdea52057e1df95db68d3531deb7,benchmarks/grid/fixed-duration/domain.rddl,benchmarks/grid/fixed-duration/grid-100x100-h3-d1-r1-b0.3.rddl,1,1,ok
100,3,0.3,RAOstar,18,198.24103124999996,0.18432793332202302,0.031409977003932,175,15,True,d84d099493b973a63d879255d2221c1930d649aa,543f782d80ceb9555130e911c1fcf7074153d267,grid-100x100-h3-d1-r1-b0.3,8d7ff3af4203e00b0d3ca0d34d16dcfd62f3fdea52057e1df95db68d3531deb7,benchmarks/grid/fixed-duration/domain.rddl,benchmarks/grid/fixed-duration/grid-100x100-h3-d1-r1-b0.3.rddl,1,1,ok
100,3,0.3,RAOstar,19,198.24103124999996,0.18432793332202302,0.03070256602950394,175,15,True,d84d099493b973a63d879255d2221c1930d649aa,543f782d80ceb9555130e911c1fcf7074153d267,grid-100x100-h3-d1-r1-b0.3,8d7ff3af4203e00b0d3ca0d34d16dcfd62f3fdea52057e1df95db68d3531deb7,benchmarks/grid/fixed-duration/domain.rddl,benchmarks/grid/fixed-duration/grid-100x100-h3-d1-r1-b0.3.rddl,1,1,ok
100,3,0.3,RAOstar,20,198.24103124999996,0.18432793332202302,0.03407951700501144,175,15,True,d84d099493b973a63d879255d2221c1930d649aa,543f782d80ceb9555130e911c1fcf7074153d267,grid-100x100-h3-d1-r1-b0.3,8d7ff3af4203e00b0d3ca0d34d16dcfd62f3fdea52057e1df95db68d3531deb7,benchmarks/grid/fixed-duration/domain.rddl,benchmarks/grid/fixed-duration/grid-100x100-h3-d1-r1-b0.3.rddl,1,1,ok
100,3,0.3,RAOstar,21,198.24103124999996,0.18432793332202302,0.03267001803033054,175,15,True,d84d099493b973a63d879255d2221c1930d649aa,543f782d80ceb9555130e911c1fcf7074153d267,grid-100x100-h3-d1-r1-b0.3,8d7ff3af4203e00b0d3ca0d34d16dcfd62f3fdea52057e1df95db68d3531deb7,benchmarks/grid/fixed-duration/domain.rddl,benchmarks/grid/fixed-duration/grid-100x100-h3-d1-r1-b0.3.rddl,1,1,ok
100,3,0.3,RAOstar,22,198.24103124999996,0.18432793332202302,0.028213389916345477,175,15,True,d84d099493b973a63d879255d2221c1930d649aa,543f782d80ceb9555130e911c1fcf7074153d267,grid-100x100-h3-d1-r1-b0.3,8d7ff3af4203e00b0d3ca0d34d16dcfd62f3fdea52057e1df95db68d3531deb7,benchmarks/grid/fixed-duration/domain.rddl,benchmarks/grid/fixed-duration/grid-100x100-h3-d1-r1-b0.3.rddl,1,1,ok
100,3,0.3,RAOstar,23,198.24103124999996,0.18432793332202302,0.028234751080162823,175,15,True,d84d099493b973a63d879255d2221c1930d649aa,543f782d80ceb9555130e911c1fcf7074153d267,grid-100x100-h3-d1-r1-b0.3,8d7ff3af4203e00b0d3ca0d34d16dcfd62f3fdea52057e1df95db68d3531deb7,benchmarks/grid/fixed-duration/domain.rddl,benchmarks/grid/fixed-duration/grid-100x100-h3-d1-r1-b0.3.rddl,1,1,ok
100,3,0.3,RAOstar,24,198.24103124999996,0.18432793332202302,0.029882504954002798,175,15,True,d84d099493b973a63d879255d2221c1930d649aa,543f782d80ceb9555130e911c1fcf7074153d267,grid-100x100-h3-d1-r1-b0.3,8d7ff3af4203e00b0d3ca0d34d16dcfd62f3fdea52057e1df95db68d3531deb7,benchmarks/grid/fixed-duration/domain.rddl,benchmarks/grid/fixed-duration/grid-100x100-h3-d1-r1-b0.3.rddl,1,1,ok
100,3,0.3,RAOstar,25,198.24103124999996,0.18432793332202302,0.02888297603931278,175,15,True,d84d099493b973a63d879255d2221c1930d649aa,543f782d80ceb9555130e911c1fcf7074153d267,grid-100x100-h3-d1-r1-b0.3,8d7ff3af4203e00b0d3ca0d34d16dcfd62f3fdea52057e1df95db68d3531deb7,benchmarks/grid/fixed-duration/domain.rddl,benchmarks/grid/fixed-duration/grid-100x100-h3-d1-r1-b0.3.rddl,1,1,ok
100,4,0.1,RAOstar,1,200.7751870664673,0.06559997196793885,0.503090378944762,1309,135,True,d84d099493b973a63d879255d2221c1930d649aa,543f782d80ceb9555130e911c1fcf7074153d267,grid-100x100-h4-d1-r1-b0.1,68837195a7e209a526f0309429f8f6fb6b7812825ed3cba775dcdaa08b3aa067,benchmarks/grid/fixed-duration/domain.rddl,benchmarks/grid/fixed-duration/grid-100x100-h4-d1-r1-b0.1.rddl,1,1,ok
100,4,0.1,RAOstar,2,200.7751870664673,0.06559997196793885,0.4596516799647361,1309,135,True,d84d099493b973a63d879255d2221c1930d649aa,543f782d80ceb9555130e911c1fcf7074153d267,grid-100x100-h4-d1-r1-b0.1,68837195a7e209a526f0309429f8f6fb6b7812825ed3cba775dcdaa08b3aa067,benchmarks/grid/fixed-duration/domain.rddl,benchmarks/grid/fixed-duration/grid-100x100-h4-d1-r1-b0.1.rddl,1,1,ok
100,4,0.1,RAOstar,3,200.7751870664673,0.06559997196793885,0.48583635699469596,1309,135,True,d84d099493b973a63d879255d2221c1930d649aa,543f782d80ceb9555130e911c1fcf7074153d267,grid-100x100-h4-d1-r1-b0.1,68837195a7e209a526f0309429f8f6fb6b7812825ed3cba775dcdaa08b3aa067,benchmarks/grid/fixed-duration/domain.rddl,benchmarks/grid/fixed-duration/grid-100x100-h4-d1-r1-b0.1.rddl,1,1,ok
100,4,0.1,RAOstar,4,200.7751870664673,0.06559997196793885,0.48997159907594323,1309,135,True,d84d099493b973a63d879255d2221c1930d649aa,543f782d80ceb9555130e911c1fcf7074153d267,grid-100x100-h4-d1-r1-b0.1,68837195a7e209a526f0309429f8f6fb6b7812825ed3cba775dcdaa08b3aa067,benchmarks/grid/fixed-duration/domain.rddl,benchmarks/grid/fixed-duration/grid-100x100-h4-d1-r1-b0.1.rddl,1,1,ok
100,4,0.1,RAOstar,5,200.7751870664673,0.06559997196793885,0.5074836770072579,1309,135,True,d84d099493b973a63d879255d2221c1930d649aa,543f782d80ceb9555130e911c1fcf7074153d267,grid-100x100-h4-d1-r1-b0.1,68837195a7e209a526f0309429f8f6fb6b7812825ed3cba775dcdaa08b3aa067,benchmarks/grid/fixed-duration/domain.rddl,benchmarks/grid/fixed-duration/grid-100x100-h4-d1-r1-b0.1.rddl,1,1,ok
100,4,0.1,RAOstar,6,200.7751870664673,0.06559997196793885,0.4606813050340861,1309,135,True,d84d099493b973a63d879255d2221c1930d649aa,543f782d80ceb9555130e911c1fcf7074153d267,grid-100x100-h4-d1-r1-b0.1,68837195a7e209a526f0309429f8f6fb6b7812825ed3cba775dcdaa08b3aa067,benchmarks/grid/fixed-duration/domain.rddl,benchmarks/grid/fixed-duration/grid-100x100-h4-d1-r1-b0.1.rddl,1,1,ok
100,4,0.1,RAOstar,7,200.7751870664673,0.06559997196793885,0.634134604013525,1309,135,True,d84d099493b973a63d879255d2221c1930d649aa,543f782d80ceb9555130e911c1fcf7074153d267,grid-100x100-h4-d1-r1-b0.1,68837195a7e209a526f0309429f8f6fb6b7812825ed3cba775dcdaa08b3aa067,benchmarks/grid/fixed-duration/domain.rddl,benchmarks/grid/fixed-duration/grid-100x100-h4-d1-r1-b0.1.rddl,1,1,ok
100,4,0.1,RAOstar,8,200.7751870664673,0.06559997196793885,0.4983398800250143,1309,135,True,d84d099493b973a63d879255d2221c1930d649aa,543f782d80ceb9555130e911c1fcf7074153d267,grid-100x100-h4-d1-r1-b0.1,68837195a7e209a526f0309429f8f6fb6b7812825ed3cba775dcdaa08b3aa067,benchmarks/grid/fixed-duration/domain.rddl,benchmarks/grid/fixed-duration/grid-100x100-h4-d1-r1-b0.1.rddl,1,1,ok
100,4,0.1,RAOstar,9,200.7751870664673,0.06559997196793885,0.48903025896288455,1309,135,True,d84d099493b973a63d879255d2221c1930d649aa,543f782d80ceb9555130e911c1fcf7074153d267,grid-100x100-h4-d1-r1-b0.1,68837195a7e209a526f0309429f8f6fb6b7812825ed3cba775dcdaa08b3aa067,benchmarks/grid/fixed-duration/domain.rddl,benchmarks/grid/fixed-duration/grid-100x100-h4-d1-r1-b0.1.rddl,1,1,ok
100,4,0.1,RAOstar,10,200.7751870664673,0.06559997196793885,0.5191434430889785,1309,135,True,d84d099493b973a63d879255d2221c1930d649aa,543f782d80ceb9555130e911c1fcf7074153d267,grid-100x100-h4-d1-r1-b0.1,68837195a7e209a526f0309429f8f6fb6b7812825ed3cba775dcdaa08b3aa067,benchmarks/grid/fixed-duration/domain.rddl,benchmarks/grid/fixed-duration/grid-100x100-h4-d1-r1-b0.1.rddl,1,1,ok
100,4,0.1,RAOstar,11,200.7751870664673,0.06559997196793885,0.48194513202179223,1309,135,True,d84d099493b973a63d879255d2221c1930d649aa,543f782d80ceb9555130e911c1fcf7074153d267,grid-100x100-h4-d1-r1-b0.1,68837195a7e209a526f0309429f8f6fb6b7812825ed3cba775dcdaa08b3aa067,benchmarks/grid/fixed-duration/domain.rddl,benchmarks/grid/fixed-duration/grid-100x100-h4-d1-r1-b0.1.rddl,1,1,ok
100,4,0.1,RAOstar,12,200.7751870664673,0.06559997196793885,0.49557563895359635,1309,135,True,d84d099493b973a63d879255d2221c1930d649aa,543f782d80ceb9555130e911c1fcf7074153d267,grid-100x100-h4-d1-r1-b0.1,68837195a7e209a526f0309429f8f6fb6b7812825ed3cba775dcdaa08b3aa067,benchmarks/grid/fixed-duration/domain.rddl,benchmarks/grid/fixed-duration/grid-100x100-h4-d1-r1-b0.1.rddl,1,1,ok
100,4,0.1,RAOstar,13,200.7751870664673,0.06559997196793885,0.49512452399358153,1309,135,True,d84d099493b973a63d879255d2221c1930d649aa,543f782d80ceb9555130e911c1fcf7074153d267,grid-100x100-h4-d1-r1-b0.1,68837195a7e209a526f0309429f8f6fb6b7812825ed3cba775dcdaa08b3aa067,benchmarks/grid/fixed-duration/domain.rddl,benchmarks/grid/fixed-duration/grid-100x100-h4-d1-r1-b0.1.rddl,1,1,ok
100,4,0.1,RAOstar,14,200.7751870664673,0.06559997196793885,0.5564060669858009,1309,135,True,d84d099493b973a63d879255d2221c1930d649aa,543f782d80ceb9555130e911c1fcf7074153d267,grid-100x100-h4-d1-r1-b0.1,68837195a7e209a526f0309429f8f6fb6b7812825ed3cba775dcdaa08b3aa067,benchmarks/grid/fixed-duration/domain.rddl,benchmarks/grid/fixed-duration/grid-100x100-h4-d1-r1-b0.1.rddl,1,1,ok
100,4,0.1,RAOstar,15,200.7751870664673,0.06559997196793885,0.48974581703078,1309,135,True,d84d099493b973a63d879255d2221c1930d649aa,543f782d80ceb9555130e911c1fcf7074153d267,grid-100x100-h4-d1-r1-b0.1,68837195a7e209a526f0309429f8f6fb6b7812825ed3cba775dcdaa08b3aa067,benchmarks/grid/fixed-duration/domain.rddl,benchmarks/grid/fixed-duration/grid-100x100-h4-d1-r1-b0.1.rddl,1,1,ok
100,4,0.1,RAOstar,16,200.7751870664673,0.06559997196793885,0.48004438693169504,1309,135,True,d84d099493b973a63d879255d2221c1930d649aa,543f782d80ceb9555130e911c1fcf7074153d267,grid-100x100-h4-d1-r1-b0.1,68837195a7e209a526f0309429f8f6fb6b7812825ed3cba775dcdaa08b3aa067,benchmarks/grid/fixed-duration/domain.rddl,benchmarks/grid/fixed-duration/grid-100x100-h4-d1-r1-b0.1.rddl,1,1,ok
100,4,0.1,RAOstar,17,200.7751870664673,0.06559997196793885,0.47310256701894104,1309,135,True,d84d099493b973a63d879255d2221c1930d649aa,543f782d80ceb9555130e911c1fcf7074153d267,grid-100x100-h4-d1-r1-b0.1,68837195a7e209a526f0309429f8f6fb6b7812825ed3cba775dcdaa08b3aa067,benchmarks/grid/fixed-duration/domain.rddl,benchmarks/grid/fixed-duration/grid-100x100-h4-d1-r1-b0.1.rddl,1,1,ok
100,4,0.1,RAOstar,18,200.7751870664673,0.06559997196793885,0.5037738129030913,1309,135,True,d84d099493b973a63d879255d2221c1930d649aa,543f782d80ceb9555130e911c1fcf7074153d267,grid-100x100-h4-d1-r1-b0.1,68837195a7e209a526f0309429f8f6fb6b7812825ed3cba775dcdaa08b3aa067,benchmarks/grid/fixed-duration/domain.rddl,benchmarks/grid/fixed-duration/grid-100x100-h4-d1-r1-b0.1.rddl,1,1,ok
100,4,0.1,RAOstar,19,200.7751870664673,0.06559997196793885,0.4737279190449044,1309,135,True,d84d099493b973a63d879255d2221c1930d649aa,543f782d80ceb9555130e911c1fcf7074153d267,grid-100x100-h4-d1-r1-b0.1,68837195a7e209a526f0309429f8f6fb6b7812825ed3cba775dcdaa08b3aa067,benchmarks/grid/fixed-duration/domain.rddl,benchmarks/grid/fixed-duration/grid-100x100-h4-d1-r1-b0.1.rddl,1,1,ok
100,4,0.1,RAOstar,20,200.7751870664673,0.06559997196793885,0.47059369401540607,1309,135,True,d84d099493b973a63d879255d2221c1930d649aa,543f782d80ceb9555130e911c1fcf7074153d267,grid-100x100-h4-d1-r1-b0.1,68837195a7e209a526f0309429f8f6fb6b7812825ed3cba775dcdaa08b3aa067,benchmarks/grid/fixed-duration/domain.rddl,benchmarks/grid/fixed-duration/grid-100x100-h4-d1-r1-b0.1.rddl,1,1,ok
100,4,0.1,RAOstar,21,200.7751870664673,0.06559997196793885,0.48202679108362645,1309,135,True,d84d099493b973a63d879255d2221c1930d649aa,543f782d80ceb9555130e911c1fcf7074153d267,grid-100x100-h4-d1-r1-b0.1,68837195a7e209a526f0309429f8f6fb6b7812825ed3cba775dcdaa08b3aa067,benchmarks/grid/fixed-duration/domain.rddl,benchmarks/grid/fixed-duration/grid-100x100-h4-d1-r1-b0.1.rddl,1,1,ok
100,4,0.1,RAOstar,22,200.7751870664673,0.06559997196793885,0.46460164594464004,1309,135,True,d84d099493b973a63d879255d2221c1930d649aa,543f782d80ceb9555130e911c1fcf7074153d267,grid-100x100-h4-d1-r1-b0.1,68837195a7e209a526f0309429f8f6fb6b7812825ed3cba775dcdaa08b3aa067,benchmarks/grid/fixed-duration/domain.rddl,benchmarks/grid/fixed-duration/grid-100x100-h4-d1-r1-b0.1.rddl,1,1,ok
100,4,0.1,RAOstar,23,200.7751870664673,0.06559997196793885,0.45626498700585216,1309,135,True,d84d099493b973a63d879255d2221c1930d649aa,543f782d80ceb9555130e911c1fcf7074153d267,grid-100x100-h4-d1-r1-b0.1,68837195a7e209a526f0309429f8f6fb6b7812825ed3cba775dcdaa08b3aa067,benchmarks/grid/fixed-duration/domain.rddl,benchmarks/grid/fixed-duration/grid-100x100-h4-d1-r1-b0.1.rddl,1,1,ok
100,4,0.1,RAOstar,24,200.7751870664673,0.06559997196793885,0.4696677499450743,1309,135,True,d84d099493b973a63d879255d2221c1930d649aa,543f782d80ceb9555130e911c1fcf7074153d267,grid-100x100-h4-d1-r1-b0.1,68837195a7e209a526f0309429f8f6fb6b7812825ed3cba775dcdaa08b3aa067,benchmarks/grid/fixed-duration/domain.rddl,benchmarks/grid/fixed-duration/grid-100x100-h4-d1-r1-b0.1.rddl,1,1,ok
100,4,0.1,RAOstar,25,200.7751870664673,0.06559997196793885,0.5147846610052511,1309,135,True,d84d099493b973a63d879255d2221c1930d649aa,543f782d80ceb9555130e911c1fcf7074153d267,grid-100x100-h4-d1-r1-b0.1,68837195a7e209a526f0309429f8f6fb6b7812825ed3cba775dcdaa08b3aa067,benchmarks/grid/fixed-duration/domain.rddl,benchmarks/grid/fixed-duration/grid-100x100-h4-d1-r1-b0.1.rddl,1,1,ok
100,4,0.2,RAOstar,1,198.33053320312501,0.18731641136628063,0.21267126395832747,550,48,True,d84d099493b973a63d879255d2221c1930d649aa,543f782d80ceb9555130e911c1fcf7074153d267,grid-100x100-h4-d1-r1-b0.2,a9784bbc6f85d2536d4912ddf3728addd97302a51e84e033320ec787d5b114b7,benchmarks/grid/fixed-duration/domain.rddl,benchmarks/grid/fixed-duration/grid-100x100-h4-d1-r1-b0.2.rddl,1,1,ok
100,4,0.2,RAOstar,2,198.33053320312501,0.18731641136628063,0.1794450079323724,550,48,True,d84d099493b973a63d879255d2221c1930d649aa,543f782d80ceb9555130e911c1fcf7074153d267,grid-100x100-h4-d1-r1-b0.2,a9784bbc6f85d2536d4912ddf3728addd97302a51e84e033320ec787d5b114b7,benchmarks/grid/fixed-duration/domain.rddl,benchmarks/grid/fixed-duration/grid-100x100-h4-d1-r1-b0.2.rddl,1,1,ok
100,4,0.2,RAOstar,3,198.33053320312501,0.18731641136628063,0.19829617603681982,550,48,True,d84d099493b973a63d879255d2221c1930d649aa,543f782d80ceb9555130e911c1fcf7074153d267,grid-100x100-h4-d1-r1-b0.2,a9784bbc6f85d2536d4912ddf3728addd97302a51e84e033320ec787d5b114b7,benchmarks/grid/fixed-duration/domain.rddl,benchmarks/grid/fixed-duration/grid-100x100-h4-d1-r1-b0.2.rddl,1,1,ok
100,4,0.2,RAOstar,4,198.33053320312501,0.18731641136628063,0.2037067209603265,550,48,True,d84d099493b973a63d879255d2221c1930d649aa,543f782d80ceb9555130e911c1fcf7074153d267,grid-100x100-h4-d1-r1-b0.2,a9784bbc6f85d2536d4912ddf3728addd97302a51e84e033320ec787d5b114b7,benchmarks/grid/fixed-duration/domain.rddl,benchmarks/grid/fixed-duration/grid-100x100-h4-d1-r1-b0.2.rddl,1,1,ok
100,4,0.2,RAOstar,5,198.33053320312501,0.18731641136628063,0.18284909392241389,550,48,True,d84d099493b973a63d879255d2221c1930d649aa,543f782d80ceb9555130e911c1fcf7074153d267,grid-100x100-h4-d1-r1-b0.2,a9784bbc6f85d2536d4912ddf3728addd97302a51e84e033320ec787d5b114b7,benchmarks/grid/fixed-duration/domain.rddl,benchmarks/grid/fixed-duration/grid-100x100-h4-d1-r1-b0.2.rddl,1,1,ok
100,4,0.2,RAOstar,6,198.33053320312501,0.18731641136628063,0.18210380303207785,550,48,True,d84d099493b973a63d879255d2221c1930d649aa,543f782d80ceb9555130e911c1fcf7074153d267,grid-100x100-h4-d1-r1-b0.2,a9784bbc6f85d2536d4912ddf3728addd97302a51e84e033320ec787d5b114b7,benchmarks/grid/fixed-duration/domain.rddl,benchmarks/grid/fixed-duration/grid-100x100-h4-d1-r1-b0.2.rddl,1,1,ok
100,4,0.2,RAOstar,7,198.33053320312501,0.18731641136628063,0.18358695495408028,550,48,True,d84d099493b973a63d879255d2221c1930d649aa,543f782d80ceb9555130e911c1fcf7074153d267,grid-100x100-h4-d1-r1-b0.2,a9784bbc6f85d2536d4912ddf3728addd97302a51e84e033320ec787d5b114b7,benchmarks/grid/fixed-duration/domain.rddl,benchmarks/grid/fixed-duration/grid-100x100-h4-d1-r1-b0.2.rddl,1,1,ok
100,4,0.2,RAOstar,8,198.33053320312501,0.18731641136628063,0.18912725197151303,550,48,True,d84d099493b973a63d879255d2221c1930d649aa,543f782d80ceb9555130e911c1fcf7074153d267,grid-100x100-h4-d1-r1-b0.2,a9784bbc6f85d2536d4912ddf3728addd97302a51e84e033320ec787d5b114b7,benchmarks/grid/fixed-duration/domain.rddl,benchmarks/grid/fixed-duration/grid-100x100-h4-d1-r1-b0.2.rddl,1,1,ok
100,4,0.2,RAOstar,9,198.33053320312501,0.18731641136628063,0.21413176297210157,550,48,True,d84d099493b973a63d879255d2221c1930d649aa,543f782d80ceb9555130e911c1fcf7074153d267,grid-100x100-h4-d1-r1-b0.2,a9784bbc6f85d2536d4912ddf3728addd97302a51e84e033320ec787d5b114b7,benchmarks/grid/fixed-duration/domain.rddl,benchmarks/grid/fixed-duration/grid-100x100-h4-d1-r1-b0.2.rddl,1,1,ok
100,4,0.2,RAOstar,10,198.33053320312501,0.18731641136628063,0.1895736550213769,550,48,True,d84d099493b973a63d879255d2221c1930d649aa,543f782d80ceb9555130e911c1fcf7074153d267,grid-100x100-h4-d1-r1-b0.2,a9784bbc6f85d2536d4912ddf3728addd97302a51e84e033320ec787d5b114b7,benchmarks/grid/fixed-duration/domain.rddl,benchmarks/grid/fixed-duration/grid-100x100-h4-d1-r1-b0.2.rddl,1,1,ok
100,4,0.2,RAOstar,11,198.33053320312501,0.18731641136628063,0.17817563097923994,550,48,True,d84d099493b973a63d879255d2221c1930d649aa,543f782d80ceb9555130e911c1fcf7074153d267,grid-100x100-h4-d1-r1-b0.2,a9784bbc6f85d2536d4912ddf3728addd97302a51e84e033320ec787d5b114b7,benchmarks/grid/fixed-duration/domain.rddl,benchmarks/grid/fixed-duration/grid-100x100-h4-d1-r1-b0.2.rddl,1,1,ok
100,4,0.2,RAOstar,12,198.33053320312501,0.18731641136628063,0.18304714490659535,550,48,True,d84d099493b973a63d879255d2221c1930d649aa,543f782d80ceb9555130e911c1fcf7074153d267,grid-100x100-h4-d1-r1-b0.2,a9784bbc6f85d2536d4912ddf3728addd97302a51e84e033320ec787d5b114b7,benchmarks/grid/fixed-duration/domain.rddl,benchmarks/grid/fixed-duration/grid-100x100-h4-d1-r1-b0.2.rddl,1,1,ok
100,4,0.2,RAOstar,13,198.33053320312501,0.18731641136628063,0.2135841699782759,550,48,True,d84d099493b973a63d879255d2221c1930d649aa,543f782d80ceb9555130e911c1fcf7074153d267,grid-100x100-h4-d1-r1-b0.2,a9784bbc6f85d2536d4912ddf3728addd97302a51e84e033320ec787d5b114b7,benchmarks/grid/fixed-duration/domain.rddl,benchmarks/grid/fixed-duration/grid-100x100-h4-d1-r1-b0.2.rddl,1,1,ok
100,4,0.2,RAOstar,14,198.33053320312501,0.18731641136628063,0.1885491559514776,550,48,True,d84d099493b973a63d879255d2221c1930d649aa,543f782d80ceb9555130e911c1fcf7074153d267,grid-100x100-h4-d1-r1-b0.2,a9784bbc6f85d2536d4912ddf3728addd97302a51e84e033320ec787d5b114b7,benchmarks/grid/fixed-duration/domain.rddl,benchmarks/grid/fixed-duration/grid-100x100-h4-d1-r1-b0.2.rddl,1,1,ok
100,4,0.2,RAOstar,15,198.33053320312501,0.18731641136628063,0.24452516506426036,550,48,True,d84d099493b973a63d879255d2221c1930d649aa,543f782d80ceb9555130e911c1fcf7074153d267,grid-100x100-h4-d1-r1-b0.2,a9784bbc6f85d2536d4912ddf3728addd97302a51e84e033320ec787d5b114b7,benchmarks/grid/fixed-duration/domain.rddl,benchmarks/grid/fixed-duration/grid-100x100-h4-d1-r1-b0.2.rddl,1,1,ok
100,4,0.2,RAOstar,16,198.33053320312501,0.18731641136628063,0.24163690803106874,550,48,True,d84d099493b973a63d879255d2221c1930d649aa,543f782d80ceb9555130e911c1fcf7074153d267,grid-100x100-h4-d1-r1-b0.2,a9784bbc6f85d2536d4912ddf3728addd97302a51e84e033320ec787d5b114b7,benchmarks/grid/fixed-duration/domain.rddl,benchmarks/grid/fixed-duration/grid-100x100-h4-d1-r1-b0.2.rddl,1,1,ok
100,4,0.2,RAOstar,17,198.33053320312501,0.18731641136628063,0.18582629994489253,550,48,True,d84d099493b973a63d879255d2221c1930d649aa,543f782d80ceb9555130e911c1fcf7074153d267,grid-100x100-h4-d1-r1-b0.2,a9784bbc6f85d2536d4912ddf3728addd97302a51e84e033320ec787d5b114b7,benchmarks/grid/fixed-duration/domain.rddl,benchmarks/grid/fixed-duration/grid-100x100-h4-d1-r1-b0.2.rddl,1,1,ok
100,4,0.2,RAOstar,18,198.33053320312501,0.18731641136628063,0.17899960197973996,550,48,True,d84d099493b973a63d879255d2221c1930d649aa,543f782d80ceb9555130e911c1fcf7074153d267,grid-100x100-h4-d1-r1-b0.2,a9784bbc6f85d2536d4912ddf3728addd97302a51e84e033320ec787d5b114b7,benchmarks/grid/fixed-duration/domain.rddl,benchmarks/grid/fixed-duration/grid-100x100-h4-d1-r1-b0.2.rddl,1,1,ok
100,4,0.2,RAOstar,19,198.33053320312501,0.18731641136628063,0.1868275230517611,550,48,True,d84d099493b973a63d879255d2221c1930d649aa,543f782d80ceb9555130e911c1fcf7074153d267,grid-100x100-h4-d1-r1-b0.2,a9784bbc6f85d2536d4912ddf3728addd97302a51e84e033320ec787d5b114b7,benchmarks/grid/fixed-duration/domain.rddl,benchmarks/grid/fixed-duration/grid-100x100-h4-d1-r1-b0.2.rddl,1,1,ok
100,4,0.2,RAOstar,20,198.33053320312501,0.18731641136628063,0.18136878998484462,550,48,True,d84d099493b973a63d879255d2221c1930d649aa,543f782d80ceb9555130e911c1fcf7074153d267,grid-100x100-h4-d1-r1-b0.2,a9784bbc6f85d2536d4912ddf3728addd97302a51e84e033320ec787d5b114b7,benchmarks/grid/fixed-duration/domain.rddl,benchmarks/grid/fixed-duration/grid-100x100-h4-d1-r1-b0.2.rddl,1,1,ok
100,4,0.2,RAOstar,21,198.33053320312501,0.18731641136628063,0.2223304839571938,550,48,True,d84d099493b973a63d879255d2221c1930d649aa,543f782d80ceb9555130e911c1fcf7074153d267,grid-100x100-h4-d1-r1-b0.2,a9784bbc6f85d2536d4912ddf3728addd97302a51e84e033320ec787d5b114b7,benchmarks/grid/fixed-duration/domain.rddl,benchmarks/grid/fixed-duration/grid-100x100-h4-d1-r1-b0.2.rddl,1,1,ok
100,4,0.2,RAOstar,22,198.33053320312501,0.18731641136628063,0.18495661194901913,550,48,True,d84d099493b973a63d879255d2221c1930d649aa,543f782d80ceb9555130e911c1fcf7074153d267,grid-100x100-h4-d1-r1-b0.2,a9784bbc6f85d2536d4912ddf3728addd97302a51e84e033320ec787d5b114b7,benchmarks/grid/fixed-duration/domain.rddl,benchmarks/grid/fixed-duration/grid-100x100-h4-d1-r1-b0.2.rddl,1,1,ok
100,4,0.2,RAOstar,23,198.33053320312501,0.18731641136628063,0.18202741397544742,550,48,True,d84d099493b973a63d879255d2221c1930d649aa,543f782d80ceb9555130e911c1fcf7074153d267,grid-100x100-h4-d1-r1-b0.2,a9784bbc6f85d2536d4912ddf3728addd97302a51e84e033320ec787d5b114b7,benchmarks/grid/fixed-duration/domain.rddl,benchmarks/grid/fixed-duration/grid-100x100-h4-d1-r1-b0.2.rddl,1,1,ok
100,4,0.2,RAOstar,24,198.33053320312501,0.18731641136628063,0.17811171198263764,550,48,True,d84d099493b973a63d879255d2221c1930d649aa,543f782d80ceb9555130e911c1fcf7074153d267,grid-100x100-h4-d1-r1-b0.2,a9784bbc6f85d2536d4912ddf3728addd97302a51e84e033320ec787d5b114b7,benchmarks/grid/fixed-duration/domain.rddl,benchmarks/grid/fixed-duration/grid-100x100-h4-d1-r1-b0.2.rddl,1,1,ok
100,4,0.2,RAOstar,25,198.33053320312501,0.18731641136628063,0.1842860570177436,550,48,True,d84d099493b973a63d879255d2221c1930d649aa,543f782d80ceb9555130e911c1fcf7074153d267,grid-100x100-h4-d1-r1-b0.2,a9784bbc6f85d2536d4912ddf3728addd97302a51e84e033320ec787d5b114b7,benchmarks/grid/fixed-duration/domain.rddl,benchmarks/grid/fixed-duration/grid-100x100-h4-d1-r1-b0.2.rddl,1,1,ok
100,4,0.3,RAOstar,1,198.33053320312501,0.18731641136628063,0.21048860310111195,712,60,True,d84d099493b973a63d879255d2221c1930d649aa,543f782d80ceb9555130e911c1fcf7074153d267,grid-100x100-h4-d1-r1-b0.3,b30c14420396edc8d81b69155512458a131dd8c4e5b0898038f77b8befd824c7,benchmarks/grid/fixed-duration/domain.rddl,benchmarks/grid/fixed-duration/grid-100x100-h4-d1-r1-b0.3.rddl,1,1,ok
100,4,0.3,RAOstar,2,198.33053320312501,0.18731641136628063,0.30362593196332455,712,60,True,d84d099493b973a63d879255d2221c1930d649aa,543f782d80ceb9555130e911c1fcf7074153d267,grid-100x100-h4-d1-r1-b0.3,b30c14420396edc8d81b69155512458a131dd8c4e5b0898038f77b8befd824c7,benchmarks/grid/fixed-duration/domain.rddl,benchmarks/grid/fixed-duration/grid-100x100-h4-d1-r1-b0.3.rddl,1,1,ok
100,4,0.3,RAOstar,3,198.33053320312501,0.18731641136628063,0.2156944670714438,712,60,True,d84d099493b973a63d879255d2221c1930d649aa,543f782d80ceb9555130e911c1fcf7074153d267,grid-100x100-h4-d1-r1-b0.3,b30c14420396edc8d81b69155512458a131dd8c4e5b0898038f77b8befd824c7,benchmarks/grid/fixed-duration/domain.rddl,benchmarks/grid/fixed-duration/grid-100x100-h4-d1-r1-b0.3.rddl,1,1,ok
100,4,0.3,RAOstar,4,198.33053320312501,0.18731641136628063,0.22028121596667916,712,60,True,d84d099493b973a63d879255d2221c1930d649aa,543f782d80ceb9555130e911c1fcf7074153d267,grid-100x100-h4-d1-r1-b0.3,b30c14420396edc8d81b69155512458a131dd8c4e5b0898038f77b8befd824c7,benchmarks/grid/fixed-duration/domain.rddl,benchmarks/grid/fixed-duration/grid-100x100-h4-d1-r1-b0.3.rddl,1,1,ok
100,4,0.3,RAOstar,5,198.33053320312501,0.18731641136628063,0.21738679893314838,712,60,True,d84d099493b973a63d879255d2221c1930d649aa,543f782d80ceb9555130e911c1fcf7074153d267,grid-100x100-h4-d1-r1-b0.3,b30c14420396edc8d81b69155512458a131dd8c4e5b0898038f77b8befd824c7,benchmarks/grid/fixed-duration/domain.rddl,benchmarks/grid/fixed-duration/grid-100x100-h4-d1-r1-b0.3.rddl,1,1,ok
100,4,0.3,RAOstar,6,198.33053320312501,0.18731641136628063,0.21549043897539377,712,60,True,d84d099493b973a63d879255d2221c1930d649aa,543f782d80ceb9555130e911c1fcf7074153d267,grid-100x100-h4-d1-r1-b0.3,b30c14420396edc8d81b69155512458a131dd8c4e5b0898038f77b8befd824c7,benchmarks/grid/fixed-duration/domain.rddl,benchmarks/grid/fixed-duration/grid-100x100-h4-d1-r1-b0.3.rddl,1,1,ok
100,4,0.3,RAOstar,7,198.33053320312501,0.18731641136628063,0.2160161999054253,712,60,True,d84d099493b973a63d879255d2221c1930d649aa,543f782d80ceb9555130e911c1fcf7074153d267,grid-100x100-h4-d1-r1-b0.3,b30c14420396edc8d81b69155512458a131dd8c4e5b0898038f77b8befd824c7,benchmarks/grid/fixed-duration/domain.rddl,benchmarks/grid/fixed-duration/grid-100x100-h4-d1-r1-b0.3.rddl,1,1,ok
100,4,0.3,RAOstar,8,198.33053320312501,0.18731641136628063,0.21499157696962357,712,60,True,d84d099493b973a63d879255d2221c1930d649aa,543f782d80ceb9555130e911c1fcf7074153d267,grid-100x100-h4-d1-r1-b0.3,b30c14420396edc8d81b69155512458a131dd8c4e5b0898038f77b8befd824c7,benchmarks/grid/fixed-duration/domain.rddl,benchmarks/grid/fixed-duration/grid-100x100-h4-d1-r1-b0.3.rddl,1,1,ok
100,4,0.3,RAOstar,9,198.33053320312501,0.18731641136628063,0.21408864809200168,712,60,True,d84d099493b973a63d879255d2221c1930d649aa,543f782d80ceb9555130e911c1fcf7074153d267,grid-100x100-h4-d1-r1-b0.3,b30c14420396edc8d81b69155512458a131dd8c4e5b0898038f77b8befd824c7,benchmarks/grid/fixed-duration/domain.rddl,benchmarks/grid/fixed-duration/grid-100x100-h4-d1-r1-b0.3.rddl,1,1,ok
100,4,0.3,RAOstar,10,198.33053320312501,0.18731641136628063,0.21068226802162826,712,60,True,d84d099493b973a63d879255d2221c1930d649aa,543f782d80ceb9555130e911c1fcf7074153d267,grid-100x100-h4-d1-r1-b0.3,b30c14420396edc8d81b69155512458a131dd8c4e5b0898038f77b8befd824c7,benchmarks/grid/fixed-duration/domain.rddl,benchmarks/grid/fixed-duration/grid-100x100-h4-d1-r1-b0.3.rddl,1,1,ok
100,4,0.3,RAOstar,11,198.33053320312501,0.18731641136628063,0.20951039204373956,712,60,True,d84d099493b973a63d879255d2221c1930d649aa,543f782d80ceb9555130e911c1fcf7074153d267,grid-100x100-h4-d1-r1-b0.3,b30c14420396edc8d81b69155512458a131dd8c4e5b0898038f77b8befd824c7,benchmarks/grid/fixed-duration/domain.rddl,benchmarks/grid/fixed-duration/grid-100x100-h4-d1-r1-b0.3.rddl,1,1,ok
100,4,0.3,RAOstar,12,198.33053320312501,0.18731641136628063,0.23348269902635366,712,60,True,d84d099493b973a63d879255d2221c1930d649aa,543f782d80ceb9555130e911c1fcf7074153d267,grid-100x100-h4-d1-r1-b0.3,b30c14420396edc8d81b69155512458a131dd8c4e5b0898038f77b8befd824c7,benchmarks/grid/fixed-duration/domain.rddl,benchmarks/grid/fixed-duration/grid-100x100-h4-d1-r1-b0.3.rddl,1,1,ok
100,4,0.3,RAOstar,13,198.33053320312501,0.18731641136628063,0.22684610600117594,712,60,True,d84d099493b973a63d879255d2221c1930d649aa,543f782d80ceb9555130e911c1fcf7074153d267,grid-100x100-h4-d1-r1-b0.3,b30c14420396edc8d81b69155512458a131dd8c4e5b0898038f77b8befd824c7,benchmarks/grid/fixed-duration/domain.rddl,benchmarks/grid/fixed-duration/grid-100x100-h4-d1-r1-b0.3.rddl,1,1,ok
100,4,0.3,RAOstar,14,198.33053320312501,0.18731641136628063,0.23565624607726932,712,60,True,d84d099493b973a63d879255d2221c1930d649aa,543f782d80ceb9555130e911c1fcf7074153d267,grid-100x100-h4-d1-r1-b0.3,b30c14420396edc8d81b69155512458a131dd8c4e5b0898038f77b8befd824c7,benchmarks/grid/fixed-duration/domain.rddl,benchmarks/grid/fixed-duration/grid-100x100-h4-d1-r1-b0.3.rddl,1,1,ok
100,4,0.3,RAOstar,15,198.33053320312501,0.18731641136628063,0.20554819190874696,712,60,True,d84d099493b973a63d879255d2221c1930d649aa,543f782d80ceb9555130e911c1fcf7074153d267,grid-100x100-h4-d1-r1-b0.3,b30c14420396edc8d81b69155512458a131dd8c4e5b0898038f77b8befd824c7,benchmarks/grid/fixed-duration/domain.rddl,benchmarks/grid/fixed-duration/grid-100x100-h4-d1-r1-b0.3.rddl,1,1,ok
100,4,0.3,RAOstar,16,198.33053320312501,0.18731641136628063,0.21290506701916456,712,60,True,d84d099493b973a63d879255d2221c1930d649aa,543f782d80ceb9555130e911c1fcf7074153d267,grid-100x100-h4-d1-r1-b0.3,b30c14420396edc8d81b69155512458a131dd8c4e5b0898038f77b8befd824c7,benchmarks/grid/fixed-duration/domain.rddl,benchmarks/grid/fixed-duration/grid-100x100-h4-d1-r1-b0.3.rddl,1,1,ok
100,4,0.3,RAOstar,17,198.33053320312501,0.18731641136628063,0.22039619099814445,712,60,True,d84d099493b973a63d879255d2221c1930d649aa,543f782d80ceb9555130e911c1fcf7074153d267,grid-100x100-h4-d1-r1-b0.3,b30c14420396edc8d81b69155512458a131dd8c4e5b0898038f77b8befd824c7,benchmarks/grid/fixed-duration/domain.rddl,benchmarks/grid/fixed-duration/grid-100x100-h4-d1-r1-b0.3.rddl,1,1,ok
100,4,0.3,RAOstar,18,198.33053320312501,0.18731641136628063,0.20850686402991414,712,60,True,d84d099493b973a63d879255d2221c1930d649aa,543f782d80ceb9555130e911c1fcf7074153d267,grid-100x100-h4-d1-r1-b0.3,b30c14420396edc8d81b69155512458a131dd8c4e5b0898038f77b8befd824c7,benchmarks/grid/fixed-duration/domain.rddl,benchmarks/grid/fixed-duration/grid-100x100-h4-d1-r1-b0.3.rddl,1,1,ok
100,4,0.3,RAOstar,19,198.33053320312501,0.18731641136628063,0.26136934105306864,712,60,True,d84d099493b973a63d879255d2221c1930d649aa,543f782d80ceb9555130e911c1fcf7074153d267,grid-100x100-h4-d1-r1-b0.3,b30c14420396edc8d81b69155512458a131dd8c4e5b0898038f77b8befd824c7,benchmarks/grid/fixed-duration/domain.rddl,benchmarks/grid/fixed-duration/grid-100x100-h4-d1-r1-b0.3.rddl,1,1,ok
100,4,0.3,RAOstar,20,198.33053320312501,0.18731641136628063,0.24160075304098427,712,60,True,d84d099493b973a63d879255d2221c1930d649aa,543f782d80ceb9555130e911c1fcf7074153d267,grid-100x100-h4-d1-r1-b0.3,b30c14420396edc8d81b69155512458a131dd8c4e5b0898038f77b8befd824c7,benchmarks/grid/fixed-duration/domain.rddl,benchmarks/grid/fixed-duration/grid-100x100-h4-d1-r1-b0.3.rddl,1,1,ok
100,4,0.3,RAOstar,21,198.33053320312501,0.18731641136628063,0.21239789901301265,712,60,True,d84d099493b973a63d879255d2221c1930d649aa,543f782d80ceb9555130e911c1fcf7074153d267,grid-100x100-h4-d1-r1-b0.3,b30c14420396edc8d81b69155512458a131dd8c4e5b0898038f77b8befd824c7,benchmarks/grid/fixed-duration/domain.rddl,benchmarks/grid/fixed-duration/grid-100x100-h4-d1-r1-b0.3.rddl,1,1,ok
100,4,0.3,RAOstar,22,198.33053320312501,0.18731641136628063,0.23520187300164253,712,60,True,d84d099493b973a63d879255d2221c1930d649aa,543f782d80ceb9555130e911c1fcf7074153d267,grid-100x100-h4-d1-r1-b0.3,b30c14420396edc8d81b69155512458a131dd8c4e5b0898038f77b8befd824c7,benchmarks/grid/fixed-duration/domain.rddl,benchmarks/grid/fixed-duration/grid-100x100-h4-d1-r1-b0.3.rddl,1,1,ok
100,4,0.3,RAOstar,23,198.33053320312501,0.18731641136628063,0.21504842001013458,712,60,True,d84d099493b973a63d879255d2221c1930d649aa,543f782d80ceb9555130e911c1fcf7074153d267,grid-100x100-h4-d1-r1-b0.3,b30c14420396edc8d81b69155512458a131dd8c4e5b0898038f77b8befd824c7,benchmarks/grid/fixed-duration/domain.rddl,benchmarks/grid/fixed-duration/grid-100x100-h4-d1-r1-b0.3.rddl,1,1,ok
100,4,0.3,RAOstar,24,198.33053320312501,0.18731641136628063,0.22776911698747426,712,60,True,d84d099493b973a63d879255d2221c1930d649aa,543f782d80ceb9555130e911c1fcf7074153d267,grid-100x100-h4-d1-r1-b0.3,b30c14420396edc8d81b69155512458a131dd8c4e5b0898038f77b8befd824c7,benchmarks/grid/fixed-duration/domain.rddl,benchmarks/grid/fixed-duration/grid-100x100-h4-d1-r1-b0.3.rddl,1,1,ok
100,4,0.3,RAOstar,25,198.33053320312501,0.18731641136628063,0.2274769360665232,712,60,True,d84d099493b973a63d879255d2221c1930d649aa,543f782d80ceb9555130e911c1fcf7074153d267,grid-100x100-h4-d1-r1-b0.3,b30c14420396edc8d81b69155512458a131dd8c4e5b0898038f77b8befd824c7,benchmarks/grid/fixed-duration/domain.rddl,benchmarks/grid/fixed-duration/grid-100x100-h4-d1-r1-b0.3.rddl,1,1,ok
100,5,0.1,RAOstar,1,201.18391465950282,0.08422271686428381,3.190746163018048,4978,455,True,d84d099493b973a63d879255d2221c1930d649aa,543f782d80ceb9555130e911c1fcf7074153d267,grid-100x100-h5-d1-r1-b0.1,d32cfe0f1c70979bdeda736bced0cc69d18fdf26a69cbe3f45355bd53da6643f,benchmarks/grid/fixed-duration/domain.rddl,benchmarks/grid/fixed-duration/grid-100x100-h5-d1-r1-b0.1.rddl,1,1,ok
100,5,0.1,RAOstar,2,201.18391465950282,0.08422271686428381,3.282939995988272,4978,455,True,d84d099493b973a63d879255d2221c1930d649aa,543f782d80ceb9555130e911c1fcf7074153d267,grid-100x100-h5-d1-r1-b0.1,d32cfe0f1c70979bdeda736bced0cc69d18fdf26a69cbe3f45355bd53da6643f,benchmarks/grid/fixed-duration/domain.rddl,benchmarks/grid/fixed-duration/grid-100x100-h5-d1-r1-b0.1.rddl,1,1,ok
100,5,0.1,RAOstar,3,201.18391465950282,0.08422271686428381,3.3808516999706626,4978,455,True,d84d099493b973a63d879255d2221c1930d649aa,543f782d80ceb9555130e911c1fcf7074153d267,grid-100x100-h5-d1-r1-b0.1,d32cfe0f1c70979bdeda736bced0cc69d18fdf26a69cbe3f45355bd53da6643f,benchmarks/grid/fixed-duration/domain.rddl,benchmarks/grid/fixed-duration/grid-100x100-h5-d1-r1-b0.1.rddl,1,1,ok
100,5,0.1,RAOstar,4,201.18391465950282,0.08422271686428381,3.267540211090818,4978,455,True,d84d099493b973a63d879255d2221c1930d649aa,543f782d80ceb9555130e911c1fcf7074153d267,grid-100x100-h5-d1-r1-b0.1,d32cfe0f1c70979bdeda736bced0cc69d18fdf26a69cbe3f45355bd53da6643f,benchmarks/grid/fixed-duration/domain.rddl,benchmarks/grid/fixed-duration/grid-100x100-h5-d1-r1-b0.1.rddl,1,1,ok
100,5,0.1,RAOstar,5,201.18391465950282,0.08422271686428381,3.316971476073377,4978,455,True,d84d099493b973a63d879255d2221c1930d649aa,543f782d80ceb9555130e911c1fcf7074153d267,grid-100x100-h5-d1-r1-b0.1,d32cfe0f1c70979bdeda736bced0cc69d18fdf26a69cbe3f45355bd53da6643f,benchmarks/grid/fixed-duration/domain.rddl,benchmarks/grid/fixed-duration/grid-100x100-h5-d1-r1-b0.1.rddl,1,1,ok
100,5,0.1,RAOstar,6,201.18391465950282,0.08422271686428381,3.2979542090324685,4978,455,True,d84d099493b973a63d879255d2221c1930d649aa,543f782d80ceb9555130e911c1fcf7074153d267,grid-100x100-h5-d1-r1-b0.1,d32cfe0f1c70979bdeda736bced0cc69d18fdf26a69cbe3f45355bd53da6643f,benchmarks/grid/fixed-duration/domain.rddl,benchmarks/grid/fixed-duration/grid-100x100-h5-d1-r1-b0.1.rddl,1,1,ok
100,5,0.1,RAOstar,7,201.18391465950282,0.08422271686428381,3.4467511610127985,4978,455,True,d84d099493b973a63d879255d2221c1930d649aa,543f782d80ceb9555130e911c1fcf7074153d267,grid-100x100-h5-d1-r1-b0.1,d32cfe0f1c70979bdeda736bced0cc69d18fdf26a69cbe3f45355bd53da6643f,benchmarks/grid/fixed-duration/domain.rddl,benchmarks/grid/fixed-duration/grid-100x100-h5-d1-r1-b0.1.rddl,1,1,ok
100,5,0.1,RAOstar,8,201.18391465950282,0.08422271686428381,3.4281243750592694,4978,455,True,d84d099493b973a63d879255d2221c1930d649aa,543f782d80ceb9555130e911c1fcf7074153d267,grid-100x100-h5-d1-r1-b0.1,d32cfe0f1c70979bdeda736bced0cc69d18fdf26a69cbe3f45355bd53da6643f,benchmarks/grid/fixed-duration/domain.rddl,benchmarks/grid/fixed-duration/grid-100x100-h5-d1-r1-b0.1.rddl,1,1,ok
100,5,0.1,RAOstar,9,201.18391465950282,0.08422271686428381,3.2374106160132214,4978,455,True,d84d099493b973a63d879255d2221c1930d649aa,543f782d80ceb9555130e911c1fcf7074153d267,grid-100x100-h5-d1-r1-b0.1,d32cfe0f1c70979bdeda736bced0cc69d18fdf26a69cbe3f45355bd53da6643f,benchmarks/grid/fixed-duration/domain.rddl,benchmarks/grid/fixed-duration/grid-100x100-h5-d1-r1-b0.1.rddl,1,1,ok
100,5,0.1,RAOstar,10,201.18391465950282,0.08422271686428381,3.273834199993871,4978,455,True,d84d099493b973a63d879255d2221c1930d649aa,543f782d80ceb9555130e911c1fcf7074153d267,grid-100x100-h5-d1-r1-b0.1,d32cfe0f1c70979bdeda736bced0cc69d18fdf26a69cbe3f45355bd53da6643f,benchmarks/grid/fixed-duration/domain.rddl,benchmarks/grid/fixed-duration/grid-100x100-h5-d1-r1-b0.1.rddl,1,1,ok
100,5,0.1,RAOstar,11,201.18391465950282,0.08422271686428381,3.541195004945621,4978,455,True,d84d099493b973a63d879255d2221c1930d649aa,543f782d80ceb9555130e911c1fcf7074153d267,grid-100x100-h5-d1-r1-b0.1,d32cfe0f1c70979bdeda736bced0cc69d18fdf26a69cbe3f45355bd53da6643f,benchmarks/grid/fixed-duration/domain.rddl,benchmarks/grid/fixed-duration/grid-100x100-h5-d1-r1-b0.1.rddl,1,1,ok
100,5,0.1,RAOstar,12,201.18391465950282,0.08422271686428381,3.279715270968154,4978,455,True,d84d099493b973a63d879255d2221c1930d649aa,543f782d80ceb9555130e911c1fcf7074153d267,grid-100x100-h5-d1-r1-b0.1,d32cfe0f1c70979bdeda736bced0cc69d18fdf26a69cbe3f45355bd53da6643f,benchmarks/grid/fixed-duration/domain.rddl,benchmarks/grid/fixed-duration/grid-100x100-h5-d1-r1-b0.1.rddl,1,1,ok
100,5,0.1,RAOstar,13,201.18391465950282,0.08422271686428381,3.574339388986118,4978,455,True,d84d099493b973a63d879255d2221c1930d649aa,543f782d80ceb9555130e911c1fcf7074153d267,grid-100x100-h5-d1-r1-b0.1,d32cfe0f1c70979bdeda736bced0cc69d18fdf26a69cbe3f45355bd53da6643f,benchmarks/grid/fixed-duration/domain.rddl,benchmarks/grid/fixed-duration/grid-100x100-h5-d1-r1-b0.1.rddl,1,1,ok
100,5,0.1,RAOstar,14,201.18391465950282,0.08422271686428381,3.551469105994329,4978,455,True,d84d099493b973a63d879255d2221c1930d649aa,543f782d80ceb9555130e911c1fcf7074153d267,grid-100x100-h5-d1-r1-b0.1,d32cfe0f1c70979bdeda736bced0cc69d18fdf26a69cbe3f45355bd53da6643f,benchmarks/grid/fixed-duration/domain.rddl,benchmarks/grid/fixed-duration/grid-100x100-h5-d1-r1-b0.1.rddl,1,1,ok
100,5,0.1,RAOstar,15,201.18391465950282,0.08422271686428381,3.4413943090476096,4978,455,True,d84d099493b973a63d879255d2221c1930d649aa,543f782d80ceb9555130e911c1fcf7074153d267,grid-100x100-h5-d1-r1-b0.1,d32cfe0f1c70979bdeda736bced0cc69d18fdf26a69cbe3f45355bd53da6643f,benchmarks/grid/fixed-duration/domain.rddl,benchmarks/grid/fixed-duration/grid-100x100-h5-d1-r1-b0.1.rddl,1,1,ok
100,5,0.1,RAOstar,16,201.18391465950282,0.08422271686428381,3.2972465810598806,4978,455,True,d84d099493b973a63d879255d2221c1930d649aa,543f782d80ceb9555130e911c1fcf7074153d267,grid-100x100-h5-d1-r1-b0.1,d32cfe0f1c70979bdeda736bced0cc69d18fdf26a69cbe3f45355bd53da6643f,benchmarks/grid/fixed-duration/domain.rddl,benchmarks/grid/fixed-duration/grid-100x100-h5-d1-r1-b0.1.rddl,1,1,ok
100,5,0.1,RAOstar,17,201.18391465950282,0.08422271686428381,3.7351817849557847,4978,455,True,d84d099493b973a63d879255d2221c1930d649aa,543f782d80ceb9555130e911c1fcf7074153d267,grid-100x100-h5-d1-r1-b0.1,d32cfe0f1c70979bdeda736bced0cc69d18fdf26a69cbe3f45355bd53da6643f,benchmarks/grid/fixed-duration/domain.rddl,benchmarks/grid/fixed-duration/grid-100x100-h5-d1-r1-b0.1.rddl,1,1,ok
100,5,0.1,RAOstar,18,201.18391465950282,0.08422271686428381,3.5805228240787983,4978,455,True,d84d099493b973a63d879255d2221c1930d649aa,543f782d80ceb9555130e911c1fcf7074153d267,grid-100x100-h5-d1-r1-b0.1,d32cfe0f1c70979bdeda736bced0cc69d18fdf26a69cbe3f45355bd53da6643f,benchmarks/grid/fixed-duration/domain.rddl,benchmarks/grid/fixed-duration/grid-100x100-h5-d1-r1-b0.1.rddl,1,1,ok
100,5,0.1,RAOstar,19,201.18391465950282,0.08422271686428381,3.343329997966066,4978,455,True,d84d099493b973a63d879255d2221c1930d649aa,543f782d80ceb9555130e911c1fcf7074153d267,grid-100x100-h5-d1-r1-b0.1,d32cfe0f1c70979bdeda736bced0cc69d18fdf26a69cbe3f45355bd53da6643f,benchmarks/grid/fixed-duration/domain.rddl,benchmarks/grid/fixed-duration/grid-100x100-h5-d1-r1-b0.1.rddl,1,1,ok
100,5,0.1,RAOstar,20,201.18391465950282,0.08422271686428381,3.4972584809875116,4978,455,True,d84d099493b973a63d879255d2221c1930d649aa,543f782d80ceb9555130e911c1fcf7074153d267,grid-100x100-h5-d1-r1-b0.1,d32cfe0f1c70979bdeda736bced0cc69d18fdf26a69cbe3f45355bd53da6643f,benchmarks/grid/fixed-duration/domain.rddl,benchmarks/grid/fixed-duration/grid-100x100-h5-d1-r1-b0.1.rddl,1,1,ok
100,5,0.1,RAOstar,21,201.18391465950282,0.08422271686428381,3.194246636936441,4978,455,True,d84d099493b973a63d879255d2221c1930d649aa,543f782d80ceb9555130e911c1fcf7074153d267,grid-100x100-h5-d1-r1-b0.1,d32cfe0f1c70979bdeda736bced0cc69d18fdf26a69cbe3f45355bd53da6643f,benchmarks/grid/fixed-duration/domain.rddl,benchmarks/grid/fixed-duration/grid-100x100-h5-d1-r1-b0.1.rddl,1,1,ok
100,5,0.1,RAOstar,22,201.18391465950282,0.08422271686428381,3.656718131969683,4978,455,True,d84d099493b973a63d879255d2221c1930d649aa,543f782d80ceb9555130e911c1fcf7074153d267,grid-100x100-h5-d1-r1-b0.1,d32cfe0f1c70979bdeda736bced0cc69d18fdf26a69cbe3f45355bd53da6643f,benchmarks/grid/fixed-duration/domain.rddl,benchmarks/grid/fixed-duration/grid-100x100-h5-d1-r1-b0.1.rddl,1,1,ok
100,5,0.1,RAOstar,23,201.18391465950282,0.08422271686428381,3.3037170069292188,4978,455,True,d84d099493b973a63d879255d2221c1930d649aa,543f782d80ceb9555130e911c1fcf7074153d267,grid-100x100-h5-d1-r1-b0.1,d32cfe0f1c70979bdeda736bced0cc69d18fdf26a69cbe3f45355bd53da6643f,benchmarks/grid/fixed-duration/domain.rddl,benchmarks/grid/fixed-duration/grid-100x100-h5-d1-r1-b0.1.rddl,1,1,ok
100,5,0.1,RAOstar,24,201.18391465950282,0.08422271686428381,3.4165497600333765,4978,455,True,d84d099493b973a63d879255d2221c1930d649aa,543f782d80ceb9555130e911c1fcf7074153d267,grid-100x100-h5-d1-r1-b0.1,d32cfe0f1c70979bdeda736bced0cc69d18fdf26a69cbe3f45355bd53da6643f,benchmarks/grid/fixed-duration/domain.rddl,benchmarks/grid/fixed-duration/grid-100x100-h5-d1-r1-b0.1.rddl,1,1,ok
100,5,0.1,RAOstar,25,201.18391465950282,0.08422271686428381,3.4104169679339975,4978,455,True,d84d099493b973a63d879255d2221c1930d649aa,543f782d80ceb9555130e911c1fcf7074153d267,grid-100x100-h5-d1-r1-b0.1,d32cfe0f1c70979bdeda736bced0cc69d18fdf26a69cbe3f45355bd53da6643f,benchmarks/grid/fixed-duration/domain.rddl,benchmarks/grid/fixed-duration/grid-100x100-h5-d1-r1-b0.1.rddl,1,1,ok
100,5,0.2,RAOstar,1,198.42357029296878,0.1877289628116954,1.470211576903239,2104,178,True,d84d099493b973a63d879255d2221c1930d649aa,543f782d80ceb9555130e911c1fcf7074153d267,grid-100x100-h5-d1-r1-b0.2,596c7bb3edf18336bbddbc87f66807023abd0e8d3abb2f7784bcc0a7a6a0b704,benchmarks/grid/fixed-duration/domain.rddl,benchmarks/grid/fixed-duration/grid-100x100-h5-d1-r1-b0.2.rddl,1,1,ok
100,5,0.2,RAOstar,2,198.42357029296878,0.1877289628116954,1.484471964999102,2104,178,True,d84d099493b973a63d879255d2221c1930d649aa,543f782d80ceb9555130e911c1fcf7074153d267,grid-100x100-h5-d1-r1-b0.2,596c7bb3edf18336bbddbc87f66807023abd0e8d3abb2f7784bcc0a7a6a0b704,benchmarks/grid/fixed-duration/domain.rddl,benchmarks/grid/fixed-duration/grid-100x100-h5-d1-r1-b0.2.rddl,1,1,ok
100,5,0.2,RAOstar,3,198.42357029296878,0.1877289628116954,1.4406896450091153,2104,178,True,d84d099493b973a63d879255d2221c1930d649aa,543f782d80ceb9555130e911c1fcf7074153d267,grid-100x100-h5-d1-r1-b0.2,596c7bb3edf18336bbddbc87f66807023abd0e8d3abb2f7784bcc0a7a6a0b704,benchmarks/grid/fixed-duration/domain.rddl,benchmarks/grid/fixed-duration/grid-100x100-h5-d1-r1-b0.2.rddl,1,1,ok
100,5,0.2,RAOstar,4,198.42357029296878,0.1877289628116954,1.5773499340284616,2104,178,True,d84d099493b973a63d879255d2221c1930d649aa,543f782d80ceb9555130e911c1fcf7074153d267,grid-100x100-h5-d1-r1-b0.2,596c7bb3edf18336bbddbc87f66807023abd0e8d3abb2f7784bcc0a7a6a0b704,benchmarks/grid/fixed-duration/domain.rddl,benchmarks/grid/fixed-duration/grid-100x100-h5-d1-r1-b0.2.rddl,1,1,ok
100,5,0.2,RAOstar,5,198.42357029296878,0.1877289628116954,1.4010826390003785,2104,178,True,d84d099493b973a63d879255d2221c1930d649aa,543f782d80ceb9555130e911c1fcf7074153d267,grid-100x100-h5-d1-r1-b0.2,596c7bb3edf18336bbddbc87f66807023abd0e8d3abb2f7784bcc0a7a6a0b704,benchmarks/grid/fixed-duration/domain.rddl,benchmarks/grid/fixed-duration/grid-100x100-h5-d1-r1-b0.2.rddl,1,1,ok
100,5,0.2,RAOstar,6,198.42357029296878,0.1877289628116954,1.4763955229427665,2104,178,True,d84d099493b973a63d879255d2221c1930d649aa,543f782d80ceb9555130e911c1fcf7074153d267,grid-100x100-h5-d1-r1-b0.2,596c7bb3edf18336bbddbc87f66807023abd0e8d3abb2f7784bcc0a7a6a0b704,benchmarks/grid/fixed-duration/domain.rddl,benchmarks/grid/fixed-duration/grid-100x100-h5-d1-r1-b0.2.rddl,1,1,ok
100,5,0.2,RAOstar,7,198.42357029296878,0.1877289628116954,1.4479473239043728,2104,178,True,d84d099493b973a63d879255d2221c1930d649aa,543f782d80ceb9555130e911c1fcf7074153d267,grid-100x100-h5-d1-r1-b0.2,596c7bb3edf18336bbddbc87f66807023abd0e8d3abb2f7784bcc0a7a6a0b704,benchmarks/grid/fixed-duration/domain.rddl,benchmarks/grid/fixed-duration/grid-100x100-h5-d1-r1-b0.2.rddl,1,1,ok
100,5,0.2,RAOstar,8,198.42357029296878,0.1877289628116954,1.4875745360041037,2104,178,True,d84d099493b973a63d879255d2221c1930d649aa,543f782d80ceb9555130e911c1fcf7074153d267,grid-100x100-h5-d1-r1-b0.2,596c7bb3edf18336bbddbc87f66807023abd0e8d3abb2f7784bcc0a7a6a0b704,benchmarks/grid/fixed-duration/domain.rddl,benchmarks/grid/fixed-duration/grid-100x100-h5-d1-r1-b0.2.rddl,1,1,ok
100,5,0.2,RAOstar,9,198.42357029296878,0.1877289628116954,1.532816483057104,2104,178,True,d84d099493b973a63d879255d2221c1930d649aa,543f782d80ceb9555130e911c1fcf7074153d267,grid-100x100-h5-d1-r1-b0.2,596c7bb3edf18336bbddbc87f66807023abd0e8d3abb2f7784bcc0a7a6a0b704,benchmarks/grid/fixed-duration/domain.rddl,benchmarks/grid/fixed-duration/grid-100x100-h5-d1-r1-b0.2.rddl,1,1,ok
100,5,0.2,RAOstar,10,198.42357029296878,0.1877289628116954,1.413882944965735,2104,178,True,d84d099493b973a63d879255d2221c1930d649aa,543f782d80ceb9555130e911c1fcf7074153d267,grid-100x100-h5-d1-r1-b0.2,596c7bb3edf18336bbddbc87f66807023abd0e8d3abb2f7784bcc0a7a6a0b704,benchmarks/grid/fixed-duration/domain.rddl,benchmarks/grid/fixed-duration/grid-100x100-h5-d1-r1-b0.2.rddl,1,1,ok
100,5,0.2,RAOstar,11,198.42357029296878,0.1877289628116954,1.5552996479673311,2104,178,True,d84d099493b973a63d879255d2221c1930d649aa,543f782d80ceb9555130e911c1fcf7074153d267,grid-100x100-h5-d1-r1-b0.2,596c7bb3edf18336bbddbc87f66807023abd0e8d3abb2f7784bcc0a7a6a0b704,benchmarks/grid/fixed-duration/domain.rddl,benchmarks/grid/fixed-duration/grid-100x100-h5-d1-r1-b0.2.rddl,1,1,ok
100,5,0.2,RAOstar,12,198.42357029296878,0.1877289628116954,1.444198549957946,2104,178,True,d84d099493b973a63d879255d2221c1930d649aa,543f782d80ceb9555130e911c1fcf7074153d267,grid-100x100-h5-d1-r1-b0.2,596c7bb3edf18336bbddbc87f66807023abd0e8d3abb2f7784bcc0a7a6a0b704,benchmarks/grid/fixed-duration/domain.rddl,benchmarks/grid/fixed-duration/grid-100x100-h5-d1-r1-b0.2.rddl,1,1,ok
100,5,0.2,RAOstar,13,198.42357029296878,0.1877289628116954,1.6735616580117494,2104,178,True,d84d099493b973a63d879255d2221c1930d649aa,543f782d80ceb9555130e911c1fcf7074153d267,grid-100x100-h5-d1-r1-b0.2,596c7bb3edf18336bbddbc87f66807023abd0e8d3abb2f7784bcc0a7a6a0b704,benchmarks/grid/fixed-duration/domain.rddl,benchmarks/grid/fixed-duration/grid-100x100-h5-d1-r1-b0.2.rddl,1,1,ok
100,5,0.2,RAOstar,14,198.42357029296878,0.1877289628116954,1.4530339180491865,2104,178,True,d84d099493b973a63d879255d2221c1930d649aa,543f782d80ceb9555130e911c1fcf7074153d267,grid-100x100-h5-d1-r1-b0.2,596c7bb3edf18336bbddbc87f66807023abd0e8d3abb2f7784bcc0a7a6a0b704,benchmarks/grid/fixed-duration/domain.rddl,benchmarks/grid/fixed-duration/grid-100x100-h5-d1-r1-b0.2.rddl,1,1,ok
100,5,0.2,RAOstar,15,198.42357029296878,0.1877289628116954,1.4811614789068699,2104,178,True,d84d099493b973a63d879255d2221c1930d649aa,543f782d80ceb9555130e911c1fcf7074153d267,grid-100x100-h5-d1-r1-b0.2,596c7bb3edf18336bbddbc87f66807023abd0e8d3abb2f7784bcc0a7a6a0b704,benchmarks/grid/fixed-duration/domain.rddl,benchmarks/grid/fixed-duration/grid-100x100-h5-d1-r1-b0.2.rddl,1,1,ok
100,5,0.2,RAOstar,16,198.42357029296878,0.1877289628116954,1.4323221819940954,2104,178,True,d84d099493b973a63d879255d2221c1930d649aa,543f782d80ceb9555130e911c1fcf7074153d267,grid-100x100-h5-d1-r1-b0.2,596c7bb3edf18336bbddbc87f66807023abd0e8d3abb2f7784bcc0a7a6a0b704,benchmarks/grid/fixed-duration/domain.rddl,benchmarks/grid/fixed-duration/grid-100x100-h5-d1-r1-b0.2.rddl,1,1,ok
100,5,0.2,RAOstar,17,198.42357029296878,0.1877289628116954,1.4986008800333366,2104,178,True,d84d099493b973a63d879255d2221c1930d649aa,543f782d80ceb9555130e911c1fcf7074153d267,grid-100x100-h5-d1-r1-b0.2,596c7bb3edf18336bbddbc87f66807023abd0e8d3abb2f7784bcc0a7a6a0b704,benchmarks/grid/fixed-duration/domain.rddl,benchmarks/grid/fixed-duration/grid-100x100-h5-d1-r1-b0.2.rddl,1,1,ok
100,5,0.2,RAOstar,18,198.42357029296878,0.1877289628116954,1.6526759279659018,2104,178,True,d84d099493b973a63d879255d2221c1930d649aa,543f782d80ceb9555130e911c1fcf7074153d267,grid-100x100-h5-d1-r1-b0.2,596c7bb3edf18336bbddbc87f66807023abd0e8d3abb2f7784bcc0a7a6a0b704,benchmarks/grid/fixed-duration/domain.rddl,benchmarks/grid/fixed-duration/grid-100x100-h5-d1-r1-b0.2.rddl,1,1,ok
100,5,0.2,RAOstar,19,198.42357029296878,0.1877289628116954,1.4971800990169868,2104,178,True,d84d099493b973a63d879255d2221c1930d649aa,543f782d80ceb9555130e911c1fcf7074153d267,grid-100x100-h5-d1-r1-b0.2,596c7bb3edf18336bbddbc87f66807023abd0e8d3abb2f7784bcc0a7a6a0b704,benchmarks/grid/fixed-duration/domain.rddl,benchmarks/grid/fixed-duration/grid-100x100-h5-d1-r1-b0.2.rddl,1,1,ok
100,5,0.2,RAOstar,20,198.42357029296878,0.1877289628116954,1.5086087780073285,2104,178,True,d84d099493b973a63d879255d2221c1930d649aa,543f782d80ceb9555130e911c1fcf7074153d267,grid-100x100-h5-d1-r1-b0.2,596c7bb3edf18336bbddbc87f66807023abd0e8d3abb2f7784bcc0a7a6a0b704,benchmarks/grid/fixed-duration/domain.rddl,benchmarks/grid/fixed-duration/grid-100x100-h5-d1-r1-b0.2.rddl,1,1,ok
100,5,0.2,RAOstar,21,198.42357029296878,0.1877289628116954,1.6524128029122949,2104,178,True,d84d099493b973a63d879255d2221c1930d649aa,543f782d80ceb9555130e911c1fcf7074153d267,grid-100x100-h5-d1-r1-b0.2,596c7bb3edf18336bbddbc87f66807023abd0e8d3abb2f7784bcc0a7a6a0b704,benchmarks/grid/fixed-duration/domain.rddl,benchmarks/grid/fixed-duration/grid-100x100-h5-d1-r1-b0.2.rddl,1,1,ok
100,5,0.2,RAOstar,22,198.42357029296878,0.1877289628116954,1.519965051091276,2104,178,True,d84d099493b973a63d879255d2221c1930d649aa,543f782d80ceb9555130e911c1fcf7074153d267,grid-100x100-h5-d1-r1-b0.2,596c7bb3edf18336bbddbc87f66807023abd0e8d3abb2f7784bcc0a7a6a0b704,benchmarks/grid/fixed-duration/domain.rddl,benchmarks/grid/fixed-duration/grid-100x100-h5-d1-r1-b0.2.rddl,1,1,ok
100,5,0.2,RAOstar,23,198.42357029296878,0.1877289628116954,1.5103187949862331,2104,178,True,d84d099493b973a63d879255d2221c1930d649aa,543f782d80ceb9555130e911c1fcf7074153d267,grid-100x100-h5-d1-r1-b0.2,596c7bb3edf18336bbddbc87f66807023abd0e8d3abb2f7784bcc0a7a6a0b704,benchmarks/grid/fixed-duration/domain.rddl,benchmarks/grid/fixed-duration/grid-100x100-h5-d1-r1-b0.2.rddl,1,1,ok
100,5,0.2,RAOstar,24,198.42357029296878,0.1877289628116954,1.5566286490065977,2104,178,True,d84d099493b973a63d879255d2221c1930d649aa,543f782d80ceb9555130e911c1fcf7074153d267,grid-100x100-h5-d1-r1-b0.2,596c7bb3edf18336bbddbc87f66807023abd0e8d3abb2f7784bcc0a7a6a0b704,benchmarks/grid/fixed-duration/domain.rddl,benchmarks/grid/fixed-duration/grid-100x100-h5-d1-r1-b0.2.rddl,1,1,ok
100,5,0.2,RAOstar,25,198.42357029296878,0.1877289628116954,1.6476324690738693,2104,178,True,d84d099493b973a63d879255d2221c1930d649aa,543f782d80ceb9555130e911c1fcf7074153d267,grid-100x100-h5-d1-r1-b0.2,596c7bb3edf18336bbddbc87f66807023abd0e8d3abb2f7784bcc0a7a6a0b704,benchmarks/grid/fixed-duration/domain.rddl,benchmarks/grid/fixed-duration/grid-100x100-h5-d1-r1-b0.2.rddl,1,1,ok
100,5,0.3,RAOstar,1,198.42357029296878,0.1877289628116954,1.801534947939217,2704,226,True,d84d099493b973a63d879255d2221c1930d649aa,543f782d80ceb9555130e911c1fcf7074153d267,grid-100x100-h5-d1-r1-b0.3,6b3e7e4e9d43cf7a1b4cb5b82583d805f7672195c74d6e67da3060e3eecd63ae,benchmarks/grid/fixed-duration/domain.rddl,benchmarks/grid/fixed-duration/grid-100x100-h5-d1-r1-b0.3.rddl,1,1,ok
100,5,0.3,RAOstar,2,198.42357029296878,0.1877289628116954,2.0355883029988036,2704,226,True,d84d099493b973a63d879255d2221c1930d649aa,543f782d80ceb9555130e911c1fcf7074153d267,grid-100x100-h5-d1-r1-b0.3,6b3e7e4e9d43cf7a1b4cb5b82583d805f7672195c74d6e67da3060e3eecd63ae,benchmarks/grid/fixed-duration/domain.rddl,benchmarks/grid/fixed-duration/grid-100x100-h5-d1-r1-b0.3.rddl,1,1,ok
100,5,0.3,RAOstar,3,198.42357029296878,0.1877289628116954,1.771633220021613,2704,226,True,d84d099493b973a63d879255d2221c1930d649aa,543f782d80ceb9555130e911c1fcf7074153d267,grid-100x100-h5-d1-r1-b0.3,6b3e7e4e9d43cf7a1b4cb5b82583d805f7672195c74d6e67da3060e3eecd63ae,benchmarks/grid/fixed-duration/domain.rddl,benchmarks/grid/fixed-duration/grid-100x100-h5-d1-r1-b0.3.rddl,1,1,ok
100,5,0.3,RAOstar,4,198.42357029296878,0.1877289628116954,1.925723419059068,2704,226,True,d84d099493b973a63d879255d2221c1930d649aa,543f782d80ceb9555130e911c1fcf7074153d267,grid-100x100-h5-d1-r1-b0.3,6b3e7e4e9d43cf7a1b4cb5b82583d805f7672195c74d6e67da3060e3eecd63ae,benchmarks/grid/fixed-duration/domain.rddl,benchmarks/grid/fixed-duration/grid-100x100-h5-d1-r1-b0.3.rddl,1,1,ok
100,5,0.3,RAOstar,5,198.42357029296878,0.1877289628116954,1.8802514730487019,2704,226,True,d84d099493b973a63d879255d2221c1930d649aa,543f782d80ceb9555130e911c1fcf7074153d267,grid-100x100-h5-d1-r1-b0.3,6b3e7e4e9d43cf7a1b4cb5b82583d805f7672195c74d6e67da3060e3eecd63ae,benchmarks/grid/fixed-duration/domain.rddl,benchmarks/grid/fixed-duration/grid-100x100-h5-d1-r1-b0.3.rddl,1,1,ok
100,5,0.3,RAOstar,6,198.42357029296878,0.1877289628116954,1.954478583065793,2704,226,True,d84d099493b973a63d879255d2221c1930d649aa,543f782d80ceb9555130e911c1fcf7074153d267,grid-100x100-h5-d1-r1-b0.3,6b3e7e4e9d43cf7a1b4cb5b82583d805f7672195c74d6e67da3060e3eecd63ae,benchmarks/grid/fixed-duration/domain.rddl,benchmarks/grid/fixed-duration/grid-100x100-h5-d1-r1-b0.3.rddl,1,1,ok
100,5,0.3,RAOstar,7,198.42357029296878,0.1877289628116954,1.8432260430417955,2704,226,True,d84d099493b973a63d879255d2221c1930d649aa,543f782d80ceb9555130e911c1fcf7074153d267,grid-100x100-h5-d1-r1-b0.3,6b3e7e4e9d43cf7a1b4cb5b82583d805f7672195c74d6e67da3060e3eecd63ae,benchmarks/grid/fixed-duration/domain.rddl,benchmarks/grid/fixed-duration/grid-100x100-h5-d1-r1-b0.3.rddl,1,1,ok
100,5,0.3,RAOstar,8,198.42357029296878,0.1877289628116954,1.7714860980631784,2704,226,True,d84d099493b973a63d879255d2221c1930d649aa,543f782d80ceb9555130e911c1fcf7074153d267,grid-100x100-h5-d1-r1-b0.3,6b3e7e4e9d43cf7a1b4cb5b82583d805f7672195c74d6e67da3060e3eecd63ae,benchmarks/grid/fixed-duration/domain.rddl,benchmarks/grid/fixed-duration/grid-100x100-h5-d1-r1-b0.3.rddl,1,1,ok
100,5,0.3,RAOstar,9,198.42357029296878,0.1877289628116954,1.814569258945994,2704,226,True,d84d099493b973a63d879255d2221c1930d649aa,543f782d80ceb9555130e911c1fcf7074153d267,grid-100x100-h5-d1-r1-b0.3,6b3e7e4e9d43cf7a1b4cb5b82583d805f7672195c74d6e67da3060e3eecd63ae,benchmarks/grid/fixed-duration/domain.rddl,benchmarks/grid/fixed-duration/grid-100x100-h5-d1-r1-b0.3.rddl,1,1,ok
100,5,0.3,RAOstar,10,198.42357029296878,0.1877289628116954,1.8121246140217409,2704,226,True,d84d099493b973a63d879255d2221c1930d649aa,543f782d80ceb9555130e911c1fcf7074153d267,grid-100x100-h5-d1-r1-b0.3,6b3e7e4e9d43cf7a1b4cb5b82583d805f7672195c74d6e67da3060e3eecd63ae,benchmarks/grid/fixed-duration/domain.rddl,benchmarks/grid/fixed-duration/grid-100x100-h5-d1-r1-b0.3.rddl,1,1,ok
100,5,0.3,RAOstar,11,198.42357029296878,0.1877289628116954,1.8261656169779599,2704,226,True,d84d099493b973a63d879255d2221c1930d649aa,543f782d80ceb9555130e911c1fcf7074153d267,grid-100x100-h5-d1-r1-b0.3,6b3e7e4e9d43cf7a1b4cb5b82583d805f7672195c74d6e67da3060e3eecd63ae,benchmarks/grid/fixed-duration/domain.rddl,benchmarks/grid/fixed-duration/grid-100x100-h5-d1-r1-b0.3.rddl,1,1,ok
100,5,0.3,RAOstar,12,198.42357029296878,0.1877289628116954,1.856673444970511,2704,226,True,d84d099493b973a63d879255d2221c1930d649aa,543f782d80ceb9555130e911c1fcf7074153d267,grid-100x100-h5-d1-r1-b0.3,6b3e7e4e9d43cf7a1b4cb5b82583d805f7672195c74d6e67da3060e3eecd63ae,benchmarks/grid/fixed-duration/domain.rddl,benchmarks/grid/fixed-duration/grid-100x100-h5-d1-r1-b0.3.rddl,1,1,ok
100,5,0.3,RAOstar,13,198.42357029296878,0.1877289628116954,1.8925464390777051,2704,226,True,d84d099493b973a63d879255d2221c1930d649aa,543f782d80ceb9555130e911c1fcf7074153d267,grid-100x100-h5-d1-r1-b0.3,6b3e7e4e9d43cf7a1b4cb5b82583d805f7672195c74d6e67da3060e3eecd63ae,benchmarks/grid/fixed-duration/domain.rddl,benchmarks/grid/fixed-duration/grid-100x100-h5-d1-r1-b0.3.rddl,1,1,ok
100,5,0.3,RAOstar,14,198.42357029296878,0.1877289628116954,1.7852309829322621,2704,226,True,d84d099493b973a63d879255d2221c1930d649aa,543f782d80ceb9555130e911c1fcf7074153d267,grid-100x100-h5-d1-r1-b0.3,6b3e7e4e9d43cf7a1b4cb5b82583d805f7672195c74d6e67da3060e3eecd63ae,benchmarks/grid/fixed-duration/domain.rddl,benchmarks/grid/fixed-duration/grid-100x100-h5-d1-r1-b0.3.rddl,1,1,ok
100,5,0.3,RAOstar,15,198.42357029296878,0.1877289628116954,1.930912686046213,2704,226,True,d84d099493b973a63d879255d2221c1930d649aa,543f782d80ceb9555130e911c1fcf7074153d267,grid-100x100-h5-d1-r1-b0.3,6b3e7e4e9d43cf7a1b4cb5b82583d805f7672195c74d6e67da3060e3eecd63ae,benchmarks/grid/fixed-duration/domain.rddl,benchmarks/grid/fixed-duration/grid-100x100-h5-d1-r1-b0.3.rddl,1,1,ok
100,5,0.3,RAOstar,16,198.42357029296878,0.1877289628116954,1.9676572070457041,2704,226,True,d84d099493b973a63d879255d2221c1930d649aa,543f782d80ceb9555130e911c1fcf7074153d267,grid-100x100-h5-d1-r1-b0.3,6b3e7e4e9d43cf7a1b4cb5b82583d805f7672195c74d6e67da3060e3eecd63ae,benchmarks/grid/fixed-duration/domain.rddl,benchmarks/grid/fixed-duration/grid-100x100-h5-d1-r1-b0.3.rddl,1,1,ok
100,5,0.3,RAOstar,17,198.42357029296878,0.1877289628116954,1.8122326539596543,2704,226,True,d84d099493b973a63d879255d2221c1930d649aa,543f782d80ceb9555130e911c1fcf7074153d267,grid-100x100-h5-d1-r1-b0.3,6b3e7e4e9d43cf7a1b4cb5b82583d805f7672195c74d6e67da3060e3eecd63ae,benchmarks/grid/fixed-duration/domain.rddl,benchmarks/grid/fixed-duration/grid-100x100-h5-d1-r1-b0.3.rddl,1,1,ok
100,5,0.3,RAOstar,18,198.42357029296878,0.1877289628116954,1.8100572070106864,2704,226,True,d84d099493b973a63d879255d2221c1930d649aa,543f782d80ceb9555130e911c1fcf7074153d267,grid-100x100-h5-d1-r1-b0.3,6b3e7e4e9d43cf7a1b4cb5b82583d805f7672195c74d6e67da3060e3eecd63ae,benchmarks/grid/fixed-duration/domain.rddl,benchmarks/grid/fixed-duration/grid-100x100-h5-d1-r1-b0.3.rddl,1,1,ok
100,5,0.3,RAOstar,19,198.42357029296878,0.1877289628116954,1.7771767870290205,2704,226,True,d84d099493b973a63d879255d2221c1930d649aa,543f782d80ceb9555130e911c1fcf7074153d267,grid-100x100-h5-d1-r1-b0.3,6b3e7e4e9d43cf7a1b4cb5b82583d805f7672195c74d6e67da3060e3eecd63ae,benchmarks/grid/fixed-duration/domain.rddl,benchmarks/grid/fixed-duration/grid-100x100-h5-d1-r1-b0.3.rddl,1,1,ok
100,5,0.3,RAOstar,20,198.42357029296878,0.1877289628116954,1.85867791401688,2704,226,True,d84d099493b973a63d879255d2221c1930d649aa,543f782d80ceb9555130e911c1fcf7074153d267,grid-100x100-h5-d1-r1-b0.3,6b3e7e4e9d43cf7a1b4cb5b82583d805f7672195c74d6e67da3060e3eecd63ae,benchmarks/grid/fixed-duration/domain.rddl,benchmarks/grid/fixed-duration/grid-100x100-h5-d1-r1-b0.3.rddl,1,1,ok
100,5,0.3,RAOstar,21,198.42357029296878,0.1877289628116954,1.8953162770485505,2704,226,True,d84d099493b973a63d879255d2221c1930d649aa,543f782d80ceb9555130e911c1fcf7074153d267,grid-100x100-h5-d1-r1-b0.3,6b3e7e4e9d43cf7a1b4cb5b82583d805f7672195c74d6e67da3060e3eecd63ae,benchmarks/grid/fixed-duration/domain.rddl,benchmarks/grid/fixed-duration/grid-100x100-h5-d1-r1-b0.3.rddl,1,1,ok
100,5,0.3,RAOstar,22,198.42357029296878,0.1877289628116954,1.7595523931086063,2704,226,True,d84d099493b973a63d879255d2221c1930d649aa,543f782d80ceb9555130e911c1fcf7074153d267,grid-100x100-h5-d1-r1-b0.3,6b3e7e4e9d43cf7a1b4cb5b82583d805f7672195c74d6e67da3060e3eecd63ae,benchmarks/grid/fixed-duration/domain.rddl,benchmarks/grid/fixed-duration/grid-100x100-h5-d1-r1-b0.3.rddl,1,1,ok
100,5,0.3,RAOstar,23,198.42357029296878,0.1877289628116954,1.8546509059378877,2704,226,True,d84d099493b973a63d879255d2221c1930d649aa,543f782d80ceb9555130e911c1fcf7074153d267,grid-100x100-h5-d1-r1-b0.3,6b3e7e4e9d43cf7a1b4cb5b82583d805f7672195c74d6e67da3060e3eecd63ae,benchmarks/grid/fixed-duration/domain.rddl,benchmarks/grid/fixed-duration/grid-100x100-h5-d1-r1-b0.3.rddl,1,1,ok
100,5,0.3,RAOstar,24,198.42357029296878,0.1877289628116954,1.7402601260691881,2704,226,True,d84d099493b973a63d879255d2221c1930d649aa,543f782d80ceb9555130e911c1fcf7074153d267,grid-100x100-h5-d1-r1-b0.3,6b3e7e4e9d43cf7a1b4cb5b82583d805f7672195c74d6e67da3060e3eecd63ae,benchmarks/grid/fixed-duration/domain.rddl,benchmarks/grid/fixed-duration/grid-100x100-h5-d1-r1-b0.3.rddl,1,1,ok
100,5,0.3,RAOstar,25,198.42357029296878,0.1877289628116954,1.8352630379376933,2704,226,True,d84d099493b973a63d879255d2221c1930d649aa,543f782d80ceb9555130e911c1fcf7074153d267,grid-100x100-h5-d1-r1-b0.3,6b3e7e4e9d43cf7a1b4cb5b82583d805f7672195c74d6e67da3060e3eecd63ae,benchmarks/grid/fixed-duration/domain.rddl,benchmarks/grid/fixed-duration/grid-100x100-h5-d1-r1-b0.3.rddl,1,1,ok
100,6,0.1,RAOstar,1,201.62587874839147,0.09973447003413732,22.009726022020914,15550,1334,True,d84d099493b973a63d879255d2221c1930d649aa,543f782d80ceb9555130e911c1fcf7074153d267,grid-100x100-h6-d1-r1-b0.1,9d14c8a6ddf8e7476e0a1499611216761964933508025083f4cbb88ea5cda8c8,benchmarks/grid/fixed-duration/domain.rddl,benchmarks/grid/fixed-duration/grid-100x100-h6-d1-r1-b0.1.rddl,1,1,ok
100,6,0.1,RAOstar,2,201.62587874839147,0.09973447003413732,22.010118784033693,15550,1334,True,d84d099493b973a63d879255d2221c1930d649aa,543f782d80ceb9555130e911c1fcf7074153d267,grid-100x100-h6-d1-r1-b0.1,9d14c8a6ddf8e7476e0a1499611216761964933508025083f4cbb88ea5cda8c8,benchmarks/grid/fixed-duration/domain.rddl,benchmarks/grid/fixed-duration/grid-100x100-h6-d1-r1-b0.1.rddl,1,1,ok
100,6,0.1,RAOstar,3,201.62587874839147,0.09973447003413732,21.7149778699968,15550,1334,True,d84d099493b973a63d879255d2221c1930d649aa,543f782d80ceb9555130e911c1fcf7074153d267,grid-100x100-h6-d1-r1-b0.1,9d14c8a6ddf8e7476e0a1499611216761964933508025083f4cbb88ea5cda8c8,benchmarks/grid/fixed-duration/domain.rddl,benchmarks/grid/fixed-duration/grid-100x100-h6-d1-r1-b0.1.rddl,1,1,ok
100,6,0.1,RAOstar,4,201.62587874839147,0.09973447003413732,22.26745997800026,15550,1334,True,d84d099493b973a63d879255d2221c1930d649aa,543f782d80ceb9555130e911c1fcf7074153d267,grid-100x100-h6-d1-r1-b0.1,9d14c8a6ddf8e7476e0a1499611216761964933508025083f4cbb88ea5cda8c8,benchmarks/grid/fixed-duration/domain.rddl,benchmarks/grid/fixed-duration/grid-100x100-h6-d1-r1-b0.1.rddl,1,1,ok
100,6,0.1,RAOstar,5,201.62587874839147,0.09973447003413732,22.765339327976108,15550,1334,True,d84d099493b973a63d879255d2221c1930d649aa,543f782d80ceb9555130e911c1fcf7074153d267,grid-100x100-h6-d1-r1-b0.1,9d14c8a6ddf8e7476e0a1499611216761964933508025083f4cbb88ea5cda8c8,benchmarks/grid/fixed-duration/domain.rddl,benchmarks/grid/fixed-duration/grid-100x100-h6-d1-r1-b0.1.rddl,1,1,ok
100,6,0.1,RAOstar,6,201.62587874839147,0.09973447003413732,22.480137050966732,15550,1334,True,d84d099493b973a63d879255d2221c1930d649aa,543f782d80ceb9555130e911c1fcf7074153d267,grid-100x100-h6-d1-r1-b0.1,9d14c8a6ddf8e7476e0a1499611216761964933508025083f4cbb88ea5cda8c8,benchmarks/grid/fixed-duration/domain.rddl,benchmarks/grid/fixed-duration/grid-100x100-h6-d1-r1-b0.1.rddl,1,1,ok
100,6,0.1,RAOstar,7,201.62587874839147,0.09973447003413732,22.500146955950186,15550,1334,True,d84d099493b973a63d879255d2221c1930d649aa,543f782d80ceb9555130e911c1fcf7074153d267,grid-100x100-h6-d1-r1-b0.1,9d14c8a6ddf8e7476e0a1499611216761964933508025083f4cbb88ea5cda8c8,benchmarks/grid/fixed-duration/domain.rddl,benchmarks/grid/fixed-duration/grid-100x100-h6-d1-r1-b0.1.rddl,1,1,ok
100,6,0.1,RAOstar,8,201.62587874839147,0.09973447003413732,22.665991040994413,15550,1334,True,d84d099493b973a63d879255d2221c1930d649aa,543f782d80ceb9555130e911c1fcf7074153d267,grid-100x100-h6-d1-r1-b0.1,9d14c8a6ddf8e7476e0a1499611216761964933508025083f4cbb88ea5cda8c8,benchmarks/grid/fixed-duration/domain.rddl,benchmarks/grid/fixed-duration/grid-100x100-h6-d1-r1-b0.1.rddl,1,1,ok
100,6,0.1,RAOstar,9,201.62587874839147,0.09973447003413732,22.928443893091753,15550,1334,True,d84d099493b973a63d879255d2221c1930d649aa,543f782d80ceb9555130e911c1fcf7074153d267,grid-100x100-h6-d1-r1-b0.1,9d14c8a6ddf8e7476e0a1499611216761964933508025083f4cbb88ea5cda8c8,benchmarks/grid/fixed-duration/domain.rddl,benchmarks/grid/fixed-duration/grid-100x100-h6-d1-r1-b0.1.rddl,1,1,ok
100,6,0.1,RAOstar,10,201.62587874839147,0.09973447003413732,23.52995438594371,15550,1334,True,d84d099493b973a63d879255d2221c1930d649aa,543f782d80ceb9555130e911c1fcf7074153d267,grid-100x100-h6-d1-r1-b0.1,9d14c8a6ddf8e7476e0a1499611216761964933508025083f4cbb88ea5cda8c8,benchmarks/grid/fixed-duration/domain.rddl,benchmarks/grid/fixed-duration/grid-100x100-h6-d1-r1-b0.1.rddl,1,1,ok
100,6,0.1,RAOstar,11,201.62587874839147,0.09973447003413732,23.494074328104034,15550,1334,True,d84d099493b973a63d879255d2221c1930d649aa,543f782d80ceb9555130e911c1fcf7074153d267,grid-100x100-h6-d1-r1-b0.1,9d14c8a6ddf8e7476e0a1499611216761964933508025083f4cbb88ea5cda8c8,benchmarks/grid/fixed-duration/domain.rddl,benchmarks/grid/fixed-duration/grid-100x100-h6-d1-r1-b0.1.rddl,1,1,ok
100,6,0.1,RAOstar,12,201.62587874839147,0.09973447003413732,23.211127198068425,15550,1334,True,d84d099493b973a63d879255d2221c1930d649aa,543f782d80ceb9555130e911c1fcf7074153d267,grid-100x100-h6-d1-r1-b0.1,9d14c8a6ddf8e7476e0a1499611216761964933508025083f4cbb88ea5cda8c8,benchmarks/grid/fixed-duration/domain.rddl,benchmarks/grid/fixed-duration/grid-100x100-h6-d1-r1-b0.1.rddl,1,1,ok
100,6,0.1,RAOstar,13,201.62587874839147,0.09973447003413732,23.05735639599152,15550,1334,True,d84d099493b973a63d879255d2221c1930d649aa,543f782d80ceb9555130e911c1fcf7074153d267,grid-100x100-h6-d1-r1-b0.1,9d14c8a6ddf8e7476e0a1499611216761964933508025083f4cbb88ea5cda8c8,benchmarks/grid/fixed-duration/domain.rddl,benchmarks/grid/fixed-duration/grid-100x100-h6-d1-r1-b0.1.rddl,1,1,ok
100,6,0.1,RAOstar,14,201.62587874839147,0.09973447003413732,23.61699359805789,15550,1334,True,d84d099493b973a63d879255d2221c1930d649aa,543f782d80ceb9555130e911c1fcf7074153d267,grid-100x100-h6-d1-r1-b0.1,9d14c8a6ddf8e7476e0a1499611216761964933508025083f4cbb88ea5cda8c8,benchmarks/grid/fixed-duration/domain.rddl,benchmarks/grid/fixed-duration/grid-100x100-h6-d1-r1-b0.1.rddl,1,1,ok
100,6,0.1,RAOstar,15,201.62587874839147,0.09973447003413732,22.62309548794292,15550,1334,True,d84d099493b973a63d879255d2221c1930d649aa,543f782d80ceb9555130e911c1fcf7074153d267,grid-100x100-h6-d1-r1-b0.1,9d14c8a6ddf8e7476e0a1499611216761964933508025083f4cbb88ea5cda8c8,benchmarks/grid/fixed-duration/domain.rddl,benchmarks/grid/fixed-duration/grid-100x100-h6-d1-r1-b0.1.rddl,1,1,ok
100,6,0.1,RAOstar,16,201.62587874839147,0.09973447003413732,22.47183244198095,15550,1334,True,d84d099493b973a63d879255d2221c1930d649aa,543f782d80ceb9555130e911c1fcf7074153d267,grid-100x100-h6-d1-r1-b0.1,9d14c8a6ddf8e7476e0a1499611216761964933508025083f4cbb88ea5cda8c8,benchmarks/grid/fixed-duration/domain.rddl,benchmarks/grid/fixed-duration/grid-100x100-h6-d1-r1-b0.1.rddl,1,1,ok
100,6,0.1,RAOstar,17,201.62587874839147,0.09973447003413732,22.815091965021566,15550,1334,True,d84d099493b973a63d879255d2221c1930d649aa,543f782d80ceb9555130e911c1fcf7074153d267,grid-100x100-h6-d1-r1-b0.1,9d14c8a6ddf8e7476e0a1499611216761964933508025083f4cbb88ea5cda8c8,benchmarks/grid/fixed-duration/domain.rddl,benchmarks/grid/fixed-duration/grid-100x100-h6-d1-r1-b0.1.rddl,1,1,ok
100,6,0.1,RAOstar,18,201.62587874839147,0.09973447003413732,22.988994498969987,15550,1334,True,d84d099493b973a63d879255d2221c1930d649aa,543f782d80ceb9555130e911c1fcf7074153d267,grid-100x100-h6-d1-r1-b0.1,9d14c8a6ddf8e7476e0a1499611216761964933508025083f4cbb88ea5cda8c8,benchmarks/grid/fixed-duration/domain.rddl,benchmarks/grid/fixed-duration/grid-100x100-h6-d1-r1-b0.1.rddl,1,1,ok
100,6,0.1,RAOstar,19,201.62587874839147,0.09973447003413732,23.38414171594195,15550,1334,True,d84d099493b973a63d879255d2221c1930d649aa,543f782d80ceb9555130e911c1fcf7074153d267,grid-100x100-h6-d1-r1-b0.1,9d14c8a6ddf8e7476e0a1499611216761964933508025083f4cbb88ea5cda8c8,benchmarks/grid/fixed-duration/domain.rddl,benchmarks/grid/fixed-duration/grid-100x100-h6-d1-r1-b0.1.rddl,1,1,ok
100,6,0.1,RAOstar,20,201.62587874839147,0.09973447003413732,23.243161278078333,15550,1334,True,d84d099493b973a63d879255d2221c1930d649aa,543f782d80ceb9555130e911c1fcf7074153d267,grid-100x100-h6-d1-r1-b0.1,9d14c8a6ddf8e7476e0a1499611216761964933508025083f4cbb88ea5cda8c8,benchmarks/grid/fixed-duration/domain.rddl,benchmarks/grid/fixed-duration/grid-100x100-h6-d1-r1-b0.1.rddl,1,1,ok
100,6,0.1,RAOstar,21,201.62587874839147,0.09973447003413732,23.127920789993368,15550,1334,True,d84d099493b973a63d879255d2221c1930d649aa,543f782d80ceb9555130e911c1fcf7074153d267,grid-100x100-h6-d1-r1-b0.1,9d14c8a6ddf8e7476e0a1499611216761964933508025083f4cbb88ea5cda8c8,benchmarks/grid/fixed-duration/domain.rddl,benchmarks/grid/fixed-duration/grid-100x100-h6-d1-r1-b0.1.rddl,1,1,ok
100,6,0.1,RAOstar,22,201.62587874839147,0.09973447003413732,23.432489596074447,15550,1334,True,d84d099493b973a63d879255d2221c1930d649aa,543f782d80ceb9555130e911c1fcf7074153d267,grid-100x100-h6-d1-r1-b0.1,9d14c8a6ddf8e7476e0a1499611216761964933508025083f4cbb88ea5cda8c8,benchmarks/grid/fixed-duration/domain.rddl,benchmarks/grid/fixed-duration/grid-100x100-h6-d1-r1-b0.1.rddl,1,1,ok
100,6,0.1,RAOstar,23,201.62587874839147,0.09973447003413732,22.363183025969192,15550,1334,True,d84d099493b973a63d879255d2221c1930d649aa,543f782d80ceb9555130e911c1fcf7074153d267,grid-100x100-h6-d1-r1-b0.1,9d14c8a6ddf8e7476e0a1499611216761964933508025083f4cbb88ea5cda8c8,benchmarks/grid/fixed-duration/domain.rddl,benchmarks/grid/fixed-duration/grid-100x100-h6-d1-r1-b0.1.rddl,1,1,ok
100,6,0.1,RAOstar,24,201.62587874839147,0.09973447003413732,21.75324965803884,15550,1334,True,d84d099493b973a63d879255d2221c1930d649aa,543f782d80ceb9555130e911c1fcf7074153d267,grid-100x100-h6-d1-r1-b0.1,9d14c8a6ddf8e7476e0a1499611216761964933508025083f4cbb88ea5cda8c8,benchmarks/grid/fixed-duration/domain.rddl,benchmarks/grid/fixed-duration/grid-100x100-h6-d1-r1-b0.1.rddl,1,1,ok
100,6,0.1,RAOstar,25,201.62587874839147,0.09973447003413732,22.706360148033127,15550,1334,True,d84d099493b973a63d879255d2221c1930d649aa,543f782d80ceb9555130e911c1fcf7074153d267,grid-100x100-h6-d1-r1-b0.1,9d14c8a6ddf8e7476e0a1499611216761964933508025083f4cbb88ea5cda8c8,benchmarks/grid/fixed-duration/domain.rddl,benchmarks/grid/fixed-duration/grid-100x100-h6-d1-r1-b0.1.rddl,1,1,ok
100,6,0.2,RAOstar,1,199.3485702929687,0.19028315627130452,37.841387714026496,28735,2419,True,d84d099493b973a63d879255d2221c1930d649aa,543f782d80ceb9555130e911c1fcf7074153d267,grid-100x100-h6-d1-r1-b0.2,91918929407bfc0c723fc3b8d1296f8f3b96028f1826a3ee39b74e8fc3aa4c59,benchmarks/grid/fixed-duration/domain.rddl,benchmarks/grid/fixed-duration/grid-100x100-h6-d1-r1-b0.2.rddl,1,1,ok
100,6,0.2,RAOstar,2,199.3485702929687,0.19028315627130452,37.194698491017334,28735,2419,True,d84d099493b973a63d879255d2221c1930d649aa,543f782d80ceb9555130e911c1fcf7074153d267,grid-100x100-h6-d1-r1-b0.2,91918929407bfc0c723fc3b8d1296f8f3b96028f1826a3ee39b74e8fc3aa4c59,benchmarks/grid/fixed-duration/domain.rddl,benchmarks/grid/fixed-duration/grid-100x100-h6-d1-r1-b0.2.rddl,1,1,ok
100,6,0.2,RAOstar,3,199.3485702929687,0.19028315627130452,38.27498997899238,28735,2419,True,d84d099493b973a63d879255d2221c1930d649aa,543f782d80ceb9555130e911c1fcf7074153d267,grid-100x100-h6-d1-r1-b0.2,91918929407bfc0c723fc3b8d1296f8f3b96028f1826a3ee39b74e8fc3aa4c59,benchmarks/grid/fixed-duration/domain.rddl,benchmarks/grid/fixed-duration/grid-100x100-h6-d1-r1-b0.2.rddl,1,1,ok
100,6,0.2,RAOstar,4,199.3485702929687,0.19028315627130452,38.16312020504847,28735,2419,True,d84d099493b973a63d879255d2221c1930d649aa,543f782d80ceb9555130e911c1fcf7074153d267,grid-100x100-h6-d1-r1-b0.2,91918929407bfc0c723fc3b8d1296f8f3b96028f1826a3ee39b74e8fc3aa4c59,benchmarks/grid/fixed-duration/domain.rddl,benchmarks/grid/fixed-duration/grid-100x100-h6-d1-r1-b0.2.rddl,1,1,ok
100,6,0.2,RAOstar,5,199.3485702929687,0.19028315627130452,37.38961950992234,28735,2419,True,d84d099493b973a63d879255d2221c1930d649aa,543f782d80ceb9555130e911c1fcf7074153d267,grid-100x100-h6-d1-r1-b0.2,91918929407bfc0c723fc3b8d1296f8f3b96028f1826a3ee39b74e8fc3aa4c59,benchmarks/grid/fixed-duration/domain.rddl,benchmarks/grid/fixed-duration/grid-100x100-h6-d1-r1-b0.2.rddl,1,1,ok
100,6,0.2,RAOstar,6,199.3485702929687,0.19028315627130452,37.790650006965734,28735,2419,True,d84d099493b973a63d879255d2221c1930d649aa,543f782d80ceb9555130e911c1fcf7074153d267,grid-100x100-h6-d1-r1-b0.2,91918929407bfc0c723fc3b8d1296f8f3b96028f1826a3ee39b74e8fc3aa4c59,benchmarks/grid/fixed-duration/domain.rddl,benchmarks/grid/fixed-duration/grid-100x100-h6-d1-r1-b0.2.rddl,1,1,ok
100,6,0.2,RAOstar,7,199.3485702929687,0.19028315627130452,37.09320597501937,28735,2419,True,d84d099493b973a63d879255d2221c1930d649aa,543f782d80ceb9555130e911c1fcf7074153d267,grid-100x100-h6-d1-r1-b0.2,91918929407bfc0c723fc3b8d1296f8f3b96028f1826a3ee39b74e8fc3aa4c59,benchmarks/grid/fixed-duration/domain.rddl,benchmarks/grid/fixed-duration/grid-100x100-h6-d1-r1-b0.2.rddl,1,1,ok
100,6,0.2,RAOstar,8,199.3485702929687,0.19028315627130452,37.364220698946156,28735,2419,True,d84d099493b973a63d879255d2221c1930d649aa,543f782d80ceb9555130e911c1fcf7074153d267,grid-100x100-h6-d1-r1-b0.2,91918929407bfc0c723fc3b8d1296f8f3b96028f1826a3ee39b74e8fc3aa4c59,benchmarks/grid/fixed-duration/domain.rddl,benchmarks/grid/fixed-duration/grid-100x100-h6-d1-r1-b0.2.rddl,1,1,ok
100,6,0.2,RAOstar,9,199.3485702929687,0.19028315627130452,38.319719495018944,28735,2419,True,d84d099493b973a63d879255d2221c1930d649aa,543f782d80ceb9555130e911c1fcf7074153d267,grid-100x100-h6-d1-r1-b0.2,91918929407bfc0c723fc3b8d1296f8f3b96028f1826a3ee39b74e8fc3aa4c59,benchmarks/grid/fixed-duration/domain.rddl,benchmarks/grid/fixed-duration/grid-100x100-h6-d1-r1-b0.2.rddl,1,1,ok
100,6,0.2,RAOstar,10,199.3485702929687,0.19028315627130452,36.983402694924735,28735,2419,True,d84d099493b973a63d879255d2221c1930d649aa,543f782d80ceb9555130e911c1fcf7074153d267,grid-100x100-h6-d1-r1-b0.2,91918929407bfc0c723fc3b8d1296f8f3b96028f1826a3ee39b74e8fc3aa4c59,benchmarks/grid/fixed-duration/domain.rddl,benchmarks/grid/fixed-duration/grid-100x100-h6-d1-r1-b0.2.rddl,1,1,ok
100,6,0.2,RAOstar,11,199.3485702929687,0.19028315627130452,37.06225557299331,28735,2419,True,d84d099493b973a63d879255d2221c1930d649aa,543f782d80ceb9555130e911c1fcf7074153d267,grid-100x100-h6-d1-r1-b0.2,91918929407bfc0c723fc3b8d1296f8f3b96028f1826a3ee39b74e8fc3aa4c59,benchmarks/grid/fixed-duration/domain.rddl,benchmarks/grid/fixed-duration/grid-100x100-h6-d1-r1-b0.2.rddl,1,1,ok
100,6,0.2,RAOstar,12,199.3485702929687,0.19028315627130452,36.86575672100298,28735,2419,True,d84d099493b973a63d879255d2221c1930d649aa,543f782d80ceb9555130e911c1fcf7074153d267,grid-100x100-h6-d1-r1-b0.2,91918929407bfc0c723fc3b8d1296f8f3b96028f1826a3ee39b74e8fc3aa4c59,benchmarks/grid/fixed-duration/domain.rddl,benchmarks/grid/fixed-duration/grid-100x100-h6-d1-r1-b0.2.rddl,1,1,ok
100,6,0.2,RAOstar,13,199.3485702929687,0.19028315627130452,37.53334973391611,28735,2419,True,d84d099493b973a63d879255d2221c1930d649aa,543f782d80ceb9555130e911c1fcf7074153d267,grid-100x100-h6-d1-r1-b0.2,91918929407bfc0c723fc3b8d1296f8f3b96028f1826a3ee39b74e8fc3aa4c59,benchmarks/grid/fixed-duration/domain.rddl,benchmarks/grid/fixed-duration/grid-100x100-h6-d1-r1-b0.2.rddl,1,1,ok
100,6,0.2,RAOstar,14,199.3485702929687,0.19028315627130452,37.489679110003635,28735,2419,True,d84d099493b973a63d879255d2221c1930d649aa,543f782d80ceb9555130e911c1fcf7074153d267,grid-100x100-h6-d1-r1-b0.2,91918929407bfc0c723fc3b8d1296f8f3b96028f1826a3ee39b74e8fc3aa4c59,benchmarks/grid/fixed-duration/domain.rddl,benchmarks/grid/fixed-duration/grid-100x100-h6-d1-r1-b0.2.rddl,1,1,ok
100,6,0.2,RAOstar,15,199.3485702929687,0.19028315627130452,37.76125287998002,28735,2419,True,d84d099493b973a63d879255d2221c1930d649aa,543f782d80ceb9555130e911c1fcf7074153d267,grid-100x100-h6-d1-r1-b0.2,91918929407bfc0c723fc3b8d1296f8f3b96028f1826a3ee39b74e8fc3aa4c59,benchmarks/grid/fixed-duration/domain.rddl,benchmarks/grid/fixed-duration/grid-100x100-h6-d1-r1-b0.2.rddl,1,1,ok
100,6,0.2,RAOstar,16,199.3485702929687,0.19028315627130452,37.11670868191868,28735,2419,True,d84d099493b973a63d879255d2221c1930d649aa,543f782d80ceb9555130e911c1fcf7074153d267,grid-100x100-h6-d1-r1-b0.2,91918929407bfc0c723fc3b8d1296f8f3b96028f1826a3ee39b74e8fc3aa4c59,benchmarks/grid/fixed-duration/domain.rddl,benchmarks/grid/fixed-duration/grid-100x100-h6-d1-r1-b0.2.rddl,1,1,ok
100,6,0.2,RAOstar,17,199.3485702929687,0.19028315627130452,37.464418530114926,28735,2419,True,d84d099493b973a63d879255d2221c1930d649aa,543f782d80ceb9555130e911c1fcf7074153d267,grid-100x100-h6-d1-r1-b0.2,91918929407bfc0c723fc3b8d1296f8f3b96028f1826a3ee39b74e8fc3aa4c59,benchmarks/grid/fixed-duration/domain.rddl,benchmarks/grid/fixed-duration/grid-100x100-h6-d1-r1-b0.2.rddl,1,1,ok
100,6,0.2,RAOstar,18,199.3485702929687,0.19028315627130452,36.388472595019266,28735,2419,True,d84d099493b973a63d879255d2221c1930d649aa,543f782d80ceb9555130e911c1fcf7074153d267,grid-100x100-h6-d1-r1-b0.2,91918929407bfc0c723fc3b8d1296f8f3b96028f1826a3ee39b74e8fc3aa4c59,benchmarks/grid/fixed-duration/domain.rddl,benchmarks/grid/fixed-duration/grid-100x100-h6-d1-r1-b0.2.rddl,1,1,ok
100,6,0.2,RAOstar,19,199.3485702929687,0.19028315627130452,37.057552251033485,28735,2419,True,d84d099493b973a63d879255d2221c1930d649aa,543f782d80ceb9555130e911c1fcf7074153d267,grid-100x100-h6-d1-r1-b0.2,91918929407bfc0c723fc3b8d1296f8f3b96028f1826a3ee39b74e8fc3aa4c59,benchmarks/grid/fixed-duration/domain.rddl,benchmarks/grid/fixed-duration/grid-100x100-h6-d1-r1-b0.2.rddl,1,1,ok
100,6,0.2,RAOstar,20,199.3485702929687,0.19028315627130452,36.94212165195495,28735,2419,True,d84d099493b973a63d879255d2221c1930d649aa,543f782d80ceb9555130e911c1fcf7074153d267,grid-100x100-h6-d1-r1-b0.2,91918929407bfc0c723fc3b8d1296f8f3b96028f1826a3ee39b74e8fc3aa4c59,benchmarks/grid/fixed-duration/domain.rddl,benchmarks/grid/fixed-duration/grid-100x100-h6-d1-r1-b0.2.rddl,1,1,ok
100,6,0.2,RAOstar,21,199.3485702929687,0.19028315627130452,37.37835162191186,28735,2419,True,d84d099493b973a63d879255d2221c1930d649aa,543f782d80ceb9555130e911c1fcf7074153d267,grid-100x100-h6-d1-r1-b0.2,91918929407bfc0c723fc3b8d1296f8f3b96028f1826a3ee39b74e8fc3aa4c59,benchmarks/grid/fixed-duration/domain.rddl,benchmarks/grid/fixed-duration/grid-100x100-h6-d1-r1-b0.2.rddl,1,1,ok
100,6,0.2,RAOstar,22,199.3485702929687,0.19028315627130452,38.179867116035894,28735,2419,True,d84d099493b973a63d879255d2221c1930d649aa,543f782d80ceb9555130e911c1fcf7074153d267,grid-100x100-h6-d1-r1-b0.2,91918929407bfc0c723fc3b8d1296f8f3b96028f1826a3ee39b74e8fc3aa4c59,benchmarks/grid/fixed-duration/domain.rddl,benchmarks/grid/fixed-duration/grid-100x100-h6-d1-r1-b0.2.rddl,1,1,ok
100,6,0.2,RAOstar,23,199.3485702929687,0.19028315627130452,38.62391986709554,28735,2419,True,d84d099493b973a63d879255d2221c1930d649aa,543f782d80ceb9555130e911c1fcf7074153d267,grid-100x100-h6-d1-r1-b0.2,91918929407bfc0c723fc3b8d1296f8f3b96028f1826a3ee39b74e8fc3aa4c59,benchmarks/grid/fixed-duration/domain.rddl,benchmarks/grid/fixed-duration/grid-100x100-h6-d1-r1-b0.2.rddl,1,1,ok
100,6,0.2,RAOstar,24,199.3485702929687,0.19028315627130452,38.8346588939894,28735,2419,True,d84d099493b973a63d879255d2221c1930d649aa,543f782d80ceb9555130e911c1fcf7074153d267,grid-100x100-h6-d1-r1-b0.2,91918929407bfc0c723fc3b8d1296f8f3b96028f1826a3ee39b74e8fc3aa4c59,benchmarks/grid/fixed-duration/domain.rddl,benchmarks/grid/fixed-duration/grid-100x100-h6-d1-r1-b0.2.rddl,1,1,ok
100,6,0.2,RAOstar,25,199.3485702929687,0.19028315627130452,39.171983291977085,28735,2419,True,d84d099493b973a63d879255d2221c1930d649aa,543f782d80ceb9555130e911c1fcf7074153d267,grid-100x100-h6-d1-r1-b0.2,91918929407bfc0c723fc3b8d1296f8f3b96028f1826a3ee39b74e8fc3aa4c59,benchmarks/grid/fixed-duration/domain.rddl,benchmarks/grid/fixed-duration/grid-100x100-h6-d1-r1-b0.2.rddl,1,1,ok
100,6,0.3,RAOstar,1,198.80460058387246,0.2999992191653617,13.73015818290878,7477,638,True,d84d099493b973a63d879255d2221c1930d649aa,543f782d80ceb9555130e911c1fcf7074153d267,grid-100x100-h6-d1-r1-b0.3,d0277a055245d6e3a7ef521aa3210ea3825677b0e7e40ff42792b1c14dfc57d3,benchmarks/grid/fixed-duration/domain.rddl,benchmarks/grid/fixed-duration/grid-100x100-h6-d1-r1-b0.3.rddl,1,1,ok
100,6,0.3,RAOstar,2,198.80460058387246,0.2999992191653617,13.695120287011378,7477,638,True,d84d099493b973a63d879255d2221c1930d649aa,543f782d80ceb9555130e911c1fcf7074153d267,grid-100x100-h6-d1-r1-b0.3,d0277a055245d6e3a7ef521aa3210ea3825677b0e7e40ff42792b1c14dfc57d3,benchmarks/grid/fixed-duration/domain.rddl,benchmarks/grid/fixed-duration/grid-100x100-h6-d1-r1-b0.3.rddl,1,1,ok
100,6,0.3,RAOstar,3,198.80460058387246,0.2999992191653617,13.91996275994461,7477,638,True,d84d099493b973a63d879255d2221c1930d649aa,543f782d80ceb9555130e911c1fcf7074153d267,grid-100x100-h6-d1-r1-b0.3,d0277a055245d6e3a7ef521aa3210ea3825677b0e7e40ff42792b1c14dfc57d3,benchmarks/grid/fixed-duration/domain.rddl,benchmarks/grid/fixed-duration/grid-100x100-h6-d1-r1-b0.3.rddl,1,1,ok
100,6,0.3,RAOstar,4,198.80460058387246,0.2999992191653617,13.738431273028255,7477,638,True,d84d099493b973a63d879255d2221c1930d649aa,543f782d80ceb9555130e911c1fcf7074153d267,grid-100x100-h6-d1-r1-b0.3,d0277a055245d6e3a7ef521aa3210ea3825677b0e7e40ff42792b1c14dfc57d3,benchmarks/grid/fixed-duration/domain.rddl,benchmarks/grid/fixed-duration/grid-100x100-h6-d1-r1-b0.3.rddl,1,1,ok
100,6,0.3,RAOstar,5,198.80460058387246,0.2999992191653617,13.696695177000947,7477,638,True,d84d099493b973a63d879255d2221c1930d649aa,543f782d80ceb9555130e911c1fcf7074153d267,grid-100x100-h6-d1-r1-b0.3,d0277a055245d6e3a7ef521aa3210ea3825677b0e7e40ff42792b1c14dfc57d3,benchmarks/grid/fixed-duration/domain.rddl,benchmarks/grid/fixed-duration/grid-100x100-h6-d1-r1-b0.3.rddl,1,1,ok
100,6,0.3,RAOstar,6,198.80460058387246,0.2999992191653617,13.699937888071872,7477,638,True,d84d099493b973a63d879255d2221c1930d649aa,543f782d80ceb9555130e911c1fcf7074153d267,grid-100x100-h6-d1-r1-b0.3,d0277a055245d6e3a7ef521aa3210ea3825677b0e7e40ff42792b1c14dfc57d3,benchmarks/grid/fixed-duration/domain.rddl,benchmarks/grid/fixed-duration/grid-100x100-h6-d1-r1-b0.3.rddl,1,1,ok
100,6,0.3,RAOstar,7,198.80460058387246,0.2999992191653617,13.922199774067849,7477,638,True,d84d099493b973a63d879255d2221c1930d649aa,543f782d80ceb9555130e911c1fcf7074153d267,grid-100x100-h6-d1-r1-b0.3,d0277a055245d6e3a7ef521aa3210ea3825677b0e7e40ff42792b1c14dfc57d3,benchmarks/grid/fixed-duration/domain.rddl,benchmarks/grid/fixed-duration/grid-100x100-h6-d1-r1-b0.3.rddl,1,1,ok
100,6,0.3,RAOstar,8,198.80460058387246,0.2999992191653617,14.130313596921042,7477,638,True,d84d099493b973a63d879255d2221c1930d649aa,543f782d80ceb9555130e911c1fcf7074153d267,grid-100x100-h6-d1-r1-b0.3,d0277a055245d6e3a7ef521aa3210ea3825677b0e7e40ff42792b1c14dfc57d3,benchmarks/grid/fixed-duration/domain.rddl,benchmarks/grid/fixed-duration/grid-100x100-h6-d1-r1-b0.3.rddl,1,1,ok
100,6,0.3,RAOstar,9,198.80460058387246,0.2999992191653617,14.475105948979035,7477,638,True,d84d099493b973a63d879255d2221c1930d649aa,543f782d80ceb9555130e911c1fcf7074153d267,grid-100x100-h6-d1-r1-b0.3,d0277a055245d6e3a7ef521aa3210ea3825677b0e7e40ff42792b1c14dfc57d3,benchmarks/grid/fixed-duration/domain.rddl,benchmarks/grid/fixed-duration/grid-100x100-h6-d1-r1-b0.3.rddl,1,1,ok
100,6,0.3,RAOstar,10,198.80460058387246,0.2999992191653617,13.81238734710496,7477,638,True,d84d099493b973a63d879255d2221c1930d649aa,543f782d80ceb9555130e911c1fcf7074153d267,grid-100x100-h6-d1-r1-b0.3,d0277a055245d6e3a7ef521aa3210ea3825677b0e7e40ff42792b1c14dfc57d3,benchmarks/grid/fixed-duration/domain.rddl,benchmarks/grid/fixed-duration/grid-100x100-h6-d1-r1-b0.3.rddl,1,1,ok
100,6,0.3,RAOstar,11,198.80460058387246,0.2999992191653617,13.90595874201972,7477,638,True,d84d099493b973a63d879255d2221c1930d649aa,543f782d80ceb9555130e911c1fcf7074153d267,grid-100x100-h6-d1-r1-b0.3,d0277a055245d6e3a7ef521aa3210ea3825677b0e7e40ff42792b1c14dfc57d3,benchmarks/grid/fixed-duration/domain.rddl,benchmarks/grid/fixed-duration/grid-100x100-h6-d1-r1-b0.3.rddl,1,1,ok
100,6,0.3,RAOstar,12,198.80460058387246,0.2999992191653617,14.222281434107572,7477,638,True,d84d099493b973a63d879255d2221c1930d649aa,543f782d80ceb9555130e911c1fcf7074153d267,grid-100x100-h6-d1-r1-b0.3,d0277a055245d6e3a7ef521aa3210ea3825677b0e7e40ff42792b1c14dfc57d3,benchmarks/grid/fixed-duration/domain.rddl,benchmarks/grid/fixed-duration/grid-100x100-h6-d1-r1-b0.3.rddl,1,1,ok
100,6,0.3,RAOstar,13,198.80460058387246,0.2999992191653617,13.582856021006592,7477,638,True,d84d099493b973a63d879255d2221c1930d649aa,543f782d80ceb9555130e911c1fcf7074153d267,grid-100x100-h6-d1-r1-b0.3,d0277a055245d6e3a7ef521aa3210ea3825677b0e7e40ff42792b1c14dfc57d3,benchmarks/grid/fixed-duration/domain.rddl,benchmarks/grid/fixed-duration/grid-100x100-h6-d1-r1-b0.3.rddl,1,1,ok
100,6,0.3,RAOstar,14,198.80460058387246,0.2999992191653617,13.682729470077902,7477,638,True,d84d099493b973a63d879255d2221c1930d649aa,543f782d80ceb9555130e911c1fcf7074153d267,grid-100x100-h6-d1-r1-b0.3,d0277a055245d6e3a7ef521aa3210ea3825677b0e7e40ff42792b1c14dfc57d3,benchmarks/grid/fixed-duration/domain.rddl,benchmarks/grid/fixed-duration/grid-100x100-h6-d1-r1-b0.3.rddl,1,1,ok
100,6,0.3,RAOstar,15,198.80460058387246,0.2999992191653617,13.442610266036354,7477,638,True,d84d099493b973a63d879255d2221c1930d649aa,543f782d80ceb9555130e911c1fcf7074153d267,grid-100x100-h6-d1-r1-b0.3,d0277a055245d6e3a7ef521aa3210ea3825677b0e7e40ff42792b1c14dfc57d3,benchmarks/grid/fixed-duration/domain.rddl,benchmarks/grid/fixed-duration/grid-100x100-h6-d1-r1-b0.3.rddl,1,1,ok
100,6,0.3,RAOstar,16,198.80460058387246,0.2999992191653617,14.360102699021809,7477,638,True,d84d099493b973a63d879255d2221c1930d649aa,543f782d80ceb9555130e911c1fcf7074153d267,grid-100x100-h6-d1-r1-b0.3,d0277a055245d6e3a7ef521aa3210ea3825677b0e7e40ff42792b1c14dfc57d3,benchmarks/grid/fixed-duration/domain.rddl,benchmarks/grid/fixed-duration/grid-100x100-h6-d1-r1-b0.3.rddl,1,1,ok
100,6,0.3,RAOstar,17,198.80460058387246,0.2999992191653617,18.005563072045334,7477,638,True,d84d099493b973a63d879255d2221c1930d649aa,543f782d80ceb9555130e911c1fcf7074153d267,grid-100x100-h6-d1-r1-b0.3,d0277a055245d6e3a7ef521aa3210ea3825677b0e7e40ff42792b1c14dfc57d3,benchmarks/grid/fixed-duration/domain.rddl,benchmarks/grid/fixed-duration/grid-100x100-h6-d1-r1-b0.3.rddl,1,1,ok
100,6,0.3,RAOstar,18,198.80460058387246,0.2999992191653617,13.330404562992044,7477,638,True,d84d099493b973a63d879255d2221c1930d649aa,543f782d80ceb9555130e911c1fcf7074153d267,grid-100x100-h6-d1-r1-b0.3,d0277a055245d6e3a7ef521aa3210ea3825677b0e7e40ff42792b1c14dfc57d3,benchmarks/grid/fixed-duration/domain.rddl,benchmarks/grid/fixed-duration/grid-100x100-h6-d1-r1-b0.3.rddl,1,1,ok
100,6,0.3,RAOstar,19,198.80460058387246,0.2999992191653617,13.362529950099997,7477,638,True,d84d099493b973a63d879255d2221c1930d649aa,543f782d80ceb9555130e911c1fcf7074153d267,grid-100x100-h6-d1-r1-b0.3,d0277a055245d6e3a7ef521aa3210ea3825677b0e7e40ff42792b1c14dfc57d3,benchmarks/grid/fixed-duration/domain.rddl,benchmarks/grid/fixed-duration/grid-100x100-h6-d1-r1-b0.3.rddl,1,1,ok
100,6,0.3,RAOstar,20,198.80460058387246,0.2999992191653617,13.891094545950182,7477,638,True,d84d099493b973a63d879255d2221c1930d649aa,543f782d80ceb9555130e911c1fcf7074153d267,grid-100x100-h6-d1-r1-b0.3,d0277a055245d6e3a7ef521aa3210ea3825677b0e7e40ff42792b1c14dfc57d3,benchmarks/grid/fixed-duration/domain.rddl,benchmarks/grid/fixed-duration/grid-100x100-h6-d1-r1-b0.3.rddl,1,1,ok
100,6,0.3,RAOstar,21,198.80460058387246,0.2999992191653617,13.125525781069882,7477,638,True,d84d099493b973a63d879255d2221c1930d649aa,543f782d80ceb9555130e911c1fcf7074153d267,grid-100x100-h6-d1-r1-b0.3,d0277a055245d6e3a7ef521aa3210ea3825677b0e7e40ff42792b1c14dfc57d3,benchmarks/grid/fixed-duration/domain.rddl,benchmarks/grid/fixed-duration/grid-100x100-h6-d1-r1-b0.3.rddl,1,1,ok
100,6,0.3,RAOstar,22,198.80460058387246,0.2999992191653617,13.765124980011024,7477,638,True,d84d099493b973a63d879255d2221c1930d649aa,543f782d80ceb9555130e911c1fcf7074153d267,grid-100x100-h6-d1-r1-b0.3,d0277a055245d6e3a7ef521aa3210ea3825677b0e7e40ff42792b1c14dfc57d3,benchmarks/grid/fixed-duration/domain.rddl,benchmarks/grid/fixed-duration/grid-100x100-h6-d1-r1-b0.3.rddl,1,1,ok
100,6,0.3,RAOstar,23,198.80460058387246,0.2999992191653617,13.119056191993877,7477,638,True,d84d099493b973a63d879255d2221c1930d649aa,543f782d80ceb9555130e911c1fcf7074153d267,grid-100x100-h6-d1-r1-b0.3,d0277a055245d6e3a7ef521aa3210ea3825677b0e7e40ff42792b1c14dfc57d3,benchmarks/grid/fixed-duration/domain.rddl,benchmarks/grid/fixed-duration/grid-100x100-h6-d1-r1-b0.3.rddl,1,1,ok
100,6,0.3,RAOstar,24,198.80460058387246,0.2999992191653617,13.198573421104811,7477,638,True,d84d099493b973a63d879255d2221c1930d649aa,543f782d80ceb9555130e911c1fcf7074153d267,grid-100x100-h6-d1-r1-b0.3,d0277a055245d6e3a7ef521aa3210ea3825677b0e7e40ff42792b1c14dfc57d3,benchmarks/grid/fixed-duration/domain.rddl,benchmarks/grid/fixed-duration/grid-100x100-h6-d1-r1-b0.3.rddl,1,1,ok
100,6,0.3,RAOstar,25,198.80460058387246,0.2999992191653617,13.247102015069686,7477,638,True,d84d099493b973a63d879255d2221c1930d649aa,543f782d80ceb9555130e911c1fcf7074153d267,grid-100x100-h6-d1-r1-b0.3,d0277a055245d6e3a7ef521aa3210ea3825677b0e7e40ff42792b1c14dfc57d3,benchmarks/grid/fixed-duration/domain.rddl,benchmarks/grid/fixed-duration/grid-100x100-h6-d1-r1-b0.3.rddl,1,1,ok
