size,horizon,delta,algorithm,trial,objective,risk,time_s,n,iterations,complete,constrained_pomdp_commit,raostar_commit
5,3,0.1,DARP-HILP,1,8.9323125,0.08976562500000002,0.04593874397687614,268,12,True,d84d099493b973a63d879255d2221c1930d649aa,543f782d80ceb9555130e911c1fcf7074153d267
5,3,0.1,RAO*,1,9.749686328125,0.08926781233710164,0.07486715697450563,337,40,True,d84d099493b973a63d879255d2221c1930d649aa,543f782d80ceb9555130e911c1fcf7074153d267
5,3,0.1,DARP-HILP,2,8.9323125,0.08976562500000002,0.06554568401770666,268,12,True,d84d099493b973a63d879255d2221c1930d649aa,543f782d80ceb9555130e911c1fcf7074153d267
5,3,0.1,RAO*,2,9.749686328125,0.08926781233710164,0.07389424496795982,337,40,True,d84d099493b973a63d879255d2221c1930d649aa,543f782d80ceb9555130e911c1fcf7074153d267
5,3,0.1,DARP-HILP,3,8.9323125,0.08976562500000002,0.06522008404135704,268,12,True,d84d099493b973a63d879255d2221c1930d649aa,543f782d80ceb9555130e911c1fcf7074153d267
5,3,0.1,RAO*,3,9.749686328125,0.08926781233710164,0.0740503019769676,337,40,True,d84d099493b973a63d879255d2221c1930d649aa,543f782d80ceb9555130e911c1fcf7074153d267
5,3,0.1,DARP-HILP,4,8.9323125,0.08976562500000002,0.06660457199905068,268,12,True,d84d099493b973a63d879255d2221c1930d649aa,543f782d80ceb9555130e911c1fcf7074153d267
5,3,0.1,RAO*,4,9.749686328125,0.08926781233710164,0.07473358797142282,337,40,True,d84d099493b973a63d879255d2221c1930d649aa,543f782d80ceb9555130e911c1fcf7074153d267
5,3,0.1,DARP-HILP,5,8.9323125,0.08976562500000002,0.06559208704857156,268,12,True,d84d099493b973a63d879255d2221c1930d649aa,543f782d80ceb9555130e911c1fcf7074153d267
5,3,0.1,RAO*,5,9.749686328125,0.08926781233710164,0.07435852102935314,337,40,True,d84d099493b973a63d879255d2221c1930d649aa,543f782d80ceb9555130e911c1fcf7074153d267
5,3,0.1,DARP-HILP,6,8.9323125,0.08976562500000002,0.0734039869857952,268,12,True,d84d099493b973a63d879255d2221c1930d649aa,543f782d80ceb9555130e911c1fcf7074153d267
5,3,0.1,RAO*,6,9.749686328125,0.08926781233710164,0.07451053097611293,337,40,True,d84d099493b973a63d879255d2221c1930d649aa,543f782d80ceb9555130e911c1fcf7074153d267
5,3,0.1,DARP-HILP,7,8.9323125,0.08976562500000002,0.06861555599607527,268,12,True,d84d099493b973a63d879255d2221c1930d649aa,543f782d80ceb9555130e911c1fcf7074153d267
5,3,0.1,RAO*,7,9.749686328125,0.08926781233710164,0.07553798198932782,337,40,True,d84d099493b973a63d879255d2221c1930d649aa,543f782d80ceb9555130e911c1fcf7074153d267
5,3,0.1,DARP-HILP,8,8.9323125,0.08976562500000002,0.06533891399158165,268,12,True,d84d099493b973a63d879255d2221c1930d649aa,543f782d80ceb9555130e911c1fcf7074153d267
5,3,0.1,RAO*,8,9.749686328125,0.08926781233710164,0.07436666800640523,337,40,True,d84d099493b973a63d879255d2221c1930d649aa,543f782d80ceb9555130e911c1fcf7074153d267
5,3,0.1,DARP-HILP,9,8.9323125,0.08976562500000002,0.06446626799879596,268,12,True,d84d099493b973a63d879255d2221c1930d649aa,543f782d80ceb9555130e911c1fcf7074153d267
5,3,0.1,RAO*,9,9.749686328125,0.08926781233710164,0.07468824501847848,337,40,True,d84d099493b973a63d879255d2221c1930d649aa,543f782d80ceb9555130e911c1fcf7074153d267
5,3,0.1,DARP-HILP,10,8.9323125,0.08976562500000002,0.06558551895432174,268,12,True,d84d099493b973a63d879255d2221c1930d649aa,543f782d80ceb9555130e911c1fcf7074153d267
5,3,0.1,RAO*,10,9.749686328125,0.08926781233710164,0.07681440899614245,337,40,True,d84d099493b973a63d879255d2221c1930d649aa,543f782d80ceb9555130e911c1fcf7074153d267
5,3,0.1,DARP-HILP,11,8.9323125,0.08976562500000002,0.06558263901388273,268,12,True,d84d099493b973a63d879255d2221c1930d649aa,543f782d80ceb9555130e911c1fcf7074153d267
5,3,0.1,RAO*,11,9.749686328125,0.08926781233710164,0.07460944796912372,337,40,True,d84d099493b973a63d879255d2221c1930d649aa,543f782d80ceb9555130e911c1fcf7074153d267
5,3,0.1,DARP-HILP,12,8.9323125,0.08976562500000002,0.08729464298812672,268,12,True,d84d099493b973a63d879255d2221c1930d649aa,543f782d80ceb9555130e911c1fcf7074153d267
5,3,0.1,RAO*,12,9.749686328125,0.08926781233710164,0.07439191703451797,337,40,True,d84d099493b973a63d879255d2221c1930d649aa,543f782d80ceb9555130e911c1fcf7074153d267
5,3,0.1,DARP-HILP,13,8.9323125,0.08976562500000002,0.06548075302271172,268,12,True,d84d099493b973a63d879255d2221c1930d649aa,543f782d80ceb9555130e911c1fcf7074153d267
5,3,0.1,RAO*,13,9.749686328125,0.08926781233710164,0.07413566001923755,337,40,True,d84d099493b973a63d879255d2221c1930d649aa,543f782d80ceb9555130e911c1fcf7074153d267
5,3,0.1,DARP-HILP,14,8.9323125,0.08976562500000002,0.06702012801542878,268,12,True,d84d099493b973a63d879255d2221c1930d649aa,543f782d80ceb9555130e911c1fcf7074153d267
5,3,0.1,RAO*,14,9.749686328125,0.08926781233710164,0.09478884900454432,337,40,True,d84d099493b973a63d879255d2221c1930d649aa,543f782d80ceb9555130e911c1fcf7074153d267
5,3,0.1,DARP-HILP,15,8.9323125,0.08976562500000002,0.06645173602737486,268,12,True,d84d099493b973a63d879255d2221c1930d649aa,543f782d80ceb9555130e911c1fcf7074153d267
5,3,0.1,RAO*,15,9.749686328125,0.08926781233710164,0.07555077102733776,337,40,True,d84d099493b973a63d879255d2221c1930d649aa,543f782d80ceb9555130e911c1fcf7074153d267
5,3,0.1,DARP-HILP,16,8.9323125,0.08976562500000002,0.06675179104786366,268,12,True,d84d099493b973a63d879255d2221c1930d649aa,543f782d80ceb9555130e911c1fcf7074153d267
5,3,0.1,RAO*,16,9.749686328125,0.08926781233710164,0.07445344398729503,337,40,True,d84d099493b973a63d879255d2221c1930d649aa,543f782d80ceb9555130e911c1fcf7074153d267
5,3,0.1,DARP-HILP,17,8.9323125,0.08976562500000002,0.07179169700248167,268,12,True,d84d099493b973a63d879255d2221c1930d649aa,543f782d80ceb9555130e911c1fcf7074153d267
5,3,0.1,RAO*,17,9.749686328125,0.08926781233710164,0.07775899796979502,337,40,True,d84d099493b973a63d879255d2221c1930d649aa,543f782d80ceb9555130e911c1fcf7074153d267
5,3,0.1,DARP-HILP,18,8.9323125,0.08976562500000002,0.07029668602626771,268,12,True,d84d099493b973a63d879255d2221c1930d649aa,543f782d80ceb9555130e911c1fcf7074153d267
5,3,0.1,RAO*,18,9.749686328125,0.08926781233710164,0.07810712198261172,337,40,True,d84d099493b973a63d879255d2221c1930d649aa,543f782d80ceb9555130e911c1fcf7074153d267
5,3,0.1,DARP-HILP,19,8.9323125,0.08976562500000002,0.06836048304103315,268,12,True,d84d099493b973a63d879255d2221c1930d649aa,543f782d80ceb9555130e911c1fcf7074153d267
5,3,0.1,RAO*,19,9.749686328125,0.08926781233710164,0.07612227398203686,337,40,True,d84d099493b973a63d879255d2221c1930d649aa,543f782d80ceb9555130e911c1fcf7074153d267
5,3,0.1,DARP-HILP,20,8.9323125,0.08976562500000002,0.08742656494723633,268,12,True,d84d099493b973a63d879255d2221c1930d649aa,543f782d80ceb9555130e911c1fcf7074153d267
5,3,0.1,RAO*,20,9.749686328125,0.08926781233710164,0.0774781159707345,337,40,True,d84d099493b973a63d879255d2221c1930d649aa,543f782d80ceb9555130e911c1fcf7074153d267
5,3,0.1,DARP-HILP,21,8.9323125,0.08976562500000002,0.06870197801617905,268,12,True,d84d099493b973a63d879255d2221c1930d649aa,543f782d80ceb9555130e911c1fcf7074153d267
5,3,0.1,RAO*,21,9.749686328125,0.08926781233710164,0.07782952900743112,337,40,True,d84d099493b973a63d879255d2221c1930d649aa,543f782d80ceb9555130e911c1fcf7074153d267
5,3,0.1,DARP-HILP,22,8.9323125,0.08976562500000002,0.06631922803353518,268,12,True,d84d099493b973a63d879255d2221c1930d649aa,543f782d80ceb9555130e911c1fcf7074153d267
5,3,0.1,RAO*,22,9.749686328125,0.08926781233710164,0.07797351200133562,337,40,True,d84d099493b973a63d879255d2221c1930d649aa,543f782d80ceb9555130e911c1fcf7074153d267
5,3,0.1,DARP-HILP,23,8.9323125,0.08976562500000002,0.06739770801505074,268,12,True,d84d099493b973a63d879255d2221c1930d649aa,543f782d80ceb9555130e911c1fcf7074153d267
5,3,0.1,RAO*,23,9.749686328125,0.08926781233710164,0.07652062602574006,337,40,True,d84d099493b973a63d879255d2221c1930d649aa,543f782d80ceb9555130e911c1fcf7074153d267
5,3,0.1,DARP-HILP,24,8.9323125,0.08976562500000002,0.06591069197747856,268,12,True,d84d099493b973a63d879255d2221c1930d649aa,543f782d80ceb9555130e911c1fcf7074153d267
5,3,0.1,RAO*,24,9.749686328125,0.08926781233710164,0.07520887796999887,337,40,True,d84d099493b973a63d879255d2221c1930d649aa,543f782d80ceb9555130e911c1fcf7074153d267
5,3,0.1,DARP-HILP,25,8.9323125,0.08976562500000002,0.06723893398884684,268,12,True,d84d099493b973a63d879255d2221c1930d649aa,543f782d80ceb9555130e911c1fcf7074153d267
5,3,0.1,RAO*,25,9.749686328125,0.08926781233710164,0.07877939997706562,337,40,True,d84d099493b973a63d879255d2221c1930d649aa,543f782d80ceb9555130e911c1fcf7074153d267
5,3,0.2,DARP-HILP,1,8.155624999999999,0.144375,0.05792768398532644,160,9,True,d84d099493b973a63d879255d2221c1930d649aa,543f782d80ceb9555130e911c1fcf7074153d267
5,3,0.2,RAO*,1,8.241031249999999,0.18432793332202302,0.02743025397649035,142,13,True,d84d099493b973a63d879255d2221c1930d649aa,543f782d80ceb9555130e911c1fcf7074153d267
5,3,0.2,DARP-HILP,2,8.155624999999999,0.144375,0.05787076597334817,160,9,True,d84d099493b973a63d879255d2221c1930d649aa,543f782d80ceb9555130e911c1fcf7074153d267
5,3,0.2,RAO*,2,8.241031249999999,0.18432793332202302,0.03260140400379896,142,13,True,d84d099493b973a63d879255d2221c1930d649aa,543f782d80ceb9555130e911c1fcf7074153d267
5,3,0.2,DARP-HILP,3,8.155624999999999,0.144375,0.06970858003478497,160,9,True,d84d099493b973a63d879255d2221c1930d649aa,543f782d80ceb9555130e911c1fcf7074153d267
5,3,0.2,RAO*,3,8.241031249999999,0.18432793332202302,0.031624257971998304,142,13,True,d84d099493b973a63d879255d2221c1930d649aa,543f782d80ceb9555130e911c1fcf7074153d267
5,3,0.2,DARP-HILP,4,8.155624999999999,0.144375,0.055692063993774354,160,9,True,d84d099493b973a63d879255d2221c1930d649aa,543f782d80ceb9555130e911c1fcf7074153d267
5,3,0.2,RAO*,4,8.241031249999999,0.18432793332202302,0.027137117052916437,142,13,True,d84d099493b973a63d879255d2221c1930d649aa,543f782d80ceb9555130e911c1fcf7074153d267
5,3,0.2,DARP-HILP,5,8.155624999999999,0.144375,0.05501169903436676,160,9,True,d84d099493b973a63d879255d2221c1930d649aa,543f782d80ceb9555130e911c1fcf7074153d267
5,3,0.2,RAO*,5,8.241031249999999,0.18432793332202302,0.02693062595790252,142,13,True,d84d099493b973a63d879255d2221c1930d649aa,543f782d80ceb9555130e911c1fcf7074153d267
5,3,0.2,DARP-HILP,6,8.155624999999999,0.144375,0.06110381195321679,160,9,True,d84d099493b973a63d879255d2221c1930d649aa,543f782d80ceb9555130e911c1fcf7074153d267
5,3,0.2,RAO*,6,8.241031249999999,0.18432793332202302,0.029018774977885187,142,13,True,d84d099493b973a63d879255d2221c1930d649aa,543f782d80ceb9555130e911c1fcf7074153d267
5,3,0.2,DARP-HILP,7,8.155624999999999,0.144375,0.05632242001593113,160,9,True,d84d099493b973a63d879255d2221c1930d649aa,543f782d80ceb9555130e911c1fcf7074153d267
5,3,0.2,RAO*,7,8.241031249999999,0.18432793332202302,0.027296932006720454,142,13,True,d84d099493b973a63d879255d2221c1930d649aa,543f782d80ceb9555130e911c1fcf7074153d267
5,3,0.2,DARP-HILP,8,8.155624999999999,0.144375,0.0557027580216527,160,9,True,d84d099493b973a63d879255d2221c1930d649aa,543f782d80ceb9555130e911c1fcf7074153d267
5,3,0.2,RAO*,8,8.241031249999999,0.18432793332202302,0.02723539003636688,142,13,True,d84d099493b973a63d879255d2221c1930d649aa,543f782d80ceb9555130e911c1fcf7074153d267
5,3,0.2,DARP-HILP,9,8.155624999999999,0.144375,0.05628847295884043,160,9,True,d84d099493b973a63d879255d2221c1930d649aa,543f782d80ceb9555130e911c1fcf7074153d267
5,3,0.2,RAO*,9,8.241031249999999,0.18432793332202302,0.027669033035635948,142,13,True,d84d099493b973a63d879255d2221c1930d649aa,543f782d80ceb9555130e911c1fcf7074153d267
5,3,0.2,DARP-HILP,10,8.155624999999999,0.144375,0.0559525610296987,160,9,True,d84d099493b973a63d879255d2221c1930d649aa,543f782d80ceb9555130e911c1fcf7074153d267
5,3,0.2,RAO*,10,8.241031249999999,0.18432793332202302,0.02792566700372845,142,13,True,d84d099493b973a63d879255d2221c1930d649aa,543f782d80ceb9555130e911c1fcf7074153d267
5,3,0.2,DARP-HILP,11,8.155624999999999,0.144375,0.05561444303020835,160,9,True,d84d099493b973a63d879255d2221c1930d649aa,543f782d80ceb9555130e911c1fcf7074153d267
5,3,0.2,RAO*,11,8.241031249999999,0.18432793332202302,0.027310139033943415,142,13,True,d84d099493b973a63d879255d2221c1930d649aa,543f782d80ceb9555130e911c1fcf7074153d267
5,3,0.2,DARP-HILP,12,8.155624999999999,0.144375,0.056370514968875796,160,9,True,d84d099493b973a63d879255d2221c1930d649aa,543f782d80ceb9555130e911c1fcf7074153d267
5,3,0.2,RAO*,12,8.241031249999999,0.18432793332202302,0.029062270012218505,142,13,True,d84d099493b973a63d879255d2221c1930d649aa,543f782d80ceb9555130e911c1fcf7074153d267
5,3,0.2,DARP-HILP,13,8.155624999999999,0.144375,0.05660991999320686,160,9,True,d84d099493b973a63d879255d2221c1930d649aa,543f782d80ceb9555130e911c1fcf7074153d267
5,3,0.2,RAO*,13,8.241031249999999,0.18432793332202302,0.027507550024893135,142,13,True,d84d099493b973a63d879255d2221c1930d649aa,543f782d80ceb9555130e911c1fcf7074153d267
5,3,0.2,DARP-HILP,14,8.155624999999999,0.144375,0.05628218699712306,160,9,True,d84d099493b973a63d879255d2221c1930d649aa,543f782d80ceb9555130e911c1fcf7074153d267
5,3,0.2,RAO*,14,8.241031249999999,0.18432793332202302,0.02779676899081096,142,13,True,d84d099493b973a63d879255d2221c1930d649aa,543f782d80ceb9555130e911c1fcf7074153d267
5,3,0.2,DARP-HILP,15,8.155624999999999,0.144375,0.05569359101355076,160,9,True,d84d099493b973a63d879255d2221c1930d649aa,543f782d80ceb9555130e911c1fcf7074153d267
5,3,0.2,RAO*,15,8.241031249999999,0.18432793332202302,0.02750046900473535,142,13,True,d84d099493b973a63d879255d2221c1930d649aa,543f782d80ceb9555130e911c1fcf7074153d267
5,3,0.2,DARP-HILP,16,8.155624999999999,0.144375,0.05538764101220295,160,9,True,d84d099493b973a63d879255d2221c1930d649aa,543f782d80ceb9555130e911c1fcf7074153d267
5,3,0.2,RAO*,16,8.241031249999999,0.18432793332202302,0.04596086003584787,142,13,True,d84d099493b973a63d879255d2221c1930d649aa,543f782d80ceb9555130e911c1fcf7074153d267
5,3,0.2,DARP-HILP,17,8.155624999999999,0.144375,0.05687179899541661,160,9,True,d84d099493b973a63d879255d2221c1930d649aa,543f782d80ceb9555130e911c1fcf7074153d267
5,3,0.2,RAO*,17,8.241031249999999,0.18432793332202302,0.028181205969303846,142,13,True,d84d099493b973a63d879255d2221c1930d649aa,543f782d80ceb9555130e911c1fcf7074153d267
5,3,0.2,DARP-HILP,18,8.155624999999999,0.144375,0.058639031019993126,160,9,True,d84d099493b973a63d879255d2221c1930d649aa,543f782d80ceb9555130e911c1fcf7074153d267
5,3,0.2,RAO*,18,8.241031249999999,0.18432793332202302,0.027487403945997357,142,13,True,d84d099493b973a63d879255d2221c1930d649aa,543f782d80ceb9555130e911c1fcf7074153d267
5,3,0.2,DARP-HILP,19,8.155624999999999,0.144375,0.057637282996438444,160,9,True,d84d099493b973a63d879255d2221c1930d649aa,543f782d80ceb9555130e911c1fcf7074153d267
5,3,0.2,RAO*,19,8.241031249999999,0.18432793332202302,0.0272819260135293,142,13,True,d84d099493b973a63d879255d2221c1930d649aa,543f782d80ceb9555130e911c1fcf7074153d267
5,3,0.2,DARP-HILP,20,8.155624999999999,0.144375,0.05624735995661467,160,9,True,d84d099493b973a63d879255d2221c1930d649aa,543f782d80ceb9555130e911c1fcf7074153d267
5,3,0.2,RAO*,20,8.241031249999999,0.18432793332202302,0.027465694001875818,142,13,True,d84d099493b973a63d879255d2221c1930d649aa,543f782d80ceb9555130e911c1fcf7074153d267
5,3,0.2,DARP-HILP,21,8.155624999999999,0.144375,0.056608279002830386,160,9,True,d84d099493b973a63d879255d2221c1930d649aa,543f782d80ceb9555130e911c1fcf7074153d267
5,3,0.2,RAO*,21,8.241031249999999,0.18432793332202302,0.027162975980900228,142,13,True,d84d099493b973a63d879255d2221c1930d649aa,543f782d80ceb9555130e911c1fcf7074153d267
5,3,0.2,DARP-HILP,22,8.155624999999999,0.144375,0.05886002100305632,160,9,True,d84d099493b973a63d879255d2221c1930d649aa,543f782d80ceb9555130e911c1fcf7074153d267
5,3,0.2,RAO*,22,8.241031249999999,0.18432793332202302,0.04058250202797353,142,13,True,d84d099493b973a63d879255d2221c1930d649aa,543f782d80ceb9555130e911c1fcf7074153d267
5,3,0.2,DARP-HILP,23,8.155624999999999,0.144375,0.05668061604956165,160,9,True,d84d099493b973a63d879255d2221c1930d649aa,543f782d80ceb9555130e911c1fcf7074153d267
5,3,0.2,RAO*,23,8.241031249999999,0.18432793332202302,0.027870174031704664,142,13,True,d84d099493b973a63d879255d2221c1930d649aa,543f782d80ceb9555130e911c1fcf7074153d267
5,3,0.2,DARP-HILP,24,8.155624999999999,0.144375,0.05582718999357894,160,9,True,d84d099493b973a63d879255d2221c1930d649aa,543f782d80ceb9555130e911c1fcf7074153d267
5,3,0.2,RAO*,24,8.241031249999999,0.18432793332202302,0.02725864399690181,142,13,True,d84d099493b973a63d879255d2221c1930d649aa,543f782d80ceb9555130e911c1fcf7074153d267
5,3,0.2,DARP-HILP,25,8.155624999999999,0.144375,0.055272035009693354,160,9,True,d84d099493b973a63d879255d2221c1930d649aa,543f782d80ceb9555130e911c1fcf7074153d267
5,3,0.2,RAO*,25,8.241031249999999,0.18432793332202302,0.027213314024265856,142,13,True,d84d099493b973a63d879255d2221c1930d649aa,543f782d80ceb9555130e911c1fcf7074153d267
5,3,0.3,DARP-HILP,1,8.155624999999999,0.144375,0.056520726007875055,172,9,True,d84d099493b973a63d879255d2221c1930d649aa,543f782d80ceb9555130e911c1fcf7074153d267
5,3,0.3,RAO*,1,8.241031249999999,0.18432793332202302,0.028375844995025545,175,15,True,d84d099493b973a63d879255d2221c1930d649aa,543f782d80ceb9555130e911c1fcf7074153d267
5,3,0.3,DARP-HILP,2,8.155624999999999,0.144375,0.056739051011390984,172,9,True,d84d099493b973a63d879255d2221c1930d649aa,543f782d80ceb9555130e911c1fcf7074153d267
5,3,0.3,RAO*,2,8.241031249999999,0.18432793332202302,0.028261222993023694,175,15,True,d84d099493b973a63d879255d2221c1930d649aa,543f782d80ceb9555130e911c1fcf7074153d267
5,3,0.3,DARP-HILP,3,8.155624999999999,0.144375,0.08114720502635464,172,9,True,d84d099493b973a63d879255d2221c1930d649aa,543f782d80ceb9555130e911c1fcf7074153d267
5,3,0.3,RAO*,3,8.241031249999999,0.18432793332202302,0.02845746901584789,175,15,True,d84d099493b973a63d879255d2221c1930d649aa,543f782d80ceb9555130e911c1fcf7074153d267
5,3,0.3,DARP-HILP,4,8.155624999999999,0.144375,0.05676924699218944,172,9,True,d84d099493b973a63d879255d2221c1930d649aa,543f782d80ceb9555130e911c1fcf7074153d267
5,3,0.3,RAO*,4,8.241031249999999,0.18432793332202302,0.0287102609872818,175,15,True,d84d099493b973a63d879255d2221c1930d649aa,543f782d80ceb9555130e911c1fcf7074153d267
5,3,0.3,DARP-HILP,5,8.155624999999999,0.144375,0.05837060697376728,172,9,True,d84d099493b973a63d879255d2221c1930d649aa,543f782d80ceb9555130e911c1fcf7074153d267
5,3,0.3,RAO*,5,8.241031249999999,0.18432793332202302,0.028356689028441906,175,15,True,d84d099493b973a63d879255d2221c1930d649aa,543f782d80ceb9555130e911c1fcf7074153d267
5,3,0.3,DARP-HILP,6,8.155624999999999,0.144375,0.055847843002993613,172,9,True,d84d099493b973a63d879255d2221c1930d649aa,543f782d80ceb9555130e911c1fcf7074153d267
5,3,0.3,RAO*,6,8.241031249999999,0.18432793332202302,0.028310730995144695,175,15,True,d84d099493b973a63d879255d2221c1930d649aa,543f782d80ceb9555130e911c1fcf7074153d267
5,3,0.3,DARP-HILP,7,8.155624999999999,0.144375,0.055974711023736745,172,9,True,d84d099493b973a63d879255d2221c1930d649aa,543f782d80ceb9555130e911c1fcf7074153d267
5,3,0.3,RAO*,7,8.241031249999999,0.18432793332202302,0.028138177003711462,175,15,True,d84d099493b973a63d879255d2221c1930d649aa,543f782d80ceb9555130e911c1fcf7074153d267
5,3,0.3,DARP-HILP,8,8.155624999999999,0.144375,0.059053873002994806,172,9,True,d84d099493b973a63d879255d2221c1930d649aa,543f782d80ceb9555130e911c1fcf7074153d267
5,3,0.3,RAO*,8,8.241031249999999,0.18432793332202302,0.02825695398496464,175,15,True,d84d099493b973a63d879255d2221c1930d649aa,543f782d80ceb9555130e911c1fcf7074153d267
5,3,0.3,DARP-HILP,9,8.155624999999999,0.144375,0.056973327009472996,172,9,True,d84d099493b973a63d879255d2221c1930d649aa,543f782d80ceb9555130e911c1fcf7074153d267
5,3,0.3,RAO*,9,8.241031249999999,0.18432793332202302,0.02804077899781987,175,15,True,d84d099493b973a63d879255d2221c1930d649aa,543f782d80ceb9555130e911c1fcf7074153d267
5,3,0.3,DARP-HILP,10,8.155624999999999,0.144375,0.056900618015788496,172,9,True,d84d099493b973a63d879255d2221c1930d649aa,543f782d80ceb9555130e911c1fcf7074153d267
5,3,0.3,RAO*,10,8.241031249999999,0.18432793332202302,0.027871249010786414,175,15,True,d84d099493b973a63d879255d2221c1930d649aa,543f782d80ceb9555130e911c1fcf7074153d267
5,3,0.3,DARP-HILP,11,8.155624999999999,0.144375,0.05642444302793592,172,9,True,d84d099493b973a63d879255d2221c1930d649aa,543f782d80ceb9555130e911c1fcf7074153d267
5,3,0.3,RAO*,11,8.241031249999999,0.18432793332202302,0.028112428029999137,175,15,True,d84d099493b973a63d879255d2221c1930d649aa,543f782d80ceb9555130e911c1fcf7074153d267
5,3,0.3,DARP-HILP,12,8.155624999999999,0.144375,0.05702100298367441,172,9,True,d84d099493b973a63d879255d2221c1930d649aa,543f782d80ceb9555130e911c1fcf7074153d267
5,3,0.3,RAO*,12,8.241031249999999,0.18432793332202302,0.02781863504787907,175,15,True,d84d099493b973a63d879255d2221c1930d649aa,543f782d80ceb9555130e911c1fcf7074153d267
5,3,0.3,DARP-HILP,13,8.155624999999999,0.144375,0.05861144297523424,172,9,True,d84d099493b973a63d879255d2221c1930d649aa,543f782d80ceb9555130e911c1fcf7074153d267
5,3,0.3,RAO*,13,8.241031249999999,0.18432793332202302,0.03062702203169465,175,15,True,d84d099493b973a63d879255d2221c1930d649aa,543f782d80ceb9555130e911c1fcf7074153d267
5,3,0.3,DARP-HILP,14,8.155624999999999,0.144375,0.07691976701607928,172,9,True,d84d099493b973a63d879255d2221c1930d649aa,543f782d80ceb9555130e911c1fcf7074153d267
5,3,0.3,RAO*,14,8.241031249999999,0.18432793332202302,0.02773274201899767,175,15,True,d84d099493b973a63d879255d2221c1930d649aa,543f782d80ceb9555130e911c1fcf7074153d267
5,3,0.3,DARP-HILP,15,8.155624999999999,0.144375,0.05642855097539723,172,9,True,d84d099493b973a63d879255d2221c1930d649aa,543f782d80ceb9555130e911c1fcf7074153d267
5,3,0.3,RAO*,15,8.241031249999999,0.18432793332202302,0.027993050985969603,175,15,True,d84d099493b973a63d879255d2221c1930d649aa,543f782d80ceb9555130e911c1fcf7074153d267
5,3,0.3,DARP-HILP,16,8.155624999999999,0.144375,0.058201793988700956,172,9,True,d84d099493b973a63d879255d2221c1930d649aa,543f782d80ceb9555130e911c1fcf7074153d267
5,3,0.3,RAO*,16,8.241031249999999,0.18432793332202302,0.0286049610003829,175,15,True,d84d099493b973a63d879255d2221c1930d649aa,543f782d80ceb9555130e911c1fcf7074153d267
5,3,0.3,DARP-HILP,17,8.155624999999999,0.144375,0.05816566903376952,172,9,True,d84d099493b973a63d879255d2221c1930d649aa,543f782d80ceb9555130e911c1fcf7074153d267
5,3,0.3,RAO*,17,8.241031249999999,0.18432793332202302,0.028257049969397485,175,15,True,d84d099493b973a63d879255d2221c1930d649aa,543f782d80ceb9555130e911c1fcf7074153d267
5,3,0.3,DARP-HILP,18,8.155624999999999,0.144375,0.05775534303393215,172,9,True,d84d099493b973a63d879255d2221c1930d649aa,543f782d80ceb9555130e911c1fcf7074153d267
5,3,0.3,RAO*,18,8.241031249999999,0.18432793332202302,0.02998702204786241,175,15,True,d84d099493b973a63d879255d2221c1930d649aa,543f782d80ceb9555130e911c1fcf7074153d267
5,3,0.3,DARP-HILP,19,8.155624999999999,0.144375,0.056880171003285795,172,9,True,d84d099493b973a63d879255d2221c1930d649aa,543f782d80ceb9555130e911c1fcf7074153d267
5,3,0.3,RAO*,19,8.241031249999999,0.18432793332202302,0.02858200401533395,175,15,True,d84d099493b973a63d879255d2221c1930d649aa,543f782d80ceb9555130e911c1fcf7074153d267
5,3,0.3,DARP-HILP,20,8.155624999999999,0.144375,0.05737269698875025,172,9,True,d84d099493b973a63d879255d2221c1930d649aa,543f782d80ceb9555130e911c1fcf7074153d267
5,3,0.3,RAO*,20,8.241031249999999,0.18432793332202302,0.028471507015638053,175,15,True,d84d099493b973a63d879255d2221c1930d649aa,543f782d80ceb9555130e911c1fcf7074153d267
5,3,0.3,DARP-HILP,21,8.155624999999999,0.144375,0.056332221953198314,172,9,True,d84d099493b973a63d879255d2221c1930d649aa,543f782d80ceb9555130e911c1fcf7074153d267
5,3,0.3,RAO*,21,8.241031249999999,0.18432793332202302,0.028815251018386334,175,15,True,d84d099493b973a63d879255d2221c1930d649aa,543f782d80ceb9555130e911c1fcf7074153d267
5,3,0.3,DARP-HILP,22,8.155624999999999,0.144375,0.05701770505402237,172,9,True,d84d099493b973a63d879255d2221c1930d649aa,543f782d80ceb9555130e911c1fcf7074153d267
5,3,0.3,RAO*,22,8.241031249999999,0.18432793332202302,0.028833842021413147,175,15,True,d84d099493b973a63d879255d2221c1930d649aa,543f782d80ceb9555130e911c1fcf7074153d267
5,3,0.3,DARP-HILP,23,8.155624999999999,0.144375,0.05699431401444599,172,9,True,d84d099493b973a63d879255d2221c1930d649aa,543f782d80ceb9555130e911c1fcf7074153d267
5,3,0.3,RAO*,23,8.241031249999999,0.18432793332202302,0.029509665968362242,175,15,True,d84d099493b973a63d879255d2221c1930d649aa,543f782d80ceb9555130e911c1fcf7074153d267
5,3,0.3,DARP-HILP,24,8.155624999999999,0.144375,0.05808306101243943,172,9,True,d84d099493b973a63d879255d2221c1930d649aa,543f782d80ceb9555130e911c1fcf7074153d267
5,3,0.3,RAO*,24,8.241031249999999,0.18432793332202302,0.02874357398832217,175,15,True,d84d099493b973a63d879255d2221c1930d649aa,543f782d80ceb9555130e911c1fcf7074153d267
5,3,0.3,DARP-HILP,25,8.155624999999999,0.144375,0.07824427797459066,172,9,True,d84d099493b973a63d879255d2221c1930d649aa,543f782d80ceb9555130e911c1fcf7074153d267
5,3,0.3,RAO*,25,8.241031249999999,0.18432793332202302,0.028195585997309536,175,15,True,d84d099493b973a63d879255d2221c1930d649aa,543f782d80ceb9555130e911c1fcf7074153d267
5,4,0.1,DARP-HILP,1,9.679810263671875,0.09923649803466798,0.2542958640260622,1084,22,True,d84d099493b973a63d879255d2221c1930d649aa,543f782d80ceb9555130e911c1fcf7074153d267
5,4,0.1,RAO*,1,10.775187066467288,0.06560473067238873,0.4436019430286251,1309,135,True,d84d099493b973a63d879255d2221c1930d649aa,543f782d80ceb9555130e911c1fcf7074153d267
5,4,0.1,DARP-HILP,2,9.679810263671875,0.09923649803466798,0.29913716902956367,1084,22,True,d84d099493b973a63d879255d2221c1930d649aa,543f782d80ceb9555130e911c1fcf7074153d267
5,4,0.1,RAO*,2,10.775187066467288,0.06560473067238873,0.442574001965113,1309,135,True,d84d099493b973a63d879255d2221c1930d649aa,543f782d80ceb9555130e911c1fcf7074153d267
5,4,0.1,DARP-HILP,3,9.679810263671875,0.09923649803466798,0.29483273095684126,1084,22,True,d84d099493b973a63d879255d2221c1930d649aa,543f782d80ceb9555130e911c1fcf7074153d267
5,4,0.1,RAO*,3,10.775187066467288,0.06560473067238873,0.44492916599847376,1309,135,True,d84d099493b973a63d879255d2221c1930d649aa,543f782d80ceb9555130e911c1fcf7074153d267
5,4,0.1,DARP-HILP,4,9.679810263671875,0.09923649803466798,0.2961359290056862,1084,22,True,d84d099493b973a63d879255d2221c1930d649aa,543f782d80ceb9555130e911c1fcf7074153d267
5,4,0.1,RAO*,4,10.775187066467288,0.06560473067238873,0.4450378430192359,1309,135,True,d84d099493b973a63d879255d2221c1930d649aa,543f782d80ceb9555130e911c1fcf7074153d267
5,4,0.1,DARP-HILP,5,9.679810263671875,0.09923649803466798,0.31573529896559194,1084,22,True,d84d099493b973a63d879255d2221c1930d649aa,543f782d80ceb9555130e911c1fcf7074153d267
5,4,0.1,RAO*,5,10.775187066467288,0.06560473067238873,0.4414404300041497,1309,135,True,d84d099493b973a63d879255d2221c1930d649aa,543f782d80ceb9555130e911c1fcf7074153d267
5,4,0.1,DARP-HILP,6,9.679810263671875,0.09923649803466798,0.2965309640276246,1084,22,True,d84d099493b973a63d879255d2221c1930d649aa,543f782d80ceb9555130e911c1fcf7074153d267
5,4,0.1,RAO*,6,10.775187066467288,0.06560473067238873,0.438544181000907,1309,135,True,d84d099493b973a63d879255d2221c1930d649aa,543f782d80ceb9555130e911c1fcf7074153d267
5,4,0.1,DARP-HILP,7,9.679810263671875,0.09923649803466798,0.3176125190220773,1084,22,True,d84d099493b973a63d879255d2221c1930d649aa,543f782d80ceb9555130e911c1fcf7074153d267
5,4,0.1,RAO*,7,10.775187066467288,0.06560473067238873,0.44532426103251055,1309,135,True,d84d099493b973a63d879255d2221c1930d649aa,543f782d80ceb9555130e911c1fcf7074153d267
5,4,0.1,DARP-HILP,8,9.679810263671875,0.09923649803466798,0.2936947430134751,1084,22,True,d84d099493b973a63d879255d2221c1930d649aa,543f782d80ceb9555130e911c1fcf7074153d267
5,4,0.1,RAO*,8,10.775187066467288,0.06560473067238873,0.442037484026514,1309,135,True,d84d099493b973a63d879255d2221c1930d649aa,543f782d80ceb9555130e911c1fcf7074153d267
5,4,0.1,DARP-HILP,9,9.679810263671875,0.09923649803466798,0.3223427659831941,1084,22,True,d84d099493b973a63d879255d2221c1930d649aa,543f782d80ceb9555130e911c1fcf7074153d267
5,4,0.1,RAO*,9,10.775187066467288,0.06560473067238873,0.44245244399644434,1309,135,True,d84d099493b973a63d879255d2221c1930d649aa,543f782d80ceb9555130e911c1fcf7074153d267
5,4,0.1,DARP-HILP,10,9.679810263671875,0.09923649803466798,0.2919067280017771,1084,22,True,d84d099493b973a63d879255d2221c1930d649aa,543f782d80ceb9555130e911c1fcf7074153d267
5,4,0.1,RAO*,10,10.775187066467288,0.06560473067238873,0.4398207819904201,1309,135,True,d84d099493b973a63d879255d2221c1930d649aa,543f782d80ceb9555130e911c1fcf7074153d267
5,4,0.1,DARP-HILP,11,9.679810263671875,0.09923649803466798,0.31844094197731465,1084,22,True,d84d099493b973a63d879255d2221c1930d649aa,543f782d80ceb9555130e911c1fcf7074153d267
5,4,0.1,RAO*,11,10.775187066467288,0.06560473067238873,0.4431886629899964,1309,135,True,d84d099493b973a63d879255d2221c1930d649aa,543f782d80ceb9555130e911c1fcf7074153d267
5,4,0.1,DARP-HILP,12,9.679810263671875,0.09923649803466798,0.2990024220198393,1084,22,True,d84d099493b973a63d879255d2221c1930d649aa,543f782d80ceb9555130e911c1fcf7074153d267
5,4,0.1,RAO*,12,10.775187066467288,0.06560473067238873,0.44489539600908756,1309,135,True,d84d099493b973a63d879255d2221c1930d649aa,543f782d80ceb9555130e911c1fcf7074153d267
5,4,0.1,DARP-HILP,13,9.679810263671875,0.09923649803466798,0.3159696090151556,1084,22,True,d84d099493b973a63d879255d2221c1930d649aa,543f782d80ceb9555130e911c1fcf7074153d267
5,4,0.1,RAO*,13,10.775187066467288,0.06560473067238873,0.4416098250076175,1309,135,True,d84d099493b973a63d879255d2221c1930d649aa,543f782d80ceb9555130e911c1fcf7074153d267
5,4,0.1,DARP-HILP,14,9.679810263671875,0.09923649803466798,0.2968653839780018,1084,22,True,d84d099493b973a63d879255d2221c1930d649aa,543f782d80ceb9555130e911c1fcf7074153d267
5,4,0.1,RAO*,14,10.775187066467288,0.06560473067238873,0.4414660580223426,1309,135,True,d84d099493b973a63d879255d2221c1930d649aa,543f782d80ceb9555130e911c1fcf7074153d267
5,4,0.1,DARP-HILP,15,9.679810263671875,0.09923649803466798,0.3178726159967482,1084,22,True,d84d099493b973a63d879255d2221c1930d649aa,543f782d80ceb9555130e911c1fcf7074153d267
5,4,0.1,RAO*,15,10.775187066467288,0.06560473067238873,0.4677369149867445,1309,135,True,d84d099493b973a63d879255d2221c1930d649aa,543f782d80ceb9555130e911c1fcf7074153d267
5,4,0.1,DARP-HILP,16,9.679810263671875,0.09923649803466798,0.30196254898328334,1084,22,True,d84d099493b973a63d879255d2221c1930d649aa,543f782d80ceb9555130e911c1fcf7074153d267
5,4,0.1,RAO*,16,10.775187066467288,0.06560473067238873,0.4434680860140361,1309,135,True,d84d099493b973a63d879255d2221c1930d649aa,543f782d80ceb9555130e911c1fcf7074153d267
5,4,0.1,DARP-HILP,17,9.679810263671875,0.09923649803466798,0.3217638020287268,1084,22,True,d84d099493b973a63d879255d2221c1930d649aa,543f782d80ceb9555130e911c1fcf7074153d267
5,4,0.1,RAO*,17,10.775187066467288,0.06560473067238873,0.4459555740468204,1309,135,True,d84d099493b973a63d879255d2221c1930d649aa,543f782d80ceb9555130e911c1fcf7074153d267
5,4,0.1,DARP-HILP,18,9.679810263671875,0.09923649803466798,0.2964963980484754,1084,22,True,d84d099493b973a63d879255d2221c1930d649aa,543f782d80ceb9555130e911c1fcf7074153d267
5,4,0.1,RAO*,18,10.775187066467288,0.06560473067238873,0.45224086195230484,1309,135,True,d84d099493b973a63d879255d2221c1930d649aa,543f782d80ceb9555130e911c1fcf7074153d267
5,4,0.1,DARP-HILP,19,9.679810263671875,0.09923649803466798,0.3029487970052287,1084,22,True,d84d099493b973a63d879255d2221c1930d649aa,543f782d80ceb9555130e911c1fcf7074153d267
5,4,0.1,RAO*,19,10.775187066467288,0.06560473067238873,0.49827468500006944,1309,135,True,d84d099493b973a63d879255d2221c1930d649aa,543f782d80ceb9555130e911c1fcf7074153d267
5,4,0.1,DARP-HILP,20,9.679810263671875,0.09923649803466798,0.2981425420148298,1084,22,True,d84d099493b973a63d879255d2221c1930d649aa,543f782d80ceb9555130e911c1fcf7074153d267
5,4,0.1,RAO*,20,10.775187066467288,0.06560473067238873,0.44324588601011783,1309,135,True,d84d099493b973a63d879255d2221c1930d649aa,543f782d80ceb9555130e911c1fcf7074153d267
5,4,0.1,DARP-HILP,21,9.679810263671875,0.09923649803466798,0.3012952750432305,1084,22,True,d84d099493b973a63d879255d2221c1930d649aa,543f782d80ceb9555130e911c1fcf7074153d267
5,4,0.1,RAO*,21,10.775187066467288,0.06560473067238873,0.46973520604660735,1309,135,True,d84d099493b973a63d879255d2221c1930d649aa,543f782d80ceb9555130e911c1fcf7074153d267
5,4,0.1,DARP-HILP,22,9.679810263671875,0.09923649803466798,0.30441764096030965,1084,22,True,d84d099493b973a63d879255d2221c1930d649aa,543f782d80ceb9555130e911c1fcf7074153d267
5,4,0.1,RAO*,22,10.775187066467288,0.06560473067238873,0.4582071639597416,1309,135,True,d84d099493b973a63d879255d2221c1930d649aa,543f782d80ceb9555130e911c1fcf7074153d267
5,4,0.1,DARP-HILP,23,9.679810263671875,0.09923649803466798,0.3028507160488516,1084,22,True,d84d099493b973a63d879255d2221c1930d649aa,543f782d80ceb9555130e911c1fcf7074153d267
5,4,0.1,RAO*,23,10.775187066467288,0.06560473067238873,0.4783098449697718,1309,135,True,d84d099493b973a63d879255d2221c1930d649aa,543f782d80ceb9555130e911c1fcf7074153d267
5,4,0.1,DARP-HILP,24,9.679810263671875,0.09923649803466798,0.302754394011572,1084,22,True,d84d099493b973a63d879255d2221c1930d649aa,543f782d80ceb9555130e911c1fcf7074153d267
5,4,0.1,RAO*,24,10.775187066467288,0.06560473067238873,0.4535586090059951,1309,135,True,d84d099493b973a63d879255d2221c1930d649aa,543f782d80ceb9555130e911c1fcf7074153d267
5,4,0.1,DARP-HILP,25,9.679810263671875,0.09923649803466798,0.30109456001082435,1084,22,True,d84d099493b973a63d879255d2221c1930d649aa,543f782d80ceb9555130e911c1fcf7074153d267
5,4,0.1,RAO*,25,10.775187066467288,0.06560473067238873,0.45086636202177033,1309,135,True,d84d099493b973a63d879255d2221c1930d649aa,543f782d80ceb9555130e911c1fcf7074153d267
5,4,0.2,DARP-HILP,1,8.241031249999999,0.15480147923583987,0.17690448299981654,592,13,True,d84d099493b973a63d879255d2221c1930d649aa,543f782d80ceb9555130e911c1fcf7074153d267
5,4,0.2,RAO*,1,8.330533203125,0.1873195386398268,0.1786762989941053,550,48,True,d84d099493b973a63d879255d2221c1930d649aa,543f782d80ceb9555130e911c1fcf7074153d267
5,4,0.2,DARP-HILP,2,8.241031249999999,0.15480147923583987,0.21116641501430422,592,13,True,d84d099493b973a63d879255d2221c1930d649aa,543f782d80ceb9555130e911c1fcf7074153d267
5,4,0.2,RAO*,2,8.330533203125,0.1873195386398268,0.17984993802383542,550,48,True,d84d099493b973a63d879255d2221c1930d649aa,543f782d80ceb9555130e911c1fcf7074153d267
5,4,0.2,DARP-HILP,3,8.241031249999999,0.15480147923583987,0.17022526497021317,592,13,True,d84d099493b973a63d879255d2221c1930d649aa,543f782d80ceb9555130e911c1fcf7074153d267
5,4,0.2,RAO*,3,8.330533203125,0.1873195386398268,0.18135808501392603,550,48,True,d84d099493b973a63d879255d2221c1930d649aa,543f782d80ceb9555130e911c1fcf7074153d267
5,4,0.2,DARP-HILP,4,8.241031249999999,0.15480147923583987,0.17726738704368472,592,13,True,d84d099493b973a63d879255d2221c1930d649aa,543f782d80ceb9555130e911c1fcf7074153d267
5,4,0.2,RAO*,4,8.330533203125,0.1873195386398268,0.1796030219993554,550,48,True,d84d099493b973a63d879255d2221c1930d649aa,543f782d80ceb9555130e911c1fcf7074153d267
5,4,0.2,DARP-HILP,5,8.241031249999999,0.15480147923583987,0.1923778490163386,592,13,True,d84d099493b973a63d879255d2221c1930d649aa,543f782d80ceb9555130e911c1fcf7074153d267
5,4,0.2,RAO*,5,8.330533203125,0.1873195386398268,0.17690146598033607,550,48,True,d84d099493b973a63d879255d2221c1930d649aa,543f782d80ceb9555130e911c1fcf7074153d267
5,4,0.2,DARP-HILP,6,8.241031249999999,0.15480147923583987,0.16908376599894837,592,13,True,d84d099493b973a63d879255d2221c1930d649aa,543f782d80ceb9555130e911c1fcf7074153d267
5,4,0.2,RAO*,6,8.330533203125,0.1873195386398268,0.17809601599583402,550,48,True,d84d099493b973a63d879255d2221c1930d649aa,543f782d80ceb9555130e911c1fcf7074153d267
5,4,0.2,DARP-HILP,7,8.241031249999999,0.15480147923583987,0.16923359205247834,592,13,True,d84d099493b973a63d879255d2221c1930d649aa,543f782d80ceb9555130e911c1fcf7074153d267
5,4,0.2,RAO*,7,8.330533203125,0.1873195386398268,0.17351875302847475,550,48,True,d84d099493b973a63d879255d2221c1930d649aa,543f782d80ceb9555130e911c1fcf7074153d267
5,4,0.2,DARP-HILP,8,8.241031249999999,0.15480147923583987,0.17129052302334458,592,13,True,d84d099493b973a63d879255d2221c1930d649aa,543f782d80ceb9555130e911c1fcf7074153d267
5,4,0.2,RAO*,8,8.330533203125,0.1873195386398268,0.1746707740239799,550,48,True,d84d099493b973a63d879255d2221c1930d649aa,543f782d80ceb9555130e911c1fcf7074153d267
5,4,0.2,DARP-HILP,9,8.241031249999999,0.15480147923583987,0.16879551799502224,592,13,True,d84d099493b973a63d879255d2221c1930d649aa,543f782d80ceb9555130e911c1fcf7074153d267
5,4,0.2,RAO*,9,8.330533203125,0.1873195386398268,0.1761408100137487,550,48,True,d84d099493b973a63d879255d2221c1930d649aa,543f782d80ceb9555130e911c1fcf7074153d267
5,4,0.2,DARP-HILP,10,8.241031249999999,0.15480147923583987,0.18526242999359965,592,13,True,d84d099493b973a63d879255d2221c1930d649aa,543f782d80ceb9555130e911c1fcf7074153d267
5,4,0.2,RAO*,10,8.330533203125,0.1873195386398268,0.17331231501884758,550,48,True,d84d099493b973a63d879255d2221c1930d649aa,543f782d80ceb9555130e911c1fcf7074153d267
5,4,0.2,DARP-HILP,11,8.241031249999999,0.15480147923583987,0.17058013996575028,592,13,True,d84d099493b973a63d879255d2221c1930d649aa,543f782d80ceb9555130e911c1fcf7074153d267
5,4,0.2,RAO*,11,8.330533203125,0.1873195386398268,0.17414973996346816,550,48,True,d84d099493b973a63d879255d2221c1930d649aa,543f782d80ceb9555130e911c1fcf7074153d267
5,4,0.2,DARP-HILP,12,8.241031249999999,0.15480147923583987,0.1680895360186696,592,13,True,d84d099493b973a63d879255d2221c1930d649aa,543f782d80ceb9555130e911c1fcf7074153d267
5,4,0.2,RAO*,12,8.330533203125,0.1873195386398268,0.17621962894918397,550,48,True,d84d099493b973a63d879255d2221c1930d649aa,543f782d80ceb9555130e911c1fcf7074153d267
5,4,0.2,DARP-HILP,13,8.241031249999999,0.15480147923583987,0.16844923398457468,592,13,True,d84d099493b973a63d879255d2221c1930d649aa,543f782d80ceb9555130e911c1fcf7074153d267
5,4,0.2,RAO*,13,8.330533203125,0.1873195386398268,0.1902918279520236,550,48,True,d84d099493b973a63d879255d2221c1930d649aa,543f782d80ceb9555130e911c1fcf7074153d267
5,4,0.2,DARP-HILP,14,8.241031249999999,0.15480147923583987,0.1975968909682706,592,13,True,d84d099493b973a63d879255d2221c1930d649aa,543f782d80ceb9555130e911c1fcf7074153d267
5,4,0.2,RAO*,14,8.330533203125,0.1873195386398268,0.17353746097069234,550,48,True,d84d099493b973a63d879255d2221c1930d649aa,543f782d80ceb9555130e911c1fcf7074153d267
5,4,0.2,DARP-HILP,15,8.241031249999999,0.15480147923583987,0.16944269504165277,592,13,True,d84d099493b973a63d879255d2221c1930d649aa,543f782d80ceb9555130e911c1fcf7074153d267
5,4,0.2,RAO*,15,8.330533203125,0.1873195386398268,0.17969883600017056,550,48,True,d84d099493b973a63d879255d2221c1930d649aa,543f782d80ceb9555130e911c1fcf7074153d267
5,4,0.2,DARP-HILP,16,8.241031249999999,0.15480147923583987,0.16915050602983683,592,13,True,d84d099493b973a63d879255d2221c1930d649aa,543f782d80ceb9555130e911c1fcf7074153d267
5,4,0.2,RAO*,16,8.330533203125,0.1873195386398268,0.17535228398628533,550,48,True,d84d099493b973a63d879255d2221c1930d649aa,543f782d80ceb9555130e911c1fcf7074153d267
5,4,0.2,DARP-HILP,17,8.241031249999999,0.15480147923583987,0.1736142510198988,592,13,True,d84d099493b973a63d879255d2221c1930d649aa,543f782d80ceb9555130e911c1fcf7074153d267
5,4,0.2,RAO*,17,8.330533203125,0.1873195386398268,0.17506976600270718,550,48,True,d84d099493b973a63d879255d2221c1930d649aa,543f782d80ceb9555130e911c1fcf7074153d267
5,4,0.2,DARP-HILP,18,8.241031249999999,0.15480147923583987,0.1677027470432222,592,13,True,d84d099493b973a63d879255d2221c1930d649aa,543f782d80ceb9555130e911c1fcf7074153d267
5,4,0.2,RAO*,18,8.330533203125,0.1873195386398268,0.17729405697900802,550,48,True,d84d099493b973a63d879255d2221c1930d649aa,543f782d80ceb9555130e911c1fcf7074153d267
5,4,0.2,DARP-HILP,19,8.241031249999999,0.15480147923583987,0.18642513605300337,592,13,True,d84d099493b973a63d879255d2221c1930d649aa,543f782d80ceb9555130e911c1fcf7074153d267
5,4,0.2,RAO*,19,8.330533203125,0.1873195386398268,0.17612979596015066,550,48,True,d84d099493b973a63d879255d2221c1930d649aa,543f782d80ceb9555130e911c1fcf7074153d267
5,4,0.2,DARP-HILP,20,8.241031249999999,0.15480147923583987,0.1696447049616836,592,13,True,d84d099493b973a63d879255d2221c1930d649aa,543f782d80ceb9555130e911c1fcf7074153d267
5,4,0.2,RAO*,20,8.330533203125,0.1873195386398268,0.17074853501981124,550,48,True,d84d099493b973a63d879255d2221c1930d649aa,543f782d80ceb9555130e911c1fcf7074153d267
5,4,0.2,DARP-HILP,21,8.241031249999999,0.15480147923583987,0.16678193700499833,592,13,True,d84d099493b973a63d879255d2221c1930d649aa,543f782d80ceb9555130e911c1fcf7074153d267
5,4,0.2,RAO*,21,8.330533203125,0.1873195386398268,0.17703287000767887,550,48,True,d84d099493b973a63d879255d2221c1930d649aa,543f782d80ceb9555130e911c1fcf7074153d267
5,4,0.2,DARP-HILP,22,8.241031249999999,0.15480147923583987,0.16744213399942964,592,13,True,d84d099493b973a63d879255d2221c1930d649aa,543f782d80ceb9555130e911c1fcf7074153d267
5,4,0.2,RAO*,22,8.330533203125,0.1873195386398268,0.17359885701444,550,48,True,d84d099493b973a63d879255d2221c1930d649aa,543f782d80ceb9555130e911c1fcf7074153d267
5,4,0.2,DARP-HILP,23,8.241031249999999,0.15480147923583987,0.1916953109903261,592,13,True,d84d099493b973a63d879255d2221c1930d649aa,543f782d80ceb9555130e911c1fcf7074153d267
5,4,0.2,RAO*,23,8.330533203125,0.1873195386398268,0.1744603089755401,550,48,True,d84d099493b973a63d879255d2221c1930d649aa,543f782d80ceb9555130e911c1fcf7074153d267
5,4,0.2,DARP-HILP,24,8.241031249999999,0.15480147923583987,0.17693620297359303,592,13,True,d84d099493b973a63d879255d2221c1930d649aa,543f782d80ceb9555130e911c1fcf7074153d267
5,4,0.2,RAO*,24,8.330533203125,0.1873195386398268,0.17660745099419728,550,48,True,d84d099493b973a63d879255d2221c1930d649aa,543f782d80ceb9555130e911c1fcf7074153d267
5,4,0.2,DARP-HILP,25,8.241031249999999,0.15480147923583987,0.16981643001781777,592,13,True,d84d099493b973a63d879255d2221c1930d649aa,543f782d80ceb9555130e911c1fcf7074153d267
5,4,0.2,RAO*,25,8.330533203125,0.1873195386398268,0.17549311701441184,550,48,True,d84d099493b973a63d879255d2221c1930d649aa,543f782d80ceb9555130e911c1fcf7074153d267
5,4,0.3,DARP-HILP,1,8.241031249999999,0.15480147923583987,0.2545952259679325,892,20,True,d84d099493b973a63d879255d2221c1930d649aa,543f782d80ceb9555130e911c1fcf7074153d267
5,4,0.3,RAO*,1,8.330533203125,0.1873195386398268,0.20132834097603336,712,60,True,d84d099493b973a63d879255d2221c1930d649aa,543f782d80ceb9555130e911c1fcf7074153d267
5,4,0.3,DARP-HILP,2,8.241031249999999,0.15480147923583987,0.268989170959685,892,20,True,d84d099493b973a63d879255d2221c1930d649aa,543f782d80ceb9555130e911c1fcf7074153d267
5,4,0.3,RAO*,2,8.330533203125,0.1873195386398268,0.20560064702294767,712,60,True,d84d099493b973a63d879255d2221c1930d649aa,543f782d80ceb9555130e911c1fcf7074153d267
5,4,0.3,DARP-HILP,3,8.241031249999999,0.15480147923583987,0.24950332997832447,892,20,True,d84d099493b973a63d879255d2221c1930d649aa,543f782d80ceb9555130e911c1fcf7074153d267
5,4,0.3,RAO*,3,8.330533203125,0.1873195386398268,0.20310268900357187,712,60,True,d84d099493b973a63d879255d2221c1930d649aa,543f782d80ceb9555130e911c1fcf7074153d267
5,4,0.3,DARP-HILP,4,8.241031249999999,0.15480147923583987,0.25733605498680845,892,20,True,d84d099493b973a63d879255d2221c1930d649aa,543f782d80ceb9555130e911c1fcf7074153d267
5,4,0.3,RAO*,4,8.330533203125,0.1873195386398268,0.20510996697703376,712,60,True,d84d099493b973a63d879255d2221c1930d649aa,543f782d80ceb9555130e911c1fcf7074153d267
5,4,0.3,DARP-HILP,5,8.241031249999999,0.15480147923583987,0.2590336040011607,892,20,True,d84d099493b973a63d879255d2221c1930d649aa,543f782d80ceb9555130e911c1fcf7074153d267
5,4,0.3,RAO*,5,8.330533203125,0.1873195386398268,0.20427288301289082,712,60,True,d84d099493b973a63d879255d2221c1930d649aa,543f782d80ceb9555130e911c1fcf7074153d267
5,4,0.3,DARP-HILP,6,8.241031249999999,0.15480147923583987,0.25652001198614016,892,20,True,d84d099493b973a63d879255d2221c1930d649aa,543f782d80ceb9555130e911c1fcf7074153d267
5,4,0.3,RAO*,6,8.330533203125,0.1873195386398268,0.214469735044986,712,60,True,d84d099493b973a63d879255d2221c1930d649aa,543f782d80ceb9555130e911c1fcf7074153d267
5,4,0.3,DARP-HILP,7,8.241031249999999,0.15480147923583987,0.26243865996366367,892,20,True,d84d099493b973a63d879255d2221c1930d649aa,543f782d80ceb9555130e911c1fcf7074153d267
5,4,0.3,RAO*,7,8.330533203125,0.1873195386398268,0.2257071239873767,712,60,True,d84d099493b973a63d879255d2221c1930d649aa,543f782d80ceb9555130e911c1fcf7074153d267
5,4,0.3,DARP-HILP,8,8.241031249999999,0.15480147923583987,0.2520175269455649,892,20,True,d84d099493b973a63d879255d2221c1930d649aa,543f782d80ceb9555130e911c1fcf7074153d267
5,4,0.3,RAO*,8,8.330533203125,0.1873195386398268,0.21732557896757498,712,60,True,d84d099493b973a63d879255d2221c1930d649aa,543f782d80ceb9555130e911c1fcf7074153d267
5,4,0.3,DARP-HILP,9,8.241031249999999,0.15480147923583987,0.2535161660052836,892,20,True,d84d099493b973a63d879255d2221c1930d649aa,543f782d80ceb9555130e911c1fcf7074153d267
5,4,0.3,RAO*,9,8.330533203125,0.1873195386398268,0.20390571898315102,712,60,True,d84d099493b973a63d879255d2221c1930d649aa,543f782d80ceb9555130e911c1fcf7074153d267
5,4,0.3,DARP-HILP,10,8.241031249999999,0.15480147923583987,0.2714729500003159,892,20,True,d84d099493b973a63d879255d2221c1930d649aa,543f782d80ceb9555130e911c1fcf7074153d267
5,4,0.3,RAO*,10,8.330533203125,0.1873195386398268,0.2074242769740522,712,60,True,d84d099493b973a63d879255d2221c1930d649aa,543f782d80ceb9555130e911c1fcf7074153d267
5,4,0.3,DARP-HILP,11,8.241031249999999,0.15480147923583987,0.25614089402370155,892,20,True,d84d099493b973a63d879255d2221c1930d649aa,543f782d80ceb9555130e911c1fcf7074153d267
5,4,0.3,RAO*,11,8.330533203125,0.1873195386398268,0.20085423300042748,712,60,True,d84d099493b973a63d879255d2221c1930d649aa,543f782d80ceb9555130e911c1fcf7074153d267
5,4,0.3,DARP-HILP,12,8.241031249999999,0.15480147923583987,0.25956422701710835,892,20,True,d84d099493b973a63d879255d2221c1930d649aa,543f782d80ceb9555130e911c1fcf7074153d267
5,4,0.3,RAO*,12,8.330533203125,0.1873195386398268,0.19804496399592608,712,60,True,d84d099493b973a63d879255d2221c1930d649aa,543f782d80ceb9555130e911c1fcf7074153d267
5,4,0.3,DARP-HILP,13,8.241031249999999,0.15480147923583987,0.26587002200540155,892,20,True,d84d099493b973a63d879255d2221c1930d649aa,543f782d80ceb9555130e911c1fcf7074153d267
5,4,0.3,RAO*,13,8.330533203125,0.1873195386398268,0.19891268998617306,712,60,True,d84d099493b973a63d879255d2221c1930d649aa,543f782d80ceb9555130e911c1fcf7074153d267
5,4,0.3,DARP-HILP,14,8.241031249999999,0.15480147923583987,0.24485944100888446,892,20,True,d84d099493b973a63d879255d2221c1930d649aa,543f782d80ceb9555130e911c1fcf7074153d267
5,4,0.3,RAO*,14,8.330533203125,0.1873195386398268,0.20088697294704616,712,60,True,d84d099493b973a63d879255d2221c1930d649aa,543f782d80ceb9555130e911c1fcf7074153d267
5,4,0.3,DARP-HILP,15,8.241031249999999,0.15480147923583987,0.2468578370171599,892,20,True,d84d099493b973a63d879255d2221c1930d649aa,543f782d80ceb9555130e911c1fcf7074153d267
5,4,0.3,RAO*,15,8.330533203125,0.1873195386398268,0.20133941597305238,712,60,True,d84d099493b973a63d879255d2221c1930d649aa,543f782d80ceb9555130e911c1fcf7074153d267
5,4,0.3,DARP-HILP,16,8.241031249999999,0.15480147923583987,0.24282253597630188,892,20,True,d84d099493b973a63d879255d2221c1930d649aa,543f782d80ceb9555130e911c1fcf7074153d267
5,4,0.3,RAO*,16,8.330533203125,0.1873195386398268,0.20374897500732914,712,60,True,d84d099493b973a63d879255d2221c1930d649aa,543f782d80ceb9555130e911c1fcf7074153d267
5,4,0.3,DARP-HILP,17,8.241031249999999,0.15480147923583987,0.24713645601877943,892,20,True,d84d099493b973a63d879255d2221c1930d649aa,543f782d80ceb9555130e911c1fcf7074153d267
5,4,0.3,RAO*,17,8.330533203125,0.1873195386398268,0.20135508698876947,712,60,True,d84d099493b973a63d879255d2221c1930d649aa,543f782d80ceb9555130e911c1fcf7074153d267
5,4,0.3,DARP-HILP,18,8.241031249999999,0.15480147923583987,0.24713067698758096,892,20,True,d84d099493b973a63d879255d2221c1930d649aa,543f782d80ceb9555130e911c1fcf7074153d267
5,4,0.3,RAO*,18,8.330533203125,0.1873195386398268,0.2160380629939027,712,60,True,d84d099493b973a63d879255d2221c1930d649aa,543f782d80ceb9555130e911c1fcf7074153d267
5,4,0.3,DARP-HILP,19,8.241031249999999,0.15480147923583987,0.2498768589575775,892,20,True,d84d099493b973a63d879255d2221c1930d649aa,543f782d80ceb9555130e911c1fcf7074153d267
5,4,0.3,RAO*,19,8.330533203125,0.1873195386398268,0.20045596902491525,712,60,True,d84d099493b973a63d879255d2221c1930d649aa,543f782d80ceb9555130e911c1fcf7074153d267
5,4,0.3,DARP-HILP,20,8.241031249999999,0.15480147923583987,0.24805433000437915,892,20,True,d84d099493b973a63d879255d2221c1930d649aa,543f782d80ceb9555130e911c1fcf7074153d267
5,4,0.3,RAO*,20,8.330533203125,0.1873195386398268,0.19825756596401334,712,60,True,d84d099493b973a63d879255d2221c1930d649aa,543f782d80ceb9555130e911c1fcf7074153d267
5,4,0.3,DARP-HILP,21,8.241031249999999,0.15480147923583987,0.27071567298844457,892,20,True,d84d099493b973a63d879255d2221c1930d649aa,543f782d80ceb9555130e911c1fcf7074153d267
5,4,0.3,RAO*,21,8.330533203125,0.1873195386398268,0.20087371597765014,712,60,True,d84d099493b973a63d879255d2221c1930d649aa,543f782d80ceb9555130e911c1fcf7074153d267
5,4,0.3,DARP-HILP,22,8.241031249999999,0.15480147923583987,0.2464642919949256,892,20,True,d84d099493b973a63d879255d2221c1930d649aa,543f782d80ceb9555130e911c1fcf7074153d267
5,4,0.3,RAO*,22,8.330533203125,0.1873195386398268,0.22258624096866697,712,60,True,d84d099493b973a63d879255d2221c1930d649aa,543f782d80ceb9555130e911c1fcf7074153d267
5,4,0.3,DARP-HILP,23,8.241031249999999,0.15480147923583987,0.2584708380163647,892,20,True,d84d099493b973a63d879255d2221c1930d649aa,543f782d80ceb9555130e911c1fcf7074153d267
5,4,0.3,RAO*,23,8.330533203125,0.1873195386398268,0.21325972699560225,712,60,True,d84d099493b973a63d879255d2221c1930d649aa,543f782d80ceb9555130e911c1fcf7074153d267
5,4,0.3,DARP-HILP,24,8.241031249999999,0.15480147923583987,0.27046432200586423,892,20,True,d84d099493b973a63d879255d2221c1930d649aa,543f782d80ceb9555130e911c1fcf7074153d267
5,4,0.3,RAO*,24,8.330533203125,0.1873195386398268,0.2197082340135239,712,60,True,d84d099493b973a63d879255d2221c1930d649aa,543f782d80ceb9555130e911c1fcf7074153d267
5,4,0.3,DARP-HILP,25,8.241031249999999,0.15480147923583987,0.24883236800087616,892,20,True,d84d099493b973a63d879255d2221c1930d649aa,543f782d80ceb9555130e911c1fcf7074153d267
5,4,0.3,RAO*,25,8.330533203125,0.1873195386398268,0.20537075796164572,712,60,True,d84d099493b973a63d879255d2221c1930d649aa,543f782d80ceb9555130e911c1fcf7074153d267
5,5,0.1,DARP-HILP,1,10.358017454345703,0.09444588296646883,1.9115236059878953,4492,45,True,d84d099493b973a63d879255d2221c1930d649aa,543f782d80ceb9555130e911c1fcf7074153d267
5,5,0.1,RAO*,1,11.1940493124079,0.08510887858347371,2.969899209041614,5170,470,True,d84d099493b973a63d879255d2221c1930d649aa,543f782d80ceb9555130e911c1fcf7074153d267
5,5,0.1,DARP-HILP,2,10.358017454345703,0.09444588296646883,1.962783727038186,4492,45,True,d84d099493b973a63d879255d2221c1930d649aa,543f782d80ceb9555130e911c1fcf7074153d267
5,5,0.1,RAO*,2,11.1940493124079,0.08510887858347371,2.9794457519892603,5170,470,True,d84d099493b973a63d879255d2221c1930d649aa,543f782d80ceb9555130e911c1fcf7074153d267
5,5,0.1,DARP-HILP,3,10.358017454345703,0.09444588296646883,1.9788413390051574,4492,45,True,d84d099493b973a63d879255d2221c1930d649aa,543f782d80ceb9555130e911c1fcf7074153d267
5,5,0.1,RAO*,3,11.1940493124079,0.08510887858347371,2.9742317990167066,5170,470,True,d84d099493b973a63d879255d2221c1930d649aa,543f782d80ceb9555130e911c1fcf7074153d267
5,5,0.1,DARP-HILP,4,10.358017454345703,0.09444588296646883,1.9580583140486851,4492,45,True,d84d099493b973a63d879255d2221c1930d649aa,543f782d80ceb9555130e911c1fcf7074153d267
5,5,0.1,RAO*,4,11.1940493124079,0.08510887858347371,3.007806043024175,5170,470,True,d84d099493b973a63d879255d2221c1930d649aa,543f782d80ceb9555130e911c1fcf7074153d267
5,5,0.1,DARP-HILP,5,10.358017454345703,0.09444588296646883,1.9785149590461515,4492,45,True,d84d099493b973a63d879255d2221c1930d649aa,543f782d80ceb9555130e911c1fcf7074153d267
5,5,0.1,RAO*,5,11.1940493124079,0.08510887858347371,3.003553136019036,5170,470,True,d84d099493b973a63d879255d2221c1930d649aa,543f782d80ceb9555130e911c1fcf7074153d267
5,5,0.1,DARP-HILP,6,10.358017454345703,0.09444588296646883,1.9844024329795502,4492,45,True,d84d099493b973a63d879255d2221c1930d649aa,543f782d80ceb9555130e911c1fcf7074153d267
5,5,0.1,RAO*,6,11.1940493124079,0.08510887858347371,2.9619346279650927,5170,470,True,d84d099493b973a63d879255d2221c1930d649aa,543f782d80ceb9555130e911c1fcf7074153d267
5,5,0.1,DARP-HILP,7,10.358017454345703,0.09444588296646883,2.006614050013013,4492,45,True,d84d099493b973a63d879255d2221c1930d649aa,543f782d80ceb9555130e911c1fcf7074153d267
5,5,0.1,RAO*,7,11.1940493124079,0.08510887858347371,3.0409947379957885,5170,470,True,d84d099493b973a63d879255d2221c1930d649aa,543f782d80ceb9555130e911c1fcf7074153d267
5,5,0.1,DARP-HILP,8,10.358017454345703,0.09444588296646883,1.9910645689815283,4492,45,True,d84d099493b973a63d879255d2221c1930d649aa,543f782d80ceb9555130e911c1fcf7074153d267
5,5,0.1,RAO*,8,11.1940493124079,0.08510887858347371,3.030743268027436,5170,470,True,d84d099493b973a63d879255d2221c1930d649aa,543f782d80ceb9555130e911c1fcf7074153d267
5,5,0.1,DARP-HILP,9,10.358017454345703,0.09444588296646883,1.9778979030088522,4492,45,True,d84d099493b973a63d879255d2221c1930d649aa,543f782d80ceb9555130e911c1fcf7074153d267
5,5,0.1,RAO*,9,11.1940493124079,0.08510887858347371,2.95641808694927,5170,470,True,d84d099493b973a63d879255d2221c1930d649aa,543f782d80ceb9555130e911c1fcf7074153d267
5,5,0.1,DARP-HILP,10,10.358017454345703,0.09444588296646883,1.9779984789784066,4492,45,True,d84d099493b973a63d879255d2221c1930d649aa,543f782d80ceb9555130e911c1fcf7074153d267
5,5,0.1,RAO*,10,11.1940493124079,0.08510887858347371,2.9335330379544757,5170,470,True,d84d099493b973a63d879255d2221c1930d649aa,543f782d80ceb9555130e911c1fcf7074153d267
5,5,0.1,DARP-HILP,11,10.358017454345703,0.09444588296646883,1.9553725360310636,4492,45,True,d84d099493b973a63d879255d2221c1930d649aa,543f782d80ceb9555130e911c1fcf7074153d267
5,5,0.1,RAO*,11,11.1940493124079,0.08510887858347371,2.967933006992098,5170,470,True,d84d099493b973a63d879255d2221c1930d649aa,543f782d80ceb9555130e911c1fcf7074153d267
5,5,0.1,DARP-HILP,12,10.358017454345703,0.09444588296646883,2.010641393950209,4492,45,True,d84d099493b973a63d879255d2221c1930d649aa,543f782d80ceb9555130e911c1fcf7074153d267
5,5,0.1,RAO*,12,11.1940493124079,0.08510887858347371,2.925220304983668,5170,470,True,d84d099493b973a63d879255d2221c1930d649aa,543f782d80ceb9555130e911c1fcf7074153d267
5,5,0.1,DARP-HILP,13,10.358017454345703,0.09444588296646883,1.9272673499654047,4492,45,True,d84d099493b973a63d879255d2221c1930d649aa,543f782d80ceb9555130e911c1fcf7074153d267
5,5,0.1,RAO*,13,11.1940493124079,0.08510887858347371,2.9395490380120464,5170,470,True,d84d099493b973a63d879255d2221c1930d649aa,543f782d80ceb9555130e911c1fcf7074153d267
5,5,0.1,DARP-HILP,14,10.358017454345703,0.09444588296646883,1.9371181320166215,4492,45,True,d84d099493b973a63d879255d2221c1930d649aa,543f782d80ceb9555130e911c1fcf7074153d267
5,5,0.1,RAO*,14,11.1940493124079,0.08510887858347371,2.937897864030674,5170,470,True,d84d099493b973a63d879255d2221c1930d649aa,543f782d80ceb9555130e911c1fcf7074153d267
5,5,0.1,DARP-HILP,15,10.358017454345703,0.09444588296646883,1.9353040179703385,4492,45,True,d84d099493b973a63d879255d2221c1930d649aa,543f782d80ceb9555130e911c1fcf7074153d267
5,5,0.1,RAO*,15,11.1940493124079,0.08510887858347371,2.9207693689968437,5170,470,True,d84d099493b973a63d879255d2221c1930d649aa,543f782d80ceb9555130e911c1fcf7074153d267
5,5,0.1,DARP-HILP,16,10.358017454345703,0.09444588296646883,1.9859314929926768,4492,45,True,d84d099493b973a63d879255d2221c1930d649aa,543f782d80ceb9555130e911c1fcf7074153d267
5,5,0.1,RAO*,16,11.1940493124079,0.08510887858347371,2.9662135260296054,5170,470,True,d84d099493b973a63d879255d2221c1930d649aa,543f782d80ceb9555130e911c1fcf7074153d267
5,5,0.1,DARP-HILP,17,10.358017454345703,0.09444588296646883,1.9563103960244916,4492,45,True,d84d099493b973a63d879255d2221c1930d649aa,543f782d80ceb9555130e911c1fcf7074153d267
5,5,0.1,RAO*,17,11.1940493124079,0.08510887858347371,3.0168014349765144,5170,470,True,d84d099493b973a63d879255d2221c1930d649aa,543f782d80ceb9555130e911c1fcf7074153d267
5,5,0.1,DARP-HILP,18,10.358017454345703,0.09444588296646883,1.9650434240465984,4492,45,True,d84d099493b973a63d879255d2221c1930d649aa,543f782d80ceb9555130e911c1fcf7074153d267
5,5,0.1,RAO*,18,11.1940493124079,0.08510887858347371,2.9821808650158346,5170,470,True,d84d099493b973a63d879255d2221c1930d649aa,543f782d80ceb9555130e911c1fcf7074153d267
5,5,0.1,DARP-HILP,19,10.358017454345703,0.09444588296646883,1.9570390210137703,4492,45,True,d84d099493b973a63d879255d2221c1930d649aa,543f782d80ceb9555130e911c1fcf7074153d267
5,5,0.1,RAO*,19,11.1940493124079,0.08510887858347371,2.999057626002468,5170,470,True,d84d099493b973a63d879255d2221c1930d649aa,543f782d80ceb9555130e911c1fcf7074153d267
5,5,0.1,DARP-HILP,20,10.358017454345703,0.09444588296646883,1.9759000779595226,4492,45,True,d84d099493b973a63d879255d2221c1930d649aa,543f782d80ceb9555130e911c1fcf7074153d267
5,5,0.1,RAO*,20,11.1940493124079,0.08510887858347371,3.0075147330062464,5170,470,True,d84d099493b973a63d879255d2221c1930d649aa,543f782d80ceb9555130e911c1fcf7074153d267
5,5,0.1,DARP-HILP,21,10.358017454345703,0.09444588296646883,2.0134220980107784,4492,45,True,d84d099493b973a63d879255d2221c1930d649aa,543f782d80ceb9555130e911c1fcf7074153d267
5,5,0.1,RAO*,21,11.1940493124079,0.08510887858347371,3.0829386199475266,5170,470,True,d84d099493b973a63d879255d2221c1930d649aa,543f782d80ceb9555130e911c1fcf7074153d267
5,5,0.1,DARP-HILP,22,10.358017454345703,0.09444588296646883,2.0013945819810033,4492,45,True,d84d099493b973a63d879255d2221c1930d649aa,543f782d80ceb9555130e911c1fcf7074153d267
5,5,0.1,RAO*,22,11.1940493124079,0.08510887858347371,2.99038286897121,5170,470,True,d84d099493b973a63d879255d2221c1930d649aa,543f782d80ceb9555130e911c1fcf7074153d267
5,5,0.1,DARP-HILP,23,10.358017454345703,0.09444588296646883,1.9980653580278158,4492,45,True,d84d099493b973a63d879255d2221c1930d649aa,543f782d80ceb9555130e911c1fcf7074153d267
5,5,0.1,RAO*,23,11.1940493124079,0.08510887858347371,3.04283894400578,5170,470,True,d84d099493b973a63d879255d2221c1930d649aa,543f782d80ceb9555130e911c1fcf7074153d267
5,5,0.1,DARP-HILP,24,10.358017454345703,0.09444588296646883,1.9559011809760705,4492,45,True,d84d099493b973a63d879255d2221c1930d649aa,543f782d80ceb9555130e911c1fcf7074153d267
5,5,0.1,RAO*,24,11.1940493124079,0.08510887858347371,3.032853416982107,5170,470,True,d84d099493b973a63d879255d2221c1930d649aa,543f782d80ceb9555130e911c1fcf7074153d267
5,5,0.1,DARP-HILP,25,10.358017454345703,0.09444588296646883,1.9408483870211057,4492,45,True,d84d099493b973a63d879255d2221c1930d649aa,543f782d80ceb9555130e911c1fcf7074153d267
5,5,0.1,RAO*,25,11.1940493124079,0.08510887858347371,3.016190335038118,5170,470,True,d84d099493b973a63d879255d2221c1930d649aa,543f782d80ceb9555130e911c1fcf7074153d267
5,5,0.2,DARP-HILP,1,8.330533203124999,0.15553190065651704,0.9175516460090876,2980,26,True,d84d099493b973a63d879255d2221c1930d649aa,543f782d80ceb9555130e911c1fcf7074153d267
5,5,0.2,RAO*,1,8.517308228802941,0.19070231978831415,1.8498071790090762,3073,259,True,d84d099493b973a63d879255d2221c1930d649aa,543f782d80ceb9555130e911c1fcf7074153d267
5,5,0.2,DARP-HILP,2,8.330533203124999,0.15553190065651704,0.954071460000705,2980,26,True,d84d099493b973a63d879255d2221c1930d649aa,543f782d80ceb9555130e911c1fcf7074153d267
5,5,0.2,RAO*,2,8.517308228802941,0.19070231978831415,1.8173313930165023,3073,259,True,d84d099493b973a63d879255d2221c1930d649aa,543f782d80ceb9555130e911c1fcf7074153d267
5,5,0.2,DARP-HILP,3,8.330533203124999,0.15553190065651704,0.9215135090053082,2980,26,True,d84d099493b973a63d879255d2221c1930d649aa,543f782d80ceb9555130e911c1fcf7074153d267
5,5,0.2,RAO*,3,8.517308228802941,0.19070231978831415,1.858790564991068,3073,259,True,d84d099493b973a63d879255d2221c1930d649aa,543f782d80ceb9555130e911c1fcf7074153d267
5,5,0.2,DARP-HILP,4,8.330533203124999,0.15553190065651704,0.9227178640430793,2980,26,True,d84d099493b973a63d879255d2221c1930d649aa,543f782d80ceb9555130e911c1fcf7074153d267
5,5,0.2,RAO*,4,8.517308228802941,0.19070231978831415,1.784878445963841,3073,259,True,d84d099493b973a63d879255d2221c1930d649aa,543f782d80ceb9555130e911c1fcf7074153d267
5,5,0.2,DARP-HILP,5,8.330533203124999,0.15553190065651704,0.9303903689724393,2980,26,True,d84d099493b973a63d879255d2221c1930d649aa,543f782d80ceb9555130e911c1fcf7074153d267
5,5,0.2,RAO*,5,8.517308228802941,0.19070231978831415,1.8939641600009054,3073,259,True,d84d099493b973a63d879255d2221c1930d649aa,543f782d80ceb9555130e911c1fcf7074153d267
5,5,0.2,DARP-HILP,6,8.330533203124999,0.15553190065651704,0.914828667009715,2980,26,True,d84d099493b973a63d879255d2221c1930d649aa,543f782d80ceb9555130e911c1fcf7074153d267
5,5,0.2,RAO*,6,8.517308228802941,0.19070231978831415,1.807105813990347,3073,259,True,d84d099493b973a63d879255d2221c1930d649aa,543f782d80ceb9555130e911c1fcf7074153d267
5,5,0.2,DARP-HILP,7,8.330533203124999,0.15553190065651704,0.9187812880263664,2980,26,True,d84d099493b973a63d879255d2221c1930d649aa,543f782d80ceb9555130e911c1fcf7074153d267
5,5,0.2,RAO*,7,8.517308228802941,0.19070231978831415,1.807670235983096,3073,259,True,d84d099493b973a63d879255d2221c1930d649aa,543f782d80ceb9555130e911c1fcf7074153d267
5,5,0.2,DARP-HILP,8,8.330533203124999,0.15553190065651704,0.9149619230302051,2980,26,True,d84d099493b973a63d879255d2221c1930d649aa,543f782d80ceb9555130e911c1fcf7074153d267
5,5,0.2,RAO*,8,8.517308228802941,0.19070231978831415,1.8071795310243033,3073,259,True,d84d099493b973a63d879255d2221c1930d649aa,543f782d80ceb9555130e911c1fcf7074153d267
5,5,0.2,DARP-HILP,9,8.330533203124999,0.15553190065651704,0.926611174014397,2980,26,True,d84d099493b973a63d879255d2221c1930d649aa,543f782d80ceb9555130e911c1fcf7074153d267
5,5,0.2,RAO*,9,8.517308228802941,0.19070231978831415,1.8062507460126653,3073,259,True,d84d099493b973a63d879255d2221c1930d649aa,543f782d80ceb9555130e911c1fcf7074153d267
5,5,0.2,DARP-HILP,10,8.330533203124999,0.15553190065651704,0.9087284469860606,2980,26,True,d84d099493b973a63d879255d2221c1930d649aa,543f782d80ceb9555130e911c1fcf7074153d267
5,5,0.2,RAO*,10,8.517308228802941,0.19070231978831415,1.808009847998619,3073,259,True,d84d099493b973a63d879255d2221c1930d649aa,543f782d80ceb9555130e911c1fcf7074153d267
5,5,0.2,DARP-HILP,11,8.330533203124999,0.15553190065651704,0.9366493680281565,2980,26,True,d84d099493b973a63d879255d2221c1930d649aa,543f782d80ceb9555130e911c1fcf7074153d267
5,5,0.2,RAO*,11,8.517308228802941,0.19070231978831415,1.7910026489989832,3073,259,True,d84d099493b973a63d879255d2221c1930d649aa,543f782d80ceb9555130e911c1fcf7074153d267
5,5,0.2,DARP-HILP,12,8.330533203124999,0.15553190065651704,0.9081680100061931,2980,26,True,d84d099493b973a63d879255d2221c1930d649aa,543f782d80ceb9555130e911c1fcf7074153d267
5,5,0.2,RAO*,12,8.517308228802941,0.19070231978831415,1.830082461994607,3073,259,True,d84d099493b973a63d879255d2221c1930d649aa,543f782d80ceb9555130e911c1fcf7074153d267
5,5,0.2,DARP-HILP,13,8.330533203124999,0.15553190065651704,0.9273154230322689,2980,26,True,d84d099493b973a63d879255d2221c1930d649aa,543f782d80ceb9555130e911c1fcf7074153d267
5,5,0.2,RAO*,13,8.517308228802941,0.19070231978831415,1.788429654960055,3073,259,True,d84d099493b973a63d879255d2221c1930d649aa,543f782d80ceb9555130e911c1fcf7074153d267
5,5,0.2,DARP-HILP,14,8.330533203124999,0.15553190065651704,0.9047005030442961,2980,26,True,d84d099493b973a63d879255d2221c1930d649aa,543f782d80ceb9555130e911c1fcf7074153d267
5,5,0.2,RAO*,14,8.517308228802941,0.19070231978831415,1.816295447992161,3073,259,True,d84d099493b973a63d879255d2221c1930d649aa,543f782d80ceb9555130e911c1fcf7074153d267
5,5,0.2,DARP-HILP,15,8.330533203124999,0.15553190065651704,0.9063240319956094,2980,26,True,d84d099493b973a63d879255d2221c1930d649aa,543f782d80ceb9555130e911c1fcf7074153d267
5,5,0.2,RAO*,15,8.517308228802941,0.19070231978831415,1.7840542449848726,3073,259,True,d84d099493b973a63d879255d2221c1930d649aa,543f782d80ceb9555130e911c1fcf7074153d267
5,5,0.2,DARP-HILP,16,8.330533203124999,0.15553190065651704,0.9095197200076655,2980,26,True,d84d099493b973a63d879255d2221c1930d649aa,543f782d80ceb9555130e911c1fcf7074153d267
5,5,0.2,RAO*,16,8.517308228802941,0.19070231978831415,1.8203776470036246,3073,259,True,d84d099493b973a63d879255d2221c1930d649aa,543f782d80ceb9555130e911c1fcf7074153d267
5,5,0.2,DARP-HILP,17,8.330533203124999,0.15553190065651704,0.9096354779903777,2980,26,True,d84d099493b973a63d879255d2221c1930d649aa,543f782d80ceb9555130e911c1fcf7074153d267
5,5,0.2,RAO*,17,8.517308228802941,0.19070231978831415,1.7842855009948835,3073,259,True,d84d099493b973a63d879255d2221c1930d649aa,543f782d80ceb9555130e911c1fcf7074153d267
5,5,0.2,DARP-HILP,18,8.330533203124999,0.15553190065651704,0.9140003729844466,2980,26,True,d84d099493b973a63d879255d2221c1930d649aa,543f782d80ceb9555130e911c1fcf7074153d267
5,5,0.2,RAO*,18,8.517308228802941,0.19070231978831415,1.81154719699407,3073,259,True,d84d099493b973a63d879255d2221c1930d649aa,543f782d80ceb9555130e911c1fcf7074153d267
5,5,0.2,DARP-HILP,19,8.330533203124999,0.15553190065651704,0.9089477580273524,2980,26,True,d84d099493b973a63d879255d2221c1930d649aa,543f782d80ceb9555130e911c1fcf7074153d267
5,5,0.2,RAO*,19,8.517308228802941,0.19070231978831415,1.785003772994969,3073,259,True,d84d099493b973a63d879255d2221c1930d649aa,543f782d80ceb9555130e911c1fcf7074153d267
5,5,0.2,DARP-HILP,20,8.330533203124999,0.15553190065651704,0.9156888620345853,2980,26,True,d84d099493b973a63d879255d2221c1930d649aa,543f782d80ceb9555130e911c1fcf7074153d267
5,5,0.2,RAO*,20,8.517308228802941,0.19070231978831415,1.8088083860347979,3073,259,True,d84d099493b973a63d879255d2221c1930d649aa,543f782d80ceb9555130e911c1fcf7074153d267
5,5,0.2,DARP-HILP,21,8.330533203124999,0.15553190065651704,0.9116825709934346,2980,26,True,d84d099493b973a63d879255d2221c1930d649aa,543f782d80ceb9555130e911c1fcf7074153d267
5,5,0.2,RAO*,21,8.517308228802941,0.19070231978831415,1.7917291320045479,3073,259,True,d84d099493b973a63d879255d2221c1930d649aa,543f782d80ceb9555130e911c1fcf7074153d267
5,5,0.2,DARP-HILP,22,8.330533203124999,0.15553190065651704,0.9196961600100622,2980,26,True,d84d099493b973a63d879255d2221c1930d649aa,543f782d80ceb9555130e911c1fcf7074153d267
5,5,0.2,RAO*,22,8.517308228802941,0.19070231978831415,1.8035252669942565,3073,259,True,d84d099493b973a63d879255d2221c1930d649aa,543f782d80ceb9555130e911c1fcf7074153d267
5,5,0.2,DARP-HILP,23,8.330533203124999,0.15553190065651704,0.9148711650050245,2980,26,True,d84d099493b973a63d879255d2221c1930d649aa,543f782d80ceb9555130e911c1fcf7074153d267
5,5,0.2,RAO*,23,8.517308228802941,0.19070231978831415,1.7959745320258662,3073,259,True,d84d099493b973a63d879255d2221c1930d649aa,543f782d80ceb9555130e911c1fcf7074153d267
5,5,0.2,DARP-HILP,24,8.330533203124999,0.15553190065651704,1.0052287230500951,2980,26,True,d84d099493b973a63d879255d2221c1930d649aa,543f782d80ceb9555130e911c1fcf7074153d267
5,5,0.2,RAO*,24,8.517308228802941,0.19070231978831415,1.9228114109719172,3073,259,True,d84d099493b973a63d879255d2221c1930d649aa,543f782d80ceb9555130e911c1fcf7074153d267
5,5,0.2,DARP-HILP,25,8.330533203124999,0.15553190065651704,0.9682319179992191,2980,26,True,d84d099493b973a63d879255d2221c1930d649aa,543f782d80ceb9555130e911c1fcf7074153d267
5,5,0.2,RAO*,25,8.517308228802941,0.19070231978831415,1.8866687589907087,3073,259,True,d84d099493b973a63d879255d2221c1930d649aa,543f782d80ceb9555130e911c1fcf7074153d267
5,5,0.3,DARP-HILP,1,8.330533203124999,0.15553190065651704,1.1510714939795434,3880,29,True,d84d099493b973a63d879255d2221c1930d649aa,543f782d80ceb9555130e911c1fcf7074153d267
5,5,0.3,RAO*,1,8.517308228802941,0.19070231978831415,2.372213809983805,4228,353,True,d84d099493b973a63d879255d2221c1930d649aa,543f782d80ceb9555130e911c1fcf7074153d267
5,5,0.3,DARP-HILP,2,8.330533203124999,0.15553190065651704,1.1489108320092782,3880,29,True,d84d099493b973a63d879255d2221c1930d649aa,543f782d80ceb9555130e911c1fcf7074153d267
5,5,0.3,RAO*,2,8.517308228802941,0.19070231978831415,2.3959181570098735,4228,353,True,d84d099493b973a63d879255d2221c1930d649aa,543f782d80ceb9555130e911c1fcf7074153d267
5,5,0.3,DARP-HILP,3,8.330533203124999,0.15553190065651704,1.1315648530144244,3880,29,True,d84d099493b973a63d879255d2221c1930d649aa,543f782d80ceb9555130e911c1fcf7074153d267
5,5,0.3,RAO*,3,8.517308228802941,0.19070231978831415,2.4158501240308397,4228,353,True,d84d099493b973a63d879255d2221c1930d649aa,543f782d80ceb9555130e911c1fcf7074153d267
5,5,0.3,DARP-HILP,4,8.330533203124999,0.15553190065651704,1.1328385469969362,3880,29,True,d84d099493b973a63d879255d2221c1930d649aa,543f782d80ceb9555130e911c1fcf7074153d267
5,5,0.3,RAO*,4,8.517308228802941,0.19070231978831415,2.386154028994497,4228,353,True,d84d099493b973a63d879255d2221c1930d649aa,543f782d80ceb9555130e911c1fcf7074153d267
5,5,0.3,DARP-HILP,5,8.330533203124999,0.15553190065651704,1.1400496889837086,3880,29,True,d84d099493b973a63d879255d2221c1930d649aa,543f782d80ceb9555130e911c1fcf7074153d267
5,5,0.3,RAO*,5,8.517308228802941,0.19070231978831415,2.3875540959998034,4228,353,True,d84d099493b973a63d879255d2221c1930d649aa,543f782d80ceb9555130e911c1fcf7074153d267
5,5,0.3,DARP-HILP,6,8.330533203124999,0.15553190065651704,1.1242101319949143,3880,29,True,d84d099493b973a63d879255d2221c1930d649aa,543f782d80ceb9555130e911c1fcf7074153d267
5,5,0.3,RAO*,6,8.517308228802941,0.19070231978831415,2.411631341034081,4228,353,True,d84d099493b973a63d879255d2221c1930d649aa,543f782d80ceb9555130e911c1fcf7074153d267
5,5,0.3,DARP-HILP,7,8.330533203124999,0.15553190065651704,1.1311341499676928,3880,29,True,d84d099493b973a63d879255d2221c1930d649aa,543f782d80ceb9555130e911c1fcf7074153d267
5,5,0.3,RAO*,7,8.517308228802941,0.19070231978831415,2.4191238089697435,4228,353,True,d84d099493b973a63d879255d2221c1930d649aa,543f782d80ceb9555130e911c1fcf7074153d267
5,5,0.3,DARP-HILP,8,8.330533203124999,0.15553190065651704,3.0330887919990346,3880,29,True,d84d099493b973a63d879255d2221c1930d649aa,543f782d80ceb9555130e911c1fcf7074153d267
5,5,0.3,RAO*,8,8.517308228802941,0.19070231978831415,2.3971835389966145,4228,353,True,d84d099493b973a63d879255d2221c1930d649aa,543f782d80ceb9555130e911c1fcf7074153d267
5,5,0.3,DARP-HILP,9,8.330533203124999,0.15553190065651704,1.1251191470073536,3880,29,True,d84d099493b973a63d879255d2221c1930d649aa,543f782d80ceb9555130e911c1fcf7074153d267
5,5,0.3,RAO*,9,8.517308228802941,0.19070231978831415,2.3798608499928378,4228,353,True,d84d099493b973a63d879255d2221c1930d649aa,543f782d80ceb9555130e911c1fcf7074153d267
5,5,0.3,DARP-HILP,10,8.330533203124999,0.15553190065651704,1.1345367030007765,3880,29,True,d84d099493b973a63d879255d2221c1930d649aa,543f782d80ceb9555130e911c1fcf7074153d267
5,5,0.3,RAO*,10,8.517308228802941,0.19070231978831415,2.368812533968594,4228,353,True,d84d099493b973a63d879255d2221c1930d649aa,543f782d80ceb9555130e911c1fcf7074153d267
5,5,0.3,DARP-HILP,11,8.330533203124999,0.15553190065651704,1.1153117989888415,3880,29,True,d84d099493b973a63d879255d2221c1930d649aa,543f782d80ceb9555130e911c1fcf7074153d267
5,5,0.3,RAO*,11,8.517308228802941,0.19070231978831415,2.3933819299563766,4228,353,True,d84d099493b973a63d879255d2221c1930d649aa,543f782d80ceb9555130e911c1fcf7074153d267
5,5,0.3,DARP-HILP,12,8.330533203124999,0.15553190065651704,1.1146046700305305,3880,29,True,d84d099493b973a63d879255d2221c1930d649aa,543f782d80ceb9555130e911c1fcf7074153d267
5,5,0.3,RAO*,12,8.517308228802941,0.19070231978831415,2.414529858971946,4228,353,True,d84d099493b973a63d879255d2221c1930d649aa,543f782d80ceb9555130e911c1fcf7074153d267
5,5,0.3,DARP-HILP,13,8.330533203124999,0.15553190065651704,1.1570997399976477,3880,29,True,d84d099493b973a63d879255d2221c1930d649aa,543f782d80ceb9555130e911c1fcf7074153d267
5,5,0.3,RAO*,13,8.517308228802941,0.19070231978831415,2.3832313689636067,4228,353,True,d84d099493b973a63d879255d2221c1930d649aa,543f782d80ceb9555130e911c1fcf7074153d267
5,5,0.3,DARP-HILP,14,8.330533203124999,0.15553190065651704,1.1252336140023544,3880,29,True,d84d099493b973a63d879255d2221c1930d649aa,543f782d80ceb9555130e911c1fcf7074153d267
5,5,0.3,RAO*,14,8.517308228802941,0.19070231978831415,2.399645246041473,4228,353,True,d84d099493b973a63d879255d2221c1930d649aa,543f782d80ceb9555130e911c1fcf7074153d267
5,5,0.3,DARP-HILP,15,8.330533203124999,0.15553190065651704,1.122484854015056,3880,29,True,d84d099493b973a63d879255d2221c1930d649aa,543f782d80ceb9555130e911c1fcf7074153d267
5,5,0.3,RAO*,15,8.517308228802941,0.19070231978831415,2.3911016620113514,4228,353,True,d84d099493b973a63d879255d2221c1930d649aa,543f782d80ceb9555130e911c1fcf7074153d267
5,5,0.3,DARP-HILP,16,8.330533203124999,0.15553190065651704,1.1416625040001236,3880,29,True,d84d099493b973a63d879255d2221c1930d649aa,543f782d80ceb9555130e911c1fcf7074153d267
5,5,0.3,RAO*,16,8.517308228802941,0.19070231978831415,2.403499890002422,4228,353,True,d84d099493b973a63d879255d2221c1930d649aa,543f782d80ceb9555130e911c1fcf7074153d267
5,5,0.3,DARP-HILP,17,8.330533203124999,0.15553190065651704,1.1353859069640748,3880,29,True,d84d099493b973a63d879255d2221c1930d649aa,543f782d80ceb9555130e911c1fcf7074153d267
5,5,0.3,RAO*,17,8.517308228802941,0.19070231978831415,2.4077933450462297,4228,353,True,d84d099493b973a63d879255d2221c1930d649aa,543f782d80ceb9555130e911c1fcf7074153d267
5,5,0.3,DARP-HILP,18,8.330533203124999,0.15553190065651704,1.125970655004494,3880,29,True,d84d099493b973a63d879255d2221c1930d649aa,543f782d80ceb9555130e911c1fcf7074153d267
5,5,0.3,RAO*,18,8.517308228802941,0.19070231978831415,2.3942698299651965,4228,353,True,d84d099493b973a63d879255d2221c1930d649aa,543f782d80ceb9555130e911c1fcf7074153d267
5,5,0.3,DARP-HILP,19,8.330533203124999,0.15553190065651704,1.1285617710091174,3880,29,True,d84d099493b973a63d879255d2221c1930d649aa,543f782d80ceb9555130e911c1fcf7074153d267
5,5,0.3,RAO*,19,8.517308228802941,0.19070231978831415,2.40630734997103,4228,353,True,d84d099493b973a63d879255d2221c1930d649aa,543f782d80ceb9555130e911c1fcf7074153d267
5,5,0.3,DARP-HILP,20,8.330533203124999,0.15553190065651704,1.1390595000120811,3880,29,True,d84d099493b973a63d879255d2221c1930d649aa,543f782d80ceb9555130e911c1fcf7074153d267
5,5,0.3,RAO*,20,8.517308228802941,0.19070231978831415,2.37332857697038,4228,353,True,d84d099493b973a63d879255d2221c1930d649aa,543f782d80ceb9555130e911c1fcf7074153d267
5,5,0.3,DARP-HILP,21,8.330533203124999,0.15553190065651704,1.1327336159883998,3880,29,True,d84d099493b973a63d879255d2221c1930d649aa,543f782d80ceb9555130e911c1fcf7074153d267
5,5,0.3,RAO*,21,8.517308228802941,0.19070231978831415,2.383919159998186,4228,353,True,d84d099493b973a63d879255d2221c1930d649aa,543f782d80ceb9555130e911c1fcf7074153d267
5,5,0.3,DARP-HILP,22,8.330533203124999,0.15553190065651704,1.1063245000550523,3880,29,True,d84d099493b973a63d879255d2221c1930d649aa,543f782d80ceb9555130e911c1fcf7074153d267
5,5,0.3,RAO*,22,8.517308228802941,0.19070231978831415,2.3517089009983465,4228,353,True,d84d099493b973a63d879255d2221c1930d649aa,543f782d80ceb9555130e911c1fcf7074153d267
5,5,0.3,DARP-HILP,23,8.330533203124999,0.15553190065651704,1.1692519659991376,3880,29,True,d84d099493b973a63d879255d2221c1930d649aa,543f782d80ceb9555130e911c1fcf7074153d267
5,5,0.3,RAO*,23,8.517308228802941,0.19070231978831415,2.3347239059512503,4228,353,True,d84d099493b973a63d879255d2221c1930d649aa,543f782d80ceb9555130e911c1fcf7074153d267
5,5,0.3,DARP-HILP,24,8.330533203124999,0.15553190065651704,1.1062052799970843,3880,29,True,d84d099493b973a63d879255d2221c1930d649aa,543f782d80ceb9555130e911c1fcf7074153d267
5,5,0.3,RAO*,24,8.517308228802941,0.19070231978831415,2.33867701201234,4228,353,True,d84d099493b973a63d879255d2221c1930d649aa,543f782d80ceb9555130e911c1fcf7074153d267
5,5,0.3,DARP-HILP,25,8.330533203124999,0.15553190065651704,1.1079533210140653,3880,29,True,d84d099493b973a63d879255d2221c1930d649aa,543f782d80ceb9555130e911c1fcf7074153d267
5,5,0.3,RAO*,25,8.517308228802941,0.19070231978831415,2.3419562460039742,4228,353,True,d84d099493b973a63d879255d2221c1930d649aa,543f782d80ceb9555130e911c1fcf7074153d267
5,6,0.1,DARP-HILP,1,10.856434987909896,0.09999944835067111,8.908043425006326,12988,62,True,d84d099493b973a63d879255d2221c1930d649aa,543f782d80ceb9555130e911c1fcf7074153d267
5,6,0.1,RAO*,1,11.664317925302502,0.09879943551458453,29.91830497601768,25393,2196,True,d84d099493b973a63d879255d2221c1930d649aa,543f782d80ceb9555130e911c1fcf7074153d267
5,6,0.1,DARP-HILP,2,10.856434987909896,0.09999944835067111,9.053196443011984,12988,62,True,d84d099493b973a63d879255d2221c1930d649aa,543f782d80ceb9555130e911c1fcf7074153d267
5,6,0.1,RAO*,2,11.664317925302502,0.09879943551458453,30.23526969301747,25393,2196,True,d84d099493b973a63d879255d2221c1930d649aa,543f782d80ceb9555130e911c1fcf7074153d267
5,6,0.1,DARP-HILP,3,10.856434987909896,0.09999944835067111,9.04614514001878,12988,62,True,d84d099493b973a63d879255d2221c1930d649aa,543f782d80ceb9555130e911c1fcf7074153d267
5,6,0.1,RAO*,3,11.664317925302502,0.09879943551458453,30.62037183600478,25393,2196,True,d84d099493b973a63d879255d2221c1930d649aa,543f782d80ceb9555130e911c1fcf7074153d267
5,6,0.1,DARP-HILP,4,10.856434987909896,0.09999944835067111,9.119197188003454,12988,62,True,d84d099493b973a63d879255d2221c1930d649aa,543f782d80ceb9555130e911c1fcf7074153d267
5,6,0.1,RAO*,4,11.664317925302502,0.09879943551458453,30.503408501041122,25393,2196,True,d84d099493b973a63d879255d2221c1930d649aa,543f782d80ceb9555130e911c1fcf7074153d267
5,6,0.1,DARP-HILP,5,10.856434987909896,0.09999944835067111,9.10042496304959,12988,62,True,d84d099493b973a63d879255d2221c1930d649aa,543f782d80ceb9555130e911c1fcf7074153d267
5,6,0.1,RAO*,5,11.664317925302502,0.09879943551458453,30.565139702986926,25393,2196,True,d84d099493b973a63d879255d2221c1930d649aa,543f782d80ceb9555130e911c1fcf7074153d267
5,6,0.1,DARP-HILP,6,10.856434987909896,0.09999944835067111,9.100399651040789,12988,62,True,d84d099493b973a63d879255d2221c1930d649aa,543f782d80ceb9555130e911c1fcf7074153d267
5,6,0.1,RAO*,6,11.664317925302502,0.09879943551458453,30.449779902992304,25393,2196,True,d84d099493b973a63d879255d2221c1930d649aa,543f782d80ceb9555130e911c1fcf7074153d267
5,6,0.1,DARP-HILP,7,10.856434987909896,0.09999944835067111,9.069976744009182,12988,62,True,d84d099493b973a63d879255d2221c1930d649aa,543f782d80ceb9555130e911c1fcf7074153d267
5,6,0.1,RAO*,7,11.664317925302502,0.09879943551458453,30.347686996974517,25393,2196,True,d84d099493b973a63d879255d2221c1930d649aa,543f782d80ceb9555130e911c1fcf7074153d267
5,6,0.1,DARP-HILP,8,10.856434987909896,0.09999944835067111,8.998481496004388,12988,62,True,d84d099493b973a63d879255d2221c1930d649aa,543f782d80ceb9555130e911c1fcf7074153d267
5,6,0.1,RAO*,8,11.664317925302502,0.09879943551458453,30.465077097993344,25393,2196,True,d84d099493b973a63d879255d2221c1930d649aa,543f782d80ceb9555130e911c1fcf7074153d267
5,6,0.1,DARP-HILP,9,10.856434987909896,0.09999944835067111,9.094351183040999,12988,62,True,d84d099493b973a63d879255d2221c1930d649aa,543f782d80ceb9555130e911c1fcf7074153d267
5,6,0.1,RAO*,9,11.664317925302502,0.09879943551458453,29.958456819993444,25393,2196,True,d84d099493b973a63d879255d2221c1930d649aa,543f782d80ceb9555130e911c1fcf7074153d267
5,6,0.1,DARP-HILP,10,10.856434987909896,0.09999944835067111,8.857294831017498,12988,62,True,d84d099493b973a63d879255d2221c1930d649aa,543f782d80ceb9555130e911c1fcf7074153d267
5,6,0.1,RAO*,10,11.664317925302502,0.09879943551458453,30.18345103599131,25393,2196,True,d84d099493b973a63d879255d2221c1930d649aa,543f782d80ceb9555130e911c1fcf7074153d267
5,6,0.1,DARP-HILP,11,10.856434987909896,0.09999944835067111,8.948471317999065,12988,62,True,d84d099493b973a63d879255d2221c1930d649aa,543f782d80ceb9555130e911c1fcf7074153d267
5,6,0.1,RAO*,11,11.664317925302502,0.09879943551458453,30.424244032008573,25393,2196,True,d84d099493b973a63d879255d2221c1930d649aa,543f782d80ceb9555130e911c1fcf7074153d267
5,6,0.1,DARP-HILP,12,10.856434987909896,0.09999944835067111,9.114432634029072,12988,62,True,d84d099493b973a63d879255d2221c1930d649aa,543f782d80ceb9555130e911c1fcf7074153d267
5,6,0.1,RAO*,12,11.664317925302502,0.09879943551458453,30.27990265999688,25393,2196,True,d84d099493b973a63d879255d2221c1930d649aa,543f782d80ceb9555130e911c1fcf7074153d267
5,6,0.1,DARP-HILP,13,10.856434987909896,0.09999944835067111,9.639159568992909,12988,62,True,d84d099493b973a63d879255d2221c1930d649aa,543f782d80ceb9555130e911c1fcf7074153d267
5,6,0.1,RAO*,13,11.664317925302502,0.09879943551458453,30.64157317398349,25393,2196,True,d84d099493b973a63d879255d2221c1930d649aa,543f782d80ceb9555130e911c1fcf7074153d267
5,6,0.1,DARP-HILP,14,10.856434987909896,0.09999944835067111,9.124491451948415,12988,62,True,d84d099493b973a63d879255d2221c1930d649aa,543f782d80ceb9555130e911c1fcf7074153d267
5,6,0.1,RAO*,14,11.664317925302502,0.09879943551458453,30.519449304032605,25393,2196,True,d84d099493b973a63d879255d2221c1930d649aa,543f782d80ceb9555130e911c1fcf7074153d267
5,6,0.1,DARP-HILP,15,10.856434987909896,0.09999944835067111,9.035458783968352,12988,62,True,d84d099493b973a63d879255d2221c1930d649aa,543f782d80ceb9555130e911c1fcf7074153d267
5,6,0.1,RAO*,15,11.664317925302502,0.09879943551458453,30.381917574966792,25393,2196,True,d84d099493b973a63d879255d2221c1930d649aa,543f782d80ceb9555130e911c1fcf7074153d267
5,6,0.1,DARP-HILP,16,10.856434987909896,0.09999944835067111,9.326002716028597,12988,62,True,d84d099493b973a63d879255d2221c1930d649aa,543f782d80ceb9555130e911c1fcf7074153d267
5,6,0.1,RAO*,16,11.664317925302502,0.09879943551458453,30.749168006004766,25393,2196,True,d84d099493b973a63d879255d2221c1930d649aa,543f782d80ceb9555130e911c1fcf7074153d267
5,6,0.1,DARP-HILP,17,10.856434987909896,0.09999944835067111,9.23698654898908,12988,62,True,d84d099493b973a63d879255d2221c1930d649aa,543f782d80ceb9555130e911c1fcf7074153d267
5,6,0.1,RAO*,17,11.664317925302502,0.09879943551458453,31.37739546597004,25393,2196,True,d84d099493b973a63d879255d2221c1930d649aa,543f782d80ceb9555130e911c1fcf7074153d267
5,6,0.1,DARP-HILP,18,10.856434987909896,0.09999944835067111,9.294595276995096,12988,62,True,d84d099493b973a63d879255d2221c1930d649aa,543f782d80ceb9555130e911c1fcf7074153d267
5,6,0.1,RAO*,18,11.664317925302502,0.09879943551458453,30.806787150970194,25393,2196,True,d84d099493b973a63d879255d2221c1930d649aa,543f782d80ceb9555130e911c1fcf7074153d267
5,6,0.1,DARP-HILP,19,10.856434987909896,0.09999944835067111,9.512307095050346,12988,62,True,d84d099493b973a63d879255d2221c1930d649aa,543f782d80ceb9555130e911c1fcf7074153d267
5,6,0.1,RAO*,19,11.664317925302502,0.09879943551458453,31.561188102001324,25393,2196,True,d84d099493b973a63d879255d2221c1930d649aa,543f782d80ceb9555130e911c1fcf7074153d267
5,6,0.1,DARP-HILP,20,10.856434987909896,0.09999944835067111,9.188009584031533,12988,62,True,d84d099493b973a63d879255d2221c1930d649aa,543f782d80ceb9555130e911c1fcf7074153d267
5,6,0.1,RAO*,20,11.664317925302502,0.09879943551458453,31.085089719039388,25393,2196,True,d84d099493b973a63d879255d2221c1930d649aa,543f782d80ceb9555130e911c1fcf7074153d267
5,6,0.1,DARP-HILP,21,10.856434987909896,0.09999944835067111,9.100837587029673,12988,62,True,d84d099493b973a63d879255d2221c1930d649aa,543f782d80ceb9555130e911c1fcf7074153d267
5,6,0.1,RAO*,21,11.664317925302502,0.09879943551458453,31.192064522008877,25393,2196,True,d84d099493b973a63d879255d2221c1930d649aa,543f782d80ceb9555130e911c1fcf7074153d267
5,6,0.1,DARP-HILP,22,10.856434987909896,0.09999944835067111,9.284460668975953,12988,62,True,d84d099493b973a63d879255d2221c1930d649aa,543f782d80ceb9555130e911c1fcf7074153d267
5,6,0.1,RAO*,22,11.664317925302502,0.09879943551458453,31.243968170019798,25393,2196,True,d84d099493b973a63d879255d2221c1930d649aa,543f782d80ceb9555130e911c1fcf7074153d267
5,6,0.1,DARP-HILP,23,10.856434987909896,0.09999944835067111,9.409649252949748,12988,62,True,d84d099493b973a63d879255d2221c1930d649aa,543f782d80ceb9555130e911c1fcf7074153d267
5,6,0.1,RAO*,23,11.664317925302502,0.09879943551458453,31.40276080102194,25393,2196,True,d84d099493b973a63d879255d2221c1930d649aa,543f782d80ceb9555130e911c1fcf7074153d267
5,6,0.1,DARP-HILP,24,10.856434987909896,0.09999944835067111,9.28192937199492,12988,62,True,d84d099493b973a63d879255d2221c1930d649aa,543f782d80ceb9555130e911c1fcf7074153d267
5,6,0.1,RAO*,24,11.664317925302502,0.09879943551458453,31.062172750011086,25393,2196,True,d84d099493b973a63d879255d2221c1930d649aa,543f782d80ceb9555130e911c1fcf7074153d267
5,6,0.1,DARP-HILP,25,10.856434987909896,0.09999944835067111,9.142047283006832,12988,62,True,d84d099493b973a63d879255d2221c1930d649aa,543f782d80ceb9555130e911c1fcf7074153d267
5,6,0.1,RAO*,25,11.664317925302502,0.09879943551458453,30.680682190984953,25393,2196,True,d84d099493b973a63d879255d2221c1930d649aa,543f782d80ceb9555130e911c1fcf7074153d267
5,6,0.2,DARP-HILP,1,8.51730822880294,0.1587357693835137,8.05686071398668,17584,49,True,d84d099493b973a63d879255d2221c1930d649aa,543f782d80ceb9555130e911c1fcf7074153d267
5,6,0.2,RAO*,1,9.454810466494346,0.1920991604288611,50.38492237200262,48844,4100,True,d84d099493b973a63d879255d2221c1930d649aa,543f782d80ceb9555130e911c1fcf7074153d267
5,6,0.2,DARP-HILP,2,8.51730822880294,0.1587357693835137,8.171598476998042,17584,49,True,d84d099493b973a63d879255d2221c1930d649aa,543f782d80ceb9555130e911c1fcf7074153d267
5,6,0.2,RAO*,2,9.454810466494346,0.1920991604288611,49.48231572698569,48844,4100,True,d84d099493b973a63d879255d2221c1930d649aa,543f782d80ceb9555130e911c1fcf7074153d267
5,6,0.2,DARP-HILP,3,8.51730822880294,0.1587357693835137,7.909025167988148,17584,49,True,d84d099493b973a63d879255d2221c1930d649aa,543f782d80ceb9555130e911c1fcf7074153d267
5,6,0.2,RAO*,3,9.454810466494346,0.1920991604288611,49.63788788096281,48844,4100,True,d84d099493b973a63d879255d2221c1930d649aa,543f782d80ceb9555130e911c1fcf7074153d267
5,6,0.2,DARP-HILP,4,8.51730822880294,0.1587357693835137,7.959680902014952,17584,49,True,d84d099493b973a63d879255d2221c1930d649aa,543f782d80ceb9555130e911c1fcf7074153d267
5,6,0.2,RAO*,4,9.454810466494346,0.1920991604288611,49.508776735980064,48844,4100,True,d84d099493b973a63d879255d2221c1930d649aa,543f782d80ceb9555130e911c1fcf7074153d267
5,6,0.2,DARP-HILP,5,8.51730822880294,0.1587357693835137,7.975126000994351,17584,49,True,d84d099493b973a63d879255d2221c1930d649aa,543f782d80ceb9555130e911c1fcf7074153d267
5,6,0.2,RAO*,5,9.454810466494346,0.1920991604288611,49.51277263101656,48844,4100,True,d84d099493b973a63d879255d2221c1930d649aa,543f782d80ceb9555130e911c1fcf7074153d267
5,6,0.2,DARP-HILP,6,8.51730822880294,0.1587357693835137,8.949662316998001,17584,49,True,d84d099493b973a63d879255d2221c1930d649aa,543f782d80ceb9555130e911c1fcf7074153d267
5,6,0.2,RAO*,6,9.454810466494346,0.1920991604288611,49.39578567701392,48844,4100,True,d84d099493b973a63d879255d2221c1930d649aa,543f782d80ceb9555130e911c1fcf7074153d267
5,6,0.2,DARP-HILP,7,8.51730822880294,0.1587357693835137,8.026093765976839,17584,49,True,d84d099493b973a63d879255d2221c1930d649aa,543f782d80ceb9555130e911c1fcf7074153d267
5,6,0.2,RAO*,7,9.454810466494346,0.1920991604288611,49.1403346050065,48844,4100,True,d84d099493b973a63d879255d2221c1930d649aa,543f782d80ceb9555130e911c1fcf7074153d267
5,6,0.2,DARP-HILP,8,8.51730822880294,0.1587357693835137,7.90874875796726,17584,49,True,d84d099493b973a63d879255d2221c1930d649aa,543f782d80ceb9555130e911c1fcf7074153d267
5,6,0.2,RAO*,8,9.454810466494346,0.1920991604288611,49.2312148080091,48844,4100,True,d84d099493b973a63d879255d2221c1930d649aa,543f782d80ceb9555130e911c1fcf7074153d267
5,6,0.2,DARP-HILP,9,8.51730822880294,0.1587357693835137,7.889584106975235,17584,49,True,d84d099493b973a63d879255d2221c1930d649aa,543f782d80ceb9555130e911c1fcf7074153d267
5,6,0.2,RAO*,9,9.454810466494346,0.1920991604288611,49.38512631302001,48844,4100,True,d84d099493b973a63d879255d2221c1930d649aa,543f782d80ceb9555130e911c1fcf7074153d267
5,6,0.2,DARP-HILP,10,8.51730822880294,0.1587357693835137,7.746640090015717,17584,49,True,d84d099493b973a63d879255d2221c1930d649aa,543f782d80ceb9555130e911c1fcf7074153d267
5,6,0.2,RAO*,10,9.454810466494346,0.1920991604288611,46.05005262797931,48844,4100,True,d84d099493b973a63d879255d2221c1930d649aa,543f782d80ceb9555130e911c1fcf7074153d267
5,6,0.2,DARP-HILP,11,8.51730822880294,0.1587357693835137,7.49791653000284,17584,49,True,d84d099493b973a63d879255d2221c1930d649aa,543f782d80ceb9555130e911c1fcf7074153d267
5,6,0.2,RAO*,11,9.454810466494346,0.1920991604288611,46.264582601957954,48844,4100,True,d84d099493b973a63d879255d2221c1930d649aa,543f782d80ceb9555130e911c1fcf7074153d267
5,6,0.2,DARP-HILP,12,8.51730822880294,0.1587357693835137,7.455872852995526,17584,49,True,d84d099493b973a63d879255d2221c1930d649aa,543f782d80ceb9555130e911c1fcf7074153d267
5,6,0.2,RAO*,12,9.454810466494346,0.1920991604288611,46.07888148596976,48844,4100,True,d84d099493b973a63d879255d2221c1930d649aa,543f782d80ceb9555130e911c1fcf7074153d267
5,6,0.2,DARP-HILP,13,8.51730822880294,0.1587357693835137,7.481937218981329,17584,49,True,d84d099493b973a63d879255d2221c1930d649aa,543f782d80ceb9555130e911c1fcf7074153d267
5,6,0.2,RAO*,13,9.454810466494346,0.1920991604288611,46.066497744002845,48844,4100,True,d84d099493b973a63d879255d2221c1930d649aa,543f782d80ceb9555130e911c1fcf7074153d267
5,6,0.2,DARP-HILP,14,8.51730822880294,0.1587357693835137,7.467869366984814,17584,49,True,d84d099493b973a63d879255d2221c1930d649aa,543f782d80ceb9555130e911c1fcf7074153d267
5,6,0.2,RAO*,14,9.454810466494346,0.1920991604288611,46.008932490018196,48844,4100,True,d84d099493b973a63d879255d2221c1930d649aa,543f782d80ceb9555130e911c1fcf7074153d267
5,6,0.2,DARP-HILP,15,8.51730822880294,0.1587357693835137,7.4647746630362235,17584,49,True,d84d099493b973a63d879255d2221c1930d649aa,543f782d80ceb9555130e911c1fcf7074153d267
5,6,0.2,RAO*,15,9.454810466494346,0.1920991604288611,46.16929204197368,48844,4100,True,d84d099493b973a63d879255d2221c1930d649aa,543f782d80ceb9555130e911c1fcf7074153d267
5,6,0.2,DARP-HILP,16,8.51730822880294,0.1587357693835137,7.476983919041231,17584,49,True,d84d099493b973a63d879255d2221c1930d649aa,543f782d80ceb9555130e911c1fcf7074153d267
5,6,0.2,RAO*,16,9.454810466494346,0.1920991604288611,46.08960038999794,48844,4100,True,d84d099493b973a63d879255d2221c1930d649aa,543f782d80ceb9555130e911c1fcf7074153d267
5,6,0.2,DARP-HILP,17,8.51730822880294,0.1587357693835137,7.465507682994939,17584,49,True,d84d099493b973a63d879255d2221c1930d649aa,543f782d80ceb9555130e911c1fcf7074153d267
5,6,0.2,RAO*,17,9.454810466494346,0.1920991604288611,46.08170042099664,48844,4100,True,d84d099493b973a63d879255d2221c1930d649aa,543f782d80ceb9555130e911c1fcf7074153d267
5,6,0.2,DARP-HILP,18,8.51730822880294,0.1587357693835137,7.449544308008626,17584,49,True,d84d099493b973a63d879255d2221c1930d649aa,543f782d80ceb9555130e911c1fcf7074153d267
5,6,0.2,RAO*,18,9.454810466494346,0.1920991604288611,46.17410211596871,48844,4100,True,d84d099493b973a63d879255d2221c1930d649aa,543f782d80ceb9555130e911c1fcf7074153d267
5,6,0.2,DARP-HILP,19,8.51730822880294,0.1587357693835137,7.445993095985614,17584,49,True,d84d099493b973a63d879255d2221c1930d649aa,543f782d80ceb9555130e911c1fcf7074153d267
5,6,0.2,RAO*,19,9.454810466494346,0.1920991604288611,46.00152617698768,48844,4100,True,d84d099493b973a63d879255d2221c1930d649aa,543f782d80ceb9555130e911c1fcf7074153d267
5,6,0.2,DARP-HILP,20,8.51730822880294,0.1587357693835137,7.468603523971979,17584,49,True,d84d099493b973a63d879255d2221c1930d649aa,543f782d80ceb9555130e911c1fcf7074153d267
5,6,0.2,RAO*,20,9.454810466494346,0.1920991604288611,46.19739207398379,48844,4100,True,d84d099493b973a63d879255d2221c1930d649aa,543f782d80ceb9555130e911c1fcf7074153d267
5,6,0.2,DARP-HILP,21,8.51730822880294,0.1587357693835137,7.840839664044324,17584,49,True,d84d099493b973a63d879255d2221c1930d649aa,543f782d80ceb9555130e911c1fcf7074153d267
5,6,0.2,RAO*,21,9.454810466494346,0.1920991604288611,46.192658431013115,48844,4100,True,d84d099493b973a63d879255d2221c1930d649aa,543f782d80ceb9555130e911c1fcf7074153d267
5,6,0.2,DARP-HILP,22,8.51730822880294,0.1587357693835137,7.472520408977289,17584,49,True,d84d099493b973a63d879255d2221c1930d649aa,543f782d80ceb9555130e911c1fcf7074153d267
5,6,0.2,RAO*,22,9.454810466494346,0.1920991604288611,46.184384010965005,48844,4100,True,d84d099493b973a63d879255d2221c1930d649aa,543f782d80ceb9555130e911c1fcf7074153d267
5,6,0.2,DARP-HILP,23,8.51730822880294,0.1587357693835137,7.568197641987354,17584,49,True,d84d099493b973a63d879255d2221c1930d649aa,543f782d80ceb9555130e911c1fcf7074153d267
5,6,0.2,RAO*,23,9.454810466494346,0.1920991604288611,46.08658754697535,48844,4100,True,d84d099493b973a63d879255d2221c1930d649aa,543f782d80ceb9555130e911c1fcf7074153d267
5,6,0.2,DARP-HILP,24,8.51730822880294,0.1587357693835137,7.460101898002904,17584,49,True,d84d099493b973a63d879255d2221c1930d649aa,543f782d80ceb9555130e911c1fcf7074153d267
5,6,0.2,RAO*,24,9.454810466494346,0.1920991604288611,46.08031458198093,48844,4100,True,d84d099493b973a63d879255d2221c1930d649aa,543f782d80ceb9555130e911c1fcf7074153d267
5,6,0.2,DARP-HILP,25,8.51730822880294,0.1587357693835137,7.48690652300138,17584,49,True,d84d099493b973a63d879255d2221c1930d649aa,543f782d80ceb9555130e911c1fcf7074153d267
5,6,0.2,RAO*,25,9.454810466494346,0.1920991604288611,46.05785662395647,48844,4100,True,d84d099493b973a63d879255d2221c1930d649aa,543f782d80ceb9555130e911c1fcf7074153d267
5,6,0.3,DARP-HILP,1,8.51730822880294,0.1587357693835137,16.93844885705039,31024,76,True,d84d099493b973a63d879255d2221c1930d649aa,543f782d80ceb9555130e911c1fcf7074153d267
5,6,0.3,RAO*,1,9.454810466494346,0.1920991604288611,50.14250610599993,50839,4256,True,d84d099493b973a63d879255d2221c1930d649aa,543f782d80ceb9555130e911c1fcf7074153d267
5,6,0.3,DARP-HILP,2,8.51730822880294,0.1587357693835137,16.281248349987436,31024,76,True,d84d099493b973a63d879255d2221c1930d649aa,543f782d80ceb9555130e911c1fcf7074153d267
5,6,0.3,RAO*,2,9.454810466494346,0.1920991604288611,50.046382096013986,50839,4256,True,d84d099493b973a63d879255d2221c1930d649aa,543f782d80ceb9555130e911c1fcf7074153d267
5,6,0.3,DARP-HILP,3,8.51730822880294,0.1587357693835137,16.04665960103739,31024,76,True,d84d099493b973a63d879255d2221c1930d649aa,543f782d80ceb9555130e911c1fcf7074153d267
5,6,0.3,RAO*,3,9.454810466494346,0.1920991604288611,50.102404165954795,50839,4256,True,d84d099493b973a63d879255d2221c1930d649aa,543f782d80ceb9555130e911c1fcf7074153d267
5,6,0.3,DARP-HILP,4,8.51730822880294,0.1587357693835137,16.26339120598277,31024,76,True,d84d099493b973a63d879255d2221c1930d649aa,543f782d80ceb9555130e911c1fcf7074153d267
5,6,0.3,RAO*,4,9.454810466494346,0.1920991604288611,50.23198274895549,50839,4256,True,d84d099493b973a63d879255d2221c1930d649aa,543f782d80ceb9555130e911c1fcf7074153d267
5,6,0.3,DARP-HILP,5,8.51730822880294,0.1587357693835137,17.375742725969758,31024,76,True,d84d099493b973a63d879255d2221c1930d649aa,543f782d80ceb9555130e911c1fcf7074153d267
5,6,0.3,RAO*,5,9.454810466494346,0.1920991604288611,50.13483695097966,50839,4256,True,d84d099493b973a63d879255d2221c1930d649aa,543f782d80ceb9555130e911c1fcf7074153d267
5,6,0.3,DARP-HILP,6,8.51730822880294,0.1587357693835137,16.263326120038982,31024,76,True,d84d099493b973a63d879255d2221c1930d649aa,543f782d80ceb9555130e911c1fcf7074153d267
5,6,0.3,RAO*,6,9.454810466494346,0.1920991604288611,50.11790473700967,50839,4256,True,d84d099493b973a63d879255d2221c1930d649aa,543f782d80ceb9555130e911c1fcf7074153d267
5,6,0.3,DARP-HILP,7,8.51730822880294,0.1587357693835137,16.21804562100442,31024,76,True,d84d099493b973a63d879255d2221c1930d649aa,543f782d80ceb9555130e911c1fcf7074153d267
5,6,0.3,RAO*,7,9.454810466494346,0.1920991604288611,50.26101287000347,50839,4256,True,d84d099493b973a63d879255d2221c1930d649aa,543f782d80ceb9555130e911c1fcf7074153d267
5,6,0.3,DARP-HILP,8,8.51730822880294,0.1587357693835137,16.23667457298143,31024,76,True,d84d099493b973a63d879255d2221c1930d649aa,543f782d80ceb9555130e911c1fcf7074153d267
5,6,0.3,RAO*,8,9.454810466494346,0.1920991604288611,50.073577474977355,50839,4256,True,d84d099493b973a63d879255d2221c1930d649aa,543f782d80ceb9555130e911c1fcf7074153d267
5,6,0.3,DARP-HILP,9,8.51730822880294,0.1587357693835137,16.862026844057254,31024,76,True,d84d099493b973a63d879255d2221c1930d649aa,543f782d80ceb9555130e911c1fcf7074153d267
5,6,0.3,RAO*,9,9.454810466494346,0.1920991604288611,50.039377092034556,50839,4256,True,d84d099493b973a63d879255d2221c1930d649aa,543f782d80ceb9555130e911c1fcf7074153d267
5,6,0.3,DARP-HILP,10,8.51730822880294,0.1587357693835137,16.18625454098219,31024,76,True,d84d099493b973a63d879255d2221c1930d649aa,543f782d80ceb9555130e911c1fcf7074153d267
5,6,0.3,RAO*,10,9.454810466494346,0.1920991604288611,49.99108360800892,50839,4256,True,d84d099493b973a63d879255d2221c1930d649aa,543f782d80ceb9555130e911c1fcf7074153d267
5,6,0.3,DARP-HILP,11,8.51730822880294,0.1587357693835137,16.374592899985146,31024,76,True,d84d099493b973a63d879255d2221c1930d649aa,543f782d80ceb9555130e911c1fcf7074153d267
5,6,0.3,RAO*,11,9.454810466494346,0.1920991604288611,50.1531716719619,50839,4256,True,d84d099493b973a63d879255d2221c1930d649aa,543f782d80ceb9555130e911c1fcf7074153d267
5,6,0.3,DARP-HILP,12,8.51730822880294,0.1587357693835137,16.077127305034082,31024,76,True,d84d099493b973a63d879255d2221c1930d649aa,543f782d80ceb9555130e911c1fcf7074153d267
5,6,0.3,RAO*,12,9.454810466494346,0.1920991604288611,50.16385757201351,50839,4256,True,d84d099493b973a63d879255d2221c1930d649aa,543f782d80ceb9555130e911c1fcf7074153d267
5,6,0.3,DARP-HILP,13,8.51730822880294,0.1587357693835137,16.195403400983196,31024,76,True,d84d099493b973a63d879255d2221c1930d649aa,543f782d80ceb9555130e911c1fcf7074153d267
5,6,0.3,RAO*,13,9.454810466494346,0.1920991604288611,50.280318662989885,50839,4256,True,d84d099493b973a63d879255d2221c1930d649aa,543f782d80ceb9555130e911c1fcf7074153d267
5,6,0.3,DARP-HILP,14,8.51730822880294,0.1587357693835137,16.28495366597781,31024,76,True,d84d099493b973a63d879255d2221c1930d649aa,543f782d80ceb9555130e911c1fcf7074153d267
5,6,0.3,RAO*,14,9.454810466494346,0.1920991604288611,50.842257489974145,50839,4256,True,d84d099493b973a63d879255d2221c1930d649aa,543f782d80ceb9555130e911c1fcf7074153d267
5,6,0.3,DARP-HILP,15,8.51730822880294,0.1587357693835137,16.41002239997033,31024,76,True,d84d099493b973a63d879255d2221c1930d649aa,543f782d80ceb9555130e911c1fcf7074153d267
5,6,0.3,RAO*,15,9.454810466494346,0.1920991604288611,50.83723046199884,50839,4256,True,d84d099493b973a63d879255d2221c1930d649aa,543f782d80ceb9555130e911c1fcf7074153d267
5,6,0.3,DARP-HILP,16,8.51730822880294,0.1587357693835137,16.46117924997816,31024,76,True,d84d099493b973a63d879255d2221c1930d649aa,543f782d80ceb9555130e911c1fcf7074153d267
5,6,0.3,RAO*,16,9.454810466494346,0.1920991604288611,50.853765664971434,50839,4256,True,d84d099493b973a63d879255d2221c1930d649aa,543f782d80ceb9555130e911c1fcf7074153d267
5,6,0.3,DARP-HILP,17,8.51730822880294,0.1587357693835137,16.439435210020747,31024,76,True,d84d099493b973a63d879255d2221c1930d649aa,543f782d80ceb9555130e911c1fcf7074153d267
5,6,0.3,RAO*,17,9.454810466494346,0.1920991604288611,50.684209217026364,50839,4256,True,d84d099493b973a63d879255d2221c1930d649aa,543f782d80ceb9555130e911c1fcf7074153d267
5,6,0.3,DARP-HILP,18,8.51730822880294,0.1587357693835137,16.40027187403757,31024,76,True,d84d099493b973a63d879255d2221c1930d649aa,543f782d80ceb9555130e911c1fcf7074153d267
5,6,0.3,RAO*,18,9.454810466494346,0.1920991604288611,50.68846905900864,50839,4256,True,d84d099493b973a63d879255d2221c1930d649aa,543f782d80ceb9555130e911c1fcf7074153d267
5,6,0.3,DARP-HILP,19,8.51730822880294,0.1587357693835137,16.403462685004342,31024,76,True,d84d099493b973a63d879255d2221c1930d649aa,543f782d80ceb9555130e911c1fcf7074153d267
5,6,0.3,RAO*,19,9.454810466494346,0.1920991604288611,50.672519679996185,50839,4256,True,d84d099493b973a63d879255d2221c1930d649aa,543f782d80ceb9555130e911c1fcf7074153d267
5,6,0.3,DARP-HILP,20,8.51730822880294,0.1587357693835137,16.302227717998903,31024,76,True,d84d099493b973a63d879255d2221c1930d649aa,543f782d80ceb9555130e911c1fcf7074153d267
5,6,0.3,RAO*,20,9.454810466494346,0.1920991604288611,51.207148392975796,50839,4256,True,d84d099493b973a63d879255d2221c1930d649aa,543f782d80ceb9555130e911c1fcf7074153d267
5,6,0.3,DARP-HILP,21,8.51730822880294,0.1587357693835137,16.479076246963814,31024,76,True,d84d099493b973a63d879255d2221c1930d649aa,543f782d80ceb9555130e911c1fcf7074153d267
5,6,0.3,RAO*,21,9.454810466494346,0.1920991604288611,51.01246372697642,50839,4256,True,d84d099493b973a63d879255d2221c1930d649aa,543f782d80ceb9555130e911c1fcf7074153d267
5,6,0.3,DARP-HILP,22,8.51730822880294,0.1587357693835137,16.47956886095926,31024,76,True,d84d099493b973a63d879255d2221c1930d649aa,543f782d80ceb9555130e911c1fcf7074153d267
5,6,0.3,RAO*,22,9.454810466494346,0.1920991604288611,51.19553208403522,50839,4256,True,d84d099493b973a63d879255d2221c1930d649aa,543f782d80ceb9555130e911c1fcf7074153d267
5,6,0.3,DARP-HILP,23,8.51730822880294,0.1587357693835137,16.488500399980694,31024,76,True,d84d099493b973a63d879255d2221c1930d649aa,543f782d80ceb9555130e911c1fcf7074153d267
5,6,0.3,RAO*,23,9.454810466494346,0.1920991604288611,50.978801946970634,50839,4256,True,d84d099493b973a63d879255d2221c1930d649aa,543f782d80ceb9555130e911c1fcf7074153d267
5,6,0.3,DARP-HILP,24,8.51730822880294,0.1587357693835137,16.564451731042936,31024,76,True,d84d099493b973a63d879255d2221c1930d649aa,543f782d80ceb9555130e911c1fcf7074153d267
5,6,0.3,RAO*,24,9.454810466494346,0.1920991604288611,51.18350632296642,50839,4256,True,d84d099493b973a63d879255d2221c1930d649aa,543f782d80ceb9555130e911c1fcf7074153d267
5,6,0.3,DARP-HILP,25,8.51730822880294,0.1587357693835137,16.643472790019587,31024,76,True,d84d099493b973a63d879255d2221c1930d649aa,543f782d80ceb9555130e911c1fcf7074153d267
5,6,0.3,RAO*,25,9.454810466494346,0.1920991604288611,51.25579748500604,50839,4256,True,d84d099493b973a63d879255d2221c1930d649aa,543f782d80ceb9555130e911c1fcf7074153d267
100,3,0.1,DARP-HILP,1,198.9323125,0.08976562500000002,0.043080195027869195,268,12,True,d84d099493b973a63d879255d2221c1930d649aa,543f782d80ceb9555130e911c1fcf7074153d267
100,3,0.1,RAO*,1,199.74968632812502,0.08926781233710164,0.0733583809924312,337,40,True,d84d099493b973a63d879255d2221c1930d649aa,543f782d80ceb9555130e911c1fcf7074153d267
100,3,0.1,DARP-HILP,2,198.9323125,0.08976562500000002,0.2531596150365658,268,12,True,d84d099493b973a63d879255d2221c1930d649aa,543f782d80ceb9555130e911c1fcf7074153d267
100,3,0.1,RAO*,2,199.74968632812502,0.08926781233710164,0.07373245799681172,337,40,True,d84d099493b973a63d879255d2221c1930d649aa,543f782d80ceb9555130e911c1fcf7074153d267
100,3,0.1,DARP-HILP,3,198.9323125,0.08976562500000002,0.06235701602417976,268,12,True,d84d099493b973a63d879255d2221c1930d649aa,543f782d80ceb9555130e911c1fcf7074153d267
100,3,0.1,RAO*,3,199.74968632812502,0.08926781233710164,0.07400515396147966,337,40,True,d84d099493b973a63d879255d2221c1930d649aa,543f782d80ceb9555130e911c1fcf7074153d267
100,3,0.1,DARP-HILP,4,198.9323125,0.08976562500000002,0.09082623198628426,268,12,True,d84d099493b973a63d879255d2221c1930d649aa,543f782d80ceb9555130e911c1fcf7074153d267
100,3,0.1,RAO*,4,199.74968632812502,0.08926781233710164,0.07513292803196236,337,40,True,d84d099493b973a63d879255d2221c1930d649aa,543f782d80ceb9555130e911c1fcf7074153d267
100,3,0.1,DARP-HILP,5,198.9323125,0.08976562500000002,0.06411664496408775,268,12,True,d84d099493b973a63d879255d2221c1930d649aa,543f782d80ceb9555130e911c1fcf7074153d267
100,3,0.1,RAO*,5,199.74968632812502,0.08926781233710164,0.07314989803126082,337,40,True,d84d099493b973a63d879255d2221c1930d649aa,543f782d80ceb9555130e911c1fcf7074153d267
100,3,0.1,DARP-HILP,6,198.9323125,0.08976562500000002,0.06366010499186814,268,12,True,d84d099493b973a63d879255d2221c1930d649aa,543f782d80ceb9555130e911c1fcf7074153d267
100,3,0.1,RAO*,6,199.74968632812502,0.08926781233710164,0.07306210399838164,337,40,True,d84d099493b973a63d879255d2221c1930d649aa,543f782d80ceb9555130e911c1fcf7074153d267
100,3,0.1,DARP-HILP,7,198.9323125,0.08976562500000002,0.06721950601786375,268,12,True,d84d099493b973a63d879255d2221c1930d649aa,543f782d80ceb9555130e911c1fcf7074153d267
100,3,0.1,RAO*,7,199.74968632812502,0.08926781233710164,0.07554131100187078,337,40,True,d84d099493b973a63d879255d2221c1930d649aa,543f782d80ceb9555130e911c1fcf7074153d267
100,3,0.1,DARP-HILP,8,198.9323125,0.08976562500000002,0.06234298797789961,268,12,True,d84d099493b973a63d879255d2221c1930d649aa,543f782d80ceb9555130e911c1fcf7074153d267
100,3,0.1,RAO*,8,199.74968632812502,0.08926781233710164,0.07593569403979927,337,40,True,d84d099493b973a63d879255d2221c1930d649aa,543f782d80ceb9555130e911c1fcf7074153d267
100,3,0.1,DARP-HILP,9,198.9323125,0.08976562500000002,0.06393878196831793,268,12,True,d84d099493b973a63d879255d2221c1930d649aa,543f782d80ceb9555130e911c1fcf7074153d267
100,3,0.1,RAO*,9,199.74968632812502,0.08926781233710164,0.07504572899779305,337,40,True,d84d099493b973a63d879255d2221c1930d649aa,543f782d80ceb9555130e911c1fcf7074153d267
100,3,0.1,DARP-HILP,10,198.9323125,0.08976562500000002,0.06509600701974705,268,12,True,d84d099493b973a63d879255d2221c1930d649aa,543f782d80ceb9555130e911c1fcf7074153d267
100,3,0.1,RAO*,10,199.74968632812502,0.08926781233710164,0.07482916698791087,337,40,True,d84d099493b973a63d879255d2221c1930d649aa,543f782d80ceb9555130e911c1fcf7074153d267
100,3,0.1,DARP-HILP,11,198.9323125,0.08976562500000002,0.06260619795648381,268,12,True,d84d099493b973a63d879255d2221c1930d649aa,543f782d80ceb9555130e911c1fcf7074153d267
100,3,0.1,RAO*,11,199.74968632812502,0.08926781233710164,0.0745115170138888,337,40,True,d84d099493b973a63d879255d2221c1930d649aa,543f782d80ceb9555130e911c1fcf7074153d267
100,3,0.1,DARP-HILP,12,198.9323125,0.08976562500000002,0.06231637898599729,268,12,True,d84d099493b973a63d879255d2221c1930d649aa,543f782d80ceb9555130e911c1fcf7074153d267
100,3,0.1,RAO*,12,199.74968632812502,0.08926781233710164,0.07583409501239657,337,40,True,d84d099493b973a63d879255d2221c1930d649aa,543f782d80ceb9555130e911c1fcf7074153d267
100,3,0.1,DARP-HILP,13,198.9323125,0.08976562500000002,0.06518959003733471,268,12,True,d84d099493b973a63d879255d2221c1930d649aa,543f782d80ceb9555130e911c1fcf7074153d267
100,3,0.1,RAO*,13,199.74968632812502,0.08926781233710164,0.0748703139834106,337,40,True,d84d099493b973a63d879255d2221c1930d649aa,543f782d80ceb9555130e911c1fcf7074153d267
100,3,0.1,DARP-HILP,14,198.9323125,0.08976562500000002,0.06304148596245795,268,12,True,d84d099493b973a63d879255d2221c1930d649aa,543f782d80ceb9555130e911c1fcf7074153d267
100,3,0.1,RAO*,14,199.74968632812502,0.08926781233710164,0.07352144899778068,337,40,True,d84d099493b973a63d879255d2221c1930d649aa,543f782d80ceb9555130e911c1fcf7074153d267
100,3,0.1,DARP-HILP,15,198.9323125,0.08976562500000002,0.08627136802533641,268,12,True,d84d099493b973a63d879255d2221c1930d649aa,543f782d80ceb9555130e911c1fcf7074153d267
100,3,0.1,RAO*,15,199.74968632812502,0.08926781233710164,0.07742672599852085,337,40,True,d84d099493b973a63d879255d2221c1930d649aa,543f782d80ceb9555130e911c1fcf7074153d267
100,3,0.1,DARP-HILP,16,198.9323125,0.08976562500000002,0.06511583499377593,268,12,True,d84d099493b973a63d879255d2221c1930d649aa,543f782d80ceb9555130e911c1fcf7074153d267
100,3,0.1,RAO*,16,199.74968632812502,0.08926781233710164,0.07319977198494598,337,40,True,d84d099493b973a63d879255d2221c1930d649aa,543f782d80ceb9555130e911c1fcf7074153d267
100,3,0.1,DARP-HILP,17,198.9323125,0.08976562500000002,0.06398918700870126,268,12,True,d84d099493b973a63d879255d2221c1930d649aa,543f782d80ceb9555130e911c1fcf7074153d267
100,3,0.1,RAO*,17,199.74968632812502,0.08926781233710164,0.07497975695878267,337,40,True,d84d099493b973a63d879255d2221c1930d649aa,543f782d80ceb9555130e911c1fcf7074153d267
100,3,0.1,DARP-HILP,18,198.9323125,0.08976562500000002,0.06415291398297995,268,12,True,d84d099493b973a63d879255d2221c1930d649aa,543f782d80ceb9555130e911c1fcf7074153d267
100,3,0.1,RAO*,18,199.74968632812502,0.08926781233710164,0.0779283749870956,337,40,True,d84d099493b973a63d879255d2221c1930d649aa,543f782d80ceb9555130e911c1fcf7074153d267
100,3,0.1,DARP-HILP,19,198.9323125,0.08976562500000002,0.06434000504668802,268,12,True,d84d099493b973a63d879255d2221c1930d649aa,543f782d80ceb9555130e911c1fcf7074153d267
100,3,0.1,RAO*,19,199.74968632812502,0.08926781233710164,0.07570758898509666,337,40,True,d84d099493b973a63d879255d2221c1930d649aa,543f782d80ceb9555130e911c1fcf7074153d267
100,3,0.1,DARP-HILP,20,198.9323125,0.08976562500000002,0.06247417099075392,268,12,True,d84d099493b973a63d879255d2221c1930d649aa,543f782d80ceb9555130e911c1fcf7074153d267
100,3,0.1,RAO*,20,199.74968632812502,0.08926781233710164,0.07521498500136659,337,40,True,d84d099493b973a63d879255d2221c1930d649aa,543f782d80ceb9555130e911c1fcf7074153d267
100,3,0.1,DARP-HILP,21,198.9323125,0.08976562500000002,0.06345062702894211,268,12,True,d84d099493b973a63d879255d2221c1930d649aa,543f782d80ceb9555130e911c1fcf7074153d267
100,3,0.1,RAO*,21,199.74968632812502,0.08926781233710164,0.07787622197065502,337,40,True,d84d099493b973a63d879255d2221c1930d649aa,543f782d80ceb9555130e911c1fcf7074153d267
100,3,0.1,DARP-HILP,22,198.9323125,0.08976562500000002,0.06472447799751535,268,12,True,d84d099493b973a63d879255d2221c1930d649aa,543f782d80ceb9555130e911c1fcf7074153d267
100,3,0.1,RAO*,22,199.74968632812502,0.08926781233710164,0.07496678398456424,337,40,True,d84d099493b973a63d879255d2221c1930d649aa,543f782d80ceb9555130e911c1fcf7074153d267
100,3,0.1,DARP-HILP,23,198.9323125,0.08976562500000002,0.0644207700388506,268,12,True,d84d099493b973a63d879255d2221c1930d649aa,543f782d80ceb9555130e911c1fcf7074153d267
100,3,0.1,RAO*,23,199.74968632812502,0.08926781233710164,0.07502756000030786,337,40,True,d84d099493b973a63d879255d2221c1930d649aa,543f782d80ceb9555130e911c1fcf7074153d267
100,3,0.1,DARP-HILP,24,198.9323125,0.08976562500000002,0.06598261400358751,268,12,True,d84d099493b973a63d879255d2221c1930d649aa,543f782d80ceb9555130e911c1fcf7074153d267
100,3,0.1,RAO*,24,199.74968632812502,0.08926781233710164,0.07745129498653114,337,40,True,d84d099493b973a63d879255d2221c1930d649aa,543f782d80ceb9555130e911c1fcf7074153d267
100,3,0.1,DARP-HILP,25,198.9323125,0.08976562500000002,0.06655132898595184,268,12,True,d84d099493b973a63d879255d2221c1930d649aa,543f782d80ceb9555130e911c1fcf7074153d267
100,3,0.1,RAO*,25,199.74968632812502,0.08926781233710164,0.07412736001424491,337,40,True,d84d099493b973a63d879255d2221c1930d649aa,543f782d80ceb9555130e911c1fcf7074153d267
100,3,0.2,DARP-HILP,1,198.155625,0.144375,0.07119141198927537,160,9,True,d84d099493b973a63d879255d2221c1930d649aa,543f782d80ceb9555130e911c1fcf7074153d267
100,3,0.2,RAO*,1,198.24103124999996,0.18432793332202302,0.027218369010370225,142,13,True,d84d099493b973a63d879255d2221c1930d649aa,543f782d80ceb9555130e911c1fcf7074153d267
100,3,0.2,DARP-HILP,2,198.155625,0.144375,0.052394683996681124,160,9,True,d84d099493b973a63d879255d2221c1930d649aa,543f782d80ceb9555130e911c1fcf7074153d267
100,3,0.2,RAO*,2,198.24103124999996,0.18432793332202302,0.02752981398953125,142,13,True,d84d099493b973a63d879255d2221c1930d649aa,543f782d80ceb9555130e911c1fcf7074153d267
100,3,0.2,DARP-HILP,3,198.155625,0.144375,0.07265400199685246,160,9,True,d84d099493b973a63d879255d2221c1930d649aa,543f782d80ceb9555130e911c1fcf7074153d267
100,3,0.2,RAO*,3,198.24103124999996,0.18432793332202302,0.026865711028221995,142,13,True,d84d099493b973a63d879255d2221c1930d649aa,543f782d80ceb9555130e911c1fcf7074153d267
100,3,0.2,DARP-HILP,4,198.155625,0.144375,0.05448190000606701,160,9,True,d84d099493b973a63d879255d2221c1930d649aa,543f782d80ceb9555130e911c1fcf7074153d267
100,3,0.2,RAO*,4,198.24103124999996,0.18432793332202302,0.026772618992254138,142,13,True,d84d099493b973a63d879255d2221c1930d649aa,543f782d80ceb9555130e911c1fcf7074153d267
100,3,0.2,DARP-HILP,5,198.155625,0.144375,0.06968792603584006,160,9,True,d84d099493b973a63d879255d2221c1930d649aa,543f782d80ceb9555130e911c1fcf7074153d267
100,3,0.2,RAO*,5,198.24103124999996,0.18432793332202302,0.026657791051547974,142,13,True,d84d099493b973a63d879255d2221c1930d649aa,543f782d80ceb9555130e911c1fcf7074153d267
100,3,0.2,DARP-HILP,6,198.155625,0.144375,0.05375885602552444,160,9,True,d84d099493b973a63d879255d2221c1930d649aa,543f782d80ceb9555130e911c1fcf7074153d267
100,3,0.2,RAO*,6,198.24103124999996,0.18432793332202302,0.02698093600338325,142,13,True,d84d099493b973a63d879255d2221c1930d649aa,543f782d80ceb9555130e911c1fcf7074153d267
100,3,0.2,DARP-HILP,7,198.155625,0.144375,0.054605212004389614,160,9,True,d84d099493b973a63d879255d2221c1930d649aa,543f782d80ceb9555130e911c1fcf7074153d267
100,3,0.2,RAO*,7,198.24103124999996,0.18432793332202302,0.02726419101236388,142,13,True,d84d099493b973a63d879255d2221c1930d649aa,543f782d80ceb9555130e911c1fcf7074153d267
100,3,0.2,DARP-HILP,8,198.155625,0.144375,0.05344916298054159,160,9,True,d84d099493b973a63d879255d2221c1930d649aa,543f782d80ceb9555130e911c1fcf7074153d267
100,3,0.2,RAO*,8,198.24103124999996,0.18432793332202302,0.026521649037022144,142,13,True,d84d099493b973a63d879255d2221c1930d649aa,543f782d80ceb9555130e911c1fcf7074153d267
100,3,0.2,DARP-HILP,9,198.155625,0.144375,0.05224555201129988,160,9,True,d84d099493b973a63d879255d2221c1930d649aa,543f782d80ceb9555130e911c1fcf7074153d267
100,3,0.2,RAO*,9,198.24103124999996,0.18432793332202302,0.02633721102029085,142,13,True,d84d099493b973a63d879255d2221c1930d649aa,543f782d80ceb9555130e911c1fcf7074153d267
100,3,0.2,DARP-HILP,10,198.155625,0.144375,0.054328106984030455,160,9,True,d84d099493b973a63d879255d2221c1930d649aa,543f782d80ceb9555130e911c1fcf7074153d267
100,3,0.2,RAO*,10,198.24103124999996,0.18432793332202302,0.0264893610146828,142,13,True,d84d099493b973a63d879255d2221c1930d649aa,543f782d80ceb9555130e911c1fcf7074153d267
100,3,0.2,DARP-HILP,11,198.155625,0.144375,0.07534808799391612,160,9,True,d84d099493b973a63d879255d2221c1930d649aa,543f782d80ceb9555130e911c1fcf7074153d267
100,3,0.2,RAO*,11,198.24103124999996,0.18432793332202302,0.027079879015218467,142,13,True,d84d099493b973a63d879255d2221c1930d649aa,543f782d80ceb9555130e911c1fcf7074153d267
100,3,0.2,DARP-HILP,12,198.155625,0.144375,0.05490389297483489,160,9,True,d84d099493b973a63d879255d2221c1930d649aa,543f782d80ceb9555130e911c1fcf7074153d267
100,3,0.2,RAO*,12,198.24103124999996,0.18432793332202302,0.026902663987129927,142,13,True,d84d099493b973a63d879255d2221c1930d649aa,543f782d80ceb9555130e911c1fcf7074153d267
100,3,0.2,DARP-HILP,13,198.155625,0.144375,0.07100533304037526,160,9,True,d84d099493b973a63d879255d2221c1930d649aa,543f782d80ceb9555130e911c1fcf7074153d267
100,3,0.2,RAO*,13,198.24103124999996,0.18432793332202302,0.026237511017825454,142,13,True,d84d099493b973a63d879255d2221c1930d649aa,543f782d80ceb9555130e911c1fcf7074153d267
100,3,0.2,DARP-HILP,14,198.155625,0.144375,0.05419172398978844,160,9,True,d84d099493b973a63d879255d2221c1930d649aa,543f782d80ceb9555130e911c1fcf7074153d267
100,3,0.2,RAO*,14,198.24103124999996,0.18432793332202302,0.02664063998963684,142,13,True,d84d099493b973a63d879255d2221c1930d649aa,543f782d80ceb9555130e911c1fcf7074153d267
100,3,0.2,DARP-HILP,15,198.155625,0.144375,0.07404554600361735,160,9,True,d84d099493b973a63d879255d2221c1930d649aa,543f782d80ceb9555130e911c1fcf7074153d267
100,3,0.2,RAO*,15,198.24103124999996,0.18432793332202302,0.027254340995568782,142,13,True,d84d099493b973a63d879255d2221c1930d649aa,543f782d80ceb9555130e911c1fcf7074153d267
100,3,0.2,DARP-HILP,16,198.155625,0.144375,0.05519250995712355,160,9,True,d84d099493b973a63d879255d2221c1930d649aa,543f782d80ceb9555130e911c1fcf7074153d267
100,3,0.2,RAO*,16,198.24103124999996,0.18432793332202302,0.026822004991117865,142,13,True,d84d099493b973a63d879255d2221c1930d649aa,543f782d80ceb9555130e911c1fcf7074153d267
100,3,0.2,DARP-HILP,17,198.155625,0.144375,0.0688808870036155,160,9,True,d84d099493b973a63d879255d2221c1930d649aa,543f782d80ceb9555130e911c1fcf7074153d267
100,3,0.2,RAO*,17,198.24103124999996,0.18432793332202302,0.026738615008071065,142,13,True,d84d099493b973a63d879255d2221c1930d649aa,543f782d80ceb9555130e911c1fcf7074153d267
100,3,0.2,DARP-HILP,18,198.155625,0.144375,0.05204148299526423,160,9,True,d84d099493b973a63d879255d2221c1930d649aa,543f782d80ceb9555130e911c1fcf7074153d267
100,3,0.2,RAO*,18,198.24103124999996,0.18432793332202302,0.02668189804535359,142,13,True,d84d099493b973a63d879255d2221c1930d649aa,543f782d80ceb9555130e911c1fcf7074153d267
100,3,0.2,DARP-HILP,19,198.155625,0.144375,0.05358308303402737,160,9,True,d84d099493b973a63d879255d2221c1930d649aa,543f782d80ceb9555130e911c1fcf7074153d267
100,3,0.2,RAO*,19,198.24103124999996,0.18432793332202302,0.02860227896599099,142,13,True,d84d099493b973a63d879255d2221c1930d649aa,543f782d80ceb9555130e911c1fcf7074153d267
100,3,0.2,DARP-HILP,20,198.155625,0.144375,0.05490007501794025,160,9,True,d84d099493b973a63d879255d2221c1930d649aa,543f782d80ceb9555130e911c1fcf7074153d267
100,3,0.2,RAO*,20,198.24103124999996,0.18432793332202302,0.02677871403284371,142,13,True,d84d099493b973a63d879255d2221c1930d649aa,543f782d80ceb9555130e911c1fcf7074153d267
100,3,0.2,DARP-HILP,21,198.155625,0.144375,0.05363023898098618,160,9,True,d84d099493b973a63d879255d2221c1930d649aa,543f782d80ceb9555130e911c1fcf7074153d267
100,3,0.2,RAO*,21,198.24103124999996,0.18432793332202302,0.026940230978652835,142,13,True,d84d099493b973a63d879255d2221c1930d649aa,543f782d80ceb9555130e911c1fcf7074153d267
100,3,0.2,DARP-HILP,22,198.155625,0.144375,0.053314192045945674,160,9,True,d84d099493b973a63d879255d2221c1930d649aa,543f782d80ceb9555130e911c1fcf7074153d267
100,3,0.2,RAO*,22,198.24103124999996,0.18432793332202302,0.02722780901240185,142,13,True,d84d099493b973a63d879255d2221c1930d649aa,543f782d80ceb9555130e911c1fcf7074153d267
100,3,0.2,DARP-HILP,23,198.155625,0.144375,0.07131439301883802,160,9,True,d84d099493b973a63d879255d2221c1930d649aa,543f782d80ceb9555130e911c1fcf7074153d267
100,3,0.2,RAO*,23,198.24103124999996,0.18432793332202302,0.027294576982967556,142,13,True,d84d099493b973a63d879255d2221c1930d649aa,543f782d80ceb9555130e911c1fcf7074153d267
100,3,0.2,DARP-HILP,24,198.155625,0.144375,0.05436883098445833,160,9,True,d84d099493b973a63d879255d2221c1930d649aa,543f782d80ceb9555130e911c1fcf7074153d267
100,3,0.2,RAO*,24,198.24103124999996,0.18432793332202302,0.026770160999149084,142,13,True,d84d099493b973a63d879255d2221c1930d649aa,543f782d80ceb9555130e911c1fcf7074153d267
100,3,0.2,DARP-HILP,25,198.155625,0.144375,0.0707020970294252,160,9,True,d84d099493b973a63d879255d2221c1930d649aa,543f782d80ceb9555130e911c1fcf7074153d267
100,3,0.2,RAO*,25,198.24103124999996,0.18432793332202302,0.02908299898263067,142,13,True,d84d099493b973a63d879255d2221c1930d649aa,543f782d80ceb9555130e911c1fcf7074153d267
100,3,0.3,DARP-HILP,1,198.155625,0.144375,0.05630004999693483,172,9,True,d84d099493b973a63d879255d2221c1930d649aa,543f782d80ceb9555130e911c1fcf7074153d267
100,3,0.3,RAO*,1,198.24103124999996,0.18432793332202302,0.028558899997733533,175,15,True,d84d099493b973a63d879255d2221c1930d649aa,543f782d80ceb9555130e911c1fcf7074153d267
100,3,0.3,DARP-HILP,2,198.155625,0.144375,0.07332213799236342,172,9,True,d84d099493b973a63d879255d2221c1930d649aa,543f782d80ceb9555130e911c1fcf7074153d267
100,3,0.3,RAO*,2,198.24103124999996,0.18432793332202302,0.02793054300127551,175,15,True,d84d099493b973a63d879255d2221c1930d649aa,543f782d80ceb9555130e911c1fcf7074153d267
100,3,0.3,DARP-HILP,3,198.155625,0.144375,0.05654467799467966,172,9,True,d84d099493b973a63d879255d2221c1930d649aa,543f782d80ceb9555130e911c1fcf7074153d267
100,3,0.3,RAO*,3,198.24103124999996,0.18432793332202302,0.02830175997223705,175,15,True,d84d099493b973a63d879255d2221c1930d649aa,543f782d80ceb9555130e911c1fcf7074153d267
100,3,0.3,DARP-HILP,4,198.155625,0.144375,0.05484015302499756,172,9,True,d84d099493b973a63d879255d2221c1930d649aa,543f782d80ceb9555130e911c1fcf7074153d267
100,3,0.3,RAO*,4,198.24103124999996,0.18432793332202302,0.028243854001630098,175,15,True,d84d099493b973a63d879255d2221c1930d649aa,543f782d80ceb9555130e911c1fcf7074153d267
100,3,0.3,DARP-HILP,5,198.155625,0.144375,0.05288608302362263,172,9,True,d84d099493b973a63d879255d2221c1930d649aa,543f782d80ceb9555130e911c1fcf7074153d267
100,3,0.3,RAO*,5,198.24103124999996,0.18432793332202302,0.02718538703629747,175,15,True,d84d099493b973a63d879255d2221c1930d649aa,543f782d80ceb9555130e911c1fcf7074153d267
100,3,0.3,DARP-HILP,6,198.155625,0.144375,0.05295301595469937,172,9,True,d84d099493b973a63d879255d2221c1930d649aa,543f782d80ceb9555130e911c1fcf7074153d267
100,3,0.3,RAO*,6,198.24103124999996,0.18432793332202302,0.027605001989286393,175,15,True,d84d099493b973a63d879255d2221c1930d649aa,543f782d80ceb9555130e911c1fcf7074153d267
100,3,0.3,DARP-HILP,7,198.155625,0.144375,0.05841898999642581,172,9,True,d84d099493b973a63d879255d2221c1930d649aa,543f782d80ceb9555130e911c1fcf7074153d267
100,3,0.3,RAO*,7,198.24103124999996,0.18432793332202302,0.028195904043968767,175,15,True,d84d099493b973a63d879255d2221c1930d649aa,543f782d80ceb9555130e911c1fcf7074153d267
100,3,0.3,DARP-HILP,8,198.155625,0.144375,0.07292283303104341,172,9,True,d84d099493b973a63d879255d2221c1930d649aa,543f782d80ceb9555130e911c1fcf7074153d267
100,3,0.3,RAO*,8,198.24103124999996,0.18432793332202302,0.027965696004685014,175,15,True,d84d099493b973a63d879255d2221c1930d649aa,543f782d80ceb9555130e911c1fcf7074153d267
100,3,0.3,DARP-HILP,9,198.155625,0.144375,0.05330798198701814,172,9,True,d84d099493b973a63d879255d2221c1930d649aa,543f782d80ceb9555130e911c1fcf7074153d267
100,3,0.3,RAO*,9,198.24103124999996,0.18432793332202302,0.027573765022680163,175,15,True,d84d099493b973a63d879255d2221c1930d649aa,543f782d80ceb9555130e911c1fcf7074153d267
100,3,0.3,DARP-HILP,10,198.155625,0.144375,0.07208026299485937,172,9,True,d84d099493b973a63d879255d2221c1930d649aa,543f782d80ceb9555130e911c1fcf7074153d267
100,3,0.3,RAO*,10,198.24103124999996,0.18432793332202302,0.028089197003282607,175,15,True,d84d099493b973a63d879255d2221c1930d649aa,543f782d80ceb9555130e911c1fcf7074153d267
100,3,0.3,DARP-HILP,11,198.155625,0.144375,0.0571188970352523,172,9,True,d84d099493b973a63d879255d2221c1930d649aa,543f782d80ceb9555130e911c1fcf7074153d267
100,3,0.3,RAO*,11,198.24103124999996,0.18432793332202302,0.028041272016707808,175,15,True,d84d099493b973a63d879255d2221c1930d649aa,543f782d80ceb9555130e911c1fcf7074153d267
100,3,0.3,DARP-HILP,12,198.155625,0.144375,0.07202689698897302,172,9,True,d84d099493b973a63d879255d2221c1930d649aa,543f782d80ceb9555130e911c1fcf7074153d267
100,3,0.3,RAO*,12,198.24103124999996,0.18432793332202302,0.028253828000742942,175,15,True,d84d099493b973a63d879255d2221c1930d649aa,543f782d80ceb9555130e911c1fcf7074153d267
100,3,0.3,DARP-HILP,13,198.155625,0.144375,0.05287851998582482,172,9,True,d84d099493b973a63d879255d2221c1930d649aa,543f782d80ceb9555130e911c1fcf7074153d267
100,3,0.3,RAO*,13,198.24103124999996,0.18432793332202302,0.02749218000099063,175,15,True,d84d099493b973a63d879255d2221c1930d649aa,543f782d80ceb9555130e911c1fcf7074153d267
100,3,0.3,DARP-HILP,14,198.155625,0.144375,0.05293042300036177,172,9,True,d84d099493b973a63d879255d2221c1930d649aa,543f782d80ceb9555130e911c1fcf7074153d267
100,3,0.3,RAO*,14,198.24103124999996,0.18432793332202302,0.02739772998029366,175,15,True,d84d099493b973a63d879255d2221c1930d649aa,543f782d80ceb9555130e911c1fcf7074153d267
100,3,0.3,DARP-HILP,15,198.155625,0.144375,0.053722337004728615,172,9,True,d84d099493b973a63d879255d2221c1930d649aa,543f782d80ceb9555130e911c1fcf7074153d267
100,3,0.3,RAO*,15,198.24103124999996,0.18432793332202302,0.029360733984503895,175,15,True,d84d099493b973a63d879255d2221c1930d649aa,543f782d80ceb9555130e911c1fcf7074153d267
100,3,0.3,DARP-HILP,16,198.155625,0.144375,0.05453668802510947,172,9,True,d84d099493b973a63d879255d2221c1930d649aa,543f782d80ceb9555130e911c1fcf7074153d267
100,3,0.3,RAO*,16,198.24103124999996,0.18432793332202302,0.02759362995857373,175,15,True,d84d099493b973a63d879255d2221c1930d649aa,543f782d80ceb9555130e911c1fcf7074153d267
100,3,0.3,DARP-HILP,17,198.155625,0.144375,0.05382944701705128,172,9,True,d84d099493b973a63d879255d2221c1930d649aa,543f782d80ceb9555130e911c1fcf7074153d267
100,3,0.3,RAO*,17,198.24103124999996,0.18432793332202302,0.028600046003703028,175,15,True,d84d099493b973a63d879255d2221c1930d649aa,543f782d80ceb9555130e911c1fcf7074153d267
100,3,0.3,DARP-HILP,18,198.155625,0.144375,0.07344861997989938,172,9,True,d84d099493b973a63d879255d2221c1930d649aa,543f782d80ceb9555130e911c1fcf7074153d267
100,3,0.3,RAO*,18,198.24103124999996,0.18432793332202302,0.0278930320055224,175,15,True,d84d099493b973a63d879255d2221c1930d649aa,543f782d80ceb9555130e911c1fcf7074153d267
100,3,0.3,DARP-HILP,19,198.155625,0.144375,0.05485609400784597,172,9,True,d84d099493b973a63d879255d2221c1930d649aa,543f782d80ceb9555130e911c1fcf7074153d267
100,3,0.3,RAO*,19,198.24103124999996,0.18432793332202302,0.028717745968606323,175,15,True,d84d099493b973a63d879255d2221c1930d649aa,543f782d80ceb9555130e911c1fcf7074153d267
100,3,0.3,DARP-HILP,20,198.155625,0.144375,0.07260359096108004,172,9,True,d84d099493b973a63d879255d2221c1930d649aa,543f782d80ceb9555130e911c1fcf7074153d267
100,3,0.3,RAO*,20,198.24103124999996,0.18432793332202302,0.02821533300448209,175,15,True,d84d099493b973a63d879255d2221c1930d649aa,543f782d80ceb9555130e911c1fcf7074153d267
100,3,0.3,DARP-HILP,21,198.155625,0.144375,0.05285476299468428,172,9,True,d84d099493b973a63d879255d2221c1930d649aa,543f782d80ceb9555130e911c1fcf7074153d267
100,3,0.3,RAO*,21,198.24103124999996,0.18432793332202302,0.027162040991242975,175,15,True,d84d099493b973a63d879255d2221c1930d649aa,543f782d80ceb9555130e911c1fcf7074153d267
100,3,0.3,DARP-HILP,22,198.155625,0.144375,0.0526687900419347,172,9,True,d84d099493b973a63d879255d2221c1930d649aa,543f782d80ceb9555130e911c1fcf7074153d267
100,3,0.3,RAO*,22,198.24103124999996,0.18432793332202302,0.02739440102595836,175,15,True,d84d099493b973a63d879255d2221c1930d649aa,543f782d80ceb9555130e911c1fcf7074153d267
100,3,0.3,DARP-HILP,23,198.155625,0.144375,0.05302866199053824,172,9,True,d84d099493b973a63d879255d2221c1930d649aa,543f782d80ceb9555130e911c1fcf7074153d267
100,3,0.3,RAO*,23,198.24103124999996,0.18432793332202302,0.02762898401124403,175,15,True,d84d099493b973a63d879255d2221c1930d649aa,543f782d80ceb9555130e911c1fcf7074153d267
100,3,0.3,DARP-HILP,24,198.155625,0.144375,0.0564633629983291,172,9,True,d84d099493b973a63d879255d2221c1930d649aa,543f782d80ceb9555130e911c1fcf7074153d267
100,3,0.3,RAO*,24,198.24103124999996,0.18432793332202302,0.02795829699607566,175,15,True,d84d099493b973a63d879255d2221c1930d649aa,543f782d80ceb9555130e911c1fcf7074153d267
100,3,0.3,DARP-HILP,25,198.155625,0.144375,0.056262801052071154,172,9,True,d84d099493b973a63d879255d2221c1930d649aa,543f782d80ceb9555130e911c1fcf7074153d267
100,3,0.3,RAO*,25,198.24103124999996,0.18432793332202302,0.028029976994730532,175,15,True,d84d099493b973a63d879255d2221c1930d649aa,543f782d80ceb9555130e911c1fcf7074153d267
100,4,0.1,DARP-HILP,1,199.67981026367187,0.09923649803466798,0.22358882101252675,1012,21,True,d84d099493b973a63d879255d2221c1930d649aa,543f782d80ceb9555130e911c1fcf7074153d267
100,4,0.1,RAO*,1,200.7751870664673,0.06559997196793885,0.42631880898261443,1309,135,True,d84d099493b973a63d879255d2221c1930d649aa,543f782d80ceb9555130e911c1fcf7074153d267
100,4,0.1,DARP-HILP,2,199.67981026367187,0.09923649803466798,0.2644307820009999,1012,21,True,d84d099493b973a63d879255d2221c1930d649aa,543f782d80ceb9555130e911c1fcf7074153d267
100,4,0.1,RAO*,2,200.7751870664673,0.06559997196793885,0.4297552350326441,1309,135,True,d84d099493b973a63d879255d2221c1930d649aa,543f782d80ceb9555130e911c1fcf7074153d267
100,4,0.1,DARP-HILP,3,199.67981026367187,0.09923649803466798,0.25713402999099344,1012,21,True,d84d099493b973a63d879255d2221c1930d649aa,543f782d80ceb9555130e911c1fcf7074153d267
100,4,0.1,RAO*,3,200.7751870664673,0.06559997196793885,0.42829727299977094,1309,135,True,d84d099493b973a63d879255d2221c1930d649aa,543f782d80ceb9555130e911c1fcf7074153d267
100,4,0.1,DARP-HILP,4,199.67981026367187,0.09923649803466798,0.26118531497195363,1012,21,True,d84d099493b973a63d879255d2221c1930d649aa,543f782d80ceb9555130e911c1fcf7074153d267
100,4,0.1,RAO*,4,200.7751870664673,0.06559997196793885,0.4247695709927939,1309,135,True,d84d099493b973a63d879255d2221c1930d649aa,543f782d80ceb9555130e911c1fcf7074153d267
100,4,0.1,DARP-HILP,5,199.67981026367187,0.09923649803466798,0.2575904009863734,1012,21,True,d84d099493b973a63d879255d2221c1930d649aa,543f782d80ceb9555130e911c1fcf7074153d267
100,4,0.1,RAO*,5,200.7751870664673,0.06559997196793885,0.4265124629600905,1309,135,True,d84d099493b973a63d879255d2221c1930d649aa,543f782d80ceb9555130e911c1fcf7074153d267
100,4,0.1,DARP-HILP,6,199.67981026367187,0.09923649803466798,0.2602351509849541,1012,21,True,d84d099493b973a63d879255d2221c1930d649aa,543f782d80ceb9555130e911c1fcf7074153d267
100,4,0.1,RAO*,6,200.7751870664673,0.06559997196793885,0.4277531959814951,1309,135,True,d84d099493b973a63d879255d2221c1930d649aa,543f782d80ceb9555130e911c1fcf7074153d267
100,4,0.1,DARP-HILP,7,199.67981026367187,0.09923649803466798,0.26559746300335974,1012,21,True,d84d099493b973a63d879255d2221c1930d649aa,543f782d80ceb9555130e911c1fcf7074153d267
100,4,0.1,RAO*,7,200.7751870664673,0.06559997196793885,0.42875328595982864,1309,135,True,d84d099493b973a63d879255d2221c1930d649aa,543f782d80ceb9555130e911c1fcf7074153d267
100,4,0.1,DARP-HILP,8,199.67981026367187,0.09923649803466798,0.25931795698124915,1012,21,True,d84d099493b973a63d879255d2221c1930d649aa,543f782d80ceb9555130e911c1fcf7074153d267
100,4,0.1,RAO*,8,200.7751870664673,0.06559997196793885,0.43282764800824225,1309,135,True,d84d099493b973a63d879255d2221c1930d649aa,543f782d80ceb9555130e911c1fcf7074153d267
100,4,0.1,DARP-HILP,9,199.67981026367187,0.09923649803466798,0.2615854130126536,1012,21,True,d84d099493b973a63d879255d2221c1930d649aa,543f782d80ceb9555130e911c1fcf7074153d267
100,4,0.1,RAO*,9,200.7751870664673,0.06559997196793885,0.44181234401185066,1309,135,True,d84d099493b973a63d879255d2221c1930d649aa,543f782d80ceb9555130e911c1fcf7074153d267
100,4,0.1,DARP-HILP,10,199.67981026367187,0.09923649803466798,0.2943453560001217,1012,21,True,d84d099493b973a63d879255d2221c1930d649aa,543f782d80ceb9555130e911c1fcf7074153d267
100,4,0.1,RAO*,10,200.7751870664673,0.06559997196793885,0.4304568400257267,1309,135,True,d84d099493b973a63d879255d2221c1930d649aa,543f782d80ceb9555130e911c1fcf7074153d267
100,4,0.1,DARP-HILP,11,199.67981026367187,0.09923649803466798,0.28428993199486285,1012,21,True,d84d099493b973a63d879255d2221c1930d649aa,543f782d80ceb9555130e911c1fcf7074153d267
100,4,0.1,RAO*,11,200.7751870664673,0.06559997196793885,0.4313551119994372,1309,135,True,d84d099493b973a63d879255d2221c1930d649aa,543f782d80ceb9555130e911c1fcf7074153d267
100,4,0.1,DARP-HILP,12,199.67981026367187,0.09923649803466798,0.2614092489820905,1012,21,True,d84d099493b973a63d879255d2221c1930d649aa,543f782d80ceb9555130e911c1fcf7074153d267
100,4,0.1,RAO*,12,200.7751870664673,0.06559997196793885,0.43363804201362655,1309,135,True,d84d099493b973a63d879255d2221c1930d649aa,543f782d80ceb9555130e911c1fcf7074153d267
100,4,0.1,DARP-HILP,13,199.67981026367187,0.09923649803466798,0.2598996659507975,1012,21,True,d84d099493b973a63d879255d2221c1930d649aa,543f782d80ceb9555130e911c1fcf7074153d267
100,4,0.1,RAO*,13,200.7751870664673,0.06559997196793885,0.4319268849794753,1309,135,True,d84d099493b973a63d879255d2221c1930d649aa,543f782d80ceb9555130e911c1fcf7074153d267
100,4,0.1,DARP-HILP,14,199.67981026367187,0.09923649803466798,0.26095964695559815,1012,21,True,d84d099493b973a63d879255d2221c1930d649aa,543f782d80ceb9555130e911c1fcf7074153d267
100,4,0.1,RAO*,14,200.7751870664673,0.06559997196793885,0.42718752595828846,1309,135,True,d84d099493b973a63d879255d2221c1930d649aa,543f782d80ceb9555130e911c1fcf7074153d267
100,4,0.1,DARP-HILP,15,199.67981026367187,0.09923649803466798,0.2692691000411287,1012,21,True,d84d099493b973a63d879255d2221c1930d649aa,543f782d80ceb9555130e911c1fcf7074153d267
100,4,0.1,RAO*,15,200.7751870664673,0.06559997196793885,0.43410294997738674,1309,135,True,d84d099493b973a63d879255d2221c1930d649aa,543f782d80ceb9555130e911c1fcf7074153d267
100,4,0.1,DARP-HILP,16,199.67981026367187,0.09923649803466798,0.25726172397844493,1012,21,True,d84d099493b973a63d879255d2221c1930d649aa,543f782d80ceb9555130e911c1fcf7074153d267
100,4,0.1,RAO*,16,200.7751870664673,0.06559997196793885,0.4316445380100049,1309,135,True,d84d099493b973a63d879255d2221c1930d649aa,543f782d80ceb9555130e911c1fcf7074153d267
100,4,0.1,DARP-HILP,17,199.67981026367187,0.09923649803466798,0.26372232899302617,1012,21,True,d84d099493b973a63d879255d2221c1930d649aa,543f782d80ceb9555130e911c1fcf7074153d267
100,4,0.1,RAO*,17,200.7751870664673,0.06559997196793885,0.42681383300805464,1309,135,True,d84d099493b973a63d879255d2221c1930d649aa,543f782d80ceb9555130e911c1fcf7074153d267
100,4,0.1,DARP-HILP,18,199.67981026367187,0.09923649803466798,0.26364053902216256,1012,21,True,d84d099493b973a63d879255d2221c1930d649aa,543f782d80ceb9555130e911c1fcf7074153d267
100,4,0.1,RAO*,18,200.7751870664673,0.06559997196793885,0.43000362697057426,1309,135,True,d84d099493b973a63d879255d2221c1930d649aa,543f782d80ceb9555130e911c1fcf7074153d267
100,4,0.1,DARP-HILP,19,199.67981026367187,0.09923649803466798,0.2546590950223617,1012,21,True,d84d099493b973a63d879255d2221c1930d649aa,543f782d80ceb9555130e911c1fcf7074153d267
100,4,0.1,RAO*,19,200.7751870664673,0.06559997196793885,0.4277850450016558,1309,135,True,d84d099493b973a63d879255d2221c1930d649aa,543f782d80ceb9555130e911c1fcf7074153d267
100,4,0.1,DARP-HILP,20,199.67981026367187,0.09923649803466798,0.26275323901791126,1012,21,True,d84d099493b973a63d879255d2221c1930d649aa,543f782d80ceb9555130e911c1fcf7074153d267
100,4,0.1,RAO*,20,200.7751870664673,0.06559997196793885,0.44491978600854054,1309,135,True,d84d099493b973a63d879255d2221c1930d649aa,543f782d80ceb9555130e911c1fcf7074153d267
100,4,0.1,DARP-HILP,21,199.67981026367187,0.09923649803466798,0.28838490101043135,1012,21,True,d84d099493b973a63d879255d2221c1930d649aa,543f782d80ceb9555130e911c1fcf7074153d267
100,4,0.1,RAO*,21,200.7751870664673,0.06559997196793885,0.43255488498834893,1309,135,True,d84d099493b973a63d879255d2221c1930d649aa,543f782d80ceb9555130e911c1fcf7074153d267
100,4,0.1,DARP-HILP,22,199.67981026367187,0.09923649803466798,0.29034577403217554,1012,21,True,d84d099493b973a63d879255d2221c1930d649aa,543f782d80ceb9555130e911c1fcf7074153d267
100,4,0.1,RAO*,22,200.7751870664673,0.06559997196793885,0.4234990049735643,1309,135,True,d84d099493b973a63d879255d2221c1930d649aa,543f782d80ceb9555130e911c1fcf7074153d267
100,4,0.1,DARP-HILP,23,199.67981026367187,0.09923649803466798,0.26503442699322477,1012,21,True,d84d099493b973a63d879255d2221c1930d649aa,543f782d80ceb9555130e911c1fcf7074153d267
100,4,0.1,RAO*,23,200.7751870664673,0.06559997196793885,0.4297030760208145,1309,135,True,d84d099493b973a63d879255d2221c1930d649aa,543f782d80ceb9555130e911c1fcf7074153d267
100,4,0.1,DARP-HILP,24,199.67981026367187,0.09923649803466798,0.25783339695772156,1012,21,True,d84d099493b973a63d879255d2221c1930d649aa,543f782d80ceb9555130e911c1fcf7074153d267
100,4,0.1,RAO*,24,200.7751870664673,0.06559997196793885,0.4317716839723289,1309,135,True,d84d099493b973a63d879255d2221c1930d649aa,543f782d80ceb9555130e911c1fcf7074153d267
100,4,0.1,DARP-HILP,25,199.67981026367187,0.09923649803466798,0.2656771049951203,1012,21,True,d84d099493b973a63d879255d2221c1930d649aa,543f782d80ceb9555130e911c1fcf7074153d267
100,4,0.1,RAO*,25,200.7751870664673,0.06559997196793885,0.42740454198792577,1309,135,True,d84d099493b973a63d879255d2221c1930d649aa,543f782d80ceb9555130e911c1fcf7074153d267
100,4,0.2,DARP-HILP,1,198.24103125,0.15480147923583987,0.16962123004486784,592,14,True,d84d099493b973a63d879255d2221c1930d649aa,543f782d80ceb9555130e911c1fcf7074153d267
100,4,0.2,RAO*,1,198.33053320312501,0.18731641136628063,0.17163958703167737,550,48,True,d84d099493b973a63d879255d2221c1930d649aa,543f782d80ceb9555130e911c1fcf7074153d267
100,4,0.2,DARP-HILP,2,198.24103125,0.15480147923583987,0.18679442396387458,592,14,True,d84d099493b973a63d879255d2221c1930d649aa,543f782d80ceb9555130e911c1fcf7074153d267
100,4,0.2,RAO*,2,198.33053320312501,0.18731641136628063,0.16961712297052145,550,48,True,d84d099493b973a63d879255d2221c1930d649aa,543f782d80ceb9555130e911c1fcf7074153d267
100,4,0.2,DARP-HILP,3,198.24103125,0.15480147923583987,0.19011823198525235,592,14,True,d84d099493b973a63d879255d2221c1930d649aa,543f782d80ceb9555130e911c1fcf7074153d267
100,4,0.2,RAO*,3,198.33053320312501,0.18731641136628063,0.1739391619921662,550,48,True,d84d099493b973a63d879255d2221c1930d649aa,543f782d80ceb9555130e911c1fcf7074153d267
100,4,0.2,DARP-HILP,4,198.24103125,0.15480147923583987,0.16818623000290245,592,14,True,d84d099493b973a63d879255d2221c1930d649aa,543f782d80ceb9555130e911c1fcf7074153d267
100,4,0.2,RAO*,4,198.33053320312501,0.18731641136628063,0.16997108701616526,550,48,True,d84d099493b973a63d879255d2221c1930d649aa,543f782d80ceb9555130e911c1fcf7074153d267
100,4,0.2,DARP-HILP,5,198.24103125,0.15480147923583987,0.17266143998131156,592,14,True,d84d099493b973a63d879255d2221c1930d649aa,543f782d80ceb9555130e911c1fcf7074153d267
100,4,0.2,RAO*,5,198.33053320312501,0.18731641136628063,0.17039386503165588,550,48,True,d84d099493b973a63d879255d2221c1930d649aa,543f782d80ceb9555130e911c1fcf7074153d267
100,4,0.2,DARP-HILP,6,198.24103125,0.15480147923583987,0.16902493499219418,592,14,True,d84d099493b973a63d879255d2221c1930d649aa,543f782d80ceb9555130e911c1fcf7074153d267
100,4,0.2,RAO*,6,198.33053320312501,0.18731641136628063,0.17347703501582146,550,48,True,d84d099493b973a63d879255d2221c1930d649aa,543f782d80ceb9555130e911c1fcf7074153d267
100,4,0.2,DARP-HILP,7,198.24103125,0.15480147923583987,0.18129636399680749,592,14,True,d84d099493b973a63d879255d2221c1930d649aa,543f782d80ceb9555130e911c1fcf7074153d267
100,4,0.2,RAO*,7,198.33053320312501,0.18731641136628063,0.17340778902871534,550,48,True,d84d099493b973a63d879255d2221c1930d649aa,543f782d80ceb9555130e911c1fcf7074153d267
100,4,0.2,DARP-HILP,8,198.24103125,0.15480147923583987,0.1901589939952828,592,14,True,d84d099493b973a63d879255d2221c1930d649aa,543f782d80ceb9555130e911c1fcf7074153d267
100,4,0.2,RAO*,8,198.33053320312501,0.18731641136628063,0.17072717699920759,550,48,True,d84d099493b973a63d879255d2221c1930d649aa,543f782d80ceb9555130e911c1fcf7074153d267
100,4,0.2,DARP-HILP,9,198.24103125,0.15480147923583987,0.17060944996774197,592,14,True,d84d099493b973a63d879255d2221c1930d649aa,543f782d80ceb9555130e911c1fcf7074153d267
100,4,0.2,RAO*,9,198.33053320312501,0.18731641136628063,0.17056385602336377,550,48,True,d84d099493b973a63d879255d2221c1930d649aa,543f782d80ceb9555130e911c1fcf7074153d267
100,4,0.2,DARP-HILP,10,198.24103125,0.15480147923583987,0.1639732890180312,592,14,True,d84d099493b973a63d879255d2221c1930d649aa,543f782d80ceb9555130e911c1fcf7074153d267
100,4,0.2,RAO*,10,198.33053320312501,0.18731641136628063,0.17258192400913686,550,48,True,d84d099493b973a63d879255d2221c1930d649aa,543f782d80ceb9555130e911c1fcf7074153d267
100,4,0.2,DARP-HILP,11,198.24103125,0.15480147923583987,0.1678367989952676,592,14,True,d84d099493b973a63d879255d2221c1930d649aa,543f782d80ceb9555130e911c1fcf7074153d267
100,4,0.2,RAO*,11,198.33053320312501,0.18731641136628063,0.17106444097589701,550,48,True,d84d099493b973a63d879255d2221c1930d649aa,543f782d80ceb9555130e911c1fcf7074153d267
100,4,0.2,DARP-HILP,12,198.24103125,0.15480147923583987,0.18961491296067834,592,14,True,d84d099493b973a63d879255d2221c1930d649aa,543f782d80ceb9555130e911c1fcf7074153d267
100,4,0.2,RAO*,12,198.33053320312501,0.18731641136628063,0.1711148219765164,550,48,True,d84d099493b973a63d879255d2221c1930d649aa,543f782d80ceb9555130e911c1fcf7074153d267
100,4,0.2,DARP-HILP,13,198.24103125,0.15480147923583987,0.19618734798859805,592,14,True,d84d099493b973a63d879255d2221c1930d649aa,543f782d80ceb9555130e911c1fcf7074153d267
100,4,0.2,RAO*,13,198.33053320312501,0.18731641136628063,0.17186569899786264,550,48,True,d84d099493b973a63d879255d2221c1930d649aa,543f782d80ceb9555130e911c1fcf7074153d267
100,4,0.2,DARP-HILP,14,198.24103125,0.15480147923583987,0.17095095198601484,592,14,True,d84d099493b973a63d879255d2221c1930d649aa,543f782d80ceb9555130e911c1fcf7074153d267
100,4,0.2,RAO*,14,198.33053320312501,0.18731641136628063,0.17507253197254613,550,48,True,d84d099493b973a63d879255d2221c1930d649aa,543f782d80ceb9555130e911c1fcf7074153d267
100,4,0.2,DARP-HILP,15,198.24103125,0.15480147923583987,0.16600089700659737,592,14,True,d84d099493b973a63d879255d2221c1930d649aa,543f782d80ceb9555130e911c1fcf7074153d267
100,4,0.2,RAO*,15,198.33053320312501,0.18731641136628063,0.1675901510170661,550,48,True,d84d099493b973a63d879255d2221c1930d649aa,543f782d80ceb9555130e911c1fcf7074153d267
100,4,0.2,DARP-HILP,16,198.24103125,0.15480147923583987,0.172940052987542,592,14,True,d84d099493b973a63d879255d2221c1930d649aa,543f782d80ceb9555130e911c1fcf7074153d267
100,4,0.2,RAO*,16,198.33053320312501,0.18731641136628063,0.1701965110260062,550,48,True,d84d099493b973a63d879255d2221c1930d649aa,543f782d80ceb9555130e911c1fcf7074153d267
100,4,0.2,DARP-HILP,17,198.24103125,0.15480147923583987,0.18198992201359943,592,14,True,d84d099493b973a63d879255d2221c1930d649aa,543f782d80ceb9555130e911c1fcf7074153d267
100,4,0.2,RAO*,17,198.33053320312501,0.18731641136628063,0.1762858689762652,550,48,True,d84d099493b973a63d879255d2221c1930d649aa,543f782d80ceb9555130e911c1fcf7074153d267
100,4,0.2,DARP-HILP,18,198.24103125,0.15480147923583987,0.18994959304109216,592,14,True,d84d099493b973a63d879255d2221c1930d649aa,543f782d80ceb9555130e911c1fcf7074153d267
100,4,0.2,RAO*,18,198.33053320312501,0.18731641136628063,0.17148163198726252,550,48,True,d84d099493b973a63d879255d2221c1930d649aa,543f782d80ceb9555130e911c1fcf7074153d267
100,4,0.2,DARP-HILP,19,198.24103125,0.15480147923583987,0.16924469894729555,592,14,True,d84d099493b973a63d879255d2221c1930d649aa,543f782d80ceb9555130e911c1fcf7074153d267
100,4,0.2,RAO*,19,198.33053320312501,0.18731641136628063,0.17144223197828978,550,48,True,d84d099493b973a63d879255d2221c1930d649aa,543f782d80ceb9555130e911c1fcf7074153d267
100,4,0.2,DARP-HILP,20,198.24103125,0.15480147923583987,0.16969338402850553,592,14,True,d84d099493b973a63d879255d2221c1930d649aa,543f782d80ceb9555130e911c1fcf7074153d267
100,4,0.2,RAO*,20,198.33053320312501,0.18731641136628063,0.17216313601238653,550,48,True,d84d099493b973a63d879255d2221c1930d649aa,543f782d80ceb9555130e911c1fcf7074153d267
100,4,0.2,DARP-HILP,21,198.24103125,0.15480147923583987,0.16595406498527154,592,14,True,d84d099493b973a63d879255d2221c1930d649aa,543f782d80ceb9555130e911c1fcf7074153d267
100,4,0.2,RAO*,21,198.33053320312501,0.18731641136628063,0.17409750301158056,550,48,True,d84d099493b973a63d879255d2221c1930d649aa,543f782d80ceb9555130e911c1fcf7074153d267
100,4,0.2,DARP-HILP,22,198.24103125,0.15480147923583987,0.18395526899257675,592,14,True,d84d099493b973a63d879255d2221c1930d649aa,543f782d80ceb9555130e911c1fcf7074153d267
100,4,0.2,RAO*,22,198.33053320312501,0.18731641136628063,0.1695821259636432,550,48,True,d84d099493b973a63d879255d2221c1930d649aa,543f782d80ceb9555130e911c1fcf7074153d267
100,4,0.2,DARP-HILP,23,198.24103125,0.15480147923583987,0.19666481600143015,592,14,True,d84d099493b973a63d879255d2221c1930d649aa,543f782d80ceb9555130e911c1fcf7074153d267
100,4,0.2,RAO*,23,198.33053320312501,0.18731641136628063,0.17471237300196663,550,48,True,d84d099493b973a63d879255d2221c1930d649aa,543f782d80ceb9555130e911c1fcf7074153d267
100,4,0.2,DARP-HILP,24,198.24103125,0.15480147923583987,0.1668950300081633,592,14,True,d84d099493b973a63d879255d2221c1930d649aa,543f782d80ceb9555130e911c1fcf7074153d267
100,4,0.2,RAO*,24,198.33053320312501,0.18731641136628063,0.17347894195700064,550,48,True,d84d099493b973a63d879255d2221c1930d649aa,543f782d80ceb9555130e911c1fcf7074153d267
100,4,0.2,DARP-HILP,25,198.24103125,0.15480147923583987,0.1650402650120668,592,14,True,d84d099493b973a63d879255d2221c1930d649aa,543f782d80ceb9555130e911c1fcf7074153d267
100,4,0.2,RAO*,25,198.33053320312501,0.18731641136628063,0.17497333296341822,550,48,True,d84d099493b973a63d879255d2221c1930d649aa,543f782d80ceb9555130e911c1fcf7074153d267
100,4,0.3,DARP-HILP,1,198.24103125,0.15480147923583987,0.1903734999941662,748,16,True,d84d099493b973a63d879255d2221c1930d649aa,543f782d80ceb9555130e911c1fcf7074153d267
100,4,0.3,RAO*,1,198.33053320312501,0.18731641136628063,0.19381122599588707,712,60,True,d84d099493b973a63d879255d2221c1930d649aa,543f782d80ceb9555130e911c1fcf7074153d267
100,4,0.3,DARP-HILP,2,198.24103125,0.15480147923583987,0.19610687799286097,748,16,True,d84d099493b973a63d879255d2221c1930d649aa,543f782d80ceb9555130e911c1fcf7074153d267
100,4,0.3,RAO*,2,198.33053320312501,0.18731641136628063,0.19365061999997124,712,60,True,d84d099493b973a63d879255d2221c1930d649aa,543f782d80ceb9555130e911c1fcf7074153d267
100,4,0.3,DARP-HILP,3,198.24103125,0.15480147923583987,0.19229962502140552,748,16,True,d84d099493b973a63d879255d2221c1930d649aa,543f782d80ceb9555130e911c1fcf7074153d267
100,4,0.3,RAO*,3,198.33053320312501,0.18731641136628063,0.1947569230105728,712,60,True,d84d099493b973a63d879255d2221c1930d649aa,543f782d80ceb9555130e911c1fcf7074153d267
100,4,0.3,DARP-HILP,4,198.24103125,0.15480147923583987,0.1861823569633998,748,16,True,d84d099493b973a63d879255d2221c1930d649aa,543f782d80ceb9555130e911c1fcf7074153d267
100,4,0.3,RAO*,4,198.33053320312501,0.18731641136628063,0.19902114901924506,712,60,True,d84d099493b973a63d879255d2221c1930d649aa,543f782d80ceb9555130e911c1fcf7074153d267
100,4,0.3,DARP-HILP,5,198.24103125,0.15480147923583987,0.1939348130254075,748,16,True,d84d099493b973a63d879255d2221c1930d649aa,543f782d80ceb9555130e911c1fcf7074153d267
100,4,0.3,RAO*,5,198.33053320312501,0.18731641136628063,0.20460276200901717,712,60,True,d84d099493b973a63d879255d2221c1930d649aa,543f782d80ceb9555130e911c1fcf7074153d267
100,4,0.3,DARP-HILP,6,198.24103125,0.15480147923583987,0.20072989002801478,748,16,True,d84d099493b973a63d879255d2221c1930d649aa,543f782d80ceb9555130e911c1fcf7074153d267
100,4,0.3,RAO*,6,198.33053320312501,0.18731641136628063,0.2012753890012391,712,60,True,d84d099493b973a63d879255d2221c1930d649aa,543f782d80ceb9555130e911c1fcf7074153d267
100,4,0.3,DARP-HILP,7,198.24103125,0.15480147923583987,0.19870097702369094,748,16,True,d84d099493b973a63d879255d2221c1930d649aa,543f782d80ceb9555130e911c1fcf7074153d267
100,4,0.3,RAO*,7,198.33053320312501,0.18731641136628063,0.20352751296013594,712,60,True,d84d099493b973a63d879255d2221c1930d649aa,543f782d80ceb9555130e911c1fcf7074153d267
100,4,0.3,DARP-HILP,8,198.24103125,0.15480147923583987,0.1957644930225797,748,16,True,d84d099493b973a63d879255d2221c1930d649aa,543f782d80ceb9555130e911c1fcf7074153d267
100,4,0.3,RAO*,8,198.33053320312501,0.18731641136628063,0.19717247801600024,712,60,True,d84d099493b973a63d879255d2221c1930d649aa,543f782d80ceb9555130e911c1fcf7074153d267
100,4,0.3,DARP-HILP,9,198.24103125,0.15480147923583987,0.2201689279754646,748,16,True,d84d099493b973a63d879255d2221c1930d649aa,543f782d80ceb9555130e911c1fcf7074153d267
100,4,0.3,RAO*,9,198.33053320312501,0.18731641136628063,0.20262892998289317,712,60,True,d84d099493b973a63d879255d2221c1930d649aa,543f782d80ceb9555130e911c1fcf7074153d267
100,4,0.3,DARP-HILP,10,198.24103125,0.15480147923583987,0.2129173150169663,748,16,True,d84d099493b973a63d879255d2221c1930d649aa,543f782d80ceb9555130e911c1fcf7074153d267
100,4,0.3,RAO*,10,198.33053320312501,0.18731641136628063,0.20043190597789362,712,60,True,d84d099493b973a63d879255d2221c1930d649aa,543f782d80ceb9555130e911c1fcf7074153d267
100,4,0.3,DARP-HILP,11,198.24103125,0.15480147923583987,0.21030289202462882,748,16,True,d84d099493b973a63d879255d2221c1930d649aa,543f782d80ceb9555130e911c1fcf7074153d267
100,4,0.3,RAO*,11,198.33053320312501,0.18731641136628063,0.2010338160325773,712,60,True,d84d099493b973a63d879255d2221c1930d649aa,543f782d80ceb9555130e911c1fcf7074153d267
100,4,0.3,DARP-HILP,12,198.24103125,0.15480147923583987,0.21313057298539206,748,16,True,d84d099493b973a63d879255d2221c1930d649aa,543f782d80ceb9555130e911c1fcf7074153d267
100,4,0.3,RAO*,12,198.33053320312501,0.18731641136628063,0.20248749398160726,712,60,True,d84d099493b973a63d879255d2221c1930d649aa,543f782d80ceb9555130e911c1fcf7074153d267
100,4,0.3,DARP-HILP,13,198.24103125,0.15480147923583987,0.21426515997154638,748,16,True,d84d099493b973a63d879255d2221c1930d649aa,543f782d80ceb9555130e911c1fcf7074153d267
100,4,0.3,RAO*,13,198.33053320312501,0.18731641136628063,0.19790481502423063,712,60,True,d84d099493b973a63d879255d2221c1930d649aa,543f782d80ceb9555130e911c1fcf7074153d267
100,4,0.3,DARP-HILP,14,198.24103125,0.15480147923583987,0.2173418439924717,748,16,True,d84d099493b973a63d879255d2221c1930d649aa,543f782d80ceb9555130e911c1fcf7074153d267
100,4,0.3,RAO*,14,198.33053320312501,0.18731641136628063,0.19829018000746146,712,60,True,d84d099493b973a63d879255d2221c1930d649aa,543f782d80ceb9555130e911c1fcf7074153d267
100,4,0.3,DARP-HILP,15,198.24103125,0.15480147923583987,0.21678184997290373,748,16,True,d84d099493b973a63d879255d2221c1930d649aa,543f782d80ceb9555130e911c1fcf7074153d267
100,4,0.3,RAO*,15,198.33053320312501,0.18731641136628063,0.19763813400641084,712,60,True,d84d099493b973a63d879255d2221c1930d649aa,543f782d80ceb9555130e911c1fcf7074153d267
100,4,0.3,DARP-HILP,16,198.24103125,0.15480147923583987,0.21008734096540138,748,16,True,d84d099493b973a63d879255d2221c1930d649aa,543f782d80ceb9555130e911c1fcf7074153d267
100,4,0.3,RAO*,16,198.33053320312501,0.18731641136628063,0.20390190102625638,712,60,True,d84d099493b973a63d879255d2221c1930d649aa,543f782d80ceb9555130e911c1fcf7074153d267
100,4,0.3,DARP-HILP,17,198.24103125,0.15480147923583987,0.2125716540031135,748,16,True,d84d099493b973a63d879255d2221c1930d649aa,543f782d80ceb9555130e911c1fcf7074153d267
100,4,0.3,RAO*,17,198.33053320312501,0.18731641136628063,0.2025295679923147,712,60,True,d84d099493b973a63d879255d2221c1930d649aa,543f782d80ceb9555130e911c1fcf7074153d267
100,4,0.3,DARP-HILP,18,198.24103125,0.15480147923583987,0.21006268897326663,748,16,True,d84d099493b973a63d879255d2221c1930d649aa,543f782d80ceb9555130e911c1fcf7074153d267
100,4,0.3,RAO*,18,198.33053320312501,0.18731641136628063,0.19894663500599563,712,60,True,d84d099493b973a63d879255d2221c1930d649aa,543f782d80ceb9555130e911c1fcf7074153d267
100,4,0.3,DARP-HILP,19,198.24103125,0.15480147923583987,0.21488674997817725,748,16,True,d84d099493b973a63d879255d2221c1930d649aa,543f782d80ceb9555130e911c1fcf7074153d267
100,4,0.3,RAO*,19,198.33053320312501,0.18731641136628063,0.19521923904540017,712,60,True,d84d099493b973a63d879255d2221c1930d649aa,543f782d80ceb9555130e911c1fcf7074153d267
100,4,0.3,DARP-HILP,20,198.24103125,0.15480147923583987,0.2183622459997423,748,16,True,d84d099493b973a63d879255d2221c1930d649aa,543f782d80ceb9555130e911c1fcf7074153d267
100,4,0.3,RAO*,20,198.33053320312501,0.18731641136628063,0.19784054002957419,712,60,True,d84d099493b973a63d879255d2221c1930d649aa,543f782d80ceb9555130e911c1fcf7074153d267
100,4,0.3,DARP-HILP,21,198.24103125,0.15480147923583987,0.21710584999527782,748,16,True,d84d099493b973a63d879255d2221c1930d649aa,543f782d80ceb9555130e911c1fcf7074153d267
100,4,0.3,RAO*,21,198.33053320312501,0.18731641136628063,0.19753259903518483,712,60,True,d84d099493b973a63d879255d2221c1930d649aa,543f782d80ceb9555130e911c1fcf7074153d267
100,4,0.3,DARP-HILP,22,198.24103125,0.15480147923583987,0.2109768179943785,748,16,True,d84d099493b973a63d879255d2221c1930d649aa,543f782d80ceb9555130e911c1fcf7074153d267
100,4,0.3,RAO*,22,198.33053320312501,0.18731641136628063,0.201623655972071,712,60,True,d84d099493b973a63d879255d2221c1930d649aa,543f782d80ceb9555130e911c1fcf7074153d267
100,4,0.3,DARP-HILP,23,198.24103125,0.15480147923583987,0.21207257499918342,748,16,True,d84d099493b973a63d879255d2221c1930d649aa,543f782d80ceb9555130e911c1fcf7074153d267
100,4,0.3,RAO*,23,198.33053320312501,0.18731641136628063,0.20143527101026848,712,60,True,d84d099493b973a63d879255d2221c1930d649aa,543f782d80ceb9555130e911c1fcf7074153d267
100,4,0.3,DARP-HILP,24,198.24103125,0.15480147923583987,0.21185996296117082,748,16,True,d84d099493b973a63d879255d2221c1930d649aa,543f782d80ceb9555130e911c1fcf7074153d267
100,4,0.3,RAO*,24,198.33053320312501,0.18731641136628063,0.19773781299591064,712,60,True,d84d099493b973a63d879255d2221c1930d649aa,543f782d80ceb9555130e911c1fcf7074153d267
100,4,0.3,DARP-HILP,25,198.24103125,0.15480147923583987,0.21618995303288102,748,16,True,d84d099493b973a63d879255d2221c1930d649aa,543f782d80ceb9555130e911c1fcf7074153d267
100,4,0.3,RAO*,25,198.33053320312501,0.18731641136628063,0.19828024198068306,712,60,True,d84d099493b973a63d879255d2221c1930d649aa,543f782d80ceb9555130e911c1fcf7074153d267
100,5,0.1,DARP-HILP,1,200.35801745434568,0.09444588296646883,1.534420734969899,4240,41,True,d84d099493b973a63d879255d2221c1930d649aa,543f782d80ceb9555130e911c1fcf7074153d267
100,5,0.1,RAO*,1,201.18391465950282,0.08422271686428381,2.8746022510458715,4978,455,True,d84d099493b973a63d879255d2221c1930d649aa,543f782d80ceb9555130e911c1fcf7074153d267
100,5,0.1,DARP-HILP,2,200.35801745434568,0.09444588296646883,1.6356038090307266,4240,41,True,d84d099493b973a63d879255d2221c1930d649aa,543f782d80ceb9555130e911c1fcf7074153d267
100,5,0.1,RAO*,2,201.18391465950282,0.08422271686428381,2.8537632289808244,4978,455,True,d84d099493b973a63d879255d2221c1930d649aa,543f782d80ceb9555130e911c1fcf7074153d267
100,5,0.1,DARP-HILP,3,200.35801745434568,0.09444588296646883,1.6214827169897035,4240,41,True,d84d099493b973a63d879255d2221c1930d649aa,543f782d80ceb9555130e911c1fcf7074153d267
100,5,0.1,RAO*,3,201.18391465950282,0.08422271686428381,2.9113719279994257,4978,455,True,d84d099493b973a63d879255d2221c1930d649aa,543f782d80ceb9555130e911c1fcf7074153d267
100,5,0.1,DARP-HILP,4,200.35801745434568,0.09444588296646883,1.6406257609487511,4240,41,True,d84d099493b973a63d879255d2221c1930d649aa,543f782d80ceb9555130e911c1fcf7074153d267
100,5,0.1,RAO*,4,201.18391465950282,0.08422271686428381,2.8841978069976903,4978,455,True,d84d099493b973a63d879255d2221c1930d649aa,543f782d80ceb9555130e911c1fcf7074153d267
100,5,0.1,DARP-HILP,5,200.35801745434568,0.09444588296646883,1.6270311130210757,4240,41,True,d84d099493b973a63d879255d2221c1930d649aa,543f782d80ceb9555130e911c1fcf7074153d267
100,5,0.1,RAO*,5,201.18391465950282,0.08422271686428381,2.864992725022603,4978,455,True,d84d099493b973a63d879255d2221c1930d649aa,543f782d80ceb9555130e911c1fcf7074153d267
100,5,0.1,DARP-HILP,6,200.35801745434568,0.09444588296646883,1.6213239569915459,4240,41,True,d84d099493b973a63d879255d2221c1930d649aa,543f782d80ceb9555130e911c1fcf7074153d267
100,5,0.1,RAO*,6,201.18391465950282,0.08422271686428381,2.8741095339646563,4978,455,True,d84d099493b973a63d879255d2221c1930d649aa,543f782d80ceb9555130e911c1fcf7074153d267
100,5,0.1,DARP-HILP,7,200.35801745434568,0.09444588296646883,1.6238821690203622,4240,41,True,d84d099493b973a63d879255d2221c1930d649aa,543f782d80ceb9555130e911c1fcf7074153d267
100,5,0.1,RAO*,7,201.18391465950282,0.08422271686428381,2.8925448219524696,4978,455,True,d84d099493b973a63d879255d2221c1930d649aa,543f782d80ceb9555130e911c1fcf7074153d267
100,5,0.1,DARP-HILP,8,200.35801745434568,0.09444588296646883,1.633573475992307,4240,41,True,d84d099493b973a63d879255d2221c1930d649aa,543f782d80ceb9555130e911c1fcf7074153d267
100,5,0.1,RAO*,8,201.18391465950282,0.08422271686428381,2.8741549369879067,4978,455,True,d84d099493b973a63d879255d2221c1930d649aa,543f782d80ceb9555130e911c1fcf7074153d267
100,5,0.1,DARP-HILP,9,200.35801745434568,0.09444588296646883,1.624718834005762,4240,41,True,d84d099493b973a63d879255d2221c1930d649aa,543f782d80ceb9555130e911c1fcf7074153d267
100,5,0.1,RAO*,9,201.18391465950282,0.08422271686428381,2.871562320040539,4978,455,True,d84d099493b973a63d879255d2221c1930d649aa,543f782d80ceb9555130e911c1fcf7074153d267
100,5,0.1,DARP-HILP,10,200.35801745434568,0.09444588296646883,1.6235154310124926,4240,41,True,d84d099493b973a63d879255d2221c1930d649aa,543f782d80ceb9555130e911c1fcf7074153d267
100,5,0.1,RAO*,10,201.18391465950282,0.08422271686428381,2.9520376010332257,4978,455,True,d84d099493b973a63d879255d2221c1930d649aa,543f782d80ceb9555130e911c1fcf7074153d267
100,5,0.1,DARP-HILP,11,200.35801745434568,0.09444588296646883,1.6529929849784821,4240,41,True,d84d099493b973a63d879255d2221c1930d649aa,543f782d80ceb9555130e911c1fcf7074153d267
100,5,0.1,RAO*,11,201.18391465950282,0.08422271686428381,2.8888409819919616,4978,455,True,d84d099493b973a63d879255d2221c1930d649aa,543f782d80ceb9555130e911c1fcf7074153d267
100,5,0.1,DARP-HILP,12,200.35801745434568,0.09444588296646883,1.6340912739979103,4240,41,True,d84d099493b973a63d879255d2221c1930d649aa,543f782d80ceb9555130e911c1fcf7074153d267
100,5,0.1,RAO*,12,201.18391465950282,0.08422271686428381,2.8802467639907263,4978,455,True,d84d099493b973a63d879255d2221c1930d649aa,543f782d80ceb9555130e911c1fcf7074153d267
100,5,0.1,DARP-HILP,13,200.35801745434568,0.09444588296646883,1.621564042987302,4240,41,True,d84d099493b973a63d879255d2221c1930d649aa,543f782d80ceb9555130e911c1fcf7074153d267
100,5,0.1,RAO*,13,201.18391465950282,0.08422271686428381,2.856106691993773,4978,455,True,d84d099493b973a63d879255d2221c1930d649aa,543f782d80ceb9555130e911c1fcf7074153d267
100,5,0.1,DARP-HILP,14,200.35801745434568,0.09444588296646883,1.622864285018295,4240,41,True,d84d099493b973a63d879255d2221c1930d649aa,543f782d80ceb9555130e911c1fcf7074153d267
100,5,0.1,RAO*,14,201.18391465950282,0.08422271686428381,2.88968838902656,4978,455,True,d84d099493b973a63d879255d2221c1930d649aa,543f782d80ceb9555130e911c1fcf7074153d267
100,5,0.1,DARP-HILP,15,200.35801745434568,0.09444588296646883,1.6389534819754772,4240,41,True,d84d099493b973a63d879255d2221c1930d649aa,543f782d80ceb9555130e911c1fcf7074153d267
100,5,0.1,RAO*,15,201.18391465950282,0.08422271686428381,2.8805996910086833,4978,455,True,d84d099493b973a63d879255d2221c1930d649aa,543f782d80ceb9555130e911c1fcf7074153d267
100,5,0.1,DARP-HILP,16,200.35801745434568,0.09444588296646883,1.632705231953878,4240,41,True,d84d099493b973a63d879255d2221c1930d649aa,543f782d80ceb9555130e911c1fcf7074153d267
100,5,0.1,RAO*,16,201.18391465950282,0.08422271686428381,2.875609726004768,4978,455,True,d84d099493b973a63d879255d2221c1930d649aa,543f782d80ceb9555130e911c1fcf7074153d267
100,5,0.1,DARP-HILP,17,200.35801745434568,0.09444588296646883,1.6182187420199625,4240,41,True,d84d099493b973a63d879255d2221c1930d649aa,543f782d80ceb9555130e911c1fcf7074153d267
100,5,0.1,RAO*,17,201.18391465950282,0.08422271686428381,2.8610273399972357,4978,455,True,d84d099493b973a63d879255d2221c1930d649aa,543f782d80ceb9555130e911c1fcf7074153d267
100,5,0.1,DARP-HILP,18,200.35801745434568,0.09444588296646883,1.6209277110174298,4240,41,True,d84d099493b973a63d879255d2221c1930d649aa,543f782d80ceb9555130e911c1fcf7074153d267
100,5,0.1,RAO*,18,201.18391465950282,0.08422271686428381,2.886449026002083,4978,455,True,d84d099493b973a63d879255d2221c1930d649aa,543f782d80ceb9555130e911c1fcf7074153d267
100,5,0.1,DARP-HILP,19,200.35801745434568,0.09444588296646883,1.6327093729632907,4240,41,True,d84d099493b973a63d879255d2221c1930d649aa,543f782d80ceb9555130e911c1fcf7074153d267
100,5,0.1,RAO*,19,201.18391465950282,0.08422271686428381,2.872673264995683,4978,455,True,d84d099493b973a63d879255d2221c1930d649aa,543f782d80ceb9555130e911c1fcf7074153d267
100,5,0.1,DARP-HILP,20,200.35801745434568,0.09444588296646883,1.6307656049611978,4240,41,True,d84d099493b973a63d879255d2221c1930d649aa,543f782d80ceb9555130e911c1fcf7074153d267
100,5,0.1,RAO*,20,201.18391465950282,0.08422271686428381,2.8740674979635514,4978,455,True,d84d099493b973a63d879255d2221c1930d649aa,543f782d80ceb9555130e911c1fcf7074153d267
100,5,0.1,DARP-HILP,21,200.35801745434568,0.09444588296646883,1.6243986890185624,4240,41,True,d84d099493b973a63d879255d2221c1930d649aa,543f782d80ceb9555130e911c1fcf7074153d267
100,5,0.1,RAO*,21,201.18391465950282,0.08422271686428381,2.877255128987599,4978,455,True,d84d099493b973a63d879255d2221c1930d649aa,543f782d80ceb9555130e911c1fcf7074153d267
100,5,0.1,DARP-HILP,22,200.35801745434568,0.09444588296646883,1.631494591012597,4240,41,True,d84d099493b973a63d879255d2221c1930d649aa,543f782d80ceb9555130e911c1fcf7074153d267
100,5,0.1,RAO*,22,201.18391465950282,0.08422271686428381,2.8951046090223826,4978,455,True,d84d099493b973a63d879255d2221c1930d649aa,543f782d80ceb9555130e911c1fcf7074153d267
100,5,0.1,DARP-HILP,23,200.35801745434568,0.09444588296646883,1.6261641320306808,4240,41,True,d84d099493b973a63d879255d2221c1930d649aa,543f782d80ceb9555130e911c1fcf7074153d267
100,5,0.1,RAO*,23,201.18391465950282,0.08422271686428381,2.862195955007337,4978,455,True,d84d099493b973a63d879255d2221c1930d649aa,543f782d80ceb9555130e911c1fcf7074153d267
100,5,0.1,DARP-HILP,24,200.35801745434568,0.09444588296646883,1.6419318050029688,4240,41,True,d84d099493b973a63d879255d2221c1930d649aa,543f782d80ceb9555130e911c1fcf7074153d267
100,5,0.1,RAO*,24,201.18391465950282,0.08422271686428381,2.8545121290371753,4978,455,True,d84d099493b973a63d879255d2221c1930d649aa,543f782d80ceb9555130e911c1fcf7074153d267
100,5,0.1,DARP-HILP,25,200.35801745434568,0.09444588296646883,1.6244066180079244,4240,41,True,d84d099493b973a63d879255d2221c1930d649aa,543f782d80ceb9555130e911c1fcf7074153d267
100,5,0.1,RAO*,25,201.18391465950282,0.08422271686428381,2.8493766770116054,4978,455,True,d84d099493b973a63d879255d2221c1930d649aa,543f782d80ceb9555130e911c1fcf7074153d267
100,5,0.2,DARP-HILP,1,198.33956730600585,0.17053791243982316,0.6878081129980274,2476,21,True,d84d099493b973a63d879255d2221c1930d649aa,543f782d80ceb9555130e911c1fcf7074153d267
100,5,0.2,RAO*,1,198.42357029296878,0.1877289628116954,1.2607069700025022,2104,178,True,d84d099493b973a63d879255d2221c1930d649aa,543f782d80ceb9555130e911c1fcf7074153d267
100,5,0.2,DARP-HILP,2,198.33956730600585,0.17053791243982316,0.6602192739956081,2476,21,True,d84d099493b973a63d879255d2221c1930d649aa,543f782d80ceb9555130e911c1fcf7074153d267
100,5,0.2,RAO*,2,198.42357029296878,0.1877289628116954,1.281209611974191,2104,178,True,d84d099493b973a63d879255d2221c1930d649aa,543f782d80ceb9555130e911c1fcf7074153d267
100,5,0.2,DARP-HILP,3,198.33956730600585,0.17053791243982316,0.6862286370014772,2476,21,True,d84d099493b973a63d879255d2221c1930d649aa,543f782d80ceb9555130e911c1fcf7074153d267
100,5,0.2,RAO*,3,198.42357029296878,0.1877289628116954,1.260615339037031,2104,178,True,d84d099493b973a63d879255d2221c1930d649aa,543f782d80ceb9555130e911c1fcf7074153d267
100,5,0.2,DARP-HILP,4,198.33956730600585,0.17053791243982316,0.6876148480223492,2476,21,True,d84d099493b973a63d879255d2221c1930d649aa,543f782d80ceb9555130e911c1fcf7074153d267
100,5,0.2,RAO*,4,198.42357029296878,0.1877289628116954,1.2579570970265195,2104,178,True,d84d099493b973a63d879255d2221c1930d649aa,543f782d80ceb9555130e911c1fcf7074153d267
100,5,0.2,DARP-HILP,5,198.33956730600585,0.17053791243982316,0.6819382960093208,2476,21,True,d84d099493b973a63d879255d2221c1930d649aa,543f782d80ceb9555130e911c1fcf7074153d267
100,5,0.2,RAO*,5,198.42357029296878,0.1877289628116954,1.2639934240141883,2104,178,True,d84d099493b973a63d879255d2221c1930d649aa,543f782d80ceb9555130e911c1fcf7074153d267
100,5,0.2,DARP-HILP,6,198.33956730600585,0.17053791243982316,0.6867082309909165,2476,21,True,d84d099493b973a63d879255d2221c1930d649aa,543f782d80ceb9555130e911c1fcf7074153d267
100,5,0.2,RAO*,6,198.42357029296878,0.1877289628116954,1.258142197970301,2104,178,True,d84d099493b973a63d879255d2221c1930d649aa,543f782d80ceb9555130e911c1fcf7074153d267
100,5,0.2,DARP-HILP,7,198.33956730600585,0.17053791243982316,0.6878185959649272,2476,21,True,d84d099493b973a63d879255d2221c1930d649aa,543f782d80ceb9555130e911c1fcf7074153d267
100,5,0.2,RAO*,7,198.42357029296878,0.1877289628116954,1.260638756037224,2104,178,True,d84d099493b973a63d879255d2221c1930d649aa,543f782d80ceb9555130e911c1fcf7074153d267
100,5,0.2,DARP-HILP,8,198.33956730600585,0.17053791243982316,0.6879342959728092,2476,21,True,d84d099493b973a63d879255d2221c1930d649aa,543f782d80ceb9555130e911c1fcf7074153d267
100,5,0.2,RAO*,8,198.42357029296878,0.1877289628116954,1.2748511839890853,2104,178,True,d84d099493b973a63d879255d2221c1930d649aa,543f782d80ceb9555130e911c1fcf7074153d267
100,5,0.2,DARP-HILP,9,198.33956730600585,0.17053791243982316,0.663742413977161,2476,21,True,d84d099493b973a63d879255d2221c1930d649aa,543f782d80ceb9555130e911c1fcf7074153d267
100,5,0.2,RAO*,9,198.42357029296878,0.1877289628116954,1.29174553102348,2104,178,True,d84d099493b973a63d879255d2221c1930d649aa,543f782d80ceb9555130e911c1fcf7074153d267
100,5,0.2,DARP-HILP,10,198.33956730600585,0.17053791243982316,0.6963849469902925,2476,21,True,d84d099493b973a63d879255d2221c1930d649aa,543f782d80ceb9555130e911c1fcf7074153d267
100,5,0.2,RAO*,10,198.42357029296878,0.1877289628116954,1.2659020170103759,2104,178,True,d84d099493b973a63d879255d2221c1930d649aa,543f782d80ceb9555130e911c1fcf7074153d267
100,5,0.2,DARP-HILP,11,198.33956730600585,0.17053791243982316,0.6838404790032655,2476,21,True,d84d099493b973a63d879255d2221c1930d649aa,543f782d80ceb9555130e911c1fcf7074153d267
100,5,0.2,RAO*,11,198.42357029296878,0.1877289628116954,1.2697326859924942,2104,178,True,d84d099493b973a63d879255d2221c1930d649aa,543f782d80ceb9555130e911c1fcf7074153d267
100,5,0.2,DARP-HILP,12,198.33956730600585,0.17053791243982316,0.6593330919859,2476,21,True,d84d099493b973a63d879255d2221c1930d649aa,543f782d80ceb9555130e911c1fcf7074153d267
100,5,0.2,RAO*,12,198.42357029296878,0.1877289628116954,1.2787346660043113,2104,178,True,d84d099493b973a63d879255d2221c1930d649aa,543f782d80ceb9555130e911c1fcf7074153d267
100,5,0.2,DARP-HILP,13,198.33956730600585,0.17053791243982316,0.6913390099653043,2476,21,True,d84d099493b973a63d879255d2221c1930d649aa,543f782d80ceb9555130e911c1fcf7074153d267
100,5,0.2,RAO*,13,198.42357029296878,0.1877289628116954,1.2749666079762392,2104,178,True,d84d099493b973a63d879255d2221c1930d649aa,543f782d80ceb9555130e911c1fcf7074153d267
100,5,0.2,DARP-HILP,14,198.33956730600585,0.17053791243982316,0.6842208039597608,2476,21,True,d84d099493b973a63d879255d2221c1930d649aa,543f782d80ceb9555130e911c1fcf7074153d267
100,5,0.2,RAO*,14,198.42357029296878,0.1877289628116954,1.2880075850407593,2104,178,True,d84d099493b973a63d879255d2221c1930d649aa,543f782d80ceb9555130e911c1fcf7074153d267
100,5,0.2,DARP-HILP,15,198.33956730600585,0.17053791243982316,0.6854392340173945,2476,21,True,d84d099493b973a63d879255d2221c1930d649aa,543f782d80ceb9555130e911c1fcf7074153d267
100,5,0.2,RAO*,15,198.42357029296878,0.1877289628116954,1.2677659639739431,2104,178,True,d84d099493b973a63d879255d2221c1930d649aa,543f782d80ceb9555130e911c1fcf7074153d267
100,5,0.2,DARP-HILP,16,198.33956730600585,0.17053791243982316,0.6957920809509233,2476,21,True,d84d099493b973a63d879255d2221c1930d649aa,543f782d80ceb9555130e911c1fcf7074153d267
100,5,0.2,RAO*,16,198.42357029296878,0.1877289628116954,1.2626005859929137,2104,178,True,d84d099493b973a63d879255d2221c1930d649aa,543f782d80ceb9555130e911c1fcf7074153d267
100,5,0.2,DARP-HILP,17,198.33956730600585,0.17053791243982316,0.6879726480110548,2476,21,True,d84d099493b973a63d879255d2221c1930d649aa,543f782d80ceb9555130e911c1fcf7074153d267
100,5,0.2,RAO*,17,198.42357029296878,0.1877289628116954,1.3664046860067174,2104,178,True,d84d099493b973a63d879255d2221c1930d649aa,543f782d80ceb9555130e911c1fcf7074153d267
100,5,0.2,DARP-HILP,18,198.33956730600585,0.17053791243982316,0.7062449600198306,2476,21,True,d84d099493b973a63d879255d2221c1930d649aa,543f782d80ceb9555130e911c1fcf7074153d267
100,5,0.2,RAO*,18,198.42357029296878,0.1877289628116954,1.2899030129774474,2104,178,True,d84d099493b973a63d879255d2221c1930d649aa,543f782d80ceb9555130e911c1fcf7074153d267
100,5,0.2,DARP-HILP,19,198.33956730600585,0.17053791243982316,0.7319449720089324,2476,21,True,d84d099493b973a63d879255d2221c1930d649aa,543f782d80ceb9555130e911c1fcf7074153d267
100,5,0.2,RAO*,19,198.42357029296878,0.1877289628116954,1.3052885659853928,2104,178,True,d84d099493b973a63d879255d2221c1930d649aa,543f782d80ceb9555130e911c1fcf7074153d267
100,5,0.2,DARP-HILP,20,198.33956730600585,0.17053791243982316,0.6904003780218773,2476,21,True,d84d099493b973a63d879255d2221c1930d649aa,543f782d80ceb9555130e911c1fcf7074153d267
100,5,0.2,RAO*,20,198.42357029296878,0.1877289628116954,1.2790845779818483,2104,178,True,d84d099493b973a63d879255d2221c1930d649aa,543f782d80ceb9555130e911c1fcf7074153d267
100,5,0.2,DARP-HILP,21,198.33956730600585,0.17053791243982316,0.6799625999992713,2476,21,True,d84d099493b973a63d879255d2221c1930d649aa,543f782d80ceb9555130e911c1fcf7074153d267
100,5,0.2,RAO*,21,198.42357029296878,0.1877289628116954,1.357724120025523,2104,178,True,d84d099493b973a63d879255d2221c1930d649aa,543f782d80ceb9555130e911c1fcf7074153d267
100,5,0.2,DARP-HILP,22,198.33956730600585,0.17053791243982316,0.7113901410484686,2476,21,True,d84d099493b973a63d879255d2221c1930d649aa,543f782d80ceb9555130e911c1fcf7074153d267
100,5,0.2,RAO*,22,198.42357029296878,0.1877289628116954,1.2824382570106536,2104,178,True,d84d099493b973a63d879255d2221c1930d649aa,543f782d80ceb9555130e911c1fcf7074153d267
100,5,0.2,DARP-HILP,23,198.33956730600585,0.17053791243982316,0.6847809869796038,2476,21,True,d84d099493b973a63d879255d2221c1930d649aa,543f782d80ceb9555130e911c1fcf7074153d267
100,5,0.2,RAO*,23,198.42357029296878,0.1877289628116954,1.353095063008368,2104,178,True,d84d099493b973a63d879255d2221c1930d649aa,543f782d80ceb9555130e911c1fcf7074153d267
100,5,0.2,DARP-HILP,24,198.33956730600585,0.17053791243982316,0.7110947589972056,2476,21,True,d84d099493b973a63d879255d2221c1930d649aa,543f782d80ceb9555130e911c1fcf7074153d267
100,5,0.2,RAO*,24,198.42357029296878,0.1877289628116954,1.290753107983619,2104,178,True,d84d099493b973a63d879255d2221c1930d649aa,543f782d80ceb9555130e911c1fcf7074153d267
100,5,0.2,DARP-HILP,25,198.33956730600585,0.17053791243982316,0.6897703440045007,2476,21,True,d84d099493b973a63d879255d2221c1930d649aa,543f782d80ceb9555130e911c1fcf7074153d267
100,5,0.2,RAO*,25,198.42357029296878,0.1877289628116954,1.2726948549970984,2104,178,True,d84d099493b973a63d879255d2221c1930d649aa,543f782d80ceb9555130e911c1fcf7074153d267
100,5,0.3,DARP-HILP,1,198.34312681787108,0.26575429953650664,1.0600948869832791,3748,28,True,d84d099493b973a63d879255d2221c1930d649aa,543f782d80ceb9555130e911c1fcf7074153d267
100,5,0.3,RAO*,1,198.42357029296878,0.1877289628116954,1.5734362959628925,2704,226,True,d84d099493b973a63d879255d2221c1930d649aa,543f782d80ceb9555130e911c1fcf7074153d267
100,5,0.3,DARP-HILP,2,198.34312681787108,0.26575429953650664,1.0480338099878281,3748,28,True,d84d099493b973a63d879255d2221c1930d649aa,543f782d80ceb9555130e911c1fcf7074153d267
100,5,0.3,RAO*,2,198.42357029296878,0.1877289628116954,1.5539361980045214,2704,226,True,d84d099493b973a63d879255d2221c1930d649aa,543f782d80ceb9555130e911c1fcf7074153d267
100,5,0.3,DARP-HILP,3,198.34312681787108,0.26575429953650664,1.0596595049719326,3748,28,True,d84d099493b973a63d879255d2221c1930d649aa,543f782d80ceb9555130e911c1fcf7074153d267
100,5,0.3,RAO*,3,198.42357029296878,0.1877289628116954,1.5797629950102419,2704,226,True,d84d099493b973a63d879255d2221c1930d649aa,543f782d80ceb9555130e911c1fcf7074153d267
100,5,0.3,DARP-HILP,4,198.34312681787108,0.26575429953650664,1.082338174979668,3748,28,True,d84d099493b973a63d879255d2221c1930d649aa,543f782d80ceb9555130e911c1fcf7074153d267
100,5,0.3,RAO*,4,198.42357029296878,0.1877289628116954,1.556873214954976,2704,226,True,d84d099493b973a63d879255d2221c1930d649aa,543f782d80ceb9555130e911c1fcf7074153d267
100,5,0.3,DARP-HILP,5,198.34312681787108,0.26575429953650664,1.0838382390211336,3748,28,True,d84d099493b973a63d879255d2221c1930d649aa,543f782d80ceb9555130e911c1fcf7074153d267
100,5,0.3,RAO*,5,198.42357029296878,0.1877289628116954,1.56369676097529,2704,226,True,d84d099493b973a63d879255d2221c1930d649aa,543f782d80ceb9555130e911c1fcf7074153d267
100,5,0.3,DARP-HILP,6,198.34312681787108,0.26575429953650664,1.0558230290189385,3748,28,True,d84d099493b973a63d879255d2221c1930d649aa,543f782d80ceb9555130e911c1fcf7074153d267
100,5,0.3,RAO*,6,198.42357029296878,0.1877289628116954,1.5718864710070193,2704,226,True,d84d099493b973a63d879255d2221c1930d649aa,543f782d80ceb9555130e911c1fcf7074153d267
100,5,0.3,DARP-HILP,7,198.34312681787108,0.26575429953650664,1.0518657499924302,3748,28,True,d84d099493b973a63d879255d2221c1930d649aa,543f782d80ceb9555130e911c1fcf7074153d267
100,5,0.3,RAO*,7,198.42357029296878,0.1877289628116954,1.5829854629701003,2704,226,True,d84d099493b973a63d879255d2221c1930d649aa,543f782d80ceb9555130e911c1fcf7074153d267
100,5,0.3,DARP-HILP,8,198.34312681787108,0.26575429953650664,1.0792528159799986,3748,28,True,d84d099493b973a63d879255d2221c1930d649aa,543f782d80ceb9555130e911c1fcf7074153d267
100,5,0.3,RAO*,8,198.42357029296878,0.1877289628116954,1.5716664849896915,2704,226,True,d84d099493b973a63d879255d2221c1930d649aa,543f782d80ceb9555130e911c1fcf7074153d267
100,5,0.3,DARP-HILP,9,198.34312681787108,0.26575429953650664,1.0571839660406113,3748,28,True,d84d099493b973a63d879255d2221c1930d649aa,543f782d80ceb9555130e911c1fcf7074153d267
100,5,0.3,RAO*,9,198.42357029296878,0.1877289628116954,1.5563922190340236,2704,226,True,d84d099493b973a63d879255d2221c1930d649aa,543f782d80ceb9555130e911c1fcf7074153d267
100,5,0.3,DARP-HILP,10,198.34312681787108,0.26575429953650664,1.0479104190017097,3748,28,True,d84d099493b973a63d879255d2221c1930d649aa,543f782d80ceb9555130e911c1fcf7074153d267
100,5,0.3,RAO*,10,198.42357029296878,0.1877289628116954,1.5724772899993695,2704,226,True,d84d099493b973a63d879255d2221c1930d649aa,543f782d80ceb9555130e911c1fcf7074153d267
100,5,0.3,DARP-HILP,11,198.34312681787108,0.26575429953650664,1.0523083219886757,3748,28,True,d84d099493b973a63d879255d2221c1930d649aa,543f782d80ceb9555130e911c1fcf7074153d267
100,5,0.3,RAO*,11,198.42357029296878,0.1877289628116954,1.5519400400226004,2704,226,True,d84d099493b973a63d879255d2221c1930d649aa,543f782d80ceb9555130e911c1fcf7074153d267
100,5,0.3,DARP-HILP,12,198.34312681787108,0.26575429953650664,1.0510615149978548,3748,28,True,d84d099493b973a63d879255d2221c1930d649aa,543f782d80ceb9555130e911c1fcf7074153d267
100,5,0.3,RAO*,12,198.42357029296878,0.1877289628116954,1.5497734989621677,2704,226,True,d84d099493b973a63d879255d2221c1930d649aa,543f782d80ceb9555130e911c1fcf7074153d267
100,5,0.3,DARP-HILP,13,198.34312681787108,0.26575429953650664,1.0478649740107358,3748,28,True,d84d099493b973a63d879255d2221c1930d649aa,543f782d80ceb9555130e911c1fcf7074153d267
100,5,0.3,RAO*,13,198.42357029296878,0.1877289628116954,1.566189301025588,2704,226,True,d84d099493b973a63d879255d2221c1930d649aa,543f782d80ceb9555130e911c1fcf7074153d267
100,5,0.3,DARP-HILP,14,198.34312681787108,0.26575429953650664,1.0466913130367175,3748,28,True,d84d099493b973a63d879255d2221c1930d649aa,543f782d80ceb9555130e911c1fcf7074153d267
100,5,0.3,RAO*,14,198.42357029296878,0.1877289628116954,1.560908549989108,2704,226,True,d84d099493b973a63d879255d2221c1930d649aa,543f782d80ceb9555130e911c1fcf7074153d267
100,5,0.3,DARP-HILP,15,198.34312681787108,0.26575429953650664,1.0480993440141901,3748,28,True,d84d099493b973a63d879255d2221c1930d649aa,543f782d80ceb9555130e911c1fcf7074153d267
100,5,0.3,RAO*,15,198.42357029296878,0.1877289628116954,1.586348575016018,2704,226,True,d84d099493b973a63d879255d2221c1930d649aa,543f782d80ceb9555130e911c1fcf7074153d267
100,5,0.3,DARP-HILP,16,198.34312681787108,0.26575429953650664,1.0816488600103185,3748,28,True,d84d099493b973a63d879255d2221c1930d649aa,543f782d80ceb9555130e911c1fcf7074153d267
100,5,0.3,RAO*,16,198.42357029296878,0.1877289628116954,1.5610160870128311,2704,226,True,d84d099493b973a63d879255d2221c1930d649aa,543f782d80ceb9555130e911c1fcf7074153d267
100,5,0.3,DARP-HILP,17,198.34312681787108,0.26575429953650664,1.085226277995389,3748,28,True,d84d099493b973a63d879255d2221c1930d649aa,543f782d80ceb9555130e911c1fcf7074153d267
100,5,0.3,RAO*,17,198.42357029296878,0.1877289628116954,1.572617172030732,2704,226,True,d84d099493b973a63d879255d2221c1930d649aa,543f782d80ceb9555130e911c1fcf7074153d267
100,5,0.3,DARP-HILP,18,198.34312681787108,0.26575429953650664,1.055351251969114,3748,28,True,d84d099493b973a63d879255d2221c1930d649aa,543f782d80ceb9555130e911c1fcf7074153d267
100,5,0.3,RAO*,18,198.42357029296878,0.1877289628116954,1.5613796419929713,2704,226,True,d84d099493b973a63d879255d2221c1930d649aa,543f782d80ceb9555130e911c1fcf7074153d267
100,5,0.3,DARP-HILP,19,198.34312681787108,0.26575429953650664,1.0645844399696216,3748,28,True,d84d099493b973a63d879255d2221c1930d649aa,543f782d80ceb9555130e911c1fcf7074153d267
100,5,0.3,RAO*,19,198.42357029296878,0.1877289628116954,1.5646988929947838,2704,226,True,d84d099493b973a63d879255d2221c1930d649aa,543f782d80ceb9555130e911c1fcf7074153d267
100,5,0.3,DARP-HILP,20,198.34312681787108,0.26575429953650664,1.0669341739849187,3748,28,True,d84d099493b973a63d879255d2221c1930d649aa,543f782d80ceb9555130e911c1fcf7074153d267
100,5,0.3,RAO*,20,198.42357029296878,0.1877289628116954,1.5781398679828271,2704,226,True,d84d099493b973a63d879255d2221c1930d649aa,543f782d80ceb9555130e911c1fcf7074153d267
100,5,0.3,DARP-HILP,21,198.34312681787108,0.26575429953650664,1.0642020399682224,3748,28,True,d84d099493b973a63d879255d2221c1930d649aa,543f782d80ceb9555130e911c1fcf7074153d267
100,5,0.3,RAO*,21,198.42357029296878,0.1877289628116954,1.5650830779923126,2704,226,True,d84d099493b973a63d879255d2221c1930d649aa,543f782d80ceb9555130e911c1fcf7074153d267
100,5,0.3,DARP-HILP,22,198.34312681787108,0.26575429953650664,1.0504470550222322,3748,28,True,d84d099493b973a63d879255d2221c1930d649aa,543f782d80ceb9555130e911c1fcf7074153d267
100,5,0.3,RAO*,22,198.42357029296878,0.1877289628116954,1.5851638349704444,2704,226,True,d84d099493b973a63d879255d2221c1930d649aa,543f782d80ceb9555130e911c1fcf7074153d267
100,5,0.3,DARP-HILP,23,198.34312681787108,0.26575429953650664,1.0774744719965383,3748,28,True,d84d099493b973a63d879255d2221c1930d649aa,543f782d80ceb9555130e911c1fcf7074153d267
100,5,0.3,RAO*,23,198.42357029296878,0.1877289628116954,1.5617751840036362,2704,226,True,d84d099493b973a63d879255d2221c1930d649aa,543f782d80ceb9555130e911c1fcf7074153d267
100,5,0.3,DARP-HILP,24,198.34312681787108,0.26575429953650664,1.0870158999459818,3748,28,True,d84d099493b973a63d879255d2221c1930d649aa,543f782d80ceb9555130e911c1fcf7074153d267
100,5,0.3,RAO*,24,198.42357029296878,0.1877289628116954,1.5654023259994574,2704,226,True,d84d099493b973a63d879255d2221c1930d649aa,543f782d80ceb9555130e911c1fcf7074153d267
100,5,0.3,DARP-HILP,25,198.34312681787108,0.26575429953650664,1.0537043170188554,3748,28,True,d84d099493b973a63d879255d2221c1930d649aa,543f782d80ceb9555130e911c1fcf7074153d267
100,5,0.3,RAO*,25,198.42357029296878,0.1877289628116954,1.5506439180462621,2704,226,True,d84d099493b973a63d879255d2221c1930d649aa,543f782d80ceb9555130e911c1fcf7074153d267
100,6,0.1,DARP-HILP,1,200.8523820286958,0.09999887006125091,6.256550342019182,12916,54,True,d84d099493b973a63d879255d2221c1930d649aa,543f782d80ceb9555130e911c1fcf7074153d267
100,6,0.1,RAO*,1,201.62587874839147,0.09973447003413732,19.57201621599961,15550,1334,True,d84d099493b973a63d879255d2221c1930d649aa,543f782d80ceb9555130e911c1fcf7074153d267
100,6,0.1,DARP-HILP,2,200.8523820286958,0.09999887006125091,6.422574479016475,12916,54,True,d84d099493b973a63d879255d2221c1930d649aa,543f782d80ceb9555130e911c1fcf7074153d267
100,6,0.1,RAO*,2,201.62587874839147,0.09973447003413732,19.55138119100593,15550,1334,True,d84d099493b973a63d879255d2221c1930d649aa,543f782d80ceb9555130e911c1fcf7074153d267
100,6,0.1,DARP-HILP,3,200.8523820286958,0.09999887006125091,6.325737781997304,12916,54,True,d84d099493b973a63d879255d2221c1930d649aa,543f782d80ceb9555130e911c1fcf7074153d267
100,6,0.1,RAO*,3,201.62587874839147,0.09973447003413732,19.52606023498811,15550,1334,True,d84d099493b973a63d879255d2221c1930d649aa,543f782d80ceb9555130e911c1fcf7074153d267
100,6,0.1,DARP-HILP,4,200.8523820286958,0.09999887006125091,6.402540958020836,12916,54,True,d84d099493b973a63d879255d2221c1930d649aa,543f782d80ceb9555130e911c1fcf7074153d267
100,6,0.1,RAO*,4,201.62587874839147,0.09973447003413732,19.512306457036175,15550,1334,True,d84d099493b973a63d879255d2221c1930d649aa,543f782d80ceb9555130e911c1fcf7074153d267
100,6,0.1,DARP-HILP,5,200.8523820286958,0.09999887006125091,6.331553823954891,12916,54,True,d84d099493b973a63d879255d2221c1930d649aa,543f782d80ceb9555130e911c1fcf7074153d267
100,6,0.1,RAO*,5,201.62587874839147,0.09973447003413732,19.56774387304904,15550,1334,True,d84d099493b973a63d879255d2221c1930d649aa,543f782d80ceb9555130e911c1fcf7074153d267
100,6,0.1,DARP-HILP,6,200.8523820286958,0.09999887006125091,6.454215692996513,12916,54,True,d84d099493b973a63d879255d2221c1930d649aa,543f782d80ceb9555130e911c1fcf7074153d267
100,6,0.1,RAO*,6,201.62587874839147,0.09973447003413732,19.697190342994872,15550,1334,True,d84d099493b973a63d879255d2221c1930d649aa,543f782d80ceb9555130e911c1fcf7074153d267
100,6,0.1,DARP-HILP,7,200.8523820286958,0.09999887006125091,6.302384435024578,12916,54,True,d84d099493b973a63d879255d2221c1930d649aa,543f782d80ceb9555130e911c1fcf7074153d267
100,6,0.1,RAO*,7,201.62587874839147,0.09973447003413732,19.448932070983574,15550,1334,True,d84d099493b973a63d879255d2221c1930d649aa,543f782d80ceb9555130e911c1fcf7074153d267
100,6,0.1,DARP-HILP,8,200.8523820286958,0.09999887006125091,6.336571843014099,12916,54,True,d84d099493b973a63d879255d2221c1930d649aa,543f782d80ceb9555130e911c1fcf7074153d267
100,6,0.1,RAO*,8,201.62587874839147,0.09973447003413732,19.40827073896071,15550,1334,True,d84d099493b973a63d879255d2221c1930d649aa,543f782d80ceb9555130e911c1fcf7074153d267
100,6,0.1,DARP-HILP,9,200.8523820286958,0.09999887006125091,6.886748836026527,12916,54,True,d84d099493b973a63d879255d2221c1930d649aa,543f782d80ceb9555130e911c1fcf7074153d267
100,6,0.1,RAO*,9,201.62587874839147,0.09973447003413732,19.361990823992528,15550,1334,True,d84d099493b973a63d879255d2221c1930d649aa,543f782d80ceb9555130e911c1fcf7074153d267
100,6,0.1,DARP-HILP,10,200.8523820286958,0.09999887006125091,6.329902906960342,12916,54,True,d84d099493b973a63d879255d2221c1930d649aa,543f782d80ceb9555130e911c1fcf7074153d267
100,6,0.1,RAO*,10,201.62587874839147,0.09973447003413732,19.58658420300344,15550,1334,True,d84d099493b973a63d879255d2221c1930d649aa,543f782d80ceb9555130e911c1fcf7074153d267
100,6,0.1,DARP-HILP,11,200.8523820286958,0.09999887006125091,6.34423677198356,12916,54,True,d84d099493b973a63d879255d2221c1930d649aa,543f782d80ceb9555130e911c1fcf7074153d267
100,6,0.1,RAO*,11,201.62587874839147,0.09973447003413732,19.739489174971823,15550,1334,True,d84d099493b973a63d879255d2221c1930d649aa,543f782d80ceb9555130e911c1fcf7074153d267
100,6,0.1,DARP-HILP,12,200.8523820286958,0.09999887006125091,6.392506272997707,12916,54,True,d84d099493b973a63d879255d2221c1930d649aa,543f782d80ceb9555130e911c1fcf7074153d267
100,6,0.1,RAO*,12,201.62587874839147,0.09973447003413732,19.505868924956303,15550,1334,True,d84d099493b973a63d879255d2221c1930d649aa,543f782d80ceb9555130e911c1fcf7074153d267
100,6,0.1,DARP-HILP,13,200.8523820286958,0.09999887006125091,6.31746375199873,12916,54,True,d84d099493b973a63d879255d2221c1930d649aa,543f782d80ceb9555130e911c1fcf7074153d267
100,6,0.1,RAO*,13,201.62587874839147,0.09973447003413732,19.51871338696219,15550,1334,True,d84d099493b973a63d879255d2221c1930d649aa,543f782d80ceb9555130e911c1fcf7074153d267
100,6,0.1,DARP-HILP,14,200.8523820286958,0.09999887006125091,6.377564018010162,12916,54,True,d84d099493b973a63d879255d2221c1930d649aa,543f782d80ceb9555130e911c1fcf7074153d267
100,6,0.1,RAO*,14,201.62587874839147,0.09973447003413732,19.503732409968507,15550,1334,True,d84d099493b973a63d879255d2221c1930d649aa,543f782d80ceb9555130e911c1fcf7074153d267
100,6,0.1,DARP-HILP,15,200.8523820286958,0.09999887006125091,6.28365592402406,12916,54,True,d84d099493b973a63d879255d2221c1930d649aa,543f782d80ceb9555130e911c1fcf7074153d267
100,6,0.1,RAO*,15,201.62587874839147,0.09973447003413732,19.404983092972543,15550,1334,True,d84d099493b973a63d879255d2221c1930d649aa,543f782d80ceb9555130e911c1fcf7074153d267
100,6,0.1,DARP-HILP,16,200.8523820286958,0.09999887006125091,6.34016669599805,12916,54,True,d84d099493b973a63d879255d2221c1930d649aa,543f782d80ceb9555130e911c1fcf7074153d267
100,6,0.1,RAO*,16,201.62587874839147,0.09973447003413732,19.355105160968378,15550,1334,True,d84d099493b973a63d879255d2221c1930d649aa,543f782d80ceb9555130e911c1fcf7074153d267
100,6,0.1,DARP-HILP,17,200.8523820286958,0.09999887006125091,6.321860028023366,12916,54,True,d84d099493b973a63d879255d2221c1930d649aa,543f782d80ceb9555130e911c1fcf7074153d267
100,6,0.1,RAO*,17,201.62587874839147,0.09973447003413732,19.37226573296357,15550,1334,True,d84d099493b973a63d879255d2221c1930d649aa,543f782d80ceb9555130e911c1fcf7074153d267
100,6,0.1,DARP-HILP,18,200.8523820286958,0.09999887006125091,6.377222720999271,12916,54,True,d84d099493b973a63d879255d2221c1930d649aa,543f782d80ceb9555130e911c1fcf7074153d267
100,6,0.1,RAO*,18,201.62587874839147,0.09973447003413732,19.523619055980816,15550,1334,True,d84d099493b973a63d879255d2221c1930d649aa,543f782d80ceb9555130e911c1fcf7074153d267
100,6,0.1,DARP-HILP,19,200.8523820286958,0.09999887006125091,6.307200046023354,12916,54,True,d84d099493b973a63d879255d2221c1930d649aa,543f782d80ceb9555130e911c1fcf7074153d267
100,6,0.1,RAO*,19,201.62587874839147,0.09973447003413732,19.50720391399227,15550,1334,True,d84d099493b973a63d879255d2221c1930d649aa,543f782d80ceb9555130e911c1fcf7074153d267
100,6,0.1,DARP-HILP,20,200.8523820286958,0.09999887006125091,6.370728101988789,12916,54,True,d84d099493b973a63d879255d2221c1930d649aa,543f782d80ceb9555130e911c1fcf7074153d267
100,6,0.1,RAO*,20,201.62587874839147,0.09973447003413732,19.519356819975656,15550,1334,True,d84d099493b973a63d879255d2221c1930d649aa,543f782d80ceb9555130e911c1fcf7074153d267
100,6,0.1,DARP-HILP,21,200.8523820286958,0.09999887006125091,6.307243655028287,12916,54,True,d84d099493b973a63d879255d2221c1930d649aa,543f782d80ceb9555130e911c1fcf7074153d267
100,6,0.1,RAO*,21,201.62587874839147,0.09973447003413732,19.44489948899718,15550,1334,True,d84d099493b973a63d879255d2221c1930d649aa,543f782d80ceb9555130e911c1fcf7074153d267
100,6,0.1,DARP-HILP,22,200.8523820286958,0.09999887006125091,6.354500097979326,12916,54,True,d84d099493b973a63d879255d2221c1930d649aa,543f782d80ceb9555130e911c1fcf7074153d267
100,6,0.1,RAO*,22,201.62587874839147,0.09973447003413732,19.840412635006942,15550,1334,True,d84d099493b973a63d879255d2221c1930d649aa,543f782d80ceb9555130e911c1fcf7074153d267
100,6,0.1,DARP-HILP,23,200.8523820286958,0.09999887006125091,6.396858650026843,12916,54,True,d84d099493b973a63d879255d2221c1930d649aa,543f782d80ceb9555130e911c1fcf7074153d267
100,6,0.1,RAO*,23,201.62587874839147,0.09973447003413732,19.71751967695309,15550,1334,True,d84d099493b973a63d879255d2221c1930d649aa,543f782d80ceb9555130e911c1fcf7074153d267
100,6,0.1,DARP-HILP,24,200.8523820286958,0.09999887006125091,6.3646466539939865,12916,54,True,d84d099493b973a63d879255d2221c1930d649aa,543f782d80ceb9555130e911c1fcf7074153d267
100,6,0.1,RAO*,24,201.62587874839147,0.09973447003413732,19.604241230001207,15550,1334,True,d84d099493b973a63d879255d2221c1930d649aa,543f782d80ceb9555130e911c1fcf7074153d267
100,6,0.1,DARP-HILP,25,200.8523820286958,0.09999887006125091,6.382424784009345,12916,54,True,d84d099493b973a63d879255d2221c1930d649aa,543f782d80ceb9555130e911c1fcf7074153d267
100,6,0.1,RAO*,25,201.62587874839147,0.09973447003413732,19.541928680962883,15550,1334,True,d84d099493b973a63d879255d2221c1930d649aa,543f782d80ceb9555130e911c1fcf7074153d267
100,6,0.2,DARP-HILP,1,198.42357029296875,0.16080297653519335,4.512137015000917,12052,38,True,d84d099493b973a63d879255d2221c1930d649aa,543f782d80ceb9555130e911c1fcf7074153d267
100,6,0.2,RAO*,1,199.3485702929687,0.19028315627130452,32.478530013002455,28735,2419,True,d84d099493b973a63d879255d2221c1930d649aa,543f782d80ceb9555130e911c1fcf7074153d267
100,6,0.2,DARP-HILP,2,198.42357029296875,0.16080297653519335,4.573473413998727,12052,38,True,d84d099493b973a63d879255d2221c1930d649aa,543f782d80ceb9555130e911c1fcf7074153d267
100,6,0.2,RAO*,2,199.3485702929687,0.19028315627130452,32.19214974803617,28735,2419,True,d84d099493b973a63d879255d2221c1930d649aa,543f782d80ceb9555130e911c1fcf7074153d267
100,6,0.2,DARP-HILP,3,198.42357029296875,0.16080297653519335,4.6046307099750265,12052,38,True,d84d099493b973a63d879255d2221c1930d649aa,543f782d80ceb9555130e911c1fcf7074153d267
100,6,0.2,RAO*,3,199.3485702929687,0.19028315627130452,32.22530182002811,28735,2419,True,d84d099493b973a63d879255d2221c1930d649aa,543f782d80ceb9555130e911c1fcf7074153d267
100,6,0.2,DARP-HILP,4,198.42357029296875,0.16080297653519335,4.594081742048729,12052,38,True,d84d099493b973a63d879255d2221c1930d649aa,543f782d80ceb9555130e911c1fcf7074153d267
100,6,0.2,RAO*,4,199.3485702929687,0.19028315627130452,32.298064919013996,28735,2419,True,d84d099493b973a63d879255d2221c1930d649aa,543f782d80ceb9555130e911c1fcf7074153d267
100,6,0.2,DARP-HILP,5,198.42357029296875,0.16080297653519335,4.560757676023059,12052,38,True,d84d099493b973a63d879255d2221c1930d649aa,543f782d80ceb9555130e911c1fcf7074153d267
100,6,0.2,RAO*,5,199.3485702929687,0.19028315627130452,32.173601106973365,28735,2419,True,d84d099493b973a63d879255d2221c1930d649aa,543f782d80ceb9555130e911c1fcf7074153d267
100,6,0.2,DARP-HILP,6,198.42357029296875,0.16080297653519335,4.566338533011731,12052,38,True,d84d099493b973a63d879255d2221c1930d649aa,543f782d80ceb9555130e911c1fcf7074153d267
100,6,0.2,RAO*,6,199.3485702929687,0.19028315627130452,32.23405552498298,28735,2419,True,d84d099493b973a63d879255d2221c1930d649aa,543f782d80ceb9555130e911c1fcf7074153d267
100,6,0.2,DARP-HILP,7,198.42357029296875,0.16080297653519335,4.483953119022772,12052,38,True,d84d099493b973a63d879255d2221c1930d649aa,543f782d80ceb9555130e911c1fcf7074153d267
100,6,0.2,RAO*,7,199.3485702929687,0.19028315627130452,32.26746923598694,28735,2419,True,d84d099493b973a63d879255d2221c1930d649aa,543f782d80ceb9555130e911c1fcf7074153d267
100,6,0.2,DARP-HILP,8,198.42357029296875,0.16080297653519335,4.6131976949982345,12052,38,True,d84d099493b973a63d879255d2221c1930d649aa,543f782d80ceb9555130e911c1fcf7074153d267
100,6,0.2,RAO*,8,199.3485702929687,0.19028315627130452,32.13916990702273,28735,2419,True,d84d099493b973a63d879255d2221c1930d649aa,543f782d80ceb9555130e911c1fcf7074153d267
100,6,0.2,DARP-HILP,9,198.42357029296875,0.16080297653519335,4.628133965015877,12052,38,True,d84d099493b973a63d879255d2221c1930d649aa,543f782d80ceb9555130e911c1fcf7074153d267
100,6,0.2,RAO*,9,199.3485702929687,0.19028315627130452,32.227299569000024,28735,2419,True,d84d099493b973a63d879255d2221c1930d649aa,543f782d80ceb9555130e911c1fcf7074153d267
100,6,0.2,DARP-HILP,10,198.42357029296875,0.16080297653519335,4.577113081002608,12052,38,True,d84d099493b973a63d879255d2221c1930d649aa,543f782d80ceb9555130e911c1fcf7074153d267
100,6,0.2,RAO*,10,199.3485702929687,0.19028315627130452,32.276096425019205,28735,2419,True,d84d099493b973a63d879255d2221c1930d649aa,543f782d80ceb9555130e911c1fcf7074153d267
100,6,0.2,DARP-HILP,11,198.42357029296875,0.16080297653519335,4.554126305039972,12052,38,True,d84d099493b973a63d879255d2221c1930d649aa,543f782d80ceb9555130e911c1fcf7074153d267
100,6,0.2,RAO*,11,199.3485702929687,0.19028315627130452,32.22033005900448,28735,2419,True,d84d099493b973a63d879255d2221c1930d649aa,543f782d80ceb9555130e911c1fcf7074153d267
100,6,0.2,DARP-HILP,12,198.42357029296875,0.16080297653519335,4.499988152994774,12052,38,True,d84d099493b973a63d879255d2221c1930d649aa,543f782d80ceb9555130e911c1fcf7074153d267
100,6,0.2,RAO*,12,199.3485702929687,0.19028315627130452,32.294526774960104,28735,2419,True,d84d099493b973a63d879255d2221c1930d649aa,543f782d80ceb9555130e911c1fcf7074153d267
100,6,0.2,DARP-HILP,13,198.42357029296875,0.16080297653519335,4.624423047993332,12052,38,True,d84d099493b973a63d879255d2221c1930d649aa,543f782d80ceb9555130e911c1fcf7074153d267
100,6,0.2,RAO*,13,199.3485702929687,0.19028315627130452,32.27976328600198,28735,2419,True,d84d099493b973a63d879255d2221c1930d649aa,543f782d80ceb9555130e911c1fcf7074153d267
100,6,0.2,DARP-HILP,14,198.42357029296875,0.16080297653519335,4.598540730017703,12052,38,True,d84d099493b973a63d879255d2221c1930d649aa,543f782d80ceb9555130e911c1fcf7074153d267
100,6,0.2,RAO*,14,199.3485702929687,0.19028315627130452,32.323416937026195,28735,2419,True,d84d099493b973a63d879255d2221c1930d649aa,543f782d80ceb9555130e911c1fcf7074153d267
100,6,0.2,DARP-HILP,15,198.42357029296875,0.16080297653519335,4.564860573969781,12052,38,True,d84d099493b973a63d879255d2221c1930d649aa,543f782d80ceb9555130e911c1fcf7074153d267
100,6,0.2,RAO*,15,199.3485702929687,0.19028315627130452,32.44905303203268,28735,2419,True,d84d099493b973a63d879255d2221c1930d649aa,543f782d80ceb9555130e911c1fcf7074153d267
100,6,0.2,DARP-HILP,16,198.42357029296875,0.16080297653519335,4.594146494986489,12052,38,True,d84d099493b973a63d879255d2221c1930d649aa,543f782d80ceb9555130e911c1fcf7074153d267
100,6,0.2,RAO*,16,199.3485702929687,0.19028315627130452,32.265164616983384,28735,2419,True,d84d099493b973a63d879255d2221c1930d649aa,543f782d80ceb9555130e911c1fcf7074153d267
100,6,0.2,DARP-HILP,17,198.42357029296875,0.16080297653519335,4.482700728985947,12052,38,True,d84d099493b973a63d879255d2221c1930d649aa,543f782d80ceb9555130e911c1fcf7074153d267
100,6,0.2,RAO*,17,199.3485702929687,0.19028315627130452,32.173190360015724,28735,2419,True,d84d099493b973a63d879255d2221c1930d649aa,543f782d80ceb9555130e911c1fcf7074153d267
100,6,0.2,DARP-HILP,18,198.42357029296875,0.16080297653519335,4.601839836977888,12052,38,True,d84d099493b973a63d879255d2221c1930d649aa,543f782d80ceb9555130e911c1fcf7074153d267
100,6,0.2,RAO*,18,199.3485702929687,0.19028315627130452,32.281587649020366,28735,2419,True,d84d099493b973a63d879255d2221c1930d649aa,543f782d80ceb9555130e911c1fcf7074153d267
100,6,0.2,DARP-HILP,19,198.42357029296875,0.16080297653519335,4.609640874026809,12052,38,True,d84d099493b973a63d879255d2221c1930d649aa,543f782d80ceb9555130e911c1fcf7074153d267
100,6,0.2,RAO*,19,199.3485702929687,0.19028315627130452,32.216831455996726,28735,2419,True,d84d099493b973a63d879255d2221c1930d649aa,543f782d80ceb9555130e911c1fcf7074153d267
100,6,0.2,DARP-HILP,20,198.42357029296875,0.16080297653519335,4.565256933972705,12052,38,True,d84d099493b973a63d879255d2221c1930d649aa,543f782d80ceb9555130e911c1fcf7074153d267
100,6,0.2,RAO*,20,199.3485702929687,0.19028315627130452,32.274230672977865,28735,2419,True,d84d099493b973a63d879255d2221c1930d649aa,543f782d80ceb9555130e911c1fcf7074153d267
100,6,0.2,DARP-HILP,21,198.42357029296875,0.16080297653519335,4.573445980029646,12052,38,True,d84d099493b973a63d879255d2221c1930d649aa,543f782d80ceb9555130e911c1fcf7074153d267
100,6,0.2,RAO*,21,199.3485702929687,0.19028315627130452,32.315334290033206,28735,2419,True,d84d099493b973a63d879255d2221c1930d649aa,543f782d80ceb9555130e911c1fcf7074153d267
100,6,0.2,DARP-HILP,22,198.42357029296875,0.16080297653519335,4.493514180998318,12052,38,True,d84d099493b973a63d879255d2221c1930d649aa,543f782d80ceb9555130e911c1fcf7074153d267
100,6,0.2,RAO*,22,199.3485702929687,0.19028315627130452,32.26033208501758,28735,2419,True,d84d099493b973a63d879255d2221c1930d649aa,543f782d80ceb9555130e911c1fcf7074153d267
100,6,0.2,DARP-HILP,23,198.42357029296875,0.16080297653519335,4.606518604035955,12052,38,True,d84d099493b973a63d879255d2221c1930d649aa,543f782d80ceb9555130e911c1fcf7074153d267
100,6,0.2,RAO*,23,199.3485702929687,0.19028315627130452,32.301725287979934,28735,2419,True,d84d099493b973a63d879255d2221c1930d649aa,543f782d80ceb9555130e911c1fcf7074153d267
100,6,0.2,DARP-HILP,24,198.42357029296875,0.16080297653519335,4.594328115985263,12052,38,True,d84d099493b973a63d879255d2221c1930d649aa,543f782d80ceb9555130e911c1fcf7074153d267
100,6,0.2,RAO*,24,199.3485702929687,0.19028315627130452,32.35113366896985,28735,2419,True,d84d099493b973a63d879255d2221c1930d649aa,543f782d80ceb9555130e911c1fcf7074153d267
100,6,0.2,DARP-HILP,25,198.42357029296875,0.16080297653519335,4.558997632993851,12052,38,True,d84d099493b973a63d879255d2221c1930d649aa,543f782d80ceb9555130e911c1fcf7074153d267
100,6,0.2,RAO*,25,199.3485702929687,0.19028315627130452,32.183655117987655,28735,2419,True,d84d099493b973a63d879255d2221c1930d649aa,543f782d80ceb9555130e911c1fcf7074153d267
100,6,0.3,DARP-HILP,1,198.44069481239842,0.17728406352215537,6.223596785974223,15964,48,True,d84d099493b973a63d879255d2221c1930d649aa,543f782d80ceb9555130e911c1fcf7074153d267
100,6,0.3,RAO*,1,198.80460058387246,0.2999992191653617,11.137747171975207,7477,638,True,d84d099493b973a63d879255d2221c1930d649aa,543f782d80ceb9555130e911c1fcf7074153d267
100,6,0.3,DARP-HILP,2,198.44069481239842,0.17728406352215537,6.142300983949099,15964,48,True,d84d099493b973a63d879255d2221c1930d649aa,543f782d80ceb9555130e911c1fcf7074153d267
100,6,0.3,RAO*,2,198.80460058387246,0.2999992191653617,11.125170075974893,7477,638,True,d84d099493b973a63d879255d2221c1930d649aa,543f782d80ceb9555130e911c1fcf7074153d267
100,6,0.3,DARP-HILP,3,198.44069481239842,0.17728406352215537,6.155006813991349,15964,48,True,d84d099493b973a63d879255d2221c1930d649aa,543f782d80ceb9555130e911c1fcf7074153d267
100,6,0.3,RAO*,3,198.80460058387246,0.2999992191653617,11.11843614897225,7477,638,True,d84d099493b973a63d879255d2221c1930d649aa,543f782d80ceb9555130e911c1fcf7074153d267
100,6,0.3,DARP-HILP,4,198.44069481239842,0.17728406352215537,6.2842704560025595,15964,48,True,d84d099493b973a63d879255d2221c1930d649aa,543f782d80ceb9555130e911c1fcf7074153d267
100,6,0.3,RAO*,4,198.80460058387246,0.2999992191653617,11.136849695001729,7477,638,True,d84d099493b973a63d879255d2221c1930d649aa,543f782d80ceb9555130e911c1fcf7074153d267
100,6,0.3,DARP-HILP,5,198.44069481239842,0.17728406352215537,6.139688219991513,15964,48,True,d84d099493b973a63d879255d2221c1930d649aa,543f782d80ceb9555130e911c1fcf7074153d267
100,6,0.3,RAO*,5,198.80460058387246,0.2999992191653617,11.123880685016047,7477,638,True,d84d099493b973a63d879255d2221c1930d649aa,543f782d80ceb9555130e911c1fcf7074153d267
100,6,0.3,DARP-HILP,6,198.44069481239842,0.17728406352215537,6.173739693011157,15964,48,True,d84d099493b973a63d879255d2221c1930d649aa,543f782d80ceb9555130e911c1fcf7074153d267
100,6,0.3,RAO*,6,198.80460058387246,0.2999992191653617,11.095104412001092,7477,638,True,d84d099493b973a63d879255d2221c1930d649aa,543f782d80ceb9555130e911c1fcf7074153d267
100,6,0.3,DARP-HILP,7,198.44069481239842,0.17728406352215537,6.148533556959592,15964,48,True,d84d099493b973a63d879255d2221c1930d649aa,543f782d80ceb9555130e911c1fcf7074153d267
100,6,0.3,RAO*,7,198.80460058387246,0.2999992191653617,11.151199244020972,7477,638,True,d84d099493b973a63d879255d2221c1930d649aa,543f782d80ceb9555130e911c1fcf7074153d267
100,6,0.3,DARP-HILP,8,198.44069481239842,0.17728406352215537,6.164247949956916,15964,48,True,d84d099493b973a63d879255d2221c1930d649aa,543f782d80ceb9555130e911c1fcf7074153d267
100,6,0.3,RAO*,8,198.80460058387246,0.2999992191653617,11.09903286100598,7477,638,True,d84d099493b973a63d879255d2221c1930d649aa,543f782d80ceb9555130e911c1fcf7074153d267
100,6,0.3,DARP-HILP,9,198.44069481239842,0.17728406352215537,6.199310828000307,15964,48,True,d84d099493b973a63d879255d2221c1930d649aa,543f782d80ceb9555130e911c1fcf7074153d267
100,6,0.3,RAO*,9,198.80460058387246,0.2999992191653617,11.055645555024967,7477,638,True,d84d099493b973a63d879255d2221c1930d649aa,543f782d80ceb9555130e911c1fcf7074153d267
100,6,0.3,DARP-HILP,10,198.44069481239842,0.17728406352215537,6.1260903180227615,15964,48,True,d84d099493b973a63d879255d2221c1930d649aa,543f782d80ceb9555130e911c1fcf7074153d267
100,6,0.3,RAO*,10,198.80460058387246,0.2999992191653617,11.134433316998184,7477,638,True,d84d099493b973a63d879255d2221c1930d649aa,543f782d80ceb9555130e911c1fcf7074153d267
100,6,0.3,DARP-HILP,11,198.44069481239842,0.17728406352215537,6.136258476995863,15964,48,True,d84d099493b973a63d879255d2221c1930d649aa,543f782d80ceb9555130e911c1fcf7074153d267
100,6,0.3,RAO*,11,198.80460058387246,0.2999992191653617,11.059449218970258,7477,638,True,d84d099493b973a63d879255d2221c1930d649aa,543f782d80ceb9555130e911c1fcf7074153d267
100,6,0.3,DARP-HILP,12,198.44069481239842,0.17728406352215537,6.1190276319975965,15964,48,True,d84d099493b973a63d879255d2221c1930d649aa,543f782d80ceb9555130e911c1fcf7074153d267
100,6,0.3,RAO*,12,198.80460058387246,0.2999992191653617,11.066972277010791,7477,638,True,d84d099493b973a63d879255d2221c1930d649aa,543f782d80ceb9555130e911c1fcf7074153d267
100,6,0.3,DARP-HILP,13,198.44069481239842,0.17728406352215537,6.158631648984738,15964,48,True,d84d099493b973a63d879255d2221c1930d649aa,543f782d80ceb9555130e911c1fcf7074153d267
100,6,0.3,RAO*,13,198.80460058387246,0.2999992191653617,11.115088210965041,7477,638,True,d84d099493b973a63d879255d2221c1930d649aa,543f782d80ceb9555130e911c1fcf7074153d267
100,6,0.3,DARP-HILP,14,198.44069481239842,0.17728406352215537,6.135266967990901,15964,48,True,d84d099493b973a63d879255d2221c1930d649aa,543f782d80ceb9555130e911c1fcf7074153d267
100,6,0.3,RAO*,14,198.80460058387246,0.2999992191653617,11.068164813972544,7477,638,True,d84d099493b973a63d879255d2221c1930d649aa,543f782d80ceb9555130e911c1fcf7074153d267
100,6,0.3,DARP-HILP,15,198.44069481239842,0.17728406352215537,6.132337360992096,15964,48,True,d84d099493b973a63d879255d2221c1930d649aa,543f782d80ceb9555130e911c1fcf7074153d267
100,6,0.3,RAO*,15,198.80460058387246,0.2999992191653617,11.051942071004305,7477,638,True,d84d099493b973a63d879255d2221c1930d649aa,543f782d80ceb9555130e911c1fcf7074153d267
100,6,0.3,DARP-HILP,16,198.44069481239842,0.17728406352215537,6.140225893002935,15964,48,True,d84d099493b973a63d879255d2221c1930d649aa,543f782d80ceb9555130e911c1fcf7074153d267
100,6,0.3,RAO*,16,198.80460058387246,0.2999992191653617,11.03146657999605,7477,638,True,d84d099493b973a63d879255d2221c1930d649aa,543f782d80ceb9555130e911c1fcf7074153d267
100,6,0.3,DARP-HILP,17,198.44069481239842,0.17728406352215537,6.262229080020916,15964,48,True,d84d099493b973a63d879255d2221c1930d649aa,543f782d80ceb9555130e911c1fcf7074153d267
100,6,0.3,RAO*,17,198.80460058387246,0.2999992191653617,11.087526827002876,7477,638,True,d84d099493b973a63d879255d2221c1930d649aa,543f782d80ceb9555130e911c1fcf7074153d267
100,6,0.3,DARP-HILP,18,198.44069481239842,0.17728406352215537,6.153404055046849,15964,48,True,d84d099493b973a63d879255d2221c1930d649aa,543f782d80ceb9555130e911c1fcf7074153d267
100,6,0.3,RAO*,18,198.80460058387246,0.2999992191653617,11.038704081031028,7477,638,True,d84d099493b973a63d879255d2221c1930d649aa,543f782d80ceb9555130e911c1fcf7074153d267
100,6,0.3,DARP-HILP,19,198.44069481239842,0.17728406352215537,6.155907328997273,15964,48,True,d84d099493b973a63d879255d2221c1930d649aa,543f782d80ceb9555130e911c1fcf7074153d267
100,6,0.3,RAO*,19,198.80460058387246,0.2999992191653617,11.048541365016717,7477,638,True,d84d099493b973a63d879255d2221c1930d649aa,543f782d80ceb9555130e911c1fcf7074153d267
100,6,0.3,DARP-HILP,20,198.44069481239842,0.17728406352215537,6.147048680053558,15964,48,True,d84d099493b973a63d879255d2221c1930d649aa,543f782d80ceb9555130e911c1fcf7074153d267
100,6,0.3,RAO*,20,198.80460058387246,0.2999992191653617,11.120206724037416,7477,638,True,d84d099493b973a63d879255d2221c1930d649aa,543f782d80ceb9555130e911c1fcf7074153d267
100,6,0.3,DARP-HILP,21,198.44069481239842,0.17728406352215537,6.142092863970902,15964,48,True,d84d099493b973a63d879255d2221c1930d649aa,543f782d80ceb9555130e911c1fcf7074153d267
100,6,0.3,RAO*,21,198.80460058387246,0.2999992191653617,11.063917794032022,7477,638,True,d84d099493b973a63d879255d2221c1930d649aa,543f782d80ceb9555130e911c1fcf7074153d267
100,6,0.3,DARP-HILP,22,198.44069481239842,0.17728406352215537,6.151397164037917,15964,48,True,d84d099493b973a63d879255d2221c1930d649aa,543f782d80ceb9555130e911c1fcf7074153d267
100,6,0.3,RAO*,22,198.80460058387246,0.2999992191653617,11.039588121988345,7477,638,True,d84d099493b973a63d879255d2221c1930d649aa,543f782d80ceb9555130e911c1fcf7074153d267
100,6,0.3,DARP-HILP,23,198.44069481239842,0.17728406352215537,6.1656122069689445,15964,48,True,d84d099493b973a63d879255d2221c1930d649aa,543f782d80ceb9555130e911c1fcf7074153d267
100,6,0.3,RAO*,23,198.80460058387246,0.2999992191653617,11.129642810032237,7477,638,True,d84d099493b973a63d879255d2221c1930d649aa,543f782d80ceb9555130e911c1fcf7074153d267
100,6,0.3,DARP-HILP,24,198.44069481239842,0.17728406352215537,6.123942237987649,15964,48,True,d84d099493b973a63d879255d2221c1930d649aa,543f782d80ceb9555130e911c1fcf7074153d267
100,6,0.3,RAO*,24,198.80460058387246,0.2999992191653617,11.066651671018917,7477,638,True,d84d099493b973a63d879255d2221c1930d649aa,543f782d80ceb9555130e911c1fcf7074153d267
100,6,0.3,DARP-HILP,25,198.44069481239842,0.17728406352215537,6.138782522000838,15964,48,True,d84d099493b973a63d879255d2221c1930d649aa,543f782d80ceb9555130e911c1fcf7074153d267
100,6,0.3,RAO*,25,198.80460058387246,0.2999992191653617,11.078611076984089,7477,638,True,d84d099493b973a63d879255d2221c1930d649aa,543f782d80ceb9555130e911c1fcf7074153d267
