version,size,horizon,delta,trial,seed,method,alpha,lambda,timeout_s,status,objective,risk,time_s,complete,histories,rank_filter_ms,gurobi_model_update_ms,gurobi_optimize_ms,rank_fallbacks,ilp_variables,full_partial_ilp_variables,partial_ilp_solves,ilp_e_sent_total,ilp_e_full_total,ilp_f_sent_total,ilp_f_full_total,episodes,risk_rate,physical_duration_mean,rollout_time_s,result_file,error,case,input_digest,domain,instance,algorithm
bottom-up-retention-v2,5,3,0.1,1,2023,Rank,1.0,0.3,120.0,ok,9.855625,0.0,0.021469558007083833,False,52.0,0.6469999207183719,1.1320021003484726,1.1459211818873882,0.0,25.0,52.0,4.0,18.0,18.0,40.0,106.0,1000,0.0,3.0,3.425775059964508,policies/Rank-5-h3-d0.1-a1-l0.3.json,,grid-5x5-h3-d1-r1-b0.1,2dd4c818c32f51f28cb82c2c44ed9a65eb5ae10f13481483026f20a393ef47bd,benchmarks/grid/fixed-duration/domain.rddl,benchmarks/grid/fixed-duration/grid-5x5-h3-d1-r1-b0.1.rddl,pruningEF
bottom-up-retention-v2,5,3,0.1,1,2023,Rank,1.0,0.5,120.0,ok,9.7376875,0.015577734375000006,0.03130429598968476,False,64.0,1.3460300397127867,2.2851419635117054,1.9327200716361403,0.0,38.0,64.0,6.0,43.0,49.0,106.0,203.0,1000,0.019,3.0,3.418646167963743,policies/Rank-5-h3-d0.1-a1-l0.5.json,,grid-5x5-h3-d1-r1-b0.1,2dd4c818c32f51f28cb82c2c44ed9a65eb5ae10f13481483026f20a393ef47bd,benchmarks/grid/fixed-duration/domain.rddl,benchmarks/grid/fixed-duration/grid-5x5-h3-d1-r1-b0.1.rddl,pruningEF
bottom-up-retention-v2,5,3,0.1,1,2023,Rank,1.0,0.7,120.0,ok,9.005203125,0.09559637695312502,0.05151279293932021,False,196.0,4.175166133791208,6.894440157338977,3.710760036483407,0.0,148.0,196.0,10.0,92.0,98.0,608.0,842.0,1000,0.094,3.0,3.5056121590314433,policies/Rank-5-h3-d0.1-a1-l0.7.json,,grid-5x5-h3-d1-r1-b0.1,2dd4c818c32f51f28cb82c2c44ed9a65eb5ae10f13481483026f20a393ef47bd,benchmarks/grid/fixed-duration/domain.rddl,benchmarks/grid/fixed-duration/grid-5x5-h3-d1-r1-b0.1.rddl,pruningEF
bottom-up-retention-v2,5,3,0.1,1,2023,Rank,1.0,0.9,120.0,ok,9.0,0.07500000000000001,0.06443082995247096,False,268.0,7.303488091565669,11.473448015749454,8.239211165346205,0.0,224.0,268.0,12.0,144.0,152.0,1094.0,1360.0,1000,0.069,3.0,3.4789168749703094,policies/Rank-5-h3-d0.1-a1-l0.9.json,,grid-5x5-h3-d1-r1-b0.1,2dd4c818c32f51f28cb82c2c44ed9a65eb5ae10f13481483026f20a393ef47bd,benchmarks/grid/fixed-duration/domain.rddl,benchmarks/grid/fixed-duration/grid-5x5-h3-d1-r1-b0.1.rddl,pruningEF
bottom-up-retention-v2,5,3,0.1,2,2023,Rank,1.0,0.3,120.0,ok,9.855625,0.0,0.021981117082759738,False,52.0,0.6200149655342102,1.1405240511521697,1.0965991532430053,0.0,25.0,52.0,4.0,18.0,18.0,40.0,106.0,,,,,,,grid-5x5-h3-d1-r1-b0.1,2dd4c818c32f51f28cb82c2c44ed9a65eb5ae10f13481483026f20a393ef47bd,benchmarks/grid/fixed-duration/domain.rddl,benchmarks/grid/fixed-duration/grid-5x5-h3-d1-r1-b0.1.rddl,pruningEF
bottom-up-retention-v2,5,3,0.1,2,2023,Rank,1.0,0.5,120.0,ok,9.7376875,0.015577734375000006,0.03049415396526456,False,64.0,1.294533023610711,2.517300075851381,1.8399221589788795,0.0,38.0,64.0,6.0,43.0,49.0,106.0,203.0,,,,,,,grid-5x5-h3-d1-r1-b0.1,2dd4c818c32f51f28cb82c2c44ed9a65eb5ae10f13481483026f20a393ef47bd,benchmarks/grid/fixed-duration/domain.rddl,benchmarks/grid/fixed-duration/grid-5x5-h3-d1-r1-b0.1.rddl,pruningEF
bottom-up-retention-v2,5,3,0.1,2,2023,Rank,1.0,0.7,120.0,ok,9.005203125,0.09559637695312502,0.0514299200149253,False,196.0,4.6522688353434205,6.974724819883704,3.622917109169066,0.0,148.0,196.0,10.0,92.0,98.0,608.0,842.0,,,,,,,grid-5x5-h3-d1-r1-b0.1,2dd4c818c32f51f28cb82c2c44ed9a65eb5ae10f13481483026f20a393ef47bd,benchmarks/grid/fixed-duration/domain.rddl,benchmarks/grid/fixed-duration/grid-5x5-h3-d1-r1-b0.1.rddl,pruningEF
bottom-up-retention-v2,5,3,0.1,2,2023,Rank,1.0,0.9,120.0,ok,9.0,0.07500000000000001,0.07868582906667143,False,268.0,6.740702199749649,11.6216471651569,7.693196297623217,0.0,224.0,268.0,12.0,144.0,152.0,1094.0,1360.0,,,,,,,grid-5x5-h3-d1-r1-b0.1,2dd4c818c32f51f28cb82c2c44ed9a65eb5ae10f13481483026f20a393ef47bd,benchmarks/grid/fixed-duration/domain.rddl,benchmarks/grid/fixed-duration/grid-5x5-h3-d1-r1-b0.1.rddl,pruningEF
bottom-up-retention-v2,5,3,0.1,3,2023,Rank,1.0,0.5,120.0,ok,9.7376875,0.015577734375000006,0.03137278195936233,False,64.0,1.4890822349116206,2.2039400646463037,1.8680499633774161,0.0,38.0,64.0,6.0,43.0,49.0,106.0,203.0,,,,,,,grid-5x5-h3-d1-r1-b0.1,2dd4c818c32f51f28cb82c2c44ed9a65eb5ae10f13481483026f20a393ef47bd,benchmarks/grid/fixed-duration/domain.rddl,benchmarks/grid/fixed-duration/grid-5x5-h3-d1-r1-b0.1.rddl,pruningEF
bottom-up-retention-v2,5,3,0.1,3,2023,Rank,1.0,0.7,120.0,ok,9.005203125,0.09559637695312502,0.05126474401913583,False,196.0,4.060382139869034,6.892172037623823,3.5928209545090795,0.0,148.0,196.0,10.0,92.0,98.0,608.0,842.0,,,,,,,grid-5x5-h3-d1-r1-b0.1,2dd4c818c32f51f28cb82c2c44ed9a65eb5ae10f13481483026f20a393ef47bd,benchmarks/grid/fixed-duration/domain.rddl,benchmarks/grid/fixed-duration/grid-5x5-h3-d1-r1-b0.1.rddl,pruningEF
bottom-up-retention-v2,5,3,0.1,3,2023,Rank,1.0,0.9,120.0,ok,9.0,0.07500000000000001,0.06272845703642815,False,268.0,7.354662986472249,11.015558149665594,7.32389569748193,0.0,224.0,268.0,12.0,144.0,152.0,1094.0,1360.0,,,,,,,grid-5x5-h3-d1-r1-b0.1,2dd4c818c32f51f28cb82c2c44ed9a65eb5ae10f13481483026f20a393ef47bd,benchmarks/grid/fixed-duration/domain.rddl,benchmarks/grid/fixed-duration/grid-5x5-h3-d1-r1-b0.1.rddl,pruningEF
bottom-up-retention-v2,5,3,0.1,3,2023,Rank,1.0,0.3,120.0,ok,9.855625,0.0,0.02183014794718474,False,52.0,0.6379970582202077,1.183207961730659,1.1165268952026963,0.0,25.0,52.0,4.0,18.0,18.0,40.0,106.0,,,,,,,grid-5x5-h3-d1-r1-b0.1,2dd4c818c32f51f28cb82c2c44ed9a65eb5ae10f13481483026f20a393ef47bd,benchmarks/grid/fixed-duration/domain.rddl,benchmarks/grid/fixed-duration/grid-5x5-h3-d1-r1-b0.1.rddl,pruningEF
bottom-up-retention-v2,5,3,0.2,1,2023,Rank,1.0,0.3,120.0,ok,9.855625,0.0,0.021683029946871102,False,52.0,0.6269117584452033,1.1506971204653382,1.0729930363595486,0.0,25.0,52.0,4.0,18.0,18.0,40.0,106.0,1000,0.0,3.0,3.4437035920564085,policies/Rank-5-h3-d0.2-a1-l0.3.json,,grid-5x5-h3-d1-r1-b0.2,0c952fd7fb709ebd44038661f64d3016ca754a476eb7d971243a1a15a55c2b49,benchmarks/grid/fixed-duration/domain.rddl,benchmarks/grid/fixed-duration/grid-5x5-h3-d1-r1-b0.2.rddl,pruningEF
bottom-up-retention-v2,5,3,0.2,1,2023,Rank,1.0,0.5,120.0,ok,9.90503125,0.015577734375000006,0.030521116917952895,False,64.0,1.3711010105907917,2.3753491695970297,1.8983740592375398,0.0,38.0,64.0,6.0,43.0,49.0,107.0,203.0,1000,0.019,3.0,3.489743830054067,policies/Rank-5-h3-d0.2-a1-l0.5.json,,grid-5x5-h3-d1-r1-b0.2,0c952fd7fb709ebd44038661f64d3016ca754a476eb7d971243a1a15a55c2b49,benchmarks/grid/fixed-duration/domain.rddl,benchmarks/grid/fixed-duration/grid-5x5-h3-d1-r1-b0.2.rddl,pruningEF
bottom-up-retention-v2,5,3,0.2,1,2023,Rank,1.0,0.7,120.0,ok,9.673515625,0.020453906250000008,0.04413847508840263,False,88.0,2.6429430581629276,4.653948941268027,2.7503528399392962,0.0,64.0,88.0,9.0,88.0,98.0,323.0,454.0,1000,0.022,3.0,3.4332468170905486,policies/Rank-5-h3-d0.2-a1-l0.7.json,,grid-5x5-h3-d1-r1-b0.2,0c952fd7fb709ebd44038661f64d3016ca754a476eb7d971243a1a15a55c2b49,benchmarks/grid/fixed-duration/domain.rddl,benchmarks/grid/fixed-duration/grid-5x5-h3-d1-r1-b0.2.rddl,pruningEF
bottom-up-retention-v2,5,3,0.2,1,2023,Rank,1.0,0.9,120.0,ok,8.155624999999999,0.144375,0.04999614099506289,False,160.0,3.0244081281125546,6.6043909173458815,3.6518590059131384,0.0,149.0,160.0,9.0,74.0,74.0,610.0,670.0,1000,0.136,3.0,3.3869993770495057,policies/Rank-5-h3-d0.2-a1-l0.9.json,,grid-5x5-h3-d1-r1-b0.2,0c952fd7fb709ebd44038661f64d3016ca754a476eb7d971243a1a15a55c2b49,benchmarks/grid/fixed-duration/domain.rddl,benchmarks/grid/fixed-duration/grid-5x5-h3-d1-r1-b0.2.rddl,pruningEF
bottom-up-retention-v2,5,3,0.2,2,2023,Rank,1.0,0.5,120.0,ok,9.90503125,0.015577734375000006,0.02795282192528248,False,64.0,1.2852600775659084,2.0537570817396045,1.6298609552904963,0.0,38.0,64.0,6.0,43.0,49.0,107.0,203.0,,,,,,,grid-5x5-h3-d1-r1-b0.2,0c952fd7fb709ebd44038661f64d3016ca754a476eb7d971243a1a15a55c2b49,benchmarks/grid/fixed-duration/domain.rddl,benchmarks/grid/fixed-duration/grid-5x5-h3-d1-r1-b0.2.rddl,pruningEF
bottom-up-retention-v2,5,3,0.2,2,2023,Rank,1.0,0.7,120.0,ok,9.673515625,0.020453906250000008,0.04141684505157173,False,88.0,2.404928090982139,4.466217244043946,2.4695489555597305,0.0,64.0,88.0,9.0,88.0,98.0,323.0,454.0,,,,,,,grid-5x5-h3-d1-r1-b0.2,0c952fd7fb709ebd44038661f64d3016ca754a476eb7d971243a1a15a55c2b49,benchmarks/grid/fixed-duration/domain.rddl,benchmarks/grid/fixed-duration/grid-5x5-h3-d1-r1-b0.2.rddl,pruningEF
bottom-up-retention-v2,5,3,0.2,2,2023,Rank,1.0,0.9,120.0,ok,8.155624999999999,0.144375,0.051105967024341226,False,160.0,2.9834891902282834,6.270729703828692,3.469287883490324,0.0,149.0,160.0,9.0,74.0,74.0,610.0,670.0,,,,,,,grid-5x5-h3-d1-r1-b0.2,0c952fd7fb709ebd44038661f64d3016ca754a476eb7d971243a1a15a55c2b49,benchmarks/grid/fixed-duration/domain.rddl,benchmarks/grid/fixed-duration/grid-5x5-h3-d1-r1-b0.2.rddl,pruningEF
bottom-up-retention-v2,5,3,0.2,2,2023,Rank,1.0,0.3,120.0,ok,9.855625,0.0,0.0210263590561226,False,52.0,0.6063008913770318,1.0716558899730444,0.9885089239105582,0.0,25.0,52.0,4.0,18.0,18.0,40.0,106.0,,,,,,,grid-5x5-h3-d1-r1-b0.2,0c952fd7fb709ebd44038661f64d3016ca754a476eb7d971243a1a15a55c2b49,benchmarks/grid/fixed-duration/domain.rddl,benchmarks/grid/fixed-duration/grid-5x5-h3-d1-r1-b0.2.rddl,pruningEF
bottom-up-retention-v2,5,3,0.2,3,2023,Rank,1.0,0.7,120.0,ok,9.673515625,0.020453906250000008,0.042610381031408906,False,88.0,2.529652090743184,4.405770101584494,2.6026370469480753,0.0,64.0,88.0,9.0,88.0,98.0,323.0,454.0,,,,,,,grid-5x5-h3-d1-r1-b0.2,0c952fd7fb709ebd44038661f64d3016ca754a476eb7d971243a1a15a55c2b49,benchmarks/grid/fixed-duration/domain.rddl,benchmarks/grid/fixed-duration/grid-5x5-h3-d1-r1-b0.2.rddl,pruningEF
bottom-up-retention-v2,5,3,0.2,3,2023,Rank,1.0,0.9,120.0,ok,8.155624999999999,0.144375,0.04667698696721345,False,160.0,2.8323240112513304,6.115665193647146,3.221151069737971,0.0,149.0,160.0,9.0,74.0,74.0,610.0,670.0,,,,,,,grid-5x5-h3-d1-r1-b0.2,0c952fd7fb709ebd44038661f64d3016ca754a476eb7d971243a1a15a55c2b49,benchmarks/grid/fixed-duration/domain.rddl,benchmarks/grid/fixed-duration/grid-5x5-h3-d1-r1-b0.2.rddl,pruningEF
bottom-up-retention-v2,5,3,0.2,3,2023,Rank,1.0,0.3,120.0,ok,9.855625,0.0,0.020331009989604354,False,52.0,0.5786118563264608,1.0334467515349388,0.9664270328357816,0.0,25.0,52.0,4.0,18.0,18.0,40.0,106.0,,,,,,,grid-5x5-h3-d1-r1-b0.2,0c952fd7fb709ebd44038661f64d3016ca754a476eb7d971243a1a15a55c2b49,benchmarks/grid/fixed-duration/domain.rddl,benchmarks/grid/fixed-duration/grid-5x5-h3-d1-r1-b0.2.rddl,pruningEF
bottom-up-retention-v2,5,3,0.2,3,2023,Rank,1.0,0.5,120.0,ok,9.90503125,0.015577734375000006,0.02935386507306248,False,64.0,1.2571339029818773,2.1086159395053983,1.6937496839091182,0.0,38.0,64.0,6.0,43.0,49.0,107.0,203.0,,,,,,,grid-5x5-h3-d1-r1-b0.2,0c952fd7fb709ebd44038661f64d3016ca754a476eb7d971243a1a15a55c2b49,benchmarks/grid/fixed-duration/domain.rddl,benchmarks/grid/fixed-duration/grid-5x5-h3-d1-r1-b0.2.rddl,pruningEF
bottom-up-retention-v2,5,3,0.3,1,2023,Rank,1.0,0.5,120.0,ok,9.855625,0.0,0.020493685035035014,False,52.0,0.57879404630512,1.1140910210087895,0.9768629679456353,0.0,33.0,52.0,4.0,18.0,18.0,57.0,106.0,1000,0.0,3.0,3.413276260951534,policies/Rank-5-h3-d0.3-a1-l0.5.json,,grid-5x5-h3-d1-r1-b0.3,22e089a008c49f646205b835e0f58d5518d958d6552b2cb62930b6c89c2c9c22,benchmarks/grid/fixed-duration/domain.rddl,benchmarks/grid/fixed-duration/grid-5x5-h3-d1-r1-b0.3.rddl,pruningEF
bottom-up-retention-v2,5,3,0.3,1,2023,Rank,1.0,0.7,120.0,ok,9.67871875,0.17690625000000004,0.029693459975533187,False,76.0,1.285664038732648,2.5015800492838025,1.7341832863166928,0.0,58.0,76.0,6.0,43.0,43.0,175.0,245.0,1000,0.16,3.0,3.3891280030366033,policies/Rank-5-h3-d0.3-a1-l0.7.json,,grid-5x5-h3-d1-r1-b0.3,22e089a008c49f646205b835e0f58d5518d958d6552b2cb62930b6c89c2c9c22,benchmarks/grid/fixed-duration/domain.rddl,benchmarks/grid/fixed-duration/grid-5x5-h3-d1-r1-b0.3.rddl,pruningEF
bottom-up-retention-v2,5,3,0.3,1,2023,Rank,1.0,0.9,120.0,ok,8.155624999999999,0.144375,0.04586913308594376,False,172.0,2.861799788661301,6.128180888481438,3.0684620141983032,0.0,160.0,172.0,9.0,73.0,73.0,634.0,695.0,1000,0.136,3.0,3.2886344220023602,policies/Rank-5-h3-d0.3-a1-l0.9.json,,grid-5x5-h3-d1-r1-b0.3,22e089a008c49f646205b835e0f58d5518d958d6552b2cb62930b6c89c2c9c22,benchmarks/grid/fixed-duration/domain.rddl,benchmarks/grid/fixed-duration/grid-5x5-h3-d1-r1-b0.3.rddl,pruningEF
bottom-up-retention-v2,5,3,0.3,1,2023,Rank,1.0,0.3,120.0,ok,9.855625,0.0,0.022043777047656476,False,52.0,0.6114389980211854,1.127897878177464,1.1080288095399737,0.0,25.0,52.0,4.0,18.0,18.0,40.0,106.0,1000,0.0,3.0,3.409518936998211,policies/Rank-5-h3-d0.3-a1-l0.3.json,,grid-5x5-h3-d1-r1-b0.3,22e089a008c49f646205b835e0f58d5518d958d6552b2cb62930b6c89c2c9c22,benchmarks/grid/fixed-duration/domain.rddl,benchmarks/grid/fixed-duration/grid-5x5-h3-d1-r1-b0.3.rddl,pruningEF
bottom-up-retention-v2,5,3,0.3,2,2023,Rank,1.0,0.7,120.0,ok,9.67871875,0.17690625000000004,0.030336456024087965,False,76.0,1.3234439538791776,2.543597249314189,1.7199608264490962,0.0,58.0,76.0,6.0,43.0,43.0,175.0,245.0,,,,,,,grid-5x5-h3-d1-r1-b0.3,22e089a008c49f646205b835e0f58d5518d958d6552b2cb62930b6c89c2c9c22,benchmarks/grid/fixed-duration/domain.rddl,benchmarks/grid/fixed-duration/grid-5x5-h3-d1-r1-b0.3.rddl,pruningEF
bottom-up-retention-v2,5,3,0.3,2,2023,Rank,1.0,0.9,120.0,ok,8.155624999999999,0.144375,0.04833889100700617,False,172.0,2.9208611231297255,6.4350609900429845,3.03051492664963,0.0,160.0,172.0,9.0,73.0,73.0,634.0,695.0,,,,,,,grid-5x5-h3-d1-r1-b0.3,22e089a008c49f646205b835e0f58d5518d958d6552b2cb62930b6c89c2c9c22,benchmarks/grid/fixed-duration/domain.rddl,benchmarks/grid/fixed-duration/grid-5x5-h3-d1-r1-b0.3.rddl,pruningEF
bottom-up-retention-v2,5,3,0.3,2,2023,Rank,1.0,0.3,120.0,ok,9.855625,0.0,0.021131449029780924,False,52.0,0.6064679473638535,1.0959358187392354,1.0117500787600875,0.0,25.0,52.0,4.0,18.0,18.0,40.0,106.0,,,,,,,grid-5x5-h3-d1-r1-b0.3,22e089a008c49f646205b835e0f58d5518d958d6552b2cb62930b6c89c2c9c22,benchmarks/grid/fixed-duration/domain.rddl,benchmarks/grid/fixed-duration/grid-5x5-h3-d1-r1-b0.3.rddl,pruningEF
bottom-up-retention-v2,5,3,0.3,2,2023,Rank,1.0,0.5,120.0,ok,9.855625,0.0,0.021082106046378613,False,52.0,0.6139620672911406,1.14580022636801,1.0311490623280406,0.0,33.0,52.0,4.0,18.0,18.0,57.0,106.0,,,,,,,grid-5x5-h3-d1-r1-b0.3,22e089a008c49f646205b835e0f58d5518d958d6552b2cb62930b6c89c2c9c22,benchmarks/grid/fixed-duration/domain.rddl,benchmarks/grid/fixed-duration/grid-5x5-h3-d1-r1-b0.3.rddl,pruningEF
bottom-up-retention-v2,5,3,0.3,3,2023,Rank,1.0,0.9,120.0,ok,8.155624999999999,0.144375,0.04821109096519649,False,172.0,2.9855900211259723,6.424374063499272,3.0990391969680786,0.0,160.0,172.0,9.0,73.0,73.0,634.0,695.0,,,,,,,grid-5x5-h3-d1-r1-b0.3,22e089a008c49f646205b835e0f58d5518d958d6552b2cb62930b6c89c2c9c22,benchmarks/grid/fixed-duration/domain.rddl,benchmarks/grid/fixed-duration/grid-5x5-h3-d1-r1-b0.3.rddl,pruningEF
bottom-up-retention-v2,5,3,0.3,3,2023,Rank,1.0,0.3,120.0,ok,9.855625,0.0,0.021373367053456604,False,52.0,0.616486999206245,1.129036070778966,1.0624410351738334,0.0,25.0,52.0,4.0,18.0,18.0,40.0,106.0,,,,,,,grid-5x5-h3-d1-r1-b0.3,22e089a008c49f646205b835e0f58d5518d958d6552b2cb62930b6c89c2c9c22,benchmarks/grid/fixed-duration/domain.rddl,benchmarks/grid/fixed-duration/grid-5x5-h3-d1-r1-b0.3.rddl,pruningEF
bottom-up-retention-v2,5,3,0.3,3,2023,Rank,1.0,0.5,120.0,ok,9.855625,0.0,0.021457039983943105,False,52.0,0.6134678842499852,1.197339966893196,1.1300708865746856,0.0,33.0,52.0,4.0,18.0,18.0,57.0,106.0,,,,,,,grid-5x5-h3-d1-r1-b0.3,22e089a008c49f646205b835e0f58d5518d958d6552b2cb62930b6c89c2c9c22,benchmarks/grid/fixed-duration/domain.rddl,benchmarks/grid/fixed-duration/grid-5x5-h3-d1-r1-b0.3.rddl,pruningEF
bottom-up-retention-v2,5,3,0.3,3,2023,Rank,1.0,0.7,120.0,ok,9.67871875,0.17690625000000004,0.030377123039215803,False,76.0,1.3392518740147352,2.566433046013117,1.7232049722224474,0.0,58.0,76.0,6.0,43.0,43.0,175.0,245.0,,,,,,,grid-5x5-h3-d1-r1-b0.3,22e089a008c49f646205b835e0f58d5518d958d6552b2cb62930b6c89c2c9c22,benchmarks/grid/fixed-duration/domain.rddl,benchmarks/grid/fixed-duration/grid-5x5-h3-d1-r1-b0.3.rddl,pruningEF
bottom-up-retention-v2,5,4,0.1,1,2023,Rank,1.0,0.7,120.0,ok,9.95908990234375,0.09850613688354494,0.21666262298822403,False,844.0,36.2616335041821,51.51829996611923,20.643152063712478,0.0,623.0,844.0,20.0,804.0,1022.0,5166.0,7050.0,1000,0.102,4.0,4.603583251009695,policies/Rank-5-h4-d0.1-a1-l0.7.json,,grid-5x5-h4-d1-r1-b0.1,1908d944b6414c2ca44181e62d668caeb6e065c3eb0a7215a35a13067ca0891d,benchmarks/grid/fixed-duration/domain.rddl,benchmarks/grid/fixed-duration/grid-5x5-h4-d1-r1-b0.1.rddl,pruningEF
bottom-up-retention-v2,5,4,0.1,1,2023,Rank,1.0,0.9,120.0,ok,9.856191806640624,0.09793244653930666,0.35418096894863993,False,1180.0,61.54973723459989,99.78242486249655,50.11815472971648,0.0,1069.0,1180.0,25.0,1410.0,1535.0,11140.0,12521.0,1000,0.095,4.0,4.55128210701514,policies/Rank-5-h4-d0.1-a1-l0.9.json,,grid-5x5-h4-d1-r1-b0.1,1908d944b6414c2ca44181e62d668caeb6e065c3eb0a7215a35a13067ca0891d,benchmarks/grid/fixed-duration/domain.rddl,benchmarks/grid/fixed-duration/grid-5x5-h4-d1-r1-b0.1.rddl,pruningEF
bottom-up-retention-v2,5,4,0.1,1,2023,Rank,1.0,0.3,120.0,ok,10.791031250000001,0.0,0.03752189897932112,False,160.0,1.6099148197099566,2.434580121189356,1.454749028198421,0.0,76.0,160.0,5.0,58.0,58.0,124.0,334.0,1000,0.0,4.0,4.555997936986387,policies/Rank-5-h4-d0.1-a1-l0.3.json,,grid-5x5-h4-d1-r1-b0.1,1908d944b6414c2ca44181e62d668caeb6e065c3eb0a7215a35a13067ca0891d,benchmarks/grid/fixed-duration/domain.rddl,benchmarks/grid/fixed-duration/grid-5x5-h4-d1-r1-b0.1.rddl,pruningEF
bottom-up-retention-v2,5,4,0.1,1,2023,Rank,1.0,0.5,120.0,ok,10.681131699218751,0.01074619555664063,0.060482866945676506,False,196.0,3.991897916421294,6.095615914091468,2.621461288072169,0.0,120.0,196.0,8.0,178.0,178.0,415.0,802.0,1000,0.019,4.0,4.511970035964623,policies/Rank-5-h4-d0.1-a1-l0.5.json,,grid-5x5-h4-d1-r1-b0.1,1908d944b6414c2ca44181e62d668caeb6e065c3eb0a7215a35a13067ca0891d,benchmarks/grid/fixed-duration/domain.rddl,benchmarks/grid/fixed-duration/grid-5x5-h4-d1-r1-b0.1.rddl,pruningEF
bottom-up-retention-v2,5,4,0.1,2,2023,Rank,1.0,0.9,120.0,ok,9.856191806640624,0.09793244653930666,0.35314987308811396,False,1180.0,62.0596770895645,99.60295725613832,48.75355423428118,0.0,1069.0,1180.0,25.0,1410.0,1535.0,11140.0,12521.0,,,,,,,grid-5x5-h4-d1-r1-b0.1,1908d944b6414c2ca44181e62d668caeb6e065c3eb0a7215a35a13067ca0891d,benchmarks/grid/fixed-duration/domain.rddl,benchmarks/grid/fixed-duration/grid-5x5-h4-d1-r1-b0.1.rddl,pruningEF
bottom-up-retention-v2,5,4,0.1,2,2023,Rank,1.0,0.3,120.0,ok,10.791031250000001,0.0,0.04029596399050206,False,160.0,1.944154966622591,2.6456621708348393,1.6292609507218003,0.0,76.0,160.0,5.0,58.0,58.0,124.0,334.0,,,,,,,grid-5x5-h4-d1-r1-b0.1,1908d944b6414c2ca44181e62d668caeb6e065c3eb0a7215a35a13067ca0891d,benchmarks/grid/fixed-duration/domain.rddl,benchmarks/grid/fixed-duration/grid-5x5-h4-d1-r1-b0.1.rddl,pruningEF
bottom-up-retention-v2,5,4,0.1,2,2023,Rank,1.0,0.5,120.0,ok,10.681131699218751,0.01074619555664063,0.06444163096603006,False,196.0,4.103434970602393,6.323501002043486,2.672419068403542,0.0,120.0,196.0,8.0,178.0,178.0,415.0,802.0,,,,,,,grid-5x5-h4-d1-r1-b0.1,1908d944b6414c2ca44181e62d668caeb6e065c3eb0a7215a35a13067ca0891d,benchmarks/grid/fixed-duration/domain.rddl,benchmarks/grid/fixed-duration/grid-5x5-h4-d1-r1-b0.1.rddl,pruningEF
bottom-up-retention-v2,5,4,0.1,2,2023,Rank,1.0,0.7,120.0,ok,9.95908990234375,0.09850613688354494,0.2145243879640475,False,844.0,36.432561348192394,50.12283113319427,19.462984870187938,0.0,623.0,844.0,20.0,804.0,1022.0,5166.0,7050.0,,,,,,,grid-5x5-h4-d1-r1-b0.1,1908d944b6414c2ca44181e62d668caeb6e065c3eb0a7215a35a13067ca0891d,benchmarks/grid/fixed-duration/domain.rddl,benchmarks/grid/fixed-duration/grid-5x5-h4-d1-r1-b0.1.rddl,pruningEF
bottom-up-retention-v2,5,4,0.1,3,2023,Rank,1.0,0.3,120.0,ok,10.791031250000001,0.0,0.0386635500472039,False,160.0,2.371481852605939,2.509201061911881,1.4706420479342341,0.0,76.0,160.0,5.0,58.0,58.0,124.0,334.0,,,,,,,grid-5x5-h4-d1-r1-b0.1,1908d944b6414c2ca44181e62d668caeb6e065c3eb0a7215a35a13067ca0891d,benchmarks/grid/fixed-duration/domain.rddl,benchmarks/grid/fixed-duration/grid-5x5-h4-d1-r1-b0.1.rddl,pruningEF
bottom-up-retention-v2,5,4,0.1,3,2023,Rank,1.0,0.5,120.0,ok,10.681131699218751,0.01074619555664063,0.06323528394568712,False,196.0,3.9777939673513174,6.137442076578736,2.5860449532046914,0.0,120.0,196.0,8.0,178.0,178.0,415.0,802.0,,,,,,,grid-5x5-h4-d1-r1-b0.1,1908d944b6414c2ca44181e62d668caeb6e065c3eb0a7215a35a13067ca0891d,benchmarks/grid/fixed-duration/domain.rddl,benchmarks/grid/fixed-duration/grid-5x5-h4-d1-r1-b0.1.rddl,pruningEF
bottom-up-retention-v2,5,4,0.1,3,2023,Rank,1.0,0.7,120.0,ok,9.95908990234375,0.09850613688354494,0.21573661000002176,False,844.0,36.597058176994324,50.59268500190228,19.721703021787107,0.0,623.0,844.0,20.0,804.0,1022.0,5166.0,7050.0,,,,,,,grid-5x5-h4-d1-r1-b0.1,1908d944b6414c2ca44181e62d668caeb6e065c3eb0a7215a35a13067ca0891d,benchmarks/grid/fixed-duration/domain.rddl,benchmarks/grid/fixed-duration/grid-5x5-h4-d1-r1-b0.1.rddl,pruningEF
bottom-up-retention-v2,5,4,0.1,3,2023,Rank,1.0,0.9,120.0,ok,9.856191806640624,0.09793244653930666,0.38799022196326405,False,1180.0,64.34027955401689,121.31608871277422,53.03629580885172,0.0,1069.0,1180.0,25.0,1410.0,1535.0,11140.0,12521.0,,,,,,,grid-5x5-h4-d1-r1-b0.1,1908d944b6414c2ca44181e62d668caeb6e065c3eb0a7215a35a13067ca0891d,benchmarks/grid/fixed-duration/domain.rddl,benchmarks/grid/fixed-duration/grid-5x5-h4-d1-r1-b0.1.rddl,pruningEF
bottom-up-retention-v2,5,4,0.2,1,2023,Rank,1.0,0.9,120.0,ok,8.7915875390625,0.1511191234680176,0.1476876320084557,False,568.0,13.912173686549067,24.21122172381729,11.1771859228611,0.0,523.0,568.0,13.0,303.0,315.0,2535.0,2761.0,1000,0.152,4.0,4.45840203599073,policies/Rank-5-h4-d0.2-a1-l0.9.json,,grid-5x5-h4-d1-r1-b0.2,48d1800adc3241e68e2bd399602b82183aded8fdacd64f217363b84eb7d178d4,benchmarks/grid/fixed-duration/domain.rddl,benchmarks/grid/fixed-duration/grid-5x5-h4-d1-r1-b0.2.rddl,pruningEF
bottom-up-retention-v2,5,4,0.2,1,2023,Rank,1.0,0.3,120.0,ok,10.791031250000001,0.0,0.04235520993825048,False,160.0,2.260743291117251,4.021886154077947,1.7237657448276877,0.0,76.0,160.0,5.0,58.0,58.0,124.0,334.0,1000,0.0,4.0,4.5282104189973325,policies/Rank-5-h4-d0.2-a1-l0.3.json,,grid-5x5-h4-d1-r1-b0.2,48d1800adc3241e68e2bd399602b82183aded8fdacd64f217363b84eb7d178d4,benchmarks/grid/fixed-duration/domain.rddl,benchmarks/grid/fixed-duration/grid-5x5-h4-d1-r1-b0.2.rddl,pruningEF
bottom-up-retention-v2,5,4,0.2,1,2023,Rank,1.0,0.5,120.0,ok,10.839988730468752,0.01074619555664063,0.06100464705377817,False,196.0,3.9601511089131236,6.080165272578597,2.4461819557473063,0.0,120.0,196.0,8.0,178.0,178.0,416.0,802.0,1000,0.019,4.0,4.666833750088699,policies/Rank-5-h4-d0.2-a1-l0.5.json,,grid-5x5-h4-d1-r1-b0.2,48d1800adc3241e68e2bd399602b82183aded8fdacd64f217363b84eb7d178d4,benchmarks/grid/fixed-duration/domain.rddl,benchmarks/grid/fixed-duration/grid-5x5-h4-d1-r1-b0.2.rddl,pruningEF
bottom-up-retention-v2,5,4,0.2,1,2023,Rank,1.0,0.7,120.0,ok,10.587442724609376,0.03960103051757814,0.0998181130271405,False,328.0,8.157923934049904,12.866541044786572,4.006313974969089,0.0,244.0,328.0,10.0,267.0,279.0,1140.0,1597.0,1000,0.05,4.0,4.506142426049337,policies/Rank-5-h4-d0.2-a1-l0.7.json,,grid-5x5-h4-d1-r1-b0.2,48d1800adc3241e68e2bd399602b82183aded8fdacd64f217363b84eb7d178d4,benchmarks/grid/fixed-duration/domain.rddl,benchmarks/grid/fixed-duration/grid-5x5-h4-d1-r1-b0.2.rddl,pruningEF
bottom-up-retention-v2,5,4,0.2,2,2023,Rank,1.0,0.3,120.0,ok,10.791031250000001,0.0,0.045860958052799106,False,160.0,2.1149670938029885,2.60848889593035,1.5731649473309517,0.0,76.0,160.0,5.0,58.0,58.0,124.0,334.0,,,,,,,grid-5x5-h4-d1-r1-b0.2,48d1800adc3241e68e2bd399602b82183aded8fdacd64f217363b84eb7d178d4,benchmarks/grid/fixed-duration/domain.rddl,benchmarks/grid/fixed-duration/grid-5x5-h4-d1-r1-b0.2.rddl,pruningEF
bottom-up-retention-v2,5,4,0.2,2,2023,Rank,1.0,0.5,120.0,ok,10.839988730468752,0.01074619555664063,0.06879426701925695,False,196.0,4.039537045173347,6.206947844475508,2.8584629762917757,0.0,120.0,196.0,8.0,178.0,178.0,416.0,802.0,,,,,,,grid-5x5-h4-d1-r1-b0.2,48d1800adc3241e68e2bd399602b82183aded8fdacd64f217363b84eb7d178d4,benchmarks/grid/fixed-duration/domain.rddl,benchmarks/grid/fixed-duration/grid-5x5-h4-d1-r1-b0.2.rddl,pruningEF
bottom-up-retention-v2,5,4,0.2,2,2023,Rank,1.0,0.7,120.0,ok,10.587442724609376,0.03960103051757814,0.09697392501402646,False,328.0,7.943680160678923,12.577612069435418,3.710480174049735,0.0,244.0,328.0,10.0,267.0,279.0,1140.0,1597.0,,,,,,,grid-5x5-h4-d1-r1-b0.2,48d1800adc3241e68e2bd399602b82183aded8fdacd64f217363b84eb7d178d4,benchmarks/grid/fixed-duration/domain.rddl,benchmarks/grid/fixed-duration/grid-5x5-h4-d1-r1-b0.2.rddl,pruningEF
bottom-up-retention-v2,5,4,0.2,2,2023,Rank,1.0,0.9,120.0,ok,8.7915875390625,0.1511191234680176,0.14114399102982134,False,568.0,12.908593169413507,23.06749438866973,10.444041225127876,0.0,523.0,568.0,13.0,303.0,315.0,2535.0,2761.0,,,,,,,grid-5x5-h4-d1-r1-b0.2,48d1800adc3241e68e2bd399602b82183aded8fdacd64f217363b84eb7d178d4,benchmarks/grid/fixed-duration/domain.rddl,benchmarks/grid/fixed-duration/grid-5x5-h4-d1-r1-b0.2.rddl,pruningEF
bottom-up-retention-v2,5,4,0.2,3,2023,Rank,1.0,0.3,120.0,ok,10.791031250000001,0.0,0.042027299059554935,False,160.0,2.2311770590022206,2.634208765812218,1.5143711352720857,0.0,76.0,160.0,5.0,58.0,58.0,124.0,334.0,,,,,,,grid-5x5-h4-d1-r1-b0.2,48d1800adc3241e68e2bd399602b82183aded8fdacd64f217363b84eb7d178d4,benchmarks/grid/fixed-duration/domain.rddl,benchmarks/grid/fixed-duration/grid-5x5-h4-d1-r1-b0.2.rddl,pruningEF
bottom-up-retention-v2,5,4,0.2,3,2023,Rank,1.0,0.5,120.0,ok,10.839988730468752,0.01074619555664063,0.06182613200508058,False,196.0,4.014508216641843,5.935505963861942,2.44320509955287,0.0,120.0,196.0,8.0,178.0,178.0,416.0,802.0,,,,,,,grid-5x5-h4-d1-r1-b0.2,48d1800adc3241e68e2bd399602b82183aded8fdacd64f217363b84eb7d178d4,benchmarks/grid/fixed-duration/domain.rddl,benchmarks/grid/fixed-duration/grid-5x5-h4-d1-r1-b0.2.rddl,pruningEF
bottom-up-retention-v2,5,4,0.2,3,2023,Rank,1.0,0.7,120.0,ok,10.587442724609376,0.03960103051757814,0.1008161639329046,False,328.0,8.501700824126601,13.22282722685486,3.901577088981867,0.0,244.0,328.0,10.0,267.0,279.0,1140.0,1597.0,,,,,,,grid-5x5-h4-d1-r1-b0.2,48d1800adc3241e68e2bd399602b82183aded8fdacd64f217363b84eb7d178d4,benchmarks/grid/fixed-duration/domain.rddl,benchmarks/grid/fixed-duration/grid-5x5-h4-d1-r1-b0.2.rddl,pruningEF
bottom-up-retention-v2,5,4,0.2,3,2023,Rank,1.0,0.9,120.0,ok,8.7915875390625,0.1511191234680176,0.1536959910299629,False,568.0,13.109461055137217,22.479689097963274,10.184350772760808,0.0,523.0,568.0,13.0,303.0,315.0,2535.0,2761.0,,,,,,,grid-5x5-h4-d1-r1-b0.2,48d1800adc3241e68e2bd399602b82183aded8fdacd64f217363b84eb7d178d4,benchmarks/grid/fixed-duration/domain.rddl,benchmarks/grid/fixed-duration/grid-5x5-h4-d1-r1-b0.2.rddl,pruningEF
bottom-up-retention-v2,5,4,0.3,1,2023,Rank,1.0,0.3,120.0,ok,10.791031250000001,0.0,0.038871760945767164,False,160.0,1.787693938240409,2.5112598668783903,1.6404042253270745,0.0,76.0,160.0,5.0,58.0,58.0,124.0,334.0,1000,0.0,4.0,4.472564350930043,policies/Rank-5-h4-d0.3-a1-l0.3.json,,grid-5x5-h4-d1-r1-b0.3,ab6f51b97e4aebc3bc2f3935bce339d5433906f3a3580f79e8a7f1c385603898,benchmarks/grid/fixed-duration/domain.rddl,benchmarks/grid/fixed-duration/grid-5x5-h4-d1-r1-b0.3.rddl,pruningEF
bottom-up-retention-v2,5,4,0.3,1,2023,Rank,1.0,0.5,120.0,ok,10.786191464843752,0.0007618205566406254,0.06027322402223945,False,208.0,4.376325756311417,6.266090902499855,2.576744882389903,0.0,127.0,208.0,8.0,179.0,179.0,440.0,849.0,1000,0.0,4.0,4.429987618001178,policies/Rank-5-h4-d0.3-a1-l0.5.json,,grid-5x5-h4-d1-r1-b0.3,ab6f51b97e4aebc3bc2f3935bce339d5433906f3a3580f79e8a7f1c385603898,benchmarks/grid/fixed-duration/domain.rddl,benchmarks/grid/fixed-duration/grid-5x5-h4-d1-r1-b0.3.rddl,pruningEF
bottom-up-retention-v2,5,4,0.3,1,2023,Rank,1.0,0.7,120.0,ok,10.711675068359376,0.19021566137695317,0.0932770639192313,False,328.0,8.584689116105437,12.640070985071361,3.8524079136550426,0.0,249.0,328.0,10.0,268.0,268.0,1156.0,1620.0,1000,0.174,4.0,4.393081292044371,policies/Rank-5-h4-d0.3-a1-l0.7.json,,grid-5x5-h4-d1-r1-b0.3,ab6f51b97e4aebc3bc2f3935bce339d5433906f3a3580f79e8a7f1c385603898,benchmarks/grid/fixed-duration/domain.rddl,benchmarks/grid/fixed-duration/grid-5x5-h4-d1-r1-b0.3.rddl,pruningEF
bottom-up-retention-v2,5,4,0.3,1,2023,Rank,1.0,0.9,120.0,ok,8.241031249999999,0.1550986694091797,0.2789632910862565,False,868.0,57.106658816337585,69.32223227340728,26.11062105279416,0.0,799.0,868.0,21.0,947.0,992.0,7562.0,8260.0,1000,0.154,4.0,4.303034496027976,policies/Rank-5-h4-d0.3-a1-l0.9.json,,grid-5x5-h4-d1-r1-b0.3,ab6f51b97e4aebc3bc2f3935bce339d5433906f3a3580f79e8a7f1c385603898,benchmarks/grid/fixed-duration/domain.rddl,benchmarks/grid/fixed-duration/grid-5x5-h4-d1-r1-b0.3.rddl,pruningEF
bottom-up-retention-v2,5,4,0.3,2,2023,Rank,1.0,0.3,120.0,ok,10.791031250000001,0.0,0.036442619981244206,False,160.0,1.7164068995043635,2.3117760429158807,1.3595749624073505,0.0,76.0,160.0,5.0,58.0,58.0,124.0,334.0,,,,,,,grid-5x5-h4-d1-r1-b0.3,ab6f51b97e4aebc3bc2f3935bce339d5433906f3a3580f79e8a7f1c385603898,benchmarks/grid/fixed-duration/domain.rddl,benchmarks/grid/fixed-duration/grid-5x5-h4-d1-r1-b0.3.rddl,pruningEF
bottom-up-retention-v2,5,4,0.3,2,2023,Rank,1.0,0.5,120.0,ok,10.786191464843752,0.0007618205566406254,0.05694095604121685,False,208.0,4.01987589430064,5.982938804663718,2.4003881262615323,0.0,127.0,208.0,8.0,179.0,179.0,440.0,849.0,,,,,,,grid-5x5-h4-d1-r1-b0.3,ab6f51b97e4aebc3bc2f3935bce339d5433906f3a3580f79e8a7f1c385603898,benchmarks/grid/fixed-duration/domain.rddl,benchmarks/grid/fixed-duration/grid-5x5-h4-d1-r1-b0.3.rddl,pruningEF
bottom-up-retention-v2,5,4,0.3,2,2023,Rank,1.0,0.7,120.0,ok,10.711675068359376,0.19021566137695317,0.08574683894403279,False,328.0,7.187507813796401,12.192122987471521,3.370000864379108,0.0,249.0,328.0,10.0,268.0,268.0,1156.0,1620.0,,,,,,,grid-5x5-h4-d1-r1-b0.3,ab6f51b97e4aebc3bc2f3935bce339d5433906f3a3580f79e8a7f1c385603898,benchmarks/grid/fixed-duration/domain.rddl,benchmarks/grid/fixed-duration/grid-5x5-h4-d1-r1-b0.3.rddl,pruningEF
bottom-up-retention-v2,5,4,0.3,2,2023,Rank,1.0,0.9,120.0,ok,8.241031249999999,0.1550986694091797,0.27765356400050223,False,868.0,42.21177625004202,86.06430911459029,27.031150297261775,0.0,799.0,868.0,21.0,947.0,992.0,7562.0,8260.0,,,,,,,grid-5x5-h4-d1-r1-b0.3,ab6f51b97e4aebc3bc2f3935bce339d5433906f3a3580f79e8a7f1c385603898,benchmarks/grid/fixed-duration/domain.rddl,benchmarks/grid/fixed-duration/grid-5x5-h4-d1-r1-b0.3.rddl,pruningEF
bottom-up-retention-v2,5,4,0.3,3,2023,Rank,1.0,0.5,120.0,ok,10.786191464843752,0.0007618205566406254,0.05894426989834756,False,208.0,4.256654880009592,6.171626853756607,2.4571571266278625,0.0,127.0,208.0,8.0,179.0,179.0,440.0,849.0,,,,,,,grid-5x5-h4-d1-r1-b0.3,ab6f51b97e4aebc3bc2f3935bce339d5433906f3a3580f79e8a7f1c385603898,benchmarks/grid/fixed-duration/domain.rddl,benchmarks/grid/fixed-duration/grid-5x5-h4-d1-r1-b0.3.rddl,pruningEF
bottom-up-retention-v2,5,4,0.3,3,2023,Rank,1.0,0.7,120.0,ok,10.711675068359376,0.19021566137695317,0.08955883095040917,False,328.0,8.06769891642034,12.282384210266173,3.6675389856100082,0.0,249.0,328.0,10.0,268.0,268.0,1156.0,1620.0,,,,,,,grid-5x5-h4-d1-r1-b0.3,ab6f51b97e4aebc3bc2f3935bce339d5433906f3a3580f79e8a7f1c385603898,benchmarks/grid/fixed-duration/domain.rddl,benchmarks/grid/fixed-duration/grid-5x5-h4-d1-r1-b0.3.rddl,pruningEF
bottom-up-retention-v2,5,4,0.3,3,2023,Rank,1.0,0.9,120.0,ok,8.241031249999999,0.1550986694091797,0.2755013220012188,False,868.0,59.337710263207555,68.25596187263727,25.941562955267727,0.0,799.0,868.0,21.0,947.0,992.0,7562.0,8260.0,,,,,,,grid-5x5-h4-d1-r1-b0.3,ab6f51b97e4aebc3bc2f3935bce339d5433906f3a3580f79e8a7f1c385603898,benchmarks/grid/fixed-duration/domain.rddl,benchmarks/grid/fixed-duration/grid-5x5-h4-d1-r1-b0.3.rddl,pruningEF
bottom-up-retention-v2,5,4,0.3,3,2023,Rank,1.0,0.3,120.0,ok,10.791031250000001,0.0,0.03765351802576333,False,160.0,1.7463479889556766,2.3521529510617256,1.4314979780465364,0.0,76.0,160.0,5.0,58.0,58.0,124.0,334.0,,,,,,,grid-5x5-h4-d1-r1-b0.3,ab6f51b97e4aebc3bc2f3935bce339d5433906f3a3580f79e8a7f1c385603898,benchmarks/grid/fixed-duration/domain.rddl,benchmarks/grid/fixed-duration/grid-5x5-h4-d1-r1-b0.3.rddl,pruningEF
bottom-up-retention-v2,5,5,0.1,1,2023,Rank,1.0,0.3,120.0,ok,11.729504612384034,0.0003297549697036745,0.1297387219965458,False,556.0,11.906402185559273,14.674280071631074,3.6875411169603467,0.0,257.0,556.0,9.0,544.0,544.0,783.0,2348.0,1000,0.0,5.0,5.6672647839877754,policies/Rank-5-h5-d0.1-a1-l0.3.json,,grid-5x5-h5-d1-r1-b0.1,c2782ac2130146505c431b6d79606db6ec0d93d61eafd747313eeaa42908d059,benchmarks/grid/fixed-duration/domain.rddl,benchmarks/grid/fixed-duration/grid-5x5-h5-d1-r1-b0.1.rddl,pruningEF
bottom-up-retention-v2,5,5,0.1,1,2023,Rank,1.0,0.5,120.0,ok,11.62535635175171,0.012887433588867193,0.17775259190239012,False,724.0,18.95288599189371,26.7372012604028,5.038409028202295,0.0,439.0,724.0,11.0,807.0,807.0,2007.0,3881.0,1000,0.02,5.0,5.569157180027105,policies/Rank-5-h5-d0.1-a1-l0.5.json,,grid-5x5-h5-d1-r1-b0.1,c2782ac2130146505c431b6d79606db6ec0d93d61eafd747313eeaa42908d059,benchmarks/grid/fixed-duration/domain.rddl,benchmarks/grid/fixed-duration/grid-5x5-h5-d1-r1-b0.1.rddl,pruningEF
bottom-up-retention-v2,5,5,0.1,1,2023,Rank,1.0,0.7,120.0,ok,11.16415051813965,0.05492889492504502,0.6238216110505164,False,2236.0,128.77618509810418,195.1991234673187,34.7509483108297,0.0,1691.0,2236.0,25.0,2673.0,2849.0,16776.0,22907.0,1000,0.046,5.0,5.656492018024437,policies/Rank-5-h5-d0.1-a1-l0.7.json,,grid-5x5-h5-d1-r1-b0.1,c2782ac2130146505c431b6d79606db6ec0d93d61eafd747313eeaa42908d059,benchmarks/grid/fixed-duration/domain.rddl,benchmarks/grid/fixed-duration/grid-5x5-h5-d1-r1-b0.1.rddl,pruningEF
bottom-up-retention-v2,5,5,0.1,1,2023,Rank,1.0,0.9,120.0,ok,10.427159029260254,0.0999890286491318,0.7082202340243384,False,2524.0,111.13164515700191,199.56420513335615,81.81597699876875,0.0,2302.0,2524.0,26.0,2371.0,2503.0,20175.0,22381.0,1000,0.106,5.0,5.5983843359863386,policies/Rank-5-h5-d0.1-a1-l0.9.json,,grid-5x5-h5-d1-r1-b0.1,c2782ac2130146505c431b6d79606db6ec0d93d61eafd747313eeaa42908d059,benchmarks/grid/fixed-duration/domain.rddl,benchmarks/grid/fixed-duration/grid-5x5-h5-d1-r1-b0.1.rddl,pruningEF
bottom-up-retention-v2,5,5,0.1,2,2023,Rank,1.0,0.5,120.0,ok,11.62535635175171,0.012887433588867193,0.18378825893159956,False,724.0,21.05026924982667,28.037615003995597,5.603639758192003,0.0,439.0,724.0,11.0,807.0,807.0,2007.0,3881.0,,,,,,,grid-5x5-h5-d1-r1-b0.1,c2782ac2130146505c431b6d79606db6ec0d93d61eafd747313eeaa42908d059,benchmarks/grid/fixed-duration/domain.rddl,benchmarks/grid/fixed-duration/grid-5x5-h5-d1-r1-b0.1.rddl,pruningEF
bottom-up-retention-v2,5,5,0.1,2,2023,Rank,1.0,0.7,120.0,ok,11.16415051813965,0.05492889492504502,0.6222664540400729,False,2236.0,143.75006302725524,192.0430260943249,34.0087020304054,0.0,1691.0,2236.0,25.0,2673.0,2849.0,16776.0,22907.0,,,,,,,grid-5x5-h5-d1-r1-b0.1,c2782ac2130146505c431b6d79606db6ec0d93d61eafd747313eeaa42908d059,benchmarks/grid/fixed-duration/domain.rddl,benchmarks/grid/fixed-duration/grid-5x5-h5-d1-r1-b0.1.rddl,pruningEF
bottom-up-retention-v2,5,5,0.1,2,2023,Rank,1.0,0.9,120.0,ok,10.427159029260254,0.0999890286491318,0.7126392460195348,False,2524.0,112.00437822844833,200.38491499144584,78.03058926947415,0.0,2302.0,2524.0,26.0,2371.0,2503.0,20175.0,22381.0,,,,,,,grid-5x5-h5-d1-r1-b0.1,c2782ac2130146505c431b6d79606db6ec0d93d61eafd747313eeaa42908d059,benchmarks/grid/fixed-duration/domain.rddl,benchmarks/grid/fixed-duration/grid-5x5-h5-d1-r1-b0.1.rddl,pruningEF
bottom-up-retention-v2,5,5,0.1,2,2023,Rank,1.0,0.3,120.0,ok,11.729504612384034,0.0003297549697036745,0.12717064504977316,False,556.0,12.655484955757856,14.630242134444416,3.663219860754907,0.0,257.0,556.0,9.0,544.0,544.0,783.0,2348.0,,,,,,,grid-5x5-h5-d1-r1-b0.1,c2782ac2130146505c431b6d79606db6ec0d93d61eafd747313eeaa42908d059,benchmarks/grid/fixed-duration/domain.rddl,benchmarks/grid/fixed-duration/grid-5x5-h5-d1-r1-b0.1.rddl,pruningEF
bottom-up-retention-v2,5,5,0.1,3,2023,Rank,1.0,0.7,120.0,ok,11.16415051813965,0.05492889492504502,0.5814190040109679,False,2236.0,122.47216398827732,163.94864965695888,33.27073389664292,0.0,1691.0,2236.0,25.0,2673.0,2849.0,16776.0,22907.0,,,,,,,grid-5x5-h5-d1-r1-b0.1,c2782ac2130146505c431b6d79606db6ec0d93d61eafd747313eeaa42908d059,benchmarks/grid/fixed-duration/domain.rddl,benchmarks/grid/fixed-duration/grid-5x5-h5-d1-r1-b0.1.rddl,pruningEF
bottom-up-retention-v2,5,5,0.1,3,2023,Rank,1.0,0.9,120.0,ok,10.427159029260254,0.0999890286491318,0.767715657944791,False,2524.0,122.1315850270912,204.0973867988214,81.53215132188052,0.0,2302.0,2524.0,26.0,2371.0,2503.0,20175.0,22381.0,,,,,,,grid-5x5-h5-d1-r1-b0.1,c2782ac2130146505c431b6d79606db6ec0d93d61eafd747313eeaa42908d059,benchmarks/grid/fixed-duration/domain.rddl,benchmarks/grid/fixed-duration/grid-5x5-h5-d1-r1-b0.1.rddl,pruningEF
bottom-up-retention-v2,5,5,0.1,3,2023,Rank,1.0,0.3,120.0,ok,11.729504612384034,0.0003297549697036745,0.1303303960012272,False,556.0,12.77069200295955,14.394851168617606,3.5912879975512624,0.0,257.0,556.0,9.0,544.0,544.0,783.0,2348.0,,,,,,,grid-5x5-h5-d1-r1-b0.1,c2782ac2130146505c431b6d79606db6ec0d93d61eafd747313eeaa42908d059,benchmarks/grid/fixed-duration/domain.rddl,benchmarks/grid/fixed-duration/grid-5x5-h5-d1-r1-b0.1.rddl,pruningEF
bottom-up-retention-v2,5,5,0.1,3,2023,Rank,1.0,0.5,120.0,ok,11.62535635175171,0.012887433588867193,0.19605214707553387,False,724.0,22.082155104726553,39.08151714131236,6.435588002204895,0.0,439.0,724.0,11.0,807.0,807.0,2007.0,3881.0,,,,,,,grid-5x5-h5-d1-r1-b0.1,c2782ac2130146505c431b6d79606db6ec0d93d61eafd747313eeaa42908d059,benchmarks/grid/fixed-duration/domain.rddl,benchmarks/grid/fixed-duration/grid-5x5-h5-d1-r1-b0.1.rddl,pruningEF
bottom-up-retention-v2,5,5,0.2,1,2023,Rank,1.0,0.5,120.0,ok,11.777657308447267,0.012164754384613043,0.1982104000635445,False,724.0,24.305092287249863,31.614118837751448,6.218159105628729,0.0,436.0,724.0,12.0,939.0,951.0,2239.0,4353.0,1000,0.021,5.0,5.95585059793666,policies/Rank-5-h5-d0.2-a1-l0.5.json,,grid-5x5-h5-d1-r1-b0.2,f3d6fa15df4240a746e6ac4eff341a7504eaa7cc09751818ef06e89040b79377,benchmarks/grid/fixed-duration/domain.rddl,benchmarks/grid/fixed-duration/grid-5x5-h5-d1-r1-b0.2.rddl,pruningEF
bottom-up-retention-v2,5,5,0.2,1,2023,Rank,1.0,0.7,120.0,ok,11.459549408184815,0.03543103035104372,0.3804976100800559,False,1384.0,76.99380489066243,81.20352518744767,11.216331040486693,0.0,1024.0,1384.0,17.0,1725.0,1916.0,8144.0,11244.0,1000,0.033,5.0,5.941151821985841,policies/Rank-5-h5-d0.2-a1-l0.7.json,,grid-5x5-h5-d1-r1-b0.2,f3d6fa15df4240a746e6ac4eff341a7504eaa7cc09751818ef06e89040b79377,benchmarks/grid/fixed-duration/domain.rddl,benchmarks/grid/fixed-duration/grid-5x5-h5-d1-r1-b0.2.rddl,pruningEF
bottom-up-retention-v2,5,5,0.2,1,2023,Rank,1.0,0.9,120.0,ok,9.336185924951172,0.15301462866670992,1.234530522953719,False,3508.0,267.3026118427515,367.3992163967341,108.17430098541081,0.0,3194.0,3508.0,32.0,4828.0,5252.0,41662.0,45720.0,1000,0.172,5.0,6.1145374740008265,policies/Rank-5-h5-d0.2-a1-l0.9.json,,grid-5x5-h5-d1-r1-b0.2,f3d6fa15df4240a746e6ac4eff341a7504eaa7cc09751818ef06e89040b79377,benchmarks/grid/fixed-duration/domain.rddl,benchmarks/grid/fixed-duration/grid-5x5-h5-d1-r1-b0.2.rddl,pruningEF
bottom-up-retention-v2,5,5,0.2,1,2023,Rank,1.0,0.3,120.0,ok,11.729504612384034,0.0003297549697036745,0.13879589398857206,False,556.0,11.833168799057603,14.59770102519542,3.6782959941774607,0.0,257.0,556.0,9.0,544.0,544.0,783.0,2348.0,1000,0.0,5.0,5.582545359036885,policies/Rank-5-h5-d0.2-a1-l0.3.json,,grid-5x5-h5-d1-r1-b0.2,f3d6fa15df4240a746e6ac4eff341a7504eaa7cc09751818ef06e89040b79377,benchmarks/grid/fixed-duration/domain.rddl,benchmarks/grid/fixed-duration/grid-5x5-h5-d1-r1-b0.2.rddl,pruningEF
bottom-up-retention-v2,5,5,0.2,2,2023,Rank,1.0,0.7,120.0,ok,11.459549408184815,0.03543103035104372,0.36625892692245543,False,1384.0,60.200253617949784,81.57828007824719,11.69486518483609,0.0,1024.0,1384.0,17.0,1725.0,1916.0,8144.0,11244.0,,,,,,,grid-5x5-h5-d1-r1-b0.2,f3d6fa15df4240a746e6ac4eff341a7504eaa7cc09751818ef06e89040b79377,benchmarks/grid/fixed-duration/domain.rddl,benchmarks/grid/fixed-duration/grid-5x5-h5-d1-r1-b0.2.rddl,pruningEF
bottom-up-retention-v2,5,5,0.2,2,2023,Rank,1.0,0.9,120.0,ok,9.336185924951172,0.15301462866670992,1.1946086039533839,False,3508.0,256.9931139005348,393.838873016648,105.85540812462568,0.0,3194.0,3508.0,32.0,4828.0,5252.0,41662.0,45720.0,,,,,,,grid-5x5-h5-d1-r1-b0.2,f3d6fa15df4240a746e6ac4eff341a7504eaa7cc09751818ef06e89040b79377,benchmarks/grid/fixed-duration/domain.rddl,benchmarks/grid/fixed-duration/grid-5x5-h5-d1-r1-b0.2.rddl,pruningEF
bottom-up-retention-v2,5,5,0.2,2,2023,Rank,1.0,0.3,120.0,ok,11.729504612384034,0.0003297549697036745,0.13305995392147452,False,556.0,13.27800506260246,14.822306111454964,3.874274785630405,0.0,257.0,556.0,9.0,544.0,544.0,783.0,2348.0,,,,,,,grid-5x5-h5-d1-r1-b0.2,f3d6fa15df4240a746e6ac4eff341a7504eaa7cc09751818ef06e89040b79377,benchmarks/grid/fixed-duration/domain.rddl,benchmarks/grid/fixed-duration/grid-5x5-h5-d1-r1-b0.2.rddl,pruningEF
bottom-up-retention-v2,5,5,0.2,2,2023,Rank,1.0,0.5,120.0,ok,11.777657308447267,0.012164754384613043,0.18733590689953417,False,724.0,23.497842135839164,30.5585969472304,6.119836121797562,0.0,436.0,724.0,12.0,939.0,951.0,2239.0,4353.0,,,,,,,grid-5x5-h5-d1-r1-b0.2,f3d6fa15df4240a746e6ac4eff341a7504eaa7cc09751818ef06e89040b79377,benchmarks/grid/fixed-duration/domain.rddl,benchmarks/grid/fixed-duration/grid-5x5-h5-d1-r1-b0.2.rddl,pruningEF
bottom-up-retention-v2,5,5,0.2,3,2023,Rank,1.0,0.9,120.0,ok,9.336185924951172,0.15301462866670992,1.208069899934344,False,3508.0,265.57452871929854,356.61638784222305,105.92772904783487,0.0,3194.0,3508.0,32.0,4828.0,5252.0,41662.0,45720.0,,,,,,,grid-5x5-h5-d1-r1-b0.2,f3d6fa15df4240a746e6ac4eff341a7504eaa7cc09751818ef06e89040b79377,benchmarks/grid/fixed-duration/domain.rddl,benchmarks/grid/fixed-duration/grid-5x5-h5-d1-r1-b0.2.rddl,pruningEF
bottom-up-retention-v2,5,5,0.2,3,2023,Rank,1.0,0.3,120.0,ok,11.729504612384034,0.0003297549697036745,0.14559190103318542,False,556.0,12.695392593741417,32.749954727478325,3.7669790908694267,0.0,257.0,556.0,9.0,544.0,544.0,783.0,2348.0,,,,,,,grid-5x5-h5-d1-r1-b0.2,f3d6fa15df4240a746e6ac4eff341a7504eaa7cc09751818ef06e89040b79377,benchmarks/grid/fixed-duration/domain.rddl,benchmarks/grid/fixed-duration/grid-5x5-h5-d1-r1-b0.2.rddl,pruningEF
bottom-up-retention-v2,5,5,0.2,3,2023,Rank,1.0,0.5,120.0,ok,11.777657308447267,0.012164754384613043,0.18752356607001275,False,724.0,24.716983316466212,30.107042868621647,6.164091173559427,0.0,436.0,724.0,12.0,939.0,951.0,2239.0,4353.0,,,,,,,grid-5x5-h5-d1-r1-b0.2,f3d6fa15df4240a746e6ac4eff341a7504eaa7cc09751818ef06e89040b79377,benchmarks/grid/fixed-duration/domain.rddl,benchmarks/grid/fixed-duration/grid-5x5-h5-d1-r1-b0.2.rddl,pruningEF
bottom-up-retention-v2,5,5,0.2,3,2023,Rank,1.0,0.7,120.0,ok,11.459549408184815,0.03543103035104372,0.40086246002465487,False,1384.0,67.34383408911526,102.57591772824526,12.393644894473255,0.0,1024.0,1384.0,17.0,1725.0,1916.0,8144.0,11244.0,,,,,,,grid-5x5-h5-d1-r1-b0.2,f3d6fa15df4240a746e6ac4eff341a7504eaa7cc09751818ef06e89040b79377,benchmarks/grid/fixed-duration/domain.rddl,benchmarks/grid/fixed-duration/grid-5x5-h5-d1-r1-b0.2.rddl,pruningEF
bottom-up-retention-v2,5,5,0.3,1,2023,Rank,1.0,0.7,120.0,ok,11.61023188956299,0.1308868910515938,0.3117245970061049,False,1168.0,46.22680100146681,68.15681396983564,10.169415967538953,0.0,878.0,1168.0,15.0,1394.0,1469.0,6237.0,8659.0,1000,0.122,5.0,5.73454530001618,policies/Rank-5-h5-d0.3-a1-l0.7.json,,grid-5x5-h5-d1-r1-b0.3,87a1da684d35b9dd9860156eecec31919adf2d9eaed7d0d48966428aad4cd464,benchmarks/grid/fixed-duration/domain.rddl,benchmarks/grid/fixed-duration/grid-5x5-h5-d1-r1-b0.3.rddl,pruningEF
bottom-up-retention-v2,5,5,0.3,1,2023,Rank,1.0,0.9,120.0,ok,8.767726799340819,0.19483977791285706,0.8059334460413083,False,2860.0,144.5709140971303,236.80341290310025,62.771317549049854,0.0,2646.0,2860.0,25.0,2898.0,2933.0,24979.0,27251.0,1000,0.21,5.0,5.542003441019915,policies/Rank-5-h5-d0.3-a1-l0.9.json,,grid-5x5-h5-d1-r1-b0.3,87a1da684d35b9dd9860156eecec31919adf2d9eaed7d0d48966428aad4cd464,benchmarks/grid/fixed-duration/domain.rddl,benchmarks/grid/fixed-duration/grid-5x5-h5-d1-r1-b0.3.rddl,pruningEF
bottom-up-retention-v2,5,5,0.3,1,2023,Rank,1.0,0.3,120.0,ok,11.729504612384034,0.0003297549697036745,0.18437053600791842,False,556.0,16.108536045067012,23.821502807550132,4.672481212764978,0.0,257.0,556.0,9.0,544.0,544.0,783.0,2348.0,1000,0.0,5.0,6.024539454025216,policies/Rank-5-h5-d0.3-a1-l0.3.json,,grid-5x5-h5-d1-r1-b0.3,87a1da684d35b9dd9860156eecec31919adf2d9eaed7d0d48966428aad4cd464,benchmarks/grid/fixed-duration/domain.rddl,benchmarks/grid/fixed-duration/grid-5x5-h5-d1-r1-b0.3.rddl,pruningEF
bottom-up-retention-v2,5,5,0.3,1,2023,Rank,1.0,0.5,120.0,ok,11.728457985498048,0.0013379237416076667,0.19115505903027952,False,772.0,24.592144996859133,32.43659692816436,6.188377970829606,0.0,465.0,772.0,12.0,939.0,951.0,2366.0,4569.0,1000,0.006,5.0,5.999879242037423,policies/Rank-5-h5-d0.3-a1-l0.5.json,,grid-5x5-h5-d1-r1-b0.3,87a1da684d35b9dd9860156eecec31919adf2d9eaed7d0d48966428aad4cd464,benchmarks/grid/fixed-duration/domain.rddl,benchmarks/grid/fixed-duration/grid-5x5-h5-d1-r1-b0.3.rddl,pruningEF
bottom-up-retention-v2,5,5,0.3,2,2023,Rank,1.0,0.9,120.0,ok,8.767726799340819,0.19483977791285706,0.9468057309277356,False,2860.0,217.8454000968486,264.7941770264879,71.6687390813604,0.0,2646.0,2860.0,25.0,2898.0,2933.0,24979.0,27251.0,,,,,,,grid-5x5-h5-d1-r1-b0.3,87a1da684d35b9dd9860156eecec31919adf2d9eaed7d0d48966428aad4cd464,benchmarks/grid/fixed-duration/domain.rddl,benchmarks/grid/fixed-duration/grid-5x5-h5-d1-r1-b0.3.rddl,pruningEF
bottom-up-retention-v2,5,5,0.3,2,2023,Rank,1.0,0.3,120.0,ok,11.729504612384034,0.0003297549697036745,0.16001716500613838,False,556.0,15.144017874263227,20.06746386177838,4.638692946173251,0.0,257.0,556.0,9.0,544.0,544.0,783.0,2348.0,,,,,,,grid-5x5-h5-d1-r1-b0.3,87a1da684d35b9dd9860156eecec31919adf2d9eaed7d0d48966428aad4cd464,benchmarks/grid/fixed-duration/domain.rddl,benchmarks/grid/fixed-duration/grid-5x5-h5-d1-r1-b0.3.rddl,pruningEF
bottom-up-retention-v2,5,5,0.3,2,2023,Rank,1.0,0.5,120.0,ok,11.728457985498048,0.0013379237416076667,0.2196063509909436,False,772.0,30.49938997719437,39.224055712111294,6.848502671346068,0.0,465.0,772.0,12.0,939.0,951.0,2366.0,4569.0,,,,,,,grid-5x5-h5-d1-r1-b0.3,87a1da684d35b9dd9860156eecec31919adf2d9eaed7d0d48966428aad4cd464,benchmarks/grid/fixed-duration/domain.rddl,benchmarks/grid/fixed-duration/grid-5x5-h5-d1-r1-b0.3.rddl,pruningEF
bottom-up-retention-v2,5,5,0.3,2,2023,Rank,1.0,0.7,120.0,ok,11.61023188956299,0.1308868910515938,0.3730704369954765,False,1168.0,65.39656000677496,64.96632529888302,10.251666069962084,0.0,878.0,1168.0,15.0,1394.0,1469.0,6237.0,8659.0,,,,,,,grid-5x5-h5-d1-r1-b0.3,87a1da684d35b9dd9860156eecec31919adf2d9eaed7d0d48966428aad4cd464,benchmarks/grid/fixed-duration/domain.rddl,benchmarks/grid/fixed-duration/grid-5x5-h5-d1-r1-b0.3.rddl,pruningEF
bottom-up-retention-v2,5,5,0.3,3,2023,Rank,1.0,0.3,120.0,ok,11.729504612384034,0.0003297549697036745,0.15466630598530173,False,556.0,12.62078678701073,18.276003072969615,4.168824874795973,0.0,257.0,556.0,9.0,544.0,544.0,783.0,2348.0,,,,,,,grid-5x5-h5-d1-r1-b0.3,87a1da684d35b9dd9860156eecec31919adf2d9eaed7d0d48966428aad4cd464,benchmarks/grid/fixed-duration/domain.rddl,benchmarks/grid/fixed-duration/grid-5x5-h5-d1-r1-b0.3.rddl,pruningEF
bottom-up-retention-v2,5,5,0.3,3,2023,Rank,1.0,0.5,120.0,ok,11.728457985498048,0.0013379237416076667,0.20291223004460335,False,772.0,24.977093213237822,31.910660793073475,5.732902907766402,0.0,465.0,772.0,12.0,939.0,951.0,2366.0,4569.0,,,,,,,grid-5x5-h5-d1-r1-b0.3,87a1da684d35b9dd9860156eecec31919adf2d9eaed7d0d48966428aad4cd464,benchmarks/grid/fixed-duration/domain.rddl,benchmarks/grid/fixed-duration/grid-5x5-h5-d1-r1-b0.3.rddl,pruningEF
bottom-up-retention-v2,5,5,0.3,3,2023,Rank,1.0,0.7,120.0,ok,11.61023188956299,0.1308868910515938,0.32842436502687633,False,1168.0,49.4319899007678,69.2438631085679,10.62211615499109,0.0,878.0,1168.0,15.0,1394.0,1469.0,6237.0,8659.0,,,,,,,grid-5x5-h5-d1-r1-b0.3,87a1da684d35b9dd9860156eecec31919adf2d9eaed7d0d48966428aad4cd464,benchmarks/grid/fixed-duration/domain.rddl,benchmarks/grid/fixed-duration/grid-5x5-h5-d1-r1-b0.3.rddl,pruningEF
bottom-up-retention-v2,5,5,0.3,3,2023,Rank,1.0,0.9,120.0,ok,8.767726799340819,0.19483977791285706,0.9799665489699692,False,2860.0,227.32016700319946,291.3037908729166,68.85695201344788,0.0,2646.0,2860.0,25.0,2898.0,2933.0,24979.0,27251.0,,,,,,,grid-5x5-h5-d1-r1-b0.3,87a1da684d35b9dd9860156eecec31919adf2d9eaed7d0d48966428aad4cd464,benchmarks/grid/fixed-duration/domain.rddl,benchmarks/grid/fixed-duration/grid-5x5-h5-d1-r1-b0.3.rddl,pruningEF
bottom-up-retention-v2,5,6,0.1,1,2023,Rank,1.0,0.9,120.0,ok,11.162873673619867,0.10000020646465395,6.2335919719189405,False,10624.0,1178.598088095896,1919.4464557804167,1381.8322601728141,0.0,9676.0,10624.0,46.0,21558.0,23461.0,167904.0,184287.0,1000,0.106,6.0,7.0464267790084705,policies/Rank-5-h6-d0.1-a1-l0.9.json,,grid-5x5-h6-d1-r1-b0.1,959c4626f1c8703f136037c5a817d95e59bc4a493656f584d55dcaf308815f3a,benchmarks/grid/fixed-duration/domain.rddl,benchmarks/grid/fixed-duration/grid-5x5-h6-d1-r1-b0.1.rddl,pruningEF
bottom-up-retention-v2,5,6,0.1,1,2023,Rank,1.0,0.3,120.0,ok,12.673340800178838,4.838342970142368e-05,0.40427671698853374,False,1864.0,77.06580590456724,78.93062301445752,9.24054579809308,0.0,850.0,1864.0,15.0,3564.0,3591.0,4643.0,14433.0,1000,0.0,6.0,6.88964102009777,policies/Rank-5-h6-d0.1-a1-l0.3.json,,grid-5x5-h6-d1-r1-b0.1,959c4626f1c8703f136037c5a817d95e59bc4a493656f584d55dcaf308815f3a,benchmarks/grid/fixed-duration/domain.rddl,benchmarks/grid/fixed-duration/grid-5x5-h6-d1-r1-b0.1.rddl,pruningEF
bottom-up-retention-v2,5,6,0.1,1,2023,Rank,1.0,0.5,120.0,ok,12.573418088794858,0.013816124215822512,0.8454139329260215,False,2548.0,202.8371801134199,169.7758121881634,17.35033094882965,0.0,1490.0,2548.0,18.0,5002.0,5396.0,12487.0,24076.0,1000,0.016,6.0,6.946073814993724,policies/Rank-5-h6-d0.1-a1-l0.5.json,,grid-5x5-h6-d1-r1-b0.1,959c4626f1c8703f136037c5a817d95e59bc4a493656f584d55dcaf308815f3a,benchmarks/grid/fixed-duration/domain.rddl,benchmarks/grid/fixed-duration/grid-5x5-h6-d1-r1-b0.1.rddl,pruningEF
bottom-up-retention-v2,5,6,0.1,1,2023,Rank,1.0,0.7,120.0,ok,12.65565259715637,0.09048215827012272,2.4479602760402486,False,7732.0,593.231416773051,705.1600081613287,128.01939295604825,0.0,5745.0,7732.0,33.0,10578.0,12927.0,68113.0,93273.0,1000,0.08,6.0,7.044804068049416,policies/Rank-5-h6-d0.1-a1-l0.7.json,,grid-5x5-h6-d1-r1-b0.1,959c4626f1c8703f136037c5a817d95e59bc4a493656f584d55dcaf308815f3a,benchmarks/grid/fixed-duration/domain.rddl,benchmarks/grid/fixed-duration/grid-5x5-h6-d1-r1-b0.1.rddl,pruningEF
bottom-up-retention-v2,5,6,0.1,2,2023,Rank,1.0,0.3,120.0,ok,12.673340800178838,4.838342970142368e-05,0.4444830931024626,False,1864.0,83.92725768499076,107.17022803146392,10.473084053955972,0.0,850.0,1864.0,15.0,3564.0,3591.0,4643.0,14433.0,,,,,,,grid-5x5-h6-d1-r1-b0.1,959c4626f1c8703f136037c5a817d95e59bc4a493656f584d55dcaf308815f3a,benchmarks/grid/fixed-duration/domain.rddl,benchmarks/grid/fixed-duration/grid-5x5-h6-d1-r1-b0.1.rddl,pruningEF
bottom-up-retention-v2,5,6,0.1,2,2023,Rank,1.0,0.5,120.0,ok,12.573418088794858,0.013816124215822512,0.7331169419921935,False,2548.0,137.54213508218527,181.14793428685516,16.690978314727545,0.0,1490.0,2548.0,18.0,5002.0,5396.0,12487.0,24076.0,,,,,,,grid-5x5-h6-d1-r1-b0.1,959c4626f1c8703f136037c5a817d95e59bc4a493656f584d55dcaf308815f3a,benchmarks/grid/fixed-duration/domain.rddl,benchmarks/grid/fixed-duration/grid-5x5-h6-d1-r1-b0.1.rddl,pruningEF
bottom-up-retention-v2,5,6,0.1,2,2023,Rank,1.0,0.7,120.0,ok,12.65565259715637,0.09048215827012272,2.9509117080597207,False,7732.0,565.7638562843204,782.1225071093068,594.1195099148899,0.0,5745.0,7732.0,33.0,10578.0,12927.0,68113.0,93273.0,,,,,,,grid-5x5-h6-d1-r1-b0.1,959c4626f1c8703f136037c5a817d95e59bc4a493656f584d55dcaf308815f3a,benchmarks/grid/fixed-duration/domain.rddl,benchmarks/grid/fixed-duration/grid-5x5-h6-d1-r1-b0.1.rddl,pruningEF
bottom-up-retention-v2,5,6,0.1,2,2023,Rank,1.0,0.9,120.0,ok,11.162873673619867,0.10000020646465395,5.888381100958213,False,10624.0,1087.488926248625,1721.0621112026274,1374.609621008858,0.0,9676.0,10624.0,46.0,21558.0,23461.0,167904.0,184287.0,,,,,,,grid-5x5-h6-d1-r1-b0.1,959c4626f1c8703f136037c5a817d95e59bc4a493656f584d55dcaf308815f3a,benchmarks/grid/fixed-duration/domain.rddl,benchmarks/grid/fixed-duration/grid-5x5-h6-d1-r1-b0.1.rddl,pruningEF
bottom-up-retention-v2,5,6,0.1,3,2023,Rank,1.0,0.3,120.0,ok,12.673340800178838,4.838342970142368e-05,0.4158263719873503,False,1864.0,81.54451998416334,83.9252551086247,9.960386785678566,0.0,850.0,1864.0,15.0,3564.0,3591.0,4643.0,14433.0,,,,,,,grid-5x5-h6-d1-r1-b0.1,959c4626f1c8703f136037c5a817d95e59bc4a493656f584d55dcaf308815f3a,benchmarks/grid/fixed-duration/domain.rddl,benchmarks/grid/fixed-duration/grid-5x5-h6-d1-r1-b0.1.rddl,pruningEF
bottom-up-retention-v2,5,6,0.1,3,2023,Rank,1.0,0.5,120.0,ok,12.573418088794858,0.013816124215822512,0.7596274859970436,False,2548.0,138.61027045641094,184.8756632534787,16.521774465218186,0.0,1490.0,2548.0,18.0,5002.0,5396.0,12487.0,24076.0,,,,,,,grid-5x5-h6-d1-r1-b0.1,959c4626f1c8703f136037c5a817d95e59bc4a493656f584d55dcaf308815f3a,benchmarks/grid/fixed-duration/domain.rddl,benchmarks/grid/fixed-duration/grid-5x5-h6-d1-r1-b0.1.rddl,pruningEF
bottom-up-retention-v2,5,6,0.1,3,2023,Rank,1.0,0.7,120.0,ok,12.65565259715637,0.09048215827012272,2.417092025047168,False,7732.0,553.6739388480783,755.1672870758921,125.46459748409688,0.0,5745.0,7732.0,33.0,10578.0,12927.0,68113.0,93273.0,,,,,,,grid-5x5-h6-d1-r1-b0.1,959c4626f1c8703f136037c5a817d95e59bc4a493656f584d55dcaf308815f3a,benchmarks/grid/fixed-duration/domain.rddl,benchmarks/grid/fixed-duration/grid-5x5-h6-d1-r1-b0.1.rddl,pruningEF
bottom-up-retention-v2,5,6,0.1,3,2023,Rank,1.0,0.9,120.0,ok,11.162873673619867,0.10000020646465395,5.86067127797287,False,10624.0,1107.4261728208512,1797.981589450501,1359.2859972268343,0.0,9676.0,10624.0,46.0,21558.0,23461.0,167904.0,184287.0,,,,,,,grid-5x5-h6-d1-r1-b0.1,959c4626f1c8703f136037c5a817d95e59bc4a493656f584d55dcaf308815f3a,benchmarks/grid/fixed-duration/domain.rddl,benchmarks/grid/fixed-duration/grid-5x5-h6-d1-r1-b0.1.rddl,pruningEF
bottom-up-retention-v2,5,6,0.2,1,2023,Rank,1.0,0.3,120.0,ok,12.673340800178838,4.838342970142368e-05,0.4108746190322563,False,1864.0,80.11048077605665,82.9839032376185,9.884585859254003,0.0,850.0,1864.0,15.0,3564.0,3591.0,4643.0,14433.0,1000,0.0,6.0,6.83605237910524,policies/Rank-5-h6-d0.2-a1-l0.3.json,,grid-5x5-h6-d1-r1-b0.2,f435a050ed6c57225ff670ff2792667af22e08597cb613b317d984872c88ddcb,benchmarks/grid/fixed-duration/domain.rddl,benchmarks/grid/fixed-duration/grid-5x5-h6-d1-r1-b0.2.rddl,pruningEF
bottom-up-retention-v2,5,6,0.2,1,2023,Rank,1.0,0.5,120.0,ok,12.71703595268522,0.011759779597314718,0.699059022939764,False,2512.0,129.27737890277058,171.4185019955039,15.538823208771646,0.0,1469.0,2512.0,18.0,4992.0,5385.0,12327.0,23775.0,1000,0.015,6.0,6.856146277976222,policies/Rank-5-h6-d0.2-a1-l0.5.json,,grid-5x5-h6-d1-r1-b0.2,f435a050ed6c57225ff670ff2792667af22e08597cb613b317d984872c88ddcb,benchmarks/grid/fixed-duration/domain.rddl,benchmarks/grid/fixed-duration/grid-5x5-h6-d1-r1-b0.2.rddl,pruningEF
bottom-up-retention-v2,5,6,0.2,1,2023,Rank,1.0,0.7,120.0,ok,12.376329127457948,0.0543933795499318,1.6999111670302227,False,5044.0,384.18481789994985,488.6037529213354,41.66779213119298,0.0,3745.0,5044.0,25.0,8767.0,10054.0,44408.0,61230.0,1000,0.045,6.0,6.592291570035741,policies/Rank-5-h6-d0.2-a1-l0.7.json,,grid-5x5-h6-d1-r1-b0.2,f435a050ed6c57225ff670ff2792667af22e08597cb613b317d984872c88ddcb,benchmarks/grid/fixed-duration/domain.rddl,benchmarks/grid/fixed-duration/grid-5x5-h6-d1-r1-b0.2.rddl,pruningEF
bottom-up-retention-v2,5,6,0.2,1,2023,Rank,1.0,0.9,120.0,ok,9.455387994203239,0.1625878537209571,7.0827788970200345,False,15088.0,1658.5693828528747,2220.0089338002726,869.2962299101055,0.0,13834.0,15088.0,48.0,24661.0,26179.0,227746.0,249461.0,1000,0.159,6.0,6.455188305000775,policies/Rank-5-h6-d0.2-a1-l0.9.json,,grid-5x5-h6-d1-r1-b0.2,f435a050ed6c57225ff670ff2792667af22e08597cb613b317d984872c88ddcb,benchmarks/grid/fixed-duration/domain.rddl,benchmarks/grid/fixed-duration/grid-5x5-h6-d1-r1-b0.2.rddl,pruningEF
bottom-up-retention-v2,5,6,0.2,2,2023,Rank,1.0,0.3,120.0,ok,12.673340800178838,4.838342970142368e-05,0.42906804103404284,False,1864.0,80.16995678190142,83.41465087141842,9.939421899616718,0.0,850.0,1864.0,15.0,3564.0,3591.0,4643.0,14433.0,,,,,,,grid-5x5-h6-d1-r1-b0.2,f435a050ed6c57225ff670ff2792667af22e08597cb613b317d984872c88ddcb,benchmarks/grid/fixed-duration/domain.rddl,benchmarks/grid/fixed-duration/grid-5x5-h6-d1-r1-b0.2.rddl,pruningEF
bottom-up-retention-v2,5,6,0.2,2,2023,Rank,1.0,0.5,120.0,ok,12.71703595268522,0.011759779597314718,0.7279245140962303,False,2512.0,160.11550498660654,161.3068049773574,16.265272861346602,0.0,1469.0,2512.0,18.0,4992.0,5385.0,12327.0,23775.0,,,,,,,grid-5x5-h6-d1-r1-b0.2,f435a050ed6c57225ff670ff2792667af22e08597cb613b317d984872c88ddcb,benchmarks/grid/fixed-duration/domain.rddl,benchmarks/grid/fixed-duration/grid-5x5-h6-d1-r1-b0.2.rddl,pruningEF
bottom-up-retention-v2,5,6,0.2,2,2023,Rank,1.0,0.7,120.0,ok,12.376329127457948,0.0543933795499318,1.6604668219806626,False,5044.0,364.8161399178207,482.649736921303,41.50933015625924,0.0,3745.0,5044.0,25.0,8767.0,10054.0,44408.0,61230.0,,,,,,,grid-5x5-h6-d1-r1-b0.2,f435a050ed6c57225ff670ff2792667af22e08597cb613b317d984872c88ddcb,benchmarks/grid/fixed-duration/domain.rddl,benchmarks/grid/fixed-duration/grid-5x5-h6-d1-r1-b0.2.rddl,pruningEF
bottom-up-retention-v2,5,6,0.2,2,2023,Rank,1.0,0.9,120.0,ok,9.455387994203239,0.1625878537209571,6.94012002798263,False,15088.0,1649.7312425635755,2150.8458759635687,851.047444739379,0.0,13834.0,15088.0,48.0,24661.0,26179.0,227746.0,249461.0,,,,,,,grid-5x5-h6-d1-r1-b0.2,f435a050ed6c57225ff670ff2792667af22e08597cb613b317d984872c88ddcb,benchmarks/grid/fixed-duration/domain.rddl,benchmarks/grid/fixed-duration/grid-5x5-h6-d1-r1-b0.2.rddl,pruningEF
bottom-up-retention-v2,5,6,0.2,3,2023,Rank,1.0,0.5,120.0,ok,12.71703595268522,0.011759779597314718,0.74175347504206,False,2512.0,148.00032682251185,172.80849895905703,15.717787318862975,0.0,1469.0,2512.0,18.0,4992.0,5385.0,12327.0,23775.0,,,,,,,grid-5x5-h6-d1-r1-b0.2,f435a050ed6c57225ff670ff2792667af22e08597cb613b317d984872c88ddcb,benchmarks/grid/fixed-duration/domain.rddl,benchmarks/grid/fixed-duration/grid-5x5-h6-d1-r1-b0.2.rddl,pruningEF
bottom-up-retention-v2,5,6,0.2,3,2023,Rank,1.0,0.7,120.0,ok,12.376329127457948,0.0543933795499318,1.6223774139070883,False,5044.0,391.1975841037929,458.5652459645644,40.2449001558125,0.0,3745.0,5044.0,25.0,8767.0,10054.0,44408.0,61230.0,,,,,,,grid-5x5-h6-d1-r1-b0.2,f435a050ed6c57225ff670ff2792667af22e08597cb613b317d984872c88ddcb,benchmarks/grid/fixed-duration/domain.rddl,benchmarks/grid/fixed-duration/grid-5x5-h6-d1-r1-b0.2.rddl,pruningEF
bottom-up-retention-v2,5,6,0.2,3,2023,Rank,1.0,0.9,120.0,ok,9.455387994203239,0.1625878537209571,7.0849168840795755,False,15088.0,1736.8275767657906,2230.4398105479777,867.8416755283251,0.0,13834.0,15088.0,48.0,24661.0,26179.0,227746.0,249461.0,,,,,,,grid-5x5-h6-d1-r1-b0.2,f435a050ed6c57225ff670ff2792667af22e08597cb613b317d984872c88ddcb,benchmarks/grid/fixed-duration/domain.rddl,benchmarks/grid/fixed-duration/grid-5x5-h6-d1-r1-b0.2.rddl,pruningEF
bottom-up-retention-v2,5,6,0.2,3,2023,Rank,1.0,0.3,120.0,ok,12.673340800178838,4.838342970142368e-05,0.41851145995315164,False,1864.0,82.00129470787942,84.66826914809644,10.160688310861588,0.0,850.0,1864.0,15.0,3564.0,3591.0,4643.0,14433.0,,,,,,,grid-5x5-h6-d1-r1-b0.2,f435a050ed6c57225ff670ff2792667af22e08597cb613b317d984872c88ddcb,benchmarks/grid/fixed-duration/domain.rddl,benchmarks/grid/fixed-duration/grid-5x5-h6-d1-r1-b0.2.rddl,pruningEF
bottom-up-retention-v2,5,6,0.3,1,2023,Rank,1.0,0.3,120.0,ok,12.673340800178838,4.838342970142368e-05,0.4256531910505146,False,1864.0,81.48539299145341,83.19255302194506,9.74374485667795,0.0,850.0,1864.0,15.0,3564.0,3591.0,4643.0,14433.0,1000,0.0,6.0,6.879264272050932,policies/Rank-5-h6-d0.3-a1-l0.3.json,,grid-5x5-h6-d1-r1-b0.3,db66b6a1fb137e99afaae553a2b707a4a34e4e9fead656cb8f29b02085bdea0d,benchmarks/grid/fixed-duration/domain.rddl,benchmarks/grid/fixed-duration/grid-5x5-h6-d1-r1-b0.3.rddl,pruningEF
bottom-up-retention-v2,5,6,0.3,1,2023,Rank,1.0,0.5,120.0,ok,12.661357508766294,0.005346098836563051,0.6644209719961509,False,2560.0,124.94738411623985,162.47010219376534,14.79762652888894,0.0,1522.0,2560.0,17.0,4532.0,4669.0,11834.0,22627.0,1000,0.007,6.0,6.703497289912775,policies/Rank-5-h6-d0.3-a1-l0.5.json,,grid-5x5-h6-d1-r1-b0.3,db66b6a1fb137e99afaae553a2b707a4a34e4e9fead656cb8f29b02085bdea0d,benchmarks/grid/fixed-duration/domain.rddl,benchmarks/grid/fixed-duration/grid-5x5-h6-d1-r1-b0.3.rddl,pruningEF
bottom-up-retention-v2,5,6,0.3,1,2023,Rank,1.0,0.7,120.0,ok,12.496226515444262,0.19468013587376615,1.6285275570116937,False,5152.0,359.47350587230176,490.7282672356814,39.821327198296785,0.0,3742.0,5152.0,24.0,8541.0,10990.0,42770.0,58958.0,1000,0.184,6.0,6.682025859947316,policies/Rank-5-h6-d0.3-a1-l0.7.json,,grid-5x5-h6-d1-r1-b0.3,db66b6a1fb137e99afaae553a2b707a4a34e4e9fead656cb8f29b02085bdea0d,benchmarks/grid/fixed-duration/domain.rddl,benchmarks/grid/fixed-duration/grid-5x5-h6-d1-r1-b0.3.rddl,pruningEF
bottom-up-retention-v2,5,6,0.3,1,2023,Rank,1.0,0.9,120.0,ok,8.908182789620875,0.26736236172498096,6.560567507985979,False,13528.0,1746.8369976850227,2157.203039037995,504.23515832517296,0.0,12403.0,13528.0,47.0,25216.0,27060.0,223655.0,244352.0,1000,0.248,6.0,6.820933124981821,policies/Rank-5-h6-d0.3-a1-l0.9.json,,grid-5x5-h6-d1-r1-b0.3,db66b6a1fb137e99afaae553a2b707a4a34e4e9fead656cb8f29b02085bdea0d,benchmarks/grid/fixed-duration/domain.rddl,benchmarks/grid/fixed-duration/grid-5x5-h6-d1-r1-b0.3.rddl,pruningEF
bottom-up-retention-v2,5,6,0.3,2,2023,Rank,1.0,0.5,120.0,ok,12.661357508766294,0.005346098836563051,0.6400880579603836,False,2560.0,120.85992516949773,160.2607718668878,14.377683983184397,0.0,1522.0,2560.0,17.0,4532.0,4669.0,11834.0,22627.0,,,,,,,grid-5x5-h6-d1-r1-b0.3,db66b6a1fb137e99afaae553a2b707a4a34e4e9fead656cb8f29b02085bdea0d,benchmarks/grid/fixed-duration/domain.rddl,benchmarks/grid/fixed-duration/grid-5x5-h6-d1-r1-b0.3.rddl,pruningEF
bottom-up-retention-v2,5,6,0.3,2,2023,Rank,1.0,0.7,120.0,ok,12.496226515444262,0.19468013587376615,1.6440695599885657,False,5152.0,362.6513689523563,462.7432139823213,40.266988100484014,0.0,3742.0,5152.0,24.0,8541.0,10990.0,42770.0,58958.0,,,,,,,grid-5x5-h6-d1-r1-b0.3,db66b6a1fb137e99afaae553a2b707a4a34e4e9fead656cb8f29b02085bdea0d,benchmarks/grid/fixed-duration/domain.rddl,benchmarks/grid/fixed-duration/grid-5x5-h6-d1-r1-b0.3.rddl,pruningEF
bottom-up-retention-v2,5,6,0.3,2,2023,Rank,1.0,0.9,120.0,ok,8.908182789620875,0.26736236172498096,6.292686779983342,False,13528.0,1651.3205389492214,2135.6197375571355,486.8718043435365,0.0,12403.0,13528.0,47.0,25216.0,27060.0,223655.0,244352.0,,,,,,,grid-5x5-h6-d1-r1-b0.3,db66b6a1fb137e99afaae553a2b707a4a34e4e9fead656cb8f29b02085bdea0d,benchmarks/grid/fixed-duration/domain.rddl,benchmarks/grid/fixed-duration/grid-5x5-h6-d1-r1-b0.3.rddl,pruningEF
bottom-up-retention-v2,5,6,0.3,2,2023,Rank,1.0,0.3,120.0,ok,12.673340800178838,4.838342970142368e-05,0.42000665701925755,False,1864.0,79.34137713164091,99.2760299704969,9.49246995151043,0.0,850.0,1864.0,15.0,3564.0,3591.0,4643.0,14433.0,,,,,,,grid-5x5-h6-d1-r1-b0.3,db66b6a1fb137e99afaae553a2b707a4a34e4e9fead656cb8f29b02085bdea0d,benchmarks/grid/fixed-duration/domain.rddl,benchmarks/grid/fixed-duration/grid-5x5-h6-d1-r1-b0.3.rddl,pruningEF
bottom-up-retention-v2,5,6,0.3,3,2023,Rank,1.0,0.7,120.0,ok,12.496226515444262,0.19468013587376615,1.6435155790532008,False,5152.0,386.91682112403214,421.53780173975974,40.498482063412666,0.0,3742.0,5152.0,24.0,8541.0,10990.0,42770.0,58958.0,,,,,,,grid-5x5-h6-d1-r1-b0.3,db66b6a1fb137e99afaae553a2b707a4a34e4e9fead656cb8f29b02085bdea0d,benchmarks/grid/fixed-duration/domain.rddl,benchmarks/grid/fixed-duration/grid-5x5-h6-d1-r1-b0.3.rddl,pruningEF
bottom-up-retention-v2,5,6,0.3,3,2023,Rank,1.0,0.9,120.0,ok,8.908182789620875,0.26736236172498096,6.28834092093166,False,13528.0,1576.361252227798,2144.3412887165323,492.5560044357553,0.0,12403.0,13528.0,47.0,25216.0,27060.0,223655.0,244352.0,,,,,,,grid-5x5-h6-d1-r1-b0.3,db66b6a1fb137e99afaae553a2b707a4a34e4e9fead656cb8f29b02085bdea0d,benchmarks/grid/fixed-duration/domain.rddl,benchmarks/grid/fixed-duration/grid-5x5-h6-d1-r1-b0.3.rddl,pruningEF
bottom-up-retention-v2,5,6,0.3,3,2023,Rank,1.0,0.3,120.0,ok,12.673340800178838,4.838342970142368e-05,0.4256075390148908,False,1864.0,80.81227377988398,102.19952010083944,9.873408824205399,0.0,850.0,1864.0,15.0,3564.0,3591.0,4643.0,14433.0,,,,,,,grid-5x5-h6-d1-r1-b0.3,db66b6a1fb137e99afaae553a2b707a4a34e4e9fead656cb8f29b02085bdea0d,benchmarks/grid/fixed-duration/domain.rddl,benchmarks/grid/fixed-duration/grid-5x5-h6-d1-r1-b0.3.rddl,pruningEF
bottom-up-retention-v2,5,6,0.3,3,2023,Rank,1.0,0.5,120.0,ok,12.661357508766294,0.005346098836563051,0.652816895977594,False,2560.0,143.93435197416693,144.177163252607,15.072995563969016,0.0,1522.0,2560.0,17.0,4532.0,4669.0,11834.0,22627.0,,,,,,,grid-5x5-h6-d1-r1-b0.3,db66b6a1fb137e99afaae553a2b707a4a34e4e9fead656cb8f29b02085bdea0d,benchmarks/grid/fixed-duration/domain.rddl,benchmarks/grid/fixed-duration/grid-5x5-h6-d1-r1-b0.3.rddl,pruningEF
bottom-up-retention-v2,100,3,0.1,1,2023,Rank,1.0,0.5,120.0,ok,199.73768750000002,0.015577734375000006,0.028926944942213595,False,64.0,1.2828737962991,2.0568970357999206,1.7021058592945337,0.0,38.0,64.0,6.0,43.0,49.0,106.0,203.0,1000,0.019,3.0,3.3725003179861233,policies/Rank-100-h3-d0.1-a1-l0.5.json,,grid-100x100-h3-d1-r1-b0.1,e7b5e078af983ad6f47d645291ad2e5c7cd7305be73b248d29073906c80157df,benchmarks/grid/fixed-duration/domain.rddl,benchmarks/grid/fixed-duration/grid-100x100-h3-d1-r1-b0.1.rddl,pruningEF
bottom-up-retention-v2,100,3,0.1,1,2023,Rank,1.0,0.7,120.0,ok,199.005203125,0.09559637695312502,0.052033461979590356,False,196.0,4.210092942230403,7.22083100117743,3.9120008004829288,0.0,148.0,196.0,10.0,92.0,98.0,608.0,842.0,1000,0.094,3.0,3.4803023119457066,policies/Rank-100-h3-d0.1-a1-l0.7.json,,grid-100x100-h3-d1-r1-b0.1,e7b5e078af983ad6f47d645291ad2e5c7cd7305be73b248d29073906c80157df,benchmarks/grid/fixed-duration/domain.rddl,benchmarks/grid/fixed-duration/grid-100x100-h3-d1-r1-b0.1.rddl,pruningEF
bottom-up-retention-v2,100,3,0.1,1,2023,Rank,1.0,0.9,120.0,ok,199.0,0.07500000000000001,0.06467481493018568,False,268.0,6.9385700626298785,11.331347282975912,8.715498843230307,0.0,224.0,268.0,12.0,144.0,152.0,1090.0,1360.0,1000,0.069,3.0,3.4051119199721143,policies/Rank-100-h3-d0.1-a1-l0.9.json,,grid-100x100-h3-d1-r1-b0.1,e7b5e078af983ad6f47d645291ad2e5c7cd7305be73b248d29073906c80157df,benchmarks/grid/fixed-duration/domain.rddl,benchmarks/grid/fixed-duration/grid-100x100-h3-d1-r1-b0.1.rddl,pruningEF
bottom-up-retention-v2,100,3,0.1,1,2023,Rank,1.0,0.3,120.0,ok,199.855625,0.0,0.03711411799304187,False,52.0,0.6058409344404936,1.1963570723310113,1.1566760949790478,0.0,25.0,52.0,4.0,18.0,18.0,40.0,106.0,1000,0.0,3.0,3.4281273799715564,policies/Rank-100-h3-d0.1-a1-l0.3.json,,grid-100x100-h3-d1-r1-b0.1,e7b5e078af983ad6f47d645291ad2e5c7cd7305be73b248d29073906c80157df,benchmarks/grid/fixed-duration/domain.rddl,benchmarks/grid/fixed-duration/grid-100x100-h3-d1-r1-b0.1.rddl,pruningEF
bottom-up-retention-v2,100,3,0.1,2,2023,Rank,1.0,0.7,120.0,ok,199.005203125,0.09559637695312502,0.05502688104752451,False,196.0,4.333577700890601,7.374349748715758,4.379470366984606,0.0,148.0,196.0,10.0,92.0,98.0,608.0,842.0,,,,,,,grid-100x100-h3-d1-r1-b0.1,e7b5e078af983ad6f47d645291ad2e5c7cd7305be73b248d29073906c80157df,benchmarks/grid/fixed-duration/domain.rddl,benchmarks/grid/fixed-duration/grid-100x100-h3-d1-r1-b0.1.rddl,pruningEF
bottom-up-retention-v2,100,3,0.1,2,2023,Rank,1.0,0.9,120.0,ok,199.0,0.07500000000000001,0.06400061398744583,False,268.0,6.904217065311968,11.43864297773689,8.023872971534729,0.0,224.0,268.0,12.0,144.0,152.0,1090.0,1360.0,,,,,,,grid-100x100-h3-d1-r1-b0.1,e7b5e078af983ad6f47d645291ad2e5c7cd7305be73b248d29073906c80157df,benchmarks/grid/fixed-duration/domain.rddl,benchmarks/grid/fixed-duration/grid-100x100-h3-d1-r1-b0.1.rddl,pruningEF
bottom-up-retention-v2,100,3,0.1,2,2023,Rank,1.0,0.3,120.0,ok,199.855625,0.0,0.021650717011652887,False,52.0,0.6246439879760146,1.1636319104582071,1.1077870149165392,0.0,25.0,52.0,4.0,18.0,18.0,40.0,106.0,,,,,,,grid-100x100-h3-d1-r1-b0.1,e7b5e078af983ad6f47d645291ad2e5c7cd7305be73b248d29073906c80157df,benchmarks/grid/fixed-duration/domain.rddl,benchmarks/grid/fixed-duration/grid-100x100-h3-d1-r1-b0.1.rddl,pruningEF
bottom-up-retention-v2,100,3,0.1,2,2023,Rank,1.0,0.5,120.0,ok,199.73768750000002,0.015577734375000006,0.030179493012838066,False,64.0,1.3364580227062106,2.142008044756949,1.7133960500359535,0.0,38.0,64.0,6.0,43.0,49.0,106.0,203.0,,,,,,,grid-100x100-h3-d1-r1-b0.1,e7b5e078af983ad6f47d645291ad2e5c7cd7305be73b248d29073906c80157df,benchmarks/grid/fixed-duration/domain.rddl,benchmarks/grid/fixed-duration/grid-100x100-h3-d1-r1-b0.1.rddl,pruningEF
bottom-up-retention-v2,100,3,0.1,3,2023,Rank,1.0,0.9,120.0,ok,199.0,0.07500000000000001,0.06168108095880598,False,268.0,7.292166817933321,11.026422842405736,7.31016811914742,0.0,224.0,268.0,12.0,144.0,152.0,1090.0,1360.0,,,,,,,grid-100x100-h3-d1-r1-b0.1,e7b5e078af983ad6f47d645291ad2e5c7cd7305be73b248d29073906c80157df,benchmarks/grid/fixed-duration/domain.rddl,benchmarks/grid/fixed-duration/grid-100x100-h3-d1-r1-b0.1.rddl,pruningEF
bottom-up-retention-v2,100,3,0.1,3,2023,Rank,1.0,0.3,120.0,ok,199.855625,0.0,0.02132123801857233,False,52.0,0.6051219534128904,1.0953618912026286,1.118481857702136,0.0,25.0,52.0,4.0,18.0,18.0,40.0,106.0,,,,,,,grid-100x100-h3-d1-r1-b0.1,e7b5e078af983ad6f47d645291ad2e5c7cd7305be73b248d29073906c80157df,benchmarks/grid/fixed-duration/domain.rddl,benchmarks/grid/fixed-duration/grid-100x100-h3-d1-r1-b0.1.rddl,pruningEF
bottom-up-retention-v2,100,3,0.1,3,2023,Rank,1.0,0.5,120.0,ok,199.73768750000002,0.015577734375000006,0.031121184001676738,False,64.0,1.7464919947087765,2.1266929106786847,1.7085730796679854,0.0,38.0,64.0,6.0,43.0,49.0,106.0,203.0,,,,,,,grid-100x100-h3-d1-r1-b0.1,e7b5e078af983ad6f47d645291ad2e5c7cd7305be73b248d29073906c80157df,benchmarks/grid/fixed-duration/domain.rddl,benchmarks/grid/fixed-duration/grid-100x100-h3-d1-r1-b0.1.rddl,pruningEF
bottom-up-retention-v2,100,3,0.1,3,2023,Rank,1.0,0.7,120.0,ok,199.005203125,0.09559637695312502,0.050675710081122816,False,196.0,4.17001114692539,6.75339880399406,3.704866860061884,0.0,148.0,196.0,10.0,92.0,98.0,608.0,842.0,,,,,,,grid-100x100-h3-d1-r1-b0.1,e7b5e078af983ad6f47d645291ad2e5c7cd7305be73b248d29073906c80157df,benchmarks/grid/fixed-duration/domain.rddl,benchmarks/grid/fixed-duration/grid-100x100-h3-d1-r1-b0.1.rddl,pruningEF
bottom-up-retention-v2,100,3,0.2,1,2023,Rank,1.0,0.7,120.0,ok,199.67351562500002,0.020453906250000008,0.03880663705058396,False,88.0,2.208452788181603,3.865364007651806,2.489434089511633,0.0,65.0,88.0,8.0,72.0,78.0,275.0,386.0,1000,0.022,3.0,3.493474642978981,policies/Rank-100-h3-d0.2-a1-l0.7.json,,grid-100x100-h3-d1-r1-b0.2,8d19c9785f17d3478014f39bf5866c2cce0659476a9b8f4c05c10e65bf507861,benchmarks/grid/fixed-duration/domain.rddl,benchmarks/grid/fixed-duration/grid-100x100-h3-d1-r1-b0.2.rddl,pruningEF
bottom-up-retention-v2,100,3,0.2,1,2023,Rank,1.0,0.9,120.0,ok,198.155625,0.144375,0.047175460029393435,False,160.0,2.845335751771927,6.186893908306956,3.3639910398051143,0.0,149.0,160.0,9.0,74.0,74.0,610.0,670.0,1000,0.136,3.0,3.268616441055201,policies/Rank-100-h3-d0.2-a1-l0.9.json,,grid-100x100-h3-d1-r1-b0.2,8d19c9785f17d3478014f39bf5866c2cce0659476a9b8f4c05c10e65bf507861,benchmarks/grid/fixed-duration/domain.rddl,benchmarks/grid/fixed-duration/grid-100x100-h3-d1-r1-b0.2.rddl,pruningEF
bottom-up-retention-v2,100,3,0.2,1,2023,Rank,1.0,0.3,120.0,ok,199.855625,0.0,0.02248582395259291,False,52.0,0.5674068816006184,1.167678041383624,1.1192001402378082,0.0,25.0,52.0,4.0,18.0,18.0,40.0,106.0,1000,0.0,3.0,3.390158655005507,policies/Rank-100-h3-d0.2-a1-l0.3.json,,grid-100x100-h3-d1-r1-b0.2,8d19c9785f17d3478014f39bf5866c2cce0659476a9b8f4c05c10e65bf507861,benchmarks/grid/fixed-duration/domain.rddl,benchmarks/grid/fixed-duration/grid-100x100-h3-d1-r1-b0.2.rddl,pruningEF
bottom-up-retention-v2,100,3,0.2,1,2023,Rank,1.0,0.5,120.0,ok,199.90503125,0.015577734375000006,0.029113612021319568,False,64.0,1.2590050464496017,2.1336321951821446,1.650380901992321,0.0,38.0,64.0,6.0,43.0,49.0,107.0,203.0,1000,0.019,3.0,3.640457895002328,policies/Rank-100-h3-d0.2-a1-l0.5.json,,grid-100x100-h3-d1-r1-b0.2,8d19c9785f17d3478014f39bf5866c2cce0659476a9b8f4c05c10e65bf507861,benchmarks/grid/fixed-duration/domain.rddl,benchmarks/grid/fixed-duration/grid-100x100-h3-d1-r1-b0.2.rddl,pruningEF
bottom-up-retention-v2,100,3,0.2,2,2023,Rank,1.0,0.9,120.0,ok,198.155625,0.144375,0.053495435975492,False,160.0,3.636221750639379,6.5154420444741845,3.7683958653360605,0.0,149.0,160.0,9.0,74.0,74.0,610.0,670.0,,,,,,,grid-100x100-h3-d1-r1-b0.2,8d19c9785f17d3478014f39bf5866c2cce0659476a9b8f4c05c10e65bf507861,benchmarks/grid/fixed-duration/domain.rddl,benchmarks/grid/fixed-duration/grid-100x100-h3-d1-r1-b0.2.rddl,pruningEF
bottom-up-retention-v2,100,3,0.2,2,2023,Rank,1.0,0.3,120.0,ok,199.855625,0.0,0.025692504015751183,False,52.0,0.6586967501789331,1.3048540567979217,1.255545881576836,0.0,25.0,52.0,4.0,18.0,18.0,40.0,106.0,,,,,,,grid-100x100-h3-d1-r1-b0.2,8d19c9785f17d3478014f39bf5866c2cce0659476a9b8f4c05c10e65bf507861,benchmarks/grid/fixed-duration/domain.rddl,benchmarks/grid/fixed-duration/grid-100x100-h3-d1-r1-b0.2.rddl,pruningEF
bottom-up-retention-v2,100,3,0.2,2,2023,Rank,1.0,0.5,120.0,ok,199.90503125,0.015577734375000006,0.042963367071934044,False,64.0,1.8234048038721085,2.903321059420705,2.050499082542956,0.0,38.0,64.0,6.0,43.0,49.0,107.0,203.0,,,,,,,grid-100x100-h3-d1-r1-b0.2,8d19c9785f17d3478014f39bf5866c2cce0659476a9b8f4c05c10e65bf507861,benchmarks/grid/fixed-duration/domain.rddl,benchmarks/grid/fixed-duration/grid-100x100-h3-d1-r1-b0.2.rddl,pruningEF
bottom-up-retention-v2,100,3,0.2,2,2023,Rank,1.0,0.7,120.0,ok,199.67351562500002,0.020453906250000008,0.04802930599544197,False,88.0,2.972395159304142,5.570594919845462,3.212953917682171,0.0,65.0,88.0,8.0,72.0,78.0,275.0,386.0,,,,,,,grid-100x100-h3-d1-r1-b0.2,8d19c9785f17d3478014f39bf5866c2cce0659476a9b8f4c05c10e65bf507861,benchmarks/grid/fixed-duration/domain.rddl,benchmarks/grid/fixed-duration/grid-100x100-h3-d1-r1-b0.2.rddl,pruningEF
bottom-up-retention-v2,100,3,0.2,3,2023,Rank,1.0,0.3,120.0,ok,199.855625,0.0,0.02348770690150559,False,52.0,0.7044250378385186,1.458986895158887,1.4013620093464851,0.0,25.0,52.0,4.0,18.0,18.0,40.0,106.0,,,,,,,grid-100x100-h3-d1-r1-b0.2,8d19c9785f17d3478014f39bf5866c2cce0659476a9b8f4c05c10e65bf507861,benchmarks/grid/fixed-duration/domain.rddl,benchmarks/grid/fixed-duration/grid-100x100-h3-d1-r1-b0.2.rddl,pruningEF
bottom-up-retention-v2,100,3,0.2,3,2023,Rank,1.0,0.5,120.0,ok,199.90503125,0.015577734375000006,0.03710740408860147,False,64.0,1.384556177072227,2.479896997101605,2.0426668925210834,0.0,38.0,64.0,6.0,43.0,49.0,107.0,203.0,,,,,,,grid-100x100-h3-d1-r1-b0.2,8d19c9785f17d3478014f39bf5866c2cce0659476a9b8f4c05c10e65bf507861,benchmarks/grid/fixed-duration/domain.rddl,benchmarks/grid/fixed-duration/grid-100x100-h3-d1-r1-b0.2.rddl,pruningEF
bottom-up-retention-v2,100,3,0.2,3,2023,Rank,1.0,0.7,120.0,ok,199.67351562500002,0.020453906250000008,0.043170748045668006,False,88.0,2.4635399458929896,4.35707822907716,2.8518913313746452,0.0,65.0,88.0,8.0,72.0,78.0,275.0,386.0,,,,,,,grid-100x100-h3-d1-r1-b0.2,8d19c9785f17d3478014f39bf5866c2cce0659476a9b8f4c05c10e65bf507861,benchmarks/grid/fixed-duration/domain.rddl,benchmarks/grid/fixed-duration/grid-100x100-h3-d1-r1-b0.2.rddl,pruningEF
bottom-up-retention-v2,100,3,0.2,3,2023,Rank,1.0,0.9,120.0,ok,198.155625,0.144375,0.051737455069087446,False,160.0,3.0767801217734814,6.979473284445703,3.943241201341152,0.0,149.0,160.0,9.0,74.0,74.0,610.0,670.0,,,,,,,grid-100x100-h3-d1-r1-b0.2,8d19c9785f17d3478014f39bf5866c2cce0659476a9b8f4c05c10e65bf507861,benchmarks/grid/fixed-duration/domain.rddl,benchmarks/grid/fixed-duration/grid-100x100-h3-d1-r1-b0.2.rddl,pruningEF
bottom-up-retention-v2,100,3,0.3,1,2023,Rank,1.0,0.9,120.0,ok,198.155625,0.144375,0.05923775595147163,False,172.0,3.1890039099380374,7.39665050059557,4.085893160663545,0.0,160.0,172.0,9.0,73.0,73.0,633.0,695.0,1000,0.136,3.0,3.518058134941384,policies/Rank-100-h3-d0.3-a1-l0.9.json,,grid-100x100-h3-d1-r1-b0.3,8d7ff3af4203e00b0d3ca0d34d16dcfd62f3fdea52057e1df95db68d3531deb7,benchmarks/grid/fixed-duration/domain.rddl,benchmarks/grid/fixed-duration/grid-100x100-h3-d1-r1-b0.3.rddl,pruningEF
bottom-up-retention-v2,100,3,0.3,1,2023,Rank,1.0,0.3,120.0,ok,199.855625,0.0,0.02256727998610586,False,52.0,0.6310280878096819,1.1819528881460428,1.1276759905740619,0.0,25.0,52.0,4.0,18.0,18.0,40.0,106.0,1000,0.0,3.0,3.517115980037488,policies/Rank-100-h3-d0.3-a1-l0.3.json,,grid-100x100-h3-d1-r1-b0.3,8d7ff3af4203e00b0d3ca0d34d16dcfd62f3fdea52057e1df95db68d3531deb7,benchmarks/grid/fixed-duration/domain.rddl,benchmarks/grid/fixed-duration/grid-100x100-h3-d1-r1-b0.3.rddl,pruningEF
bottom-up-retention-v2,100,3,0.3,1,2023,Rank,1.0,0.5,120.0,ok,199.855625,0.0,0.027532081003300846,False,52.0,0.915415002964437,1.5725420089438558,1.5067050699144602,0.0,33.0,52.0,4.0,18.0,18.0,58.0,106.0,1000,0.0,3.0,3.556506208027713,policies/Rank-100-h3-d0.3-a1-l0.5.json,,grid-100x100-h3-d1-r1-b0.3,8d7ff3af4203e00b0d3ca0d34d16dcfd62f3fdea52057e1df95db68d3531deb7,benchmarks/grid/fixed-duration/domain.rddl,benchmarks/grid/fixed-duration/grid-100x100-h3-d1-r1-b0.3.rddl,pruningEF
bottom-up-retention-v2,100,3,0.3,1,2023,Rank,1.0,0.7,120.0,ok,199.67871875,0.17690625000000004,0.03225921606644988,False,76.0,1.3958679046481848,2.8905129292979836,1.948308083228767,0.0,58.0,76.0,6.0,43.0,43.0,175.0,245.0,1000,0.16,3.0,3.4475897670490667,policies/Rank-100-h3-d0.3-a1-l0.7.json,,grid-100x100-h3-d1-r1-b0.3,8d7ff3af4203e00b0d3ca0d34d16dcfd62f3fdea52057e1df95db68d3531deb7,benchmarks/grid/fixed-duration/domain.rddl,benchmarks/grid/fixed-duration/grid-100x100-h3-d1-r1-b0.3.rddl,pruningEF
bottom-up-retention-v2,100,3,0.3,2,2023,Rank,1.0,0.3,120.0,ok,199.855625,0.0,0.02223329502157867,False,52.0,1.028912840411067,1.1787000112235546,1.144731999374926,0.0,25.0,52.0,4.0,18.0,18.0,40.0,106.0,,,,,,,grid-100x100-h3-d1-r1-b0.3,8d7ff3af4203e00b0d3ca0d34d16dcfd62f3fdea52057e1df95db68d3531deb7,benchmarks/grid/fixed-duration/domain.rddl,benchmarks/grid/fixed-duration/grid-100x100-h3-d1-r1-b0.3.rddl,pruningEF
bottom-up-retention-v2,100,3,0.3,2,2023,Rank,1.0,0.5,120.0,ok,199.855625,0.0,0.02172344201244414,False,52.0,0.6172920111566782,1.2652591103687882,1.1170458747074008,0.0,33.0,52.0,4.0,18.0,18.0,58.0,106.0,,,,,,,grid-100x100-h3-d1-r1-b0.3,8d7ff3af4203e00b0d3ca0d34d16dcfd62f3fdea52057e1df95db68d3531deb7,benchmarks/grid/fixed-duration/domain.rddl,benchmarks/grid/fixed-duration/grid-100x100-h3-d1-r1-b0.3.rddl,pruningEF
bottom-up-retention-v2,100,3,0.3,2,2023,Rank,1.0,0.7,120.0,ok,199.67871875,0.17690625000000004,0.03137978201266378,False,76.0,1.7355509335175157,2.98188382294029,1.9622680265456438,0.0,58.0,76.0,6.0,43.0,43.0,175.0,245.0,,,,,,,grid-100x100-h3-d1-r1-b0.3,8d7ff3af4203e00b0d3ca0d34d16dcfd62f3fdea52057e1df95db68d3531deb7,benchmarks/grid/fixed-duration/domain.rddl,benchmarks/grid/fixed-duration/grid-100x100-h3-d1-r1-b0.3.rddl,pruningEF
bottom-up-retention-v2,100,3,0.3,2,2023,Rank,1.0,0.9,120.0,ok,198.155625,0.144375,0.050629950943402946,False,172.0,2.9281320748850703,6.456988048739731,3.5308600636199117,0.0,160.0,172.0,9.0,73.0,73.0,633.0,695.0,,,,,,,grid-100x100-h3-d1-r1-b0.3,8d7ff3af4203e00b0d3ca0d34d16dcfd62f3fdea52057e1df95db68d3531deb7,benchmarks/grid/fixed-duration/domain.rddl,benchmarks/grid/fixed-duration/grid-100x100-h3-d1-r1-b0.3.rddl,pruningEF
bottom-up-retention-v2,100,3,0.3,3,2023,Rank,1.0,0.3,120.0,ok,199.855625,0.0,0.021804449963383377,False,52.0,0.6217788904905319,1.1456110514700413,1.1672312393784523,0.0,25.0,52.0,4.0,18.0,18.0,40.0,106.0,,,,,,,grid-100x100-h3-d1-r1-b0.3,8d7ff3af4203e00b0d3ca0d34d16dcfd62f3fdea52057e1df95db68d3531deb7,benchmarks/grid/fixed-duration/domain.rddl,benchmarks/grid/fixed-duration/grid-100x100-h3-d1-r1-b0.3.rddl,pruningEF
bottom-up-retention-v2,100,3,0.3,3,2023,Rank,1.0,0.5,120.0,ok,199.855625,0.0,0.02164216700475663,False,52.0,0.6224639946594834,1.2284379918128252,1.122281071729958,0.0,33.0,52.0,4.0,18.0,18.0,58.0,106.0,,,,,,,grid-100x100-h3-d1-r1-b0.3,8d7ff3af4203e00b0d3ca0d34d16dcfd62f3fdea52057e1df95db68d3531deb7,benchmarks/grid/fixed-duration/domain.rddl,benchmarks/grid/fixed-duration/grid-100x100-h3-d1-r1-b0.3.rddl,pruningEF
bottom-up-retention-v2,100,3,0.3,3,2023,Rank,1.0,0.7,120.0,ok,199.67871875,0.17690625000000004,0.030306373024359345,False,76.0,1.3302430743351579,2.562336972914636,1.8536800052970648,0.0,58.0,76.0,6.0,43.0,43.0,175.0,245.0,,,,,,,grid-100x100-h3-d1-r1-b0.3,8d7ff3af4203e00b0d3ca0d34d16dcfd62f3fdea52057e1df95db68d3531deb7,benchmarks/grid/fixed-duration/domain.rddl,benchmarks/grid/fixed-duration/grid-100x100-h3-d1-r1-b0.3.rddl,pruningEF
bottom-up-retention-v2,100,3,0.3,3,2023,Rank,1.0,0.9,120.0,ok,198.155625,0.144375,0.048678411985747516,False,172.0,3.0160131864249706,6.489919265732169,3.3385391579940915,0.0,160.0,172.0,9.0,73.0,73.0,633.0,695.0,,,,,,,grid-100x100-h3-d1-r1-b0.3,8d7ff3af4203e00b0d3ca0d34d16dcfd62f3fdea52057e1df95db68d3531deb7,benchmarks/grid/fixed-duration/domain.rddl,benchmarks/grid/fixed-duration/grid-100x100-h3-d1-r1-b0.3.rddl,pruningEF
bottom-up-retention-v2,100,4,0.1,1,2023,Rank,1.0,0.3,120.0,ok,200.79103125000003,0.0,0.038309742929413915,False,160.0,1.7926139989867806,2.468115999363363,1.54082290828228,0.0,76.0,160.0,5.0,58.0,58.0,124.0,334.0,1000,0.0,4.0,4.530635241069831,policies/Rank-100-h4-d0.1-a1-l0.3.json,,grid-100x100-h4-d1-r1-b0.1,68837195a7e209a526f0309429f8f6fb6b7812825ed3cba775dcdaa08b3aa067,benchmarks/grid/fixed-duration/domain.rddl,benchmarks/grid/fixed-duration/grid-100x100-h4-d1-r1-b0.1.rddl,pruningEF
bottom-up-retention-v2,100,4,0.1,1,2023,Rank,1.0,0.5,120.0,ok,200.68113169921878,0.01074619555664063,0.06452096893917769,False,196.0,4.074858035892248,6.251106038689613,2.729346859268844,0.0,120.0,196.0,8.0,178.0,178.0,415.0,802.0,1000,0.019,4.0,4.5613651250023395,policies/Rank-100-h4-d0.1-a1-l0.5.json,,grid-100x100-h4-d1-r1-b0.1,68837195a7e209a526f0309429f8f6fb6b7812825ed3cba775dcdaa08b3aa067,benchmarks/grid/fixed-duration/domain.rddl,benchmarks/grid/fixed-duration/grid-100x100-h4-d1-r1-b0.1.rddl,pruningEF
bottom-up-retention-v2,100,4,0.1,1,2023,Rank,1.0,0.7,120.0,ok,199.95908990234375,0.09850613688354494,0.22433262201957405,False,844.0,39.08992395736277,52.21422715112567,20.498859114013612,0.0,623.0,844.0,20.0,804.0,1022.0,5170.0,7050.0,1000,0.102,4.0,4.692872134037316,policies/Rank-100-h4-d0.1-a1-l0.7.json,,grid-100x100-h4-d1-r1-b0.1,68837195a7e209a526f0309429f8f6fb6b7812825ed3cba775dcdaa08b3aa067,benchmarks/grid/fixed-duration/domain.rddl,benchmarks/grid/fixed-duration/grid-100x100-h4-d1-r1-b0.1.rddl,pruningEF
bottom-up-retention-v2,100,4,0.1,1,2023,Rank,1.0,0.9,120.0,ok,199.85116575195312,0.09985152020874025,0.3780360670061782,False,1168.0,81.35129103902727,97.29482955299318,48.25163562782109,0.0,1058.0,1168.0,24.0,1291.0,1401.0,10169.0,11439.0,1000,0.097,4.0,4.740654728957452,policies/Rank-100-h4-d0.1-a1-l0.9.json,,grid-100x100-h4-d1-r1-b0.1,68837195a7e209a526f0309429f8f6fb6b7812825ed3cba775dcdaa08b3aa067,benchmarks/grid/fixed-duration/domain.rddl,benchmarks/grid/fixed-duration/grid-100x100-h4-d1-r1-b0.1.rddl,pruningEF
bottom-up-retention-v2,100,4,0.1,2,2023,Rank,1.0,0.3,120.0,ok,200.79103125000003,0.0,0.03883034992031753,False,160.0,1.784724066965282,2.6945199351757765,1.5636829193681479,0.0,76.0,160.0,5.0,58.0,58.0,124.0,334.0,,,,,,,grid-100x100-h4-d1-r1-b0.1,68837195a7e209a526f0309429f8f6fb6b7812825ed3cba775dcdaa08b3aa067,benchmarks/grid/fixed-duration/domain.rddl,benchmarks/grid/fixed-duration/grid-100x100-h4-d1-r1-b0.1.rddl,pruningEF
bottom-up-retention-v2,100,4,0.1,2,2023,Rank,1.0,0.5,120.0,ok,200.68113169921878,0.01074619555664063,0.06639940105378628,False,196.0,4.0850500809028745,6.23331603128463,2.9051409801468253,0.0,120.0,196.0,8.0,178.0,178.0,415.0,802.0,,,,,,,grid-100x100-h4-d1-r1-b0.1,68837195a7e209a526f0309429f8f6fb6b7812825ed3cba775dcdaa08b3aa067,benchmarks/grid/fixed-duration/domain.rddl,benchmarks/grid/fixed-duration/grid-100x100-h4-d1-r1-b0.1.rddl,pruningEF
bottom-up-retention-v2,100,4,0.1,2,2023,Rank,1.0,0.7,120.0,ok,199.95908990234375,0.09850613688354494,0.23715951794292778,False,844.0,54.90112735424191,51.487866207025945,20.22820699494332,0.0,623.0,844.0,20.0,804.0,1022.0,5170.0,7050.0,,,,,,,grid-100x100-h4-d1-r1-b0.1,68837195a7e209a526f0309429f8f6fb6b7812825ed3cba775dcdaa08b3aa067,benchmarks/grid/fixed-duration/domain.rddl,benchmarks/grid/fixed-duration/grid-100x100-h4-d1-r1-b0.1.rddl,pruningEF
bottom-up-retention-v2,100,4,0.1,2,2023,Rank,1.0,0.9,120.0,ok,199.85116575195312,0.09985152020874025,0.34456039196811616,False,1168.0,59.43826586008072,93.01786322612315,45.97258404828608,0.0,1058.0,1168.0,24.0,1291.0,1401.0,10169.0,11439.0,,,,,,,grid-100x100-h4-d1-r1-b0.1,68837195a7e209a526f0309429f8f6fb6b7812825ed3cba775dcdaa08b3aa067,benchmarks/grid/fixed-duration/domain.rddl,benchmarks/grid/fixed-duration/grid-100x100-h4-d1-r1-b0.1.rddl,pruningEF
bottom-up-retention-v2,100,4,0.1,3,2023,Rank,1.0,0.5,120.0,ok,200.68113169921878,0.01074619555664063,0.08292140800040215,False,196.0,4.184046993032098,6.535704946145415,2.9490801971405745,0.0,120.0,196.0,8.0,178.0,178.0,415.0,802.0,,,,,,,grid-100x100-h4-d1-r1-b0.1,68837195a7e209a526f0309429f8f6fb6b7812825ed3cba775dcdaa08b3aa067,benchmarks/grid/fixed-duration/domain.rddl,benchmarks/grid/fixed-duration/grid-100x100-h4-d1-r1-b0.1.rddl,pruningEF
bottom-up-retention-v2,100,4,0.1,3,2023,Rank,1.0,0.7,120.0,ok,199.95908990234375,0.09850613688354494,0.22477119299583137,False,844.0,38.638113997876644,52.5984822306782,20.21726919338107,0.0,623.0,844.0,20.0,804.0,1022.0,5170.0,7050.0,,,,,,,grid-100x100-h4-d1-r1-b0.1,68837195a7e209a526f0309429f8f6fb6b7812825ed3cba775dcdaa08b3aa067,benchmarks/grid/fixed-duration/domain.rddl,benchmarks/grid/fixed-duration/grid-100x100-h4-d1-r1-b0.1.rddl,pruningEF
bottom-up-retention-v2,100,4,0.1,3,2023,Rank,1.0,0.9,120.0,ok,199.85116575195312,0.09985152020874025,0.37140013510361314,False,1168.0,78.7957840366289,95.2883210266009,46.79880605544895,0.0,1058.0,1168.0,24.0,1291.0,1401.0,10169.0,11439.0,,,,,,,grid-100x100-h4-d1-r1-b0.1,68837195a7e209a526f0309429f8f6fb6b7812825ed3cba775dcdaa08b3aa067,benchmarks/grid/fixed-duration/domain.rddl,benchmarks/grid/fixed-duration/grid-100x100-h4-d1-r1-b0.1.rddl,pruningEF
bottom-up-retention-v2,100,4,0.1,3,2023,Rank,1.0,0.3,120.0,ok,200.79103125000003,0.0,0.03915759001392871,False,160.0,2.2231179755181074,2.5178241776302457,1.589744002558291,0.0,76.0,160.0,5.0,58.0,58.0,124.0,334.0,,,,,,,grid-100x100-h4-d1-r1-b0.1,68837195a7e209a526f0309429f8f6fb6b7812825ed3cba775dcdaa08b3aa067,benchmarks/grid/fixed-duration/domain.rddl,benchmarks/grid/fixed-duration/grid-100x100-h4-d1-r1-b0.1.rddl,pruningEF
bottom-up-retention-v2,100,4,0.2,1,2023,Rank,1.0,0.3,120.0,ok,200.79103125000003,0.0,0.04086677904706448,False,160.0,1.6830818494781852,2.7203301433473825,1.6653010388836265,0.0,76.0,160.0,5.0,58.0,58.0,124.0,334.0,1000,0.0,4.0,4.646076020086184,policies/Rank-100-h4-d0.2-a1-l0.3.json,,grid-100x100-h4-d1-r1-b0.2,a9784bbc6f85d2536d4912ddf3728addd97302a51e84e033320ec787d5b114b7,benchmarks/grid/fixed-duration/domain.rddl,benchmarks/grid/fixed-duration/grid-100x100-h4-d1-r1-b0.2.rddl,pruningEF
bottom-up-retention-v2,100,4,0.2,1,2023,Rank,1.0,0.5,120.0,ok,200.83998873046878,0.01074619555664063,0.06464948295615613,False,196.0,4.053093958646059,6.321507855318487,2.8562791412696242,0.0,120.0,196.0,8.0,178.0,178.0,416.0,802.0,1000,0.019,4.0,4.791989871999249,policies/Rank-100-h4-d0.2-a1-l0.5.json,,grid-100x100-h4-d1-r1-b0.2,a9784bbc6f85d2536d4912ddf3728addd97302a51e84e033320ec787d5b114b7,benchmarks/grid/fixed-duration/domain.rddl,benchmarks/grid/fixed-duration/grid-100x100-h4-d1-r1-b0.2.rddl,pruningEF
bottom-up-retention-v2,100,4,0.2,1,2023,Rank,1.0,0.7,120.0,ok,200.58711102539067,0.02862823974609376,0.09270947799086571,False,304.0,6.809681886807084,11.269202921539545,3.9094940293580294,0.0,232.0,304.0,9.0,218.0,218.0,943.0,1318.0,1000,0.04,4.0,4.670774060999975,policies/Rank-100-h4-d0.2-a1-l0.7.json,,grid-100x100-h4-d1-r1-b0.2,a9784bbc6f85d2536d4912ddf3728addd97302a51e84e033320ec787d5b114b7,benchmarks/grid/fixed-duration/domain.rddl,benchmarks/grid/fixed-duration/grid-100x100-h4-d1-r1-b0.2.rddl,pruningEF
bottom-up-retention-v2,100,4,0.2,1,2023,Rank,1.0,0.9,120.0,ok,198.79158753906248,0.15106082957153322,0.13986076996661723,False,544.0,12.887539342045784,23.270324687473476,10.607445845380425,0.0,504.0,544.0,13.0,302.0,308.0,2461.0,2684.0,1000,0.152,4.0,4.521304146037437,policies/Rank-100-h4-d0.2-a1-l0.9.json,,grid-100x100-h4-d1-r1-b0.2,a9784bbc6f85d2536d4912ddf3728addd97302a51e84e033320ec787d5b114b7,benchmarks/grid/fixed-duration/domain.rddl,benchmarks/grid/fixed-duration/grid-100x100-h4-d1-r1-b0.2.rddl,pruningEF
bottom-up-retention-v2,100,4,0.2,2,2023,Rank,1.0,0.5,120.0,ok,200.83998873046878,0.01074619555664063,0.06443498900625855,False,196.0,4.071716219186783,6.317105959169567,2.746245008893311,0.0,120.0,196.0,8.0,178.0,178.0,416.0,802.0,,,,,,,grid-100x100-h4-d1-r1-b0.2,a9784bbc6f85d2536d4912ddf3728addd97302a51e84e033320ec787d5b114b7,benchmarks/grid/fixed-duration/domain.rddl,benchmarks/grid/fixed-duration/grid-100x100-h4-d1-r1-b0.2.rddl,pruningEF
bottom-up-retention-v2,100,4,0.2,2,2023,Rank,1.0,0.7,120.0,ok,200.58711102539067,0.02862823974609376,0.08806590095628053,False,304.0,6.3165269093587995,10.602310998365283,3.6664928775280714,0.0,232.0,304.0,9.0,218.0,218.0,943.0,1318.0,,,,,,,grid-100x100-h4-d1-r1-b0.2,a9784bbc6f85d2536d4912ddf3728addd97302a51e84e033320ec787d5b114b7,benchmarks/grid/fixed-duration/domain.rddl,benchmarks/grid/fixed-duration/grid-100x100-h4-d1-r1-b0.2.rddl,pruningEF
bottom-up-retention-v2,100,4,0.2,2,2023,Rank,1.0,0.9,120.0,ok,198.79158753906248,0.15106082957153322,0.13997627096250653,False,544.0,13.01949704065919,22.971034049987793,10.573742911219597,0.0,504.0,544.0,13.0,302.0,308.0,2461.0,2684.0,,,,,,,grid-100x100-h4-d1-r1-b0.2,a9784bbc6f85d2536d4912ddf3728addd97302a51e84e033320ec787d5b114b7,benchmarks/grid/fixed-duration/domain.rddl,benchmarks/grid/fixed-duration/grid-100x100-h4-d1-r1-b0.2.rddl,pruningEF
bottom-up-retention-v2,100,4,0.2,2,2023,Rank,1.0,0.3,120.0,ok,200.79103125000003,0.0,0.038466618047095835,False,160.0,1.8311032326892018,2.5546670658513904,1.5301977982744575,0.0,76.0,160.0,5.0,58.0,58.0,124.0,334.0,,,,,,,grid-100x100-h4-d1-r1-b0.2,a9784bbc6f85d2536d4912ddf3728addd97302a51e84e033320ec787d5b114b7,benchmarks/grid/fixed-duration/domain.rddl,benchmarks/grid/fixed-duration/grid-100x100-h4-d1-r1-b0.2.rddl,pruningEF
bottom-up-retention-v2,100,4,0.2,3,2023,Rank,1.0,0.7,120.0,ok,200.58711102539067,0.02862823974609376,0.08697808103170246,False,304.0,6.301304209046066,10.45269111637026,3.6716239992529154,0.0,232.0,304.0,9.0,218.0,218.0,943.0,1318.0,,,,,,,grid-100x100-h4-d1-r1-b0.2,a9784bbc6f85d2536d4912ddf3728addd97302a51e84e033320ec787d5b114b7,benchmarks/grid/fixed-duration/domain.rddl,benchmarks/grid/fixed-duration/grid-100x100-h4-d1-r1-b0.2.rddl,pruningEF
bottom-up-retention-v2,100,4,0.2,3,2023,Rank,1.0,0.9,120.0,ok,198.79158753906248,0.15106082957153322,0.16330368409398943,False,544.0,13.609050191007555,39.95527618099004,10.658322018571198,0.0,504.0,544.0,13.0,302.0,308.0,2461.0,2684.0,,,,,,,grid-100x100-h4-d1-r1-b0.2,a9784bbc6f85d2536d4912ddf3728addd97302a51e84e033320ec787d5b114b7,benchmarks/grid/fixed-duration/domain.rddl,benchmarks/grid/fixed-duration/grid-100x100-h4-d1-r1-b0.2.rddl,pruningEF
bottom-up-retention-v2,100,4,0.2,3,2023,Rank,1.0,0.3,120.0,ok,200.79103125000003,0.0,0.03854920098092407,False,160.0,1.8276729388162494,2.5122432271018624,1.5291781164705753,0.0,76.0,160.0,5.0,58.0,58.0,124.0,334.0,,,,,,,grid-100x100-h4-d1-r1-b0.2,a9784bbc6f85d2536d4912ddf3728addd97302a51e84e033320ec787d5b114b7,benchmarks/grid/fixed-duration/domain.rddl,benchmarks/grid/fixed-duration/grid-100x100-h4-d1-r1-b0.2.rddl,pruningEF
bottom-up-retention-v2,100,4,0.2,3,2023,Rank,1.0,0.5,120.0,ok,200.83998873046878,0.01074619555664063,0.06451589905191213,False,196.0,4.145993967540562,6.402492988854647,2.809136058203876,0.0,120.0,196.0,8.0,178.0,178.0,416.0,802.0,,,,,,,grid-100x100-h4-d1-r1-b0.2,a9784bbc6f85d2536d4912ddf3728addd97302a51e84e033320ec787d5b114b7,benchmarks/grid/fixed-duration/domain.rddl,benchmarks/grid/fixed-duration/grid-100x100-h4-d1-r1-b0.2.rddl,pruningEF
bottom-up-retention-v2,100,4,0.3,1,2023,Rank,1.0,0.5,120.0,ok,200.7861914648438,0.0007618205566406254,0.0612487270263955,False,208.0,4.403947968967259,6.559375207871199,2.804744988679886,0.0,126.0,208.0,8.0,179.0,179.0,440.0,849.0,1000,0.0,4.0,4.615813137963414,policies/Rank-100-h4-d0.3-a1-l0.5.json,,grid-100x100-h4-d1-r1-b0.3,b30c14420396edc8d81b69155512458a131dd8c4e5b0898038f77b8befd824c7,benchmarks/grid/fixed-duration/domain.rddl,benchmarks/grid/fixed-duration/grid-100x100-h4-d1-r1-b0.3.rddl,pruningEF
bottom-up-retention-v2,100,4,0.3,1,2023,Rank,1.0,0.7,120.0,ok,200.7116750683594,0.19021566137695317,0.09358727396465838,False,328.0,8.04396707098931,13.23013729415834,4.016637220047414,0.0,248.0,328.0,10.0,268.0,268.0,1152.0,1620.0,1000,0.174,4.0,4.627094184979796,policies/Rank-100-h4-d0.3-a1-l0.7.json,,grid-100x100-h4-d1-r1-b0.3,b30c14420396edc8d81b69155512458a131dd8c4e5b0898038f77b8befd824c7,benchmarks/grid/fixed-duration/domain.rddl,benchmarks/grid/fixed-duration/grid-100x100-h4-d1-r1-b0.3.rddl,pruningEF
bottom-up-retention-v2,100,4,0.3,1,2023,Rank,1.0,0.9,120.0,ok,198.79158753906248,0.1510913212463379,0.24625557207036763,False,844.0,52.16469487641007,53.26467449776828,19.948387634940445,0.0,773.0,844.0,18.0,681.0,702.0,5740.0,6270.0,1000,0.152,4.0,4.554803670034744,policies/Rank-100-h4-d0.3-a1-l0.9.json,,grid-100x100-h4-d1-r1-b0.3,b30c14420396edc8d81b69155512458a131dd8c4e5b0898038f77b8befd824c7,benchmarks/grid/fixed-duration/domain.rddl,benchmarks/grid/fixed-duration/grid-100x100-h4-d1-r1-b0.3.rddl,pruningEF
bottom-up-retention-v2,100,4,0.3,1,2023,Rank,1.0,0.3,120.0,ok,200.79103125000003,0.0,0.03864233195781708,False,160.0,1.809244160540402,2.489206148311496,1.5493419487029314,0.0,76.0,160.0,5.0,58.0,58.0,124.0,334.0,1000,0.0,4.0,4.664751440053806,policies/Rank-100-h4-d0.3-a1-l0.3.json,,grid-100x100-h4-d1-r1-b0.3,b30c14420396edc8d81b69155512458a131dd8c4e5b0898038f77b8befd824c7,benchmarks/grid/fixed-duration/domain.rddl,benchmarks/grid/fixed-duration/grid-100x100-h4-d1-r1-b0.3.rddl,pruningEF
bottom-up-retention-v2,100,4,0.3,2,2023,Rank,1.0,0.7,120.0,ok,200.7116750683594,0.19021566137695317,0.09735038701910526,False,328.0,8.14918102696538,12.881105882115662,4.140592995099723,0.0,248.0,328.0,10.0,268.0,268.0,1152.0,1620.0,,,,,,,grid-100x100-h4-d1-r1-b0.3,b30c14420396edc8d81b69155512458a131dd8c4e5b0898038f77b8befd824c7,benchmarks/grid/fixed-duration/domain.rddl,benchmarks/grid/fixed-duration/grid-100x100-h4-d1-r1-b0.3.rddl,pruningEF
bottom-up-retention-v2,100,4,0.3,2,2023,Rank,1.0,0.9,120.0,ok,198.79158753906248,0.1510913212463379,0.2160351339261979,False,844.0,31.621874892152846,52.0305831450969,18.8164230203256,0.0,773.0,844.0,18.0,681.0,702.0,5740.0,6270.0,,,,,,,grid-100x100-h4-d1-r1-b0.3,b30c14420396edc8d81b69155512458a131dd8c4e5b0898038f77b8befd824c7,benchmarks/grid/fixed-duration/domain.rddl,benchmarks/grid/fixed-duration/grid-100x100-h4-d1-r1-b0.3.rddl,pruningEF
bottom-up-retention-v2,100,4,0.3,2,2023,Rank,1.0,0.3,120.0,ok,200.79103125000003,0.0,0.03721451398450881,False,160.0,1.7223788890987635,2.3929878370836377,1.4320170739665627,0.0,76.0,160.0,5.0,58.0,58.0,124.0,334.0,,,,,,,grid-100x100-h4-d1-r1-b0.3,b30c14420396edc8d81b69155512458a131dd8c4e5b0898038f77b8befd824c7,benchmarks/grid/fixed-duration/domain.rddl,benchmarks/grid/fixed-duration/grid-100x100-h4-d1-r1-b0.3.rddl,pruningEF
bottom-up-retention-v2,100,4,0.3,2,2023,Rank,1.0,0.5,120.0,ok,200.7861914648438,0.0007618205566406254,0.05960329493973404,False,208.0,4.202516982331872,6.261209957301617,2.5885971263051033,0.0,126.0,208.0,8.0,179.0,179.0,440.0,849.0,,,,,,,grid-100x100-h4-d1-r1-b0.3,b30c14420396edc8d81b69155512458a131dd8c4e5b0898038f77b8befd824c7,benchmarks/grid/fixed-duration/domain.rddl,benchmarks/grid/fixed-duration/grid-100x100-h4-d1-r1-b0.3.rddl,pruningEF
bottom-up-retention-v2,100,4,0.3,3,2023,Rank,1.0,0.9,120.0,ok,198.79158753906248,0.1510913212463379,0.21198587794788182,False,844.0,30.967893078923225,50.565797835588455,18.301806296221912,0.0,773.0,844.0,18.0,681.0,702.0,5740.0,6270.0,,,,,,,grid-100x100-h4-d1-r1-b0.3,b30c14420396edc8d81b69155512458a131dd8c4e5b0898038f77b8befd824c7,benchmarks/grid/fixed-duration/domain.rddl,benchmarks/grid/fixed-duration/grid-100x100-h4-d1-r1-b0.3.rddl,pruningEF
bottom-up-retention-v2,100,4,0.3,3,2023,Rank,1.0,0.3,120.0,ok,200.79103125000003,0.0,0.0381577619118616,False,160.0,1.7542848363518715,2.4172639241442084,1.466678106226027,0.0,76.0,160.0,5.0,58.0,58.0,124.0,334.0,,,,,,,grid-100x100-h4-d1-r1-b0.3,b30c14420396edc8d81b69155512458a131dd8c4e5b0898038f77b8befd824c7,benchmarks/grid/fixed-duration/domain.rddl,benchmarks/grid/fixed-duration/grid-100x100-h4-d1-r1-b0.3.rddl,pruningEF
bottom-up-retention-v2,100,4,0.3,3,2023,Rank,1.0,0.5,120.0,ok,200.7861914648438,0.0007618205566406254,0.05957257898990065,False,208.0,4.33525419794023,6.346682086586952,2.6253348914906383,0.0,126.0,208.0,8.0,179.0,179.0,440.0,849.0,,,,,,,grid-100x100-h4-d1-r1-b0.3,b30c14420396edc8d81b69155512458a131dd8c4e5b0898038f77b8befd824c7,benchmarks/grid/fixed-duration/domain.rddl,benchmarks/grid/fixed-duration/grid-100x100-h4-d1-r1-b0.3.rddl,pruningEF
bottom-up-retention-v2,100,4,0.3,3,2023,Rank,1.0,0.7,120.0,ok,200.7116750683594,0.19021566137695317,0.10547867300920188,False,328.0,7.969383150339127,12.660755077376962,3.7555809831246734,0.0,248.0,328.0,10.0,268.0,268.0,1152.0,1620.0,,,,,,,grid-100x100-h4-d1-r1-b0.3,b30c14420396edc8d81b69155512458a131dd8c4e5b0898038f77b8befd824c7,benchmarks/grid/fixed-duration/domain.rddl,benchmarks/grid/fixed-duration/grid-100x100-h4-d1-r1-b0.3.rddl,pruningEF
bottom-up-retention-v2,100,5,0.1,1,2023,Rank,1.0,0.7,120.0,ok,201.17443081823734,0.05461750368835831,0.5634699669899419,False,2056.0,122.23529885523021,173.91658131964505,29.069463023915887,0.0,1556.0,2056.0,25.0,2701.0,2909.0,16271.0,22271.0,1000,0.046,5.0,5.618325799936429,policies/Rank-100-h5-d0.1-a1-l0.7.json,,grid-100x100-h5-d1-r1-b0.1,d32cfe0f1c70979bdeda736bced0cc69d18fdf26a69cbe3f45355bd53da6643f,benchmarks/grid/fixed-duration/domain.rddl,benchmarks/grid/fixed-duration/grid-100x100-h5-d1-r1-b0.1.rddl,pruningEF
bottom-up-retention-v2,100,5,0.1,1,2023,Rank,1.0,0.9,120.0,ok,200.42585478671265,0.0999813948990784,0.679130112985149,False,2512.0,128.47539805807173,171.41353676561266,86.88030566554517,0.0,2300.0,2512.0,26.0,2295.0,2367.0,19986.0,22181.0,1000,0.106,5.0,5.7281121159903705,policies/Rank-100-h5-d0.1-a1-l0.9.json,,grid-100x100-h5-d1-r1-b0.1,d32cfe0f1c70979bdeda736bced0cc69d18fdf26a69cbe3f45355bd53da6643f,benchmarks/grid/fixed-duration/domain.rddl,benchmarks/grid/fixed-duration/grid-100x100-h5-d1-r1-b0.1.rddl,pruningEF
bottom-up-retention-v2,100,5,0.1,1,2023,Rank,1.0,0.3,120.0,ok,201.72953198745734,0.0006906283840942386,0.12596574204508215,False,544.0,12.421551859006286,16.219030949287117,3.6881230771541595,0.0,252.0,544.0,9.0,543.0,543.0,766.0,2301.0,1000,0.001,5.0,5.99211702006869,policies/Rank-100-h5-d0.1-a1-l0.3.json,,grid-100x100-h5-d1-r1-b0.1,d32cfe0f1c70979bdeda736bced0cc69d18fdf26a69cbe3f45355bd53da6643f,benchmarks/grid/fixed-duration/domain.rddl,benchmarks/grid/fixed-duration/grid-100x100-h5-d1-r1-b0.1.rddl,pruningEF
bottom-up-retention-v2,100,5,0.1,1,2023,Rank,1.0,0.5,120.0,ok,201.62540735396732,0.013589883866271978,0.19188371498603374,False,712.0,19.387002917937934,25.904240203090012,5.235810880549252,0.0,431.0,712.0,11.0,806.0,806.0,1979.0,3834.0,1000,0.022,5.0,5.762979644932784,policies/Rank-100-h5-d0.1-a1-l0.5.json,,grid-100x100-h5-d1-r1-b0.1,d32cfe0f1c70979bdeda736bced0cc69d18fdf26a69cbe3f45355bd53da6643f,benchmarks/grid/fixed-duration/domain.rddl,benchmarks/grid/fixed-duration/grid-100x100-h5-d1-r1-b0.1.rddl,pruningEF
bottom-up-retention-v2,100,5,0.1,2,2023,Rank,1.0,0.9,120.0,ok,200.42585478671265,0.0999813948990784,0.7065354209626094,False,2512.0,137.29339721612632,177.8268899070099,89.86310590989888,0.0,2300.0,2512.0,26.0,2295.0,2367.0,19986.0,22181.0,,,,,,,grid-100x100-h5-d1-r1-b0.1,d32cfe0f1c70979bdeda736bced0cc69d18fdf26a69cbe3f45355bd53da6643f,benchmarks/grid/fixed-duration/domain.rddl,benchmarks/grid/fixed-duration/grid-100x100-h5-d1-r1-b0.1.rddl,pruningEF
bottom-up-retention-v2,100,5,0.1,2,2023,Rank,1.0,0.3,120.0,ok,201.72953198745734,0.0006906283840942386,0.12304237997159362,False,544.0,12.047129916027188,14.270827872678638,3.589184838347137,0.0,252.0,544.0,9.0,543.0,543.0,766.0,2301.0,,,,,,,grid-100x100-h5-d1-r1-b0.1,d32cfe0f1c70979bdeda736bced0cc69d18fdf26a69cbe3f45355bd53da6643f,benchmarks/grid/fixed-duration/domain.rddl,benchmarks/grid/fixed-duration/grid-100x100-h5-d1-r1-b0.1.rddl,pruningEF
bottom-up-retention-v2,100,5,0.1,2,2023,Rank,1.0,0.5,120.0,ok,201.62540735396732,0.013589883866271978,0.1830139469821006,False,712.0,20.211001043207943,26.837339042685926,5.397175904363394,0.0,431.0,712.0,11.0,806.0,806.0,1979.0,3834.0,,,,,,,grid-100x100-h5-d1-r1-b0.1,d32cfe0f1c70979bdeda736bced0cc69d18fdf26a69cbe3f45355bd53da6643f,benchmarks/grid/fixed-duration/domain.rddl,benchmarks/grid/fixed-duration/grid-100x100-h5-d1-r1-b0.1.rddl,pruningEF
bottom-up-retention-v2,100,5,0.1,2,2023,Rank,1.0,0.7,120.0,ok,201.17443081823734,0.05461750368835831,0.5793662900105119,False,2056.0,122.10657470859587,180.07198115810752,29.970113653689623,0.0,1556.0,2056.0,25.0,2701.0,2909.0,16271.0,22271.0,,,,,,,grid-100x100-h5-d1-r1-b0.1,d32cfe0f1c70979bdeda736bced0cc69d18fdf26a69cbe3f45355bd53da6643f,benchmarks/grid/fixed-duration/domain.rddl,benchmarks/grid/fixed-duration/grid-100x100-h5-d1-r1-b0.1.rddl,pruningEF
bottom-up-retention-v2,100,5,0.1,3,2023,Rank,1.0,0.3,120.0,ok,201.72953198745734,0.0006906283840942386,0.13775022409390658,False,544.0,12.362259672954679,14.053245075047016,3.5658380948007107,0.0,252.0,544.0,9.0,543.0,543.0,766.0,2301.0,,,,,,,grid-100x100-h5-d1-r1-b0.1,d32cfe0f1c70979bdeda736bced0cc69d18fdf26a69cbe3f45355bd53da6643f,benchmarks/grid/fixed-duration/domain.rddl,benchmarks/grid/fixed-duration/grid-100x100-h5-d1-r1-b0.1.rddl,pruningEF
bottom-up-retention-v2,100,5,0.1,3,2023,Rank,1.0,0.5,120.0,ok,201.62540735396732,0.013589883866271978,0.18453306809533387,False,712.0,19.46791191585362,26.230531046167016,5.272881011478603,0.0,431.0,712.0,11.0,806.0,806.0,1979.0,3834.0,,,,,,,grid-100x100-h5-d1-r1-b0.1,d32cfe0f1c70979bdeda736bced0cc69d18fdf26a69cbe3f45355bd53da6643f,benchmarks/grid/fixed-duration/domain.rddl,benchmarks/grid/fixed-duration/grid-100x100-h5-d1-r1-b0.1.rddl,pruningEF
bottom-up-retention-v2,100,5,0.1,3,2023,Rank,1.0,0.7,120.0,ok,201.17443081823734,0.05461750368835831,0.5698679300257936,False,2056.0,123.30500362440944,163.9365099836141,29.996623285114765,0.0,1556.0,2056.0,25.0,2701.0,2909.0,16271.0,22271.0,,,,,,,grid-100x100-h5-d1-r1-b0.1,d32cfe0f1c70979bdeda736bced0cc69d18fdf26a69cbe3f45355bd53da6643f,benchmarks/grid/fixed-duration/domain.rddl,benchmarks/grid/fixed-duration/grid-100x100-h5-d1-r1-b0.1.rddl,pruningEF
bottom-up-retention-v2,100,5,0.1,3,2023,Rank,1.0,0.9,120.0,ok,200.42585478671265,0.0999813948990784,0.7261897720163688,False,2512.0,112.33010329306126,202.98842492047697,89.22682784032077,0.0,2300.0,2512.0,26.0,2295.0,2367.0,19986.0,22181.0,,,,,,,grid-100x100-h5-d1-r1-b0.1,d32cfe0f1c70979bdeda736bced0cc69d18fdf26a69cbe3f45355bd53da6643f,benchmarks/grid/fixed-duration/domain.rddl,benchmarks/grid/fixed-duration/grid-100x100-h5-d1-r1-b0.1.rddl,pruningEF
bottom-up-retention-v2,100,5,0.2,1,2023,Rank,1.0,0.9,120.0,ok,199.72730698950195,0.15374607759742356,1.6362497969530523,False,3940.0,371.36549956630915,576.5154083492234,150.38867376279086,0.0,3566.0,3940.0,37.0,7227.0,7950.0,57707.0,63334.0,1000,0.174,5.0,5.515117180068046,policies/Rank-100-h5-d0.2-a1-l0.9.json,,grid-100x100-h5-d1-r1-b0.2,596c7bb3edf18336bbddbc87f66807023abd0e8d3abb2f7784bcc0a7a6a0b704,benchmarks/grid/fixed-duration/domain.rddl,benchmarks/grid/fixed-duration/grid-100x100-h5-d1-r1-b0.2.rddl,pruningEF
bottom-up-retention-v2,100,5,0.2,1,2023,Rank,1.0,0.3,120.0,ok,201.72953198745734,0.0006906283840942386,0.12318515300285071,False,544.0,11.78083405829966,14.407242997549474,3.758145961910486,0.0,252.0,544.0,9.0,543.0,543.0,766.0,2301.0,1000,0.001,5.0,5.7995701029431075,policies/Rank-100-h5-d0.2-a1-l0.3.json,,grid-100x100-h5-d1-r1-b0.2,596c7bb3edf18336bbddbc87f66807023abd0e8d3abb2f7784bcc0a7a6a0b704,benchmarks/grid/fixed-duration/domain.rddl,benchmarks/grid/fixed-duration/grid-100x100-h5-d1-r1-b0.2.rddl,pruningEF
bottom-up-retention-v2,100,5,0.2,1,2023,Rank,1.0,0.5,120.0,ok,201.77765730844732,0.012164754384613043,0.18731813598424196,False,724.0,23.22799211833626,30.023291357792914,6.0603676829487085,0.0,435.0,724.0,12.0,939.0,951.0,2236.0,4353.0,1000,0.021,5.0,5.702275445917621,policies/Rank-100-h5-d0.2-a1-l0.5.json,,grid-100x100-h5-d1-r1-b0.2,596c7bb3edf18336bbddbc87f66807023abd0e8d3abb2f7784bcc0a7a6a0b704,benchmarks/grid/fixed-duration/domain.rddl,benchmarks/grid/fixed-duration/grid-100x100-h5-d1-r1-b0.2.rddl,pruningEF
bottom-up-retention-v2,100,5,0.2,1,2023,Rank,1.0,0.7,120.0,ok,201.47269276961674,0.03884454320663453,0.42102969193365425,False,1348.0,70.36607514601201,95.03467963077128,13.053578324615955,0.0,991.0,1348.0,19.0,2062.0,2335.0,9383.0,12945.0,1000,0.038,5.0,5.764574493980035,policies/Rank-100-h5-d0.2-a1-l0.7.json,,grid-100x100-h5-d1-r1-b0.2,596c7bb3edf18336bbddbc87f66807023abd0e8d3abb2f7784bcc0a7a6a0b704,benchmarks/grid/fixed-duration/domain.rddl,benchmarks/grid/fixed-duration/grid-100x100-h5-d1-r1-b0.2.rddl,pruningEF
bottom-up-retention-v2,100,5,0.2,2,2023,Rank,1.0,0.3,120.0,ok,201.72953198745734,0.0006906283840942386,0.11887889797799289,False,544.0,11.914151138626039,14.18151194229722,3.427639021538198,0.0,252.0,544.0,9.0,543.0,543.0,766.0,2301.0,,,,,,,grid-100x100-h5-d1-r1-b0.2,596c7bb3edf18336bbddbc87f66807023abd0e8d3abb2f7784bcc0a7a6a0b704,benchmarks/grid/fixed-duration/domain.rddl,benchmarks/grid/fixed-duration/grid-100x100-h5-d1-r1-b0.2.rddl,pruningEF
bottom-up-retention-v2,100,5,0.2,2,2023,Rank,1.0,0.5,120.0,ok,201.77765730844732,0.012164754384613043,0.17881478602066636,False,724.0,22.841535741463304,29.182396829128265,5.776159814558923,0.0,435.0,724.0,12.0,939.0,951.0,2236.0,4353.0,,,,,,,grid-100x100-h5-d1-r1-b0.2,596c7bb3edf18336bbddbc87f66807023abd0e8d3abb2f7784bcc0a7a6a0b704,benchmarks/grid/fixed-duration/domain.rddl,benchmarks/grid/fixed-duration/grid-100x100-h5-d1-r1-b0.2.rddl,pruningEF
bottom-up-retention-v2,100,5,0.2,2,2023,Rank,1.0,0.7,120.0,ok,201.47269276961674,0.03884454320663453,0.40995328896678984,False,1348.0,85.0090382155031,94.60591443348676,12.705241795629263,0.0,991.0,1348.0,19.0,2062.0,2335.0,9383.0,12945.0,,,,,,,grid-100x100-h5-d1-r1-b0.2,596c7bb3edf18336bbddbc87f66807023abd0e8d3abb2f7784bcc0a7a6a0b704,benchmarks/grid/fixed-duration/domain.rddl,benchmarks/grid/fixed-duration/grid-100x100-h5-d1-r1-b0.2.rddl,pruningEF
bottom-up-retention-v2,100,5,0.2,2,2023,Rank,1.0,0.9,120.0,ok,199.72730698950195,0.15374607759742356,1.5699577130144462,False,3940.0,358.5361682344228,541.8969772290438,146.42311190254986,0.0,3566.0,3940.0,37.0,7227.0,7950.0,57707.0,63334.0,,,,,,,grid-100x100-h5-d1-r1-b0.2,596c7bb3edf18336bbddbc87f66807023abd0e8d3abb2f7784bcc0a7a6a0b704,benchmarks/grid/fixed-duration/domain.rddl,benchmarks/grid/fixed-duration/grid-100x100-h5-d1-r1-b0.2.rddl,pruningEF
bottom-up-retention-v2,100,5,0.2,3,2023,Rank,1.0,0.3,120.0,ok,201.72953198745734,0.0006906283840942386,0.11781952797900885,False,544.0,11.489365948364139,13.644925900734961,3.4930421970784664,0.0,252.0,544.0,9.0,543.0,543.0,766.0,2301.0,,,,,,,grid-100x100-h5-d1-r1-b0.2,596c7bb3edf18336bbddbc87f66807023abd0e8d3abb2f7784bcc0a7a6a0b704,benchmarks/grid/fixed-duration/domain.rddl,benchmarks/grid/fixed-duration/grid-100x100-h5-d1-r1-b0.2.rddl,pruningEF
bottom-up-retention-v2,100,5,0.2,3,2023,Rank,1.0,0.5,120.0,ok,201.77765730844732,0.012164754384613043,0.17789238900877535,False,724.0,22.28064020164311,27.95745595358312,5.27508498635143,0.0,435.0,724.0,12.0,939.0,951.0,2236.0,4353.0,,,,,,,grid-100x100-h5-d1-r1-b0.2,596c7bb3edf18336bbddbc87f66807023abd0e8d3abb2f7784bcc0a7a6a0b704,benchmarks/grid/fixed-duration/domain.rddl,benchmarks/grid/fixed-duration/grid-100x100-h5-d1-r1-b0.2.rddl,pruningEF
bottom-up-retention-v2,100,5,0.2,3,2023,Rank,1.0,0.7,120.0,ok,201.47269276961674,0.03884454320663453,0.41488532593939453,False,1348.0,84.90740228444338,93.88842491898686,13.098537572659552,0.0,991.0,1348.0,19.0,2062.0,2335.0,9383.0,12945.0,,,,,,,grid-100x100-h5-d1-r1-b0.2,596c7bb3edf18336bbddbc87f66807023abd0e8d3abb2f7784bcc0a7a6a0b704,benchmarks/grid/fixed-duration/domain.rddl,benchmarks/grid/fixed-duration/grid-100x100-h5-d1-r1-b0.2.rddl,pruningEF
bottom-up-retention-v2,100,5,0.2,3,2023,Rank,1.0,0.9,120.0,ok,199.72730698950195,0.15374607759742356,1.587631261907518,False,3940.0,349.9526330269873,549.4850568939,149.43215681705624,0.0,3566.0,3940.0,37.0,7227.0,7950.0,57707.0,63334.0,,,,,,,grid-100x100-h5-d1-r1-b0.2,596c7bb3edf18336bbddbc87f66807023abd0e8d3abb2f7784bcc0a7a6a0b704,benchmarks/grid/fixed-duration/domain.rddl,benchmarks/grid/fixed-duration/grid-100x100-h5-d1-r1-b0.2.rddl,pruningEF
bottom-up-retention-v2,100,5,0.3,1,2023,Rank,1.0,0.3,120.0,ok,201.72953198745734,0.0006906283840942386,0.11444282298907638,False,544.0,11.14586228504777,13.416071073152125,3.1797292176634073,0.0,252.0,544.0,9.0,543.0,543.0,766.0,2301.0,1000,0.001,5.0,5.669026444084011,policies/Rank-100-h5-d0.3-a1-l0.3.json,,grid-100x100-h5-d1-r1-b0.3,6b3e7e4e9d43cf7a1b4cb5b82583d805f7672195c74d6e67da3060e3eecd63ae,benchmarks/grid/fixed-duration/domain.rddl,benchmarks/grid/fixed-duration/grid-100x100-h5-d1-r1-b0.3.rddl,pruningEF
bottom-up-retention-v2,100,5,0.3,1,2023,Rank,1.0,0.5,120.0,ok,201.7284579854981,0.0013379237416076667,0.20642677298747003,False,772.0,24.08111689146608,32.72982581984252,6.397995050065219,0.0,464.0,772.0,12.0,939.0,951.0,2366.0,4569.0,1000,0.006,5.0,5.561968868016265,policies/Rank-100-h5-d0.3-a1-l0.5.json,,grid-100x100-h5-d1-r1-b0.3,6b3e7e4e9d43cf7a1b4cb5b82583d805f7672195c74d6e67da3060e3eecd63ae,benchmarks/grid/fixed-duration/domain.rddl,benchmarks/grid/fixed-duration/grid-100x100-h5-d1-r1-b0.3.rddl,pruningEF
bottom-up-retention-v2,100,5,0.3,1,2023,Rank,1.0,0.7,120.0,ok,201.60544422310795,0.1359442304630127,0.3374211270129308,False,1228.0,50.397117040120065,72.39374739583582,10.754204005934298,0.0,926.0,1228.0,16.0,1555.0,1655.0,6995.0,9701.0,1000,0.127,5.0,5.547118593938649,policies/Rank-100-h5-d0.3-a1-l0.7.json,,grid-100x100-h5-d1-r1-b0.3,6b3e7e4e9d43cf7a1b4cb5b82583d805f7672195c74d6e67da3060e3eecd63ae,benchmarks/grid/fixed-duration/domain.rddl,benchmarks/grid/fixed-duration/grid-100x100-h5-d1-r1-b0.3.rddl,pruningEF
bottom-up-retention-v2,100,5,0.3,1,2023,Rank,1.0,0.9,120.0,ok,199.6579988001831,0.2607167820702782,1.8834765470819548,False,4732.0,439.3342121038586,706.4784633694217,174.5631870580837,0.0,4305.0,4732.0,41.0,8478.0,9239.0,75095.0,82353.0,1000,0.278,5.0,5.379075806005858,policies/Rank-100-h5-d0.3-a1-l0.9.json,,grid-100x100-h5-d1-r1-b0.3,6b3e7e4e9d43cf7a1b4cb5b82583d805f7672195c74d6e67da3060e3eecd63ae,benchmarks/grid/fixed-duration/domain.rddl,benchmarks/grid/fixed-duration/grid-100x100-h5-d1-r1-b0.3.rddl,pruningEF
bottom-up-retention-v2,100,5,0.3,2,2023,Rank,1.0,0.3,120.0,ok,201.72953198745734,0.0006906283840942386,0.11922438396140933,False,544.0,11.381095857359469,13.778478023596108,3.2816248713061213,0.0,252.0,544.0,9.0,543.0,543.0,766.0,2301.0,,,,,,,grid-100x100-h5-d1-r1-b0.3,6b3e7e4e9d43cf7a1b4cb5b82583d805f7672195c74d6e67da3060e3eecd63ae,benchmarks/grid/fixed-duration/domain.rddl,benchmarks/grid/fixed-duration/grid-100x100-h5-d1-r1-b0.3.rddl,pruningEF
bottom-up-retention-v2,100,5,0.3,2,2023,Rank,1.0,0.5,120.0,ok,201.7284579854981,0.0013379237416076667,0.17502730910200626,False,772.0,23.42575299553573,29.19752709567547,5.394977983087301,0.0,464.0,772.0,12.0,939.0,951.0,2366.0,4569.0,,,,,,,grid-100x100-h5-d1-r1-b0.3,6b3e7e4e9d43cf7a1b4cb5b82583d805f7672195c74d6e67da3060e3eecd63ae,benchmarks/grid/fixed-duration/domain.rddl,benchmarks/grid/fixed-duration/grid-100x100-h5-d1-r1-b0.3.rddl,pruningEF
bottom-up-retention-v2,100,5,0.3,2,2023,Rank,1.0,0.7,120.0,ok,201.60544422310795,0.1359442304630127,0.327522836974822,False,1228.0,66.71453185845166,68.15936521161348,10.140733094885945,0.0,926.0,1228.0,16.0,1555.0,1655.0,6995.0,9701.0,,,,,,,grid-100x100-h5-d1-r1-b0.3,6b3e7e4e9d43cf7a1b4cb5b82583d805f7672195c74d6e67da3060e3eecd63ae,benchmarks/grid/fixed-duration/domain.rddl,benchmarks/grid/fixed-duration/grid-100x100-h5-d1-r1-b0.3.rddl,pruningEF
bottom-up-retention-v2,100,5,0.3,2,2023,Rank,1.0,0.9,120.0,ok,199.6579988001831,0.2607167820702782,1.9018864349927753,False,4732.0,493.06106427684426,672.4113684613258,174.78719458449632,0.0,4305.0,4732.0,41.0,8478.0,9239.0,75095.0,82353.0,,,,,,,grid-100x100-h5-d1-r1-b0.3,6b3e7e4e9d43cf7a1b4cb5b82583d805f7672195c74d6e67da3060e3eecd63ae,benchmarks/grid/fixed-duration/domain.rddl,benchmarks/grid/fixed-duration/grid-100x100-h5-d1-r1-b0.3.rddl,pruningEF
bottom-up-retention-v2,100,5,0.3,3,2023,Rank,1.0,0.5,120.0,ok,201.7284579854981,0.0013379237416076667,0.17639209097251296,False,772.0,23.076355806551874,29.13800033275038,5.34974061883986,0.0,464.0,772.0,12.0,939.0,951.0,2366.0,4569.0,,,,,,,grid-100x100-h5-d1-r1-b0.3,6b3e7e4e9d43cf7a1b4cb5b82583d805f7672195c74d6e67da3060e3eecd63ae,benchmarks/grid/fixed-duration/domain.rddl,benchmarks/grid/fixed-duration/grid-100x100-h5-d1-r1-b0.3.rddl,pruningEF
bottom-up-retention-v2,100,5,0.3,3,2023,Rank,1.0,0.7,120.0,ok,201.60544422310795,0.1359442304630127,0.3094996629515663,False,1228.0,49.387286766432226,69.87734977155924,10.37682977039367,0.0,926.0,1228.0,16.0,1555.0,1655.0,6995.0,9701.0,,,,,,,grid-100x100-h5-d1-r1-b0.3,6b3e7e4e9d43cf7a1b4cb5b82583d805f7672195c74d6e67da3060e3eecd63ae,benchmarks/grid/fixed-duration/domain.rddl,benchmarks/grid/fixed-duration/grid-100x100-h5-d1-r1-b0.3.rddl,pruningEF
bottom-up-retention-v2,100,5,0.3,3,2023,Rank,1.0,0.9,120.0,ok,199.6579988001831,0.2607167820702782,1.890305049950257,False,4732.0,459.5714524621144,696.7364957090467,174.2921358672902,0.0,4305.0,4732.0,41.0,8478.0,9239.0,75095.0,82353.0,,,,,,,grid-100x100-h5-d1-r1-b0.3,6b3e7e4e9d43cf7a1b4cb5b82583d805f7672195c74d6e67da3060e3eecd63ae,benchmarks/grid/fixed-duration/domain.rddl,benchmarks/grid/fixed-duration/grid-100x100-h5-d1-r1-b0.3.rddl,pruningEF
bottom-up-retention-v2,100,5,0.3,3,2023,Rank,1.0,0.3,120.0,ok,201.72953198745734,0.0006906283840942386,0.1288540669484064,False,544.0,11.143462965264916,13.804736780002713,3.3172809053212404,0.0,252.0,544.0,9.0,543.0,543.0,766.0,2301.0,,,,,,,grid-100x100-h5-d1-r1-b0.3,6b3e7e4e9d43cf7a1b4cb5b82583d805f7672195c74d6e67da3060e3eecd63ae,benchmarks/grid/fixed-duration/domain.rddl,benchmarks/grid/fixed-duration/grid-100x100-h5-d1-r1-b0.3.rddl,pruningEF
bottom-up-retention-v2,100,6,0.1,1,2023,Rank,1.0,0.3,120.0,ok,202.67324466957237,0.00012032700618953713,0.3620763960061595,False,1732.0,52.41982010193169,57.4918279889971,7.411700091324747,0.0,794.0,1732.0,12.0,2381.0,2381.0,3152.0,9715.0,1000,0.0,6.0,6.634028301923536,policies/Rank-100-h6-d0.1-a1-l0.3.json,,grid-100x100-h6-d1-r1-b0.1,9d14c8a6ddf8e7476e0a1499611216761964933508025083f4cbb88ea5cda8c8,benchmarks/grid/fixed-duration/domain.rddl,benchmarks/grid/fixed-duration/grid-100x100-h6-d1-r1-b0.1.rddl,pruningEF
bottom-up-retention-v2,100,6,0.1,1,2023,Rank,1.0,0.5,120.0,ok,202.57337464050661,0.011740611571369141,0.6576828359393403,False,2488.0,127.78941122815013,124.46677859406918,13.494661776348948,0.0,1475.0,2488.0,16.0,4105.0,4304.0,10352.0,19940.0,1000,0.015,6.0,6.650895409984514,policies/Rank-100-h6-d0.1-a1-l0.5.json,,grid-100x100-h6-d1-r1-b0.1,9d14c8a6ddf8e7476e0a1499611216761964933508025083f4cbb88ea5cda8c8,benchmarks/grid/fixed-duration/domain.rddl,benchmarks/grid/fixed-duration/grid-100x100-h6-d1-r1-b0.1.rddl,pruningEF
bottom-up-retention-v2,100,6,0.1,1,2023,Rank,1.0,0.7,120.0,ok,202.5569899042124,0.0960062099602486,2.354993668035604,False,7144.0,587.9012357909232,722.1045979531482,124.63296414352953,0.0,5294.0,7144.0,34.0,11532.0,13966.0,71908.0,98694.0,1000,0.089,6.0,6.601578442961909,policies/Rank-100-h6-d0.1-a1-l0.7.json,,grid-100x100-h6-d1-r1-b0.1,9d14c8a6ddf8e7476e0a1499611216761964933508025083f4cbb88ea5cda8c8,benchmarks/grid/fixed-duration/domain.rddl,benchmarks/grid/fixed-duration/grid-100x100-h6-d1-r1-b0.1.rddl,pruningEF
bottom-up-retention-v2,100,6,0.1,1,2023,Rank,1.0,0.9,120.0,ok,201.16829752737578,0.09940287350968341,12.269953799899668,False,12208.0,3212.776731699705,4111.3507875707,2737.816515378654,0.0,11109.0,12208.0,75.0,57304.0,63292.0,426568.0,468344.0,1000,0.093,6.0,6.600734370062128,policies/Rank-100-h6-d0.1-a1-l0.9.json,,grid-100x100-h6-d1-r1-b0.1,9d14c8a6ddf8e7476e0a1499611216761964933508025083f4cbb88ea5cda8c8,benchmarks/grid/fixed-duration/domain.rddl,benchmarks/grid/fixed-duration/grid-100x100-h6-d1-r1-b0.1.rddl,pruningEF
bottom-up-retention-v2,100,6,0.1,2,2023,Rank,1.0,0.5,120.0,ok,202.57337464050661,0.011740611571369141,0.6446871199877933,False,2488.0,104.78553408756852,145.07308905012906,13.351418892852962,0.0,1475.0,2488.0,16.0,4105.0,4304.0,10352.0,19940.0,,,,,,,grid-100x100-h6-d1-r1-b0.1,9d14c8a6ddf8e7476e0a1499611216761964933508025083f4cbb88ea5cda8c8,benchmarks/grid/fixed-duration/domain.rddl,benchmarks/grid/fixed-duration/grid-100x100-h6-d1-r1-b0.1.rddl,pruningEF
bottom-up-retention-v2,100,6,0.1,2,2023,Rank,1.0,0.7,120.0,ok,202.5569899042124,0.0960062099602486,2.3965617780340835,False,7144.0,623.950524139218,729.999425006099,124.34562866110355,0.0,5294.0,7144.0,34.0,11532.0,13966.0,71908.0,98694.0,,,,,,,grid-100x100-h6-d1-r1-b0.1,9d14c8a6ddf8e7476e0a1499611216761964933508025083f4cbb88ea5cda8c8,benchmarks/grid/fixed-duration/domain.rddl,benchmarks/grid/fixed-duration/grid-100x100-h6-d1-r1-b0.1.rddl,pruningEF
bottom-up-retention-v2,100,6,0.1,2,2023,Rank,1.0,0.9,120.0,ok,201.16829752737578,0.09940287350968341,12.35681583697442,False,12208.0,3170.994352782145,4125.512290862389,2746.007194160484,0.0,11109.0,12208.0,75.0,57304.0,63292.0,426568.0,468344.0,,,,,,,grid-100x100-h6-d1-r1-b0.1,9d14c8a6ddf8e7476e0a1499611216761964933508025083f4cbb88ea5cda8c8,benchmarks/grid/fixed-duration/domain.rddl,benchmarks/grid/fixed-duration/grid-100x100-h6-d1-r1-b0.1.rddl,pruningEF
bottom-up-retention-v2,100,6,0.1,2,2023,Rank,1.0,0.3,120.0,ok,202.67324466957237,0.00012032700618953713,0.3655212438898161,False,1732.0,49.61006517987698,72.64370622579008,7.144941249862313,0.0,794.0,1732.0,12.0,2381.0,2381.0,3152.0,9715.0,,,,,,,grid-100x100-h6-d1-r1-b0.1,9d14c8a6ddf8e7476e0a1499611216761964933508025083f4cbb88ea5cda8c8,benchmarks/grid/fixed-duration/domain.rddl,benchmarks/grid/fixed-duration/grid-100x100-h6-d1-r1-b0.1.rddl,pruningEF
bottom-up-retention-v2,100,6,0.1,3,2023,Rank,1.0,0.7,120.0,ok,202.5569899042124,0.0960062099602486,2.3646128670079634,False,7144.0,593.3491338510066,742.543906904757,124.64537215419114,0.0,5294.0,7144.0,34.0,11532.0,13966.0,71908.0,98694.0,,,,,,,grid-100x100-h6-d1-r1-b0.1,9d14c8a6ddf8e7476e0a1499611216761964933508025083f4cbb88ea5cda8c8,benchmarks/grid/fixed-duration/domain.rddl,benchmarks/grid/fixed-duration/grid-100x100-h6-d1-r1-b0.1.rddl,pruningEF
bottom-up-retention-v2,100,6,0.1,3,2023,Rank,1.0,0.9,120.0,ok,201.16829752737578,0.09940287350968341,12.04950885195285,False,12208.0,3055.6077122455463,4065.9245384158567,2676.9248535856605,0.0,11109.0,12208.0,75.0,57304.0,63292.0,426568.0,468344.0,,,,,,,grid-100x100-h6-d1-r1-b0.1,9d14c8a6ddf8e7476e0a1499611216761964933508025083f4cbb88ea5cda8c8,benchmarks/grid/fixed-duration/domain.rddl,benchmarks/grid/fixed-duration/grid-100x100-h6-d1-r1-b0.1.rddl,pruningEF
bottom-up-retention-v2,100,6,0.1,3,2023,Rank,1.0,0.3,120.0,ok,202.67324466957237,0.00012032700618953713,0.36438682104926556,False,1732.0,49.22895703930408,55.7090921793133,6.998007069341838,0.0,794.0,1732.0,12.0,2381.0,2381.0,3152.0,9715.0,,,,,,,grid-100x100-h6-d1-r1-b0.1,9d14c8a6ddf8e7476e0a1499611216761964933508025083f4cbb88ea5cda8c8,benchmarks/grid/fixed-duration/domain.rddl,benchmarks/grid/fixed-duration/grid-100x100-h6-d1-r1-b0.1.rddl,pruningEF
bottom-up-retention-v2,100,6,0.1,3,2023,Rank,1.0,0.5,120.0,ok,202.57337464050661,0.011740611571369141,0.6509666789788753,False,2488.0,125.70831493940204,128.52575816214085,13.795290025882423,0.0,1475.0,2488.0,16.0,4105.0,4304.0,10352.0,19940.0,,,,,,,grid-100x100-h6-d1-r1-b0.1,9d14c8a6ddf8e7476e0a1499611216761964933508025083f4cbb88ea5cda8c8,benchmarks/grid/fixed-duration/domain.rddl,benchmarks/grid/fixed-duration/grid-100x100-h6-d1-r1-b0.1.rddl,pruningEF
bottom-up-retention-v2,100,6,0.2,1,2023,Rank,1.0,0.5,120.0,ok,202.7175628843402,0.012056717879514954,0.6823482579784468,False,2464.0,137.5882978318259,152.3745940066874,14.857657137326896,0.0,1459.0,2464.0,17.0,4534.0,4742.0,11189.0,21594.0,1000,0.015,6.0,6.7877802540315315,policies/Rank-100-h6-d0.2-a1-l0.5.json,,grid-100x100-h6-d1-r1-b0.2,91918929407bfc0c723fc3b8d1296f8f3b96028f1826a3ee39b74e8fc3aa4c59,benchmarks/grid/fixed-duration/domain.rddl,benchmarks/grid/fixed-duration/grid-100x100-h6-d1-r1-b0.2.rddl,pruningEF
bottom-up-retention-v2,100,6,0.2,1,2023,Rank,1.0,0.7,120.0,ok,202.38285920168983,0.04588175782546267,2.144355062977411,False,4708.0,322.5996920373291,458.49329547490925,612.2603096300736,0.0,3500.0,4708.0,25.0,8727.0,9511.0,43108.0,59577.0,1000,0.044,6.0,6.696927689015865,policies/Rank-100-h6-d0.2-a1-l0.7.json,,grid-100x100-h6-d1-r1-b0.2,91918929407bfc0c723fc3b8d1296f8f3b96028f1826a3ee39b74e8fc3aa4c59,benchmarks/grid/fixed-duration/domain.rddl,benchmarks/grid/fixed-duration/grid-100x100-h6-d1-r1-b0.2.rddl,pruningEF
bottom-up-retention-v2,100,6,0.2,1,2023,Rank,1.0,0.9,120.0,ok,199.94352225461205,0.17149215599217768,4.473534567048773,False,12016.0,950.2047970890999,1349.894909420982,349.8985319165513,0.0,10996.0,12016.0,41.0,15949.0,17297.0,143735.0,157395.0,1000,0.168,6.0,6.577936908928677,policies/Rank-100-h6-d0.2-a1-l0.9.json,,grid-100x100-h6-d1-r1-b0.2,91918929407bfc0c723fc3b8d1296f8f3b96028f1826a3ee39b74e8fc3aa4c59,benchmarks/grid/fixed-duration/domain.rddl,benchmarks/grid/fixed-duration/grid-100x100-h6-d1-r1-b0.2.rddl,pruningEF
bottom-up-retention-v2,100,6,0.2,1,2023,Rank,1.0,0.3,120.0,ok,202.67324466957237,0.00012032700618953713,0.36270486004650593,False,1732.0,69.12665988784283,55.495176115073264,7.029488915577531,0.0,794.0,1732.0,12.0,2381.0,2381.0,3152.0,9715.0,1000,0.0,6.0,6.797086042934097,policies/Rank-100-h6-d0.2-a1-l0.3.json,,grid-100x100-h6-d1-r1-b0.2,91918929407bfc0c723fc3b8d1296f8f3b96028f1826a3ee39b74e8fc3aa4c59,benchmarks/grid/fixed-duration/domain.rddl,benchmarks/grid/fixed-duration/grid-100x100-h6-d1-r1-b0.2.rddl,pruningEF
bottom-up-retention-v2,100,6,0.2,2,2023,Rank,1.0,0.7,120.0,ok,202.38285920168983,0.04588175782546267,1.6299897650023922,False,4708.0,336.89087408129126,514.4750642357394,39.43377174437046,0.0,3500.0,4708.0,25.0,8727.0,9511.0,43108.0,59577.0,,,,,,,grid-100x100-h6-d1-r1-b0.2,91918929407bfc0c723fc3b8d1296f8f3b96028f1826a3ee39b74e8fc3aa4c59,benchmarks/grid/fixed-duration/domain.rddl,benchmarks/grid/fixed-duration/grid-100x100-h6-d1-r1-b0.2.rddl,pruningEF
bottom-up-retention-v2,100,6,0.2,2,2023,Rank,1.0,0.9,120.0,ok,199.94352225461205,0.17149215599217768,4.441044642939232,False,12016.0,933.6548806168139,1377.958083176054,349.0361523581669,0.0,10996.0,12016.0,41.0,15949.0,17297.0,143735.0,157395.0,,,,,,,grid-100x100-h6-d1-r1-b0.2,91918929407bfc0c723fc3b8d1296f8f3b96028f1826a3ee39b74e8fc3aa4c59,benchmarks/grid/fixed-duration/domain.rddl,benchmarks/grid/fixed-duration/grid-100x100-h6-d1-r1-b0.2.rddl,pruningEF
bottom-up-retention-v2,100,6,0.2,2,2023,Rank,1.0,0.3,120.0,ok,202.67324466957237,0.00012032700618953713,0.3605544780148193,False,1732.0,65.87133510038257,53.81389684043825,6.8512685829773545,0.0,794.0,1732.0,12.0,2381.0,2381.0,3152.0,9715.0,,,,,,,grid-100x100-h6-d1-r1-b0.2,91918929407bfc0c723fc3b8d1296f8f3b96028f1826a3ee39b74e8fc3aa4c59,benchmarks/grid/fixed-duration/domain.rddl,benchmarks/grid/fixed-duration/grid-100x100-h6-d1-r1-b0.2.rddl,pruningEF
bottom-up-retention-v2,100,6,0.2,2,2023,Rank,1.0,0.5,120.0,ok,202.7175628843402,0.012056717879514954,0.6642949699889868,False,2464.0,116.61455780267715,156.6544200759381,14.624950126744807,0.0,1459.0,2464.0,17.0,4534.0,4742.0,11189.0,21594.0,,,,,,,grid-100x100-h6-d1-r1-b0.2,91918929407bfc0c723fc3b8d1296f8f3b96028f1826a3ee39b74e8fc3aa4c59,benchmarks/grid/fixed-duration/domain.rddl,benchmarks/grid/fixed-duration/grid-100x100-h6-d1-r1-b0.2.rddl,pruningEF
bottom-up-retention-v2,100,6,0.2,3,2023,Rank,1.0,0.9,120.0,ok,199.94352225461205,0.17149215599217768,4.615556520991959,False,12016.0,985.5469330213964,1391.8093349784613,356.98921990115196,0.0,10996.0,12016.0,41.0,15949.0,17297.0,143735.0,157395.0,,,,,,,grid-100x100-h6-d1-r1-b0.2,91918929407bfc0c723fc3b8d1296f8f3b96028f1826a3ee39b74e8fc3aa4c59,benchmarks/grid/fixed-duration/domain.rddl,benchmarks/grid/fixed-duration/grid-100x100-h6-d1-r1-b0.2.rddl,pruningEF
bottom-up-retention-v2,100,6,0.2,3,2023,Rank,1.0,0.3,120.0,ok,202.67324466957237,0.00012032700618953713,0.3661419430281967,False,1732.0,49.768200842663646,74.56594612449408,6.825809134170413,0.0,794.0,1732.0,12.0,2381.0,2381.0,3152.0,9715.0,,,,,,,grid-100x100-h6-d1-r1-b0.2,91918929407bfc0c723fc3b8d1296f8f3b96028f1826a3ee39b74e8fc3aa4c59,benchmarks/grid/fixed-duration/domain.rddl,benchmarks/grid/fixed-duration/grid-100x100-h6-d1-r1-b0.2.rddl,pruningEF
bottom-up-retention-v2,100,6,0.2,3,2023,Rank,1.0,0.5,120.0,ok,202.7175628843402,0.012056717879514954,0.6656165850581601,False,2464.0,117.13299504481256,159.20790715608746,14.897398883476853,0.0,1459.0,2464.0,17.0,4534.0,4742.0,11189.0,21594.0,,,,,,,grid-100x100-h6-d1-r1-b0.2,91918929407bfc0c723fc3b8d1296f8f3b96028f1826a3ee39b74e8fc3aa4c59,benchmarks/grid/fixed-duration/domain.rddl,benchmarks/grid/fixed-duration/grid-100x100-h6-d1-r1-b0.2.rddl,pruningEF
bottom-up-retention-v2,100,6,0.2,3,2023,Rank,1.0,0.7,120.0,ok,202.38285920168983,0.04588175782546267,1.6468996019102633,False,4708.0,376.1565218446776,418.4092846699059,39.07382325269282,0.0,3500.0,4708.0,25.0,8727.0,9511.0,43108.0,59577.0,,,,,,,grid-100x100-h6-d1-r1-b0.2,91918929407bfc0c723fc3b8d1296f8f3b96028f1826a3ee39b74e8fc3aa4c59,benchmarks/grid/fixed-duration/domain.rddl,benchmarks/grid/fixed-duration/grid-100x100-h6-d1-r1-b0.2.rddl,pruningEF
bottom-up-retention-v2,100,6,0.3,1,2023,Rank,1.0,0.7,120.0,ok,202.47624946698235,0.2105143237068893,1.8144503829535097,False,4984.0,366.6587157640606,510.5753735406324,41.24402510933578,0.0,3603.0,4984.0,25.0,9521.0,12671.0,44696.0,61541.0,1000,0.193,6.0,6.686429883004166,policies/Rank-100-h6-d0.3-a1-l0.7.json,,grid-100x100-h6-d1-r1-b0.3,d0277a055245d6e3a7ef521aa3210ea3825677b0e7e40ff42792b1c14dfc57d3,benchmarks/grid/fixed-duration/domain.rddl,benchmarks/grid/fixed-duration/grid-100x100-h6-d1-r1-b0.3.rddl,pruningEF
bottom-up-retention-v2,100,6,0.3,1,2023,Rank,1.0,0.9,120.0,ok,199.75577087456324,0.2729704289274216,5.992641776916571,False,12856.0,1443.1812497787178,1962.6239698845893,484.15143648162484,0.0,11748.0,12856.0,48.0,24103.0,26372.0,209549.0,228976.0,1000,0.261,6.0,6.578426172025502,policies/Rank-100-h6-d0.3-a1-l0.9.json,,grid-100x100-h6-d1-r1-b0.3,d0277a055245d6e3a7ef521aa3210ea3825677b0e7e40ff42792b1c14dfc57d3,benchmarks/grid/fixed-duration/domain.rddl,benchmarks/grid/fixed-duration/grid-100x100-h6-d1-r1-b0.3.rddl,pruningEF
bottom-up-retention-v2,100,6,0.3,1,2023,Rank,1.0,0.3,120.0,ok,202.67324466957237,0.00012032700618953713,0.3661105840001255,False,1732.0,49.217040883377194,55.01478270161897,7.078610244207084,0.0,794.0,1732.0,12.0,2381.0,2381.0,3152.0,9715.0,1000,0.0,6.0,6.714908836060204,policies/Rank-100-h6-d0.3-a1-l0.3.json,,grid-100x100-h6-d1-r1-b0.3,d0277a055245d6e3a7ef521aa3210ea3825677b0e7e40ff42792b1c14dfc57d3,benchmarks/grid/fixed-duration/domain.rddl,benchmarks/grid/fixed-duration/grid-100x100-h6-d1-r1-b0.3.rddl,pruningEF
bottom-up-retention-v2,100,6,0.3,1,2023,Rank,1.0,0.5,120.0,ok,202.66863781301504,0.004692293121407421,0.5577647209865972,False,2536.0,89.74160510115325,103.70284004602581,11.394156026653945,0.0,1534.0,2536.0,14.0,3186.0,3193.0,8664.0,16531.0,1000,0.006,6.0,6.67686251597479,policies/Rank-100-h6-d0.3-a1-l0.5.json,,grid-100x100-h6-d1-r1-b0.3,d0277a055245d6e3a7ef521aa3210ea3825677b0e7e40ff42792b1c14dfc57d3,benchmarks/grid/fixed-duration/domain.rddl,benchmarks/grid/fixed-duration/grid-100x100-h6-d1-r1-b0.3.rddl,pruningEF
bottom-up-retention-v2,100,6,0.3,2,2023,Rank,1.0,0.9,120.0,ok,199.75577087456324,0.2729704289274216,6.167214800952934,False,12856.0,1520.4419700894505,2052.322096657008,493.91402944456786,0.0,11748.0,12856.0,48.0,24103.0,26372.0,209549.0,228976.0,,,,,,,grid-100x100-h6-d1-r1-b0.3,d0277a055245d6e3a7ef521aa3210ea3825677b0e7e40ff42792b1c14dfc57d3,benchmarks/grid/fixed-duration/domain.rddl,benchmarks/grid/fixed-duration/grid-100x100-h6-d1-r1-b0.3.rddl,pruningEF
bottom-up-retention-v2,100,6,0.3,2,2023,Rank,1.0,0.3,120.0,ok,202.67324466957237,0.00012032700618953713,0.35705933906137943,False,1732.0,47.46363312005997,53.930397843942046,6.913302815519273,0.0,794.0,1732.0,12.0,2381.0,2381.0,3152.0,9715.0,,,,,,,grid-100x100-h6-d1-r1-b0.3,d0277a055245d6e3a7ef521aa3210ea3825677b0e7e40ff42792b1c14dfc57d3,benchmarks/grid/fixed-duration/domain.rddl,benchmarks/grid/fixed-duration/grid-100x100-h6-d1-r1-b0.3.rddl,pruningEF
bottom-up-retention-v2,100,6,0.3,2,2023,Rank,1.0,0.5,120.0,ok,202.66863781301504,0.004692293121407421,0.5499224050436169,False,2536.0,88.54328910820186,102.13902534451336,11.706065153703094,0.0,1534.0,2536.0,14.0,3186.0,3193.0,8664.0,16531.0,,,,,,,grid-100x100-h6-d1-r1-b0.3,d0277a055245d6e3a7ef521aa3210ea3825677b0e7e40ff42792b1c14dfc57d3,benchmarks/grid/fixed-duration/domain.rddl,benchmarks/grid/fixed-duration/grid-100x100-h6-d1-r1-b0.3.rddl,pruningEF
bottom-up-retention-v2,100,6,0.3,2,2023,Rank,1.0,0.7,120.0,ok,202.47624946698235,0.2105143237068893,1.7935696250060573,False,4984.0,385.54526667576283,487.3164308955893,40.581843350082636,0.0,3603.0,4984.0,25.0,9521.0,12671.0,44696.0,61541.0,,,,,,,grid-100x100-h6-d1-r1-b0.3,d0277a055245d6e3a7ef521aa3210ea3825677b0e7e40ff42792b1c14dfc57d3,benchmarks/grid/fixed-duration/domain.rddl,benchmarks/grid/fixed-duration/grid-100x100-h6-d1-r1-b0.3.rddl,pruningEF
bottom-up-retention-v2,100,6,0.3,3,2023,Rank,1.0,0.3,120.0,ok,202.67324466957237,0.00012032700618953713,0.3417095079785213,False,1732.0,46.92536115180701,54.24765998031944,6.865734932944179,0.0,794.0,1732.0,12.0,2381.0,2381.0,3152.0,9715.0,,,,,,,grid-100x100-h6-d1-r1-b0.3,d0277a055245d6e3a7ef521aa3210ea3825677b0e7e40ff42792b1c14dfc57d3,benchmarks/grid/fixed-duration/domain.rddl,benchmarks/grid/fixed-duration/grid-100x100-h6-d1-r1-b0.3.rddl,pruningEF
bottom-up-retention-v2,100,6,0.3,3,2023,Rank,1.0,0.5,120.0,ok,202.66863781301504,0.004692293121407421,0.5588423279114068,False,2536.0,89.1431299969554,123.85912984609604,11.666056816466153,0.0,1534.0,2536.0,14.0,3186.0,3193.0,8664.0,16531.0,,,,,,,grid-100x100-h6-d1-r1-b0.3,d0277a055245d6e3a7ef521aa3210ea3825677b0e7e40ff42792b1c14dfc57d3,benchmarks/grid/fixed-duration/domain.rddl,benchmarks/grid/fixed-duration/grid-100x100-h6-d1-r1-b0.3.rddl,pruningEF
bottom-up-retention-v2,100,6,0.3,3,2023,Rank,1.0,0.7,120.0,ok,202.47624946698235,0.2105143237068893,1.7752278950065374,False,4984.0,390.883935848251,460.7421479886398,41.488208109512925,0.0,3603.0,4984.0,25.0,9521.0,12671.0,44696.0,61541.0,,,,,,,grid-100x100-h6-d1-r1-b0.3,d0277a055245d6e3a7ef521aa3210ea3825677b0e7e40ff42792b1c14dfc57d3,benchmarks/grid/fixed-duration/domain.rddl,benchmarks/grid/fixed-duration/grid-100x100-h6-d1-r1-b0.3.rddl,pruningEF
bottom-up-retention-v2,100,6,0.3,3,2023,Rank,1.0,0.9,120.0,ok,199.75577087456324,0.2729704289274216,5.947671841015108,False,12856.0,1513.0715596023947,1920.3016688115895,478.0793198151514,0.0,11748.0,12856.0,48.0,24103.0,26372.0,209549.0,228976.0,,,,,,,grid-100x100-h6-d1-r1-b0.3,d0277a055245d6e3a7ef521aa3210ea3825677b0e7e40ff42792b1c14dfc57d3,benchmarks/grid/fixed-duration/domain.rddl,benchmarks/grid/fixed-duration/grid-100x100-h6-d1-r1-b0.3.rddl,pruningEF
