size,horizon,delta,algorithm,trial,objective,risk,time_s,n,iterations,complete,constrained_pomdp_commit,raostar_commit,case,input_digest,domain,instance,alpha,lambda,status
5,3,0.1,HILP,1,8.932312499999998,0.08976562500000002,0.06091961089987308,268,12,True,d84d099493b973a63d879255d2221c1930d649aa,543f782d80ceb9555130e911c1fcf7074153d267,grid-5x5-h3-d1-r1-b0.1,2dd4c818c32f51f28cb82c2c44ed9a65eb5ae10f13481483026f20a393ef47bd,benchmarks/grid/fixed-duration/domain.rddl,benchmarks/grid/fixed-duration/grid-5x5-h3-d1-r1-b0.1.rddl,1,1,ok
5,3,0.1,HILP,2,8.932312499999998,0.08976562500000002,0.04979919409379363,268,12,True,d84d099493b973a63d879255d2221c1930d649aa,543f782d80ceb9555130e911c1fcf7074153d267,grid-5x5-h3-d1-r1-b0.1,2dd4c818c32f51f28cb82c2c44ed9a65eb5ae10f13481483026f20a393ef47bd,benchmarks/grid/fixed-duration/domain.rddl,benchmarks/grid/fixed-duration/grid-5x5-h3-d1-r1-b0.1.rddl,1,1,ok
5,3,0.1,HILP,3,8.932312499999998,0.08976562500000002,0.04961954103782773,268,12,True,d84d099493b973a63d879255d2221c1930d649aa,543f782d80ceb9555130e911c1fcf7074153d267,grid-5x5-h3-d1-r1-b0.1,2dd4c818c32f51f28cb82c2c44ed9a65eb5ae10f13481483026f20a393ef47bd,benchmarks/grid/fixed-duration/domain.rddl,benchmarks/grid/fixed-duration/grid-5x5-h3-d1-r1-b0.1.rddl,1,1,ok
5,3,0.1,HILP,4,8.932312499999998,0.08976562500000002,0.09863769402727485,268,12,True,d84d099493b973a63d879255d2221c1930d649aa,543f782d80ceb9555130e911c1fcf7074153d267,grid-5x5-h3-d1-r1-b0.1,2dd4c818c32f51f28cb82c2c44ed9a65eb5ae10f13481483026f20a393ef47bd,benchmarks/grid/fixed-duration/domain.rddl,benchmarks/grid/fixed-duration/grid-5x5-h3-d1-r1-b0.1.rddl,1,1,ok
5,3,0.1,HILP,5,8.932312499999998,0.08976562500000002,0.04901704809162766,268,12,True,d84d099493b973a63d879255d2221c1930d649aa,543f782d80ceb9555130e911c1fcf7074153d267,grid-5x5-h3-d1-r1-b0.1,2dd4c818c32f51f28cb82c2c44ed9a65eb5ae10f13481483026f20a393ef47bd,benchmarks/grid/fixed-duration/domain.rddl,benchmarks/grid/fixed-duration/grid-5x5-h3-d1-r1-b0.1.rddl,1,1,ok
5,3,0.1,HILP,6,8.932312499999998,0.08976562500000002,0.048767784028314054,268,12,True,d84d099493b973a63d879255d2221c1930d649aa,543f782d80ceb9555130e911c1fcf7074153d267,grid-5x5-h3-d1-r1-b0.1,2dd4c818c32f51f28cb82c2c44ed9a65eb5ae10f13481483026f20a393ef47bd,benchmarks/grid/fixed-duration/domain.rddl,benchmarks/grid/fixed-duration/grid-5x5-h3-d1-r1-b0.1.rddl,1,1,ok
5,3,0.1,HILP,7,8.932312499999998,0.08976562500000002,0.04892108903732151,268,12,True,d84d099493b973a63d879255d2221c1930d649aa,543f782d80ceb9555130e911c1fcf7074153d267,grid-5x5-h3-d1-r1-b0.1,2dd4c818c32f51f28cb82c2c44ed9a65eb5ae10f13481483026f20a393ef47bd,benchmarks/grid/fixed-duration/domain.rddl,benchmarks/grid/fixed-duration/grid-5x5-h3-d1-r1-b0.1.rddl,1,1,ok
5,3,0.1,HILP,8,8.932312499999998,0.08976562500000002,0.04849592596292496,268,12,True,d84d099493b973a63d879255d2221c1930d649aa,543f782d80ceb9555130e911c1fcf7074153d267,grid-5x5-h3-d1-r1-b0.1,2dd4c818c32f51f28cb82c2c44ed9a65eb5ae10f13481483026f20a393ef47bd,benchmarks/grid/fixed-duration/domain.rddl,benchmarks/grid/fixed-duration/grid-5x5-h3-d1-r1-b0.1.rddl,1,1,ok
5,3,0.1,HILP,9,8.932312499999998,0.08976562500000002,0.05554200301412493,268,12,True,d84d099493b973a63d879255d2221c1930d649aa,543f782d80ceb9555130e911c1fcf7074153d267,grid-5x5-h3-d1-r1-b0.1,2dd4c818c32f51f28cb82c2c44ed9a65eb5ae10f13481483026f20a393ef47bd,benchmarks/grid/fixed-duration/domain.rddl,benchmarks/grid/fixed-duration/grid-5x5-h3-d1-r1-b0.1.rddl,1,1,ok
5,3,0.1,HILP,10,8.932312499999998,0.08976562500000002,0.04924812202807516,268,12,True,d84d099493b973a63d879255d2221c1930d649aa,543f782d80ceb9555130e911c1fcf7074153d267,grid-5x5-h3-d1-r1-b0.1,2dd4c818c32f51f28cb82c2c44ed9a65eb5ae10f13481483026f20a393ef47bd,benchmarks/grid/fixed-duration/domain.rddl,benchmarks/grid/fixed-duration/grid-5x5-h3-d1-r1-b0.1.rddl,1,1,ok
5,3,0.1,HILP,11,8.932312499999998,0.08976562500000002,0.051118011004291475,268,12,True,d84d099493b973a63d879255d2221c1930d649aa,543f782d80ceb9555130e911c1fcf7074153d267,grid-5x5-h3-d1-r1-b0.1,2dd4c818c32f51f28cb82c2c44ed9a65eb5ae10f13481483026f20a393ef47bd,benchmarks/grid/fixed-duration/domain.rddl,benchmarks/grid/fixed-duration/grid-5x5-h3-d1-r1-b0.1.rddl,1,1,ok
5,3,0.1,HILP,12,8.932312499999998,0.08976562500000002,0.05147497705183923,268,12,True,d84d099493b973a63d879255d2221c1930d649aa,543f782d80ceb9555130e911c1fcf7074153d267,grid-5x5-h3-d1-r1-b0.1,2dd4c818c32f51f28cb82c2c44ed9a65eb5ae10f13481483026f20a393ef47bd,benchmarks/grid/fixed-duration/domain.rddl,benchmarks/grid/fixed-duration/grid-5x5-h3-d1-r1-b0.1.rddl,1,1,ok
5,3,0.1,HILP,13,8.932312499999998,0.08976562500000002,0.07062220107764006,268,12,True,d84d099493b973a63d879255d2221c1930d649aa,543f782d80ceb9555130e911c1fcf7074153d267,grid-5x5-h3-d1-r1-b0.1,2dd4c818c32f51f28cb82c2c44ed9a65eb5ae10f13481483026f20a393ef47bd,benchmarks/grid/fixed-duration/domain.rddl,benchmarks/grid/fixed-duration/grid-5x5-h3-d1-r1-b0.1.rddl,1,1,ok
5,3,0.1,HILP,14,8.932312499999998,0.08976562500000002,0.07694852293934673,268,12,True,d84d099493b973a63d879255d2221c1930d649aa,543f782d80ceb9555130e911c1fcf7074153d267,grid-5x5-h3-d1-r1-b0.1,2dd4c818c32f51f28cb82c2c44ed9a65eb5ae10f13481483026f20a393ef47bd,benchmarks/grid/fixed-duration/domain.rddl,benchmarks/grid/fixed-duration/grid-5x5-h3-d1-r1-b0.1.rddl,1,1,ok
5,3,0.1,HILP,15,8.932312499999998,0.08976562500000002,0.053795123007148504,268,12,True,d84d099493b973a63d879255d2221c1930d649aa,543f782d80ceb9555130e911c1fcf7074153d267,grid-5x5-h3-d1-r1-b0.1,2dd4c818c32f51f28cb82c2c44ed9a65eb5ae10f13481483026f20a393ef47bd,benchmarks/grid/fixed-duration/domain.rddl,benchmarks/grid/fixed-duration/grid-5x5-h3-d1-r1-b0.1.rddl,1,1,ok
5,3,0.1,HILP,16,8.932312499999998,0.08976562500000002,0.05122589995153248,268,12,True,d84d099493b973a63d879255d2221c1930d649aa,543f782d80ceb9555130e911c1fcf7074153d267,grid-5x5-h3-d1-r1-b0.1,2dd4c818c32f51f28cb82c2c44ed9a65eb5ae10f13481483026f20a393ef47bd,benchmarks/grid/fixed-duration/domain.rddl,benchmarks/grid/fixed-duration/grid-5x5-h3-d1-r1-b0.1.rddl,1,1,ok
5,3,0.1,HILP,17,8.932312499999998,0.08976562500000002,0.05244349199347198,268,12,True,d84d099493b973a63d879255d2221c1930d649aa,543f782d80ceb9555130e911c1fcf7074153d267,grid-5x5-h3-d1-r1-b0.1,2dd4c818c32f51f28cb82c2c44ed9a65eb5ae10f13481483026f20a393ef47bd,benchmarks/grid/fixed-duration/domain.rddl,benchmarks/grid/fixed-duration/grid-5x5-h3-d1-r1-b0.1.rddl,1,1,ok
5,3,0.1,HILP,18,8.932312499999998,0.08976562500000002,0.051281838095746934,268,12,True,d84d099493b973a63d879255d2221c1930d649aa,543f782d80ceb9555130e911c1fcf7074153d267,grid-5x5-h3-d1-r1-b0.1,2dd4c818c32f51f28cb82c2c44ed9a65eb5ae10f13481483026f20a393ef47bd,benchmarks/grid/fixed-duration/domain.rddl,benchmarks/grid/fixed-duration/grid-5x5-h3-d1-r1-b0.1.rddl,1,1,ok
5,3,0.1,HILP,19,8.932312499999998,0.08976562500000002,0.05100991204380989,268,12,True,d84d099493b973a63d879255d2221c1930d649aa,543f782d80ceb9555130e911c1fcf7074153d267,grid-5x5-h3-d1-r1-b0.1,2dd4c818c32f51f28cb82c2c44ed9a65eb5ae10f13481483026f20a393ef47bd,benchmarks/grid/fixed-duration/domain.rddl,benchmarks/grid/fixed-duration/grid-5x5-h3-d1-r1-b0.1.rddl,1,1,ok
5,3,0.1,HILP,20,8.932312499999998,0.08976562500000002,0.05217513896059245,268,12,True,d84d099493b973a63d879255d2221c1930d649aa,543f782d80ceb9555130e911c1fcf7074153d267,grid-5x5-h3-d1-r1-b0.1,2dd4c818c32f51f28cb82c2c44ed9a65eb5ae10f13481483026f20a393ef47bd,benchmarks/grid/fixed-duration/domain.rddl,benchmarks/grid/fixed-duration/grid-5x5-h3-d1-r1-b0.1.rddl,1,1,ok
5,3,0.1,HILP,21,8.932312499999998,0.08976562500000002,0.050716195022687316,268,12,True,d84d099493b973a63d879255d2221c1930d649aa,543f782d80ceb9555130e911c1fcf7074153d267,grid-5x5-h3-d1-r1-b0.1,2dd4c818c32f51f28cb82c2c44ed9a65eb5ae10f13481483026f20a393ef47bd,benchmarks/grid/fixed-duration/domain.rddl,benchmarks/grid/fixed-duration/grid-5x5-h3-d1-r1-b0.1.rddl,1,1,ok
5,3,0.1,HILP,22,8.932312499999998,0.08976562500000002,0.050405885092914104,268,12,True,d84d099493b973a63d879255d2221c1930d649aa,543f782d80ceb9555130e911c1fcf7074153d267,grid-5x5-h3-d1-r1-b0.1,2dd4c818c32f51f28cb82c2c44ed9a65eb5ae10f13481483026f20a393ef47bd,benchmarks/grid/fixed-duration/domain.rddl,benchmarks/grid/fixed-duration/grid-5x5-h3-d1-r1-b0.1.rddl,1,1,ok
5,3,0.1,HILP,23,8.932312499999998,0.08976562500000002,0.05023412709124386,268,12,True,d84d099493b973a63d879255d2221c1930d649aa,543f782d80ceb9555130e911c1fcf7074153d267,grid-5x5-h3-d1-r1-b0.1,2dd4c818c32f51f28cb82c2c44ed9a65eb5ae10f13481483026f20a393ef47bd,benchmarks/grid/fixed-duration/domain.rddl,benchmarks/grid/fixed-duration/grid-5x5-h3-d1-r1-b0.1.rddl,1,1,ok
5,3,0.1,HILP,24,8.932312499999998,0.08976562500000002,0.05119630799163133,268,12,True,d84d099493b973a63d879255d2221c1930d649aa,543f782d80ceb9555130e911c1fcf7074153d267,grid-5x5-h3-d1-r1-b0.1,2dd4c818c32f51f28cb82c2c44ed9a65eb5ae10f13481483026f20a393ef47bd,benchmarks/grid/fixed-duration/domain.rddl,benchmarks/grid/fixed-duration/grid-5x5-h3-d1-r1-b0.1.rddl,1,1,ok
5,3,0.1,HILP,25,8.932312499999998,0.08976562500000002,0.05058092309627682,268,12,True,d84d099493b973a63d879255d2221c1930d649aa,543f782d80ceb9555130e911c1fcf7074153d267,grid-5x5-h3-d1-r1-b0.1,2dd4c818c32f51f28cb82c2c44ed9a65eb5ae10f13481483026f20a393ef47bd,benchmarks/grid/fixed-duration/domain.rddl,benchmarks/grid/fixed-duration/grid-5x5-h3-d1-r1-b0.1.rddl,1,1,ok
5,3,0.2,HILP,1,8.155624999999999,0.144375,0.03918058495037258,160,9,True,d84d099493b973a63d879255d2221c1930d649aa,543f782d80ceb9555130e911c1fcf7074153d267,grid-5x5-h3-d1-r1-b0.2,0c952fd7fb709ebd44038661f64d3016ca754a476eb7d971243a1a15a55c2b49,benchmarks/grid/fixed-duration/domain.rddl,benchmarks/grid/fixed-duration/grid-5x5-h3-d1-r1-b0.2.rddl,1,1,ok
5,3,0.2,HILP,2,8.155624999999999,0.144375,0.03910301090218127,160,9,True,d84d099493b973a63d879255d2221c1930d649aa,543f782d80ceb9555130e911c1fcf7074153d267,grid-5x5-h3-d1-r1-b0.2,0c952fd7fb709ebd44038661f64d3016ca754a476eb7d971243a1a15a55c2b49,benchmarks/grid/fixed-duration/domain.rddl,benchmarks/grid/fixed-duration/grid-5x5-h3-d1-r1-b0.2.rddl,1,1,ok
5,3,0.2,HILP,3,8.155624999999999,0.144375,0.050266660982742906,160,9,True,d84d099493b973a63d879255d2221c1930d649aa,543f782d80ceb9555130e911c1fcf7074153d267,grid-5x5-h3-d1-r1-b0.2,0c952fd7fb709ebd44038661f64d3016ca754a476eb7d971243a1a15a55c2b49,benchmarks/grid/fixed-duration/domain.rddl,benchmarks/grid/fixed-duration/grid-5x5-h3-d1-r1-b0.2.rddl,1,1,ok
5,3,0.2,HILP,4,8.155624999999999,0.144375,0.054556465009227395,160,9,True,d84d099493b973a63d879255d2221c1930d649aa,543f782d80ceb9555130e911c1fcf7074153d267,grid-5x5-h3-d1-r1-b0.2,0c952fd7fb709ebd44038661f64d3016ca754a476eb7d971243a1a15a55c2b49,benchmarks/grid/fixed-duration/domain.rddl,benchmarks/grid/fixed-duration/grid-5x5-h3-d1-r1-b0.2.rddl,1,1,ok
5,3,0.2,HILP,5,8.155624999999999,0.144375,0.04041303298436105,160,9,True,d84d099493b973a63d879255d2221c1930d649aa,543f782d80ceb9555130e911c1fcf7074153d267,grid-5x5-h3-d1-r1-b0.2,0c952fd7fb709ebd44038661f64d3016ca754a476eb7d971243a1a15a55c2b49,benchmarks/grid/fixed-duration/domain.rddl,benchmarks/grid/fixed-duration/grid-5x5-h3-d1-r1-b0.2.rddl,1,1,ok
5,3,0.2,HILP,6,8.155624999999999,0.144375,0.04026502009946853,160,9,True,d84d099493b973a63d879255d2221c1930d649aa,543f782d80ceb9555130e911c1fcf7074153d267,grid-5x5-h3-d1-r1-b0.2,0c952fd7fb709ebd44038661f64d3016ca754a476eb7d971243a1a15a55c2b49,benchmarks/grid/fixed-duration/domain.rddl,benchmarks/grid/fixed-duration/grid-5x5-h3-d1-r1-b0.2.rddl,1,1,ok
5,3,0.2,HILP,7,8.155624999999999,0.144375,0.041738833067938685,160,9,True,d84d099493b973a63d879255d2221c1930d649aa,543f782d80ceb9555130e911c1fcf7074153d267,grid-5x5-h3-d1-r1-b0.2,0c952fd7fb709ebd44038661f64d3016ca754a476eb7d971243a1a15a55c2b49,benchmarks/grid/fixed-duration/domain.rddl,benchmarks/grid/fixed-duration/grid-5x5-h3-d1-r1-b0.2.rddl,1,1,ok
5,3,0.2,HILP,8,8.155624999999999,0.144375,0.03929071803577244,160,9,True,d84d099493b973a63d879255d2221c1930d649aa,543f782d80ceb9555130e911c1fcf7074153d267,grid-5x5-h3-d1-r1-b0.2,0c952fd7fb709ebd44038661f64d3016ca754a476eb7d971243a1a15a55c2b49,benchmarks/grid/fixed-duration/domain.rddl,benchmarks/grid/fixed-duration/grid-5x5-h3-d1-r1-b0.2.rddl,1,1,ok
5,3,0.2,HILP,9,8.155624999999999,0.144375,0.041324802092276514,160,9,True,d84d099493b973a63d879255d2221c1930d649aa,543f782d80ceb9555130e911c1fcf7074153d267,grid-5x5-h3-d1-r1-b0.2,0c952fd7fb709ebd44038661f64d3016ca754a476eb7d971243a1a15a55c2b49,benchmarks/grid/fixed-duration/domain.rddl,benchmarks/grid/fixed-duration/grid-5x5-h3-d1-r1-b0.2.rddl,1,1,ok
5,3,0.2,HILP,10,8.155624999999999,0.144375,0.040345528977923095,160,9,True,d84d099493b973a63d879255d2221c1930d649aa,543f782d80ceb9555130e911c1fcf7074153d267,grid-5x5-h3-d1-r1-b0.2,0c952fd7fb709ebd44038661f64d3016ca754a476eb7d971243a1a15a55c2b49,benchmarks/grid/fixed-duration/domain.rddl,benchmarks/grid/fixed-duration/grid-5x5-h3-d1-r1-b0.2.rddl,1,1,ok
5,3,0.2,HILP,11,8.155624999999999,0.144375,0.04198238509707153,160,9,True,d84d099493b973a63d879255d2221c1930d649aa,543f782d80ceb9555130e911c1fcf7074153d267,grid-5x5-h3-d1-r1-b0.2,0c952fd7fb709ebd44038661f64d3016ca754a476eb7d971243a1a15a55c2b49,benchmarks/grid/fixed-duration/domain.rddl,benchmarks/grid/fixed-duration/grid-5x5-h3-d1-r1-b0.2.rddl,1,1,ok
5,3,0.2,HILP,12,8.155624999999999,0.144375,0.043548337067477405,160,9,True,d84d099493b973a63d879255d2221c1930d649aa,543f782d80ceb9555130e911c1fcf7074153d267,grid-5x5-h3-d1-r1-b0.2,0c952fd7fb709ebd44038661f64d3016ca754a476eb7d971243a1a15a55c2b49,benchmarks/grid/fixed-duration/domain.rddl,benchmarks/grid/fixed-duration/grid-5x5-h3-d1-r1-b0.2.rddl,1,1,ok
5,3,0.2,HILP,13,8.155624999999999,0.144375,0.045873055001720786,160,9,True,d84d099493b973a63d879255d2221c1930d649aa,543f782d80ceb9555130e911c1fcf7074153d267,grid-5x5-h3-d1-r1-b0.2,0c952fd7fb709ebd44038661f64d3016ca754a476eb7d971243a1a15a55c2b49,benchmarks/grid/fixed-duration/domain.rddl,benchmarks/grid/fixed-duration/grid-5x5-h3-d1-r1-b0.2.rddl,1,1,ok
5,3,0.2,HILP,14,8.155624999999999,0.144375,0.04065756103955209,160,9,True,d84d099493b973a63d879255d2221c1930d649aa,543f782d80ceb9555130e911c1fcf7074153d267,grid-5x5-h3-d1-r1-b0.2,0c952fd7fb709ebd44038661f64d3016ca754a476eb7d971243a1a15a55c2b49,benchmarks/grid/fixed-duration/domain.rddl,benchmarks/grid/fixed-duration/grid-5x5-h3-d1-r1-b0.2.rddl,1,1,ok
5,3,0.2,HILP,15,8.155624999999999,0.144375,0.06644406693521887,160,9,True,d84d099493b973a63d879255d2221c1930d649aa,543f782d80ceb9555130e911c1fcf7074153d267,grid-5x5-h3-d1-r1-b0.2,0c952fd7fb709ebd44038661f64d3016ca754a476eb7d971243a1a15a55c2b49,benchmarks/grid/fixed-duration/domain.rddl,benchmarks/grid/fixed-duration/grid-5x5-h3-d1-r1-b0.2.rddl,1,1,ok
5,3,0.2,HILP,16,8.155624999999999,0.144375,0.04791349696461111,160,9,True,d84d099493b973a63d879255d2221c1930d649aa,543f782d80ceb9555130e911c1fcf7074153d267,grid-5x5-h3-d1-r1-b0.2,0c952fd7fb709ebd44038661f64d3016ca754a476eb7d971243a1a15a55c2b49,benchmarks/grid/fixed-duration/domain.rddl,benchmarks/grid/fixed-duration/grid-5x5-h3-d1-r1-b0.2.rddl,1,1,ok
5,3,0.2,HILP,17,8.155624999999999,0.144375,0.0400483189150691,160,9,True,d84d099493b973a63d879255d2221c1930d649aa,543f782d80ceb9555130e911c1fcf7074153d267,grid-5x5-h3-d1-r1-b0.2,0c952fd7fb709ebd44038661f64d3016ca754a476eb7d971243a1a15a55c2b49,benchmarks/grid/fixed-duration/domain.rddl,benchmarks/grid/fixed-duration/grid-5x5-h3-d1-r1-b0.2.rddl,1,1,ok
5,3,0.2,HILP,18,8.155624999999999,0.144375,0.047319767996668816,160,9,True,d84d099493b973a63d879255d2221c1930d649aa,543f782d80ceb9555130e911c1fcf7074153d267,grid-5x5-h3-d1-r1-b0.2,0c952fd7fb709ebd44038661f64d3016ca754a476eb7d971243a1a15a55c2b49,benchmarks/grid/fixed-duration/domain.rddl,benchmarks/grid/fixed-duration/grid-5x5-h3-d1-r1-b0.2.rddl,1,1,ok
5,3,0.2,HILP,19,8.155624999999999,0.144375,0.04577653296291828,160,9,True,d84d099493b973a63d879255d2221c1930d649aa,543f782d80ceb9555130e911c1fcf7074153d267,grid-5x5-h3-d1-r1-b0.2,0c952fd7fb709ebd44038661f64d3016ca754a476eb7d971243a1a15a55c2b49,benchmarks/grid/fixed-duration/domain.rddl,benchmarks/grid/fixed-duration/grid-5x5-h3-d1-r1-b0.2.rddl,1,1,ok
5,3,0.2,HILP,20,8.155624999999999,0.144375,0.06106494599953294,160,9,True,d84d099493b973a63d879255d2221c1930d649aa,543f782d80ceb9555130e911c1fcf7074153d267,grid-5x5-h3-d1-r1-b0.2,0c952fd7fb709ebd44038661f64d3016ca754a476eb7d971243a1a15a55c2b49,benchmarks/grid/fixed-duration/domain.rddl,benchmarks/grid/fixed-duration/grid-5x5-h3-d1-r1-b0.2.rddl,1,1,ok
5,3,0.2,HILP,21,8.155624999999999,0.144375,0.04642299807164818,160,9,True,d84d099493b973a63d879255d2221c1930d649aa,543f782d80ceb9555130e911c1fcf7074153d267,grid-5x5-h3-d1-r1-b0.2,0c952fd7fb709ebd44038661f64d3016ca754a476eb7d971243a1a15a55c2b49,benchmarks/grid/fixed-duration/domain.rddl,benchmarks/grid/fixed-duration/grid-5x5-h3-d1-r1-b0.2.rddl,1,1,ok
5,3,0.2,HILP,22,8.155624999999999,0.144375,0.04996237996965647,160,9,True,d84d099493b973a63d879255d2221c1930d649aa,543f782d80ceb9555130e911c1fcf7074153d267,grid-5x5-h3-d1-r1-b0.2,0c952fd7fb709ebd44038661f64d3016ca754a476eb7d971243a1a15a55c2b49,benchmarks/grid/fixed-duration/domain.rddl,benchmarks/grid/fixed-duration/grid-5x5-h3-d1-r1-b0.2.rddl,1,1,ok
5,3,0.2,HILP,23,8.155624999999999,0.144375,0.052130118012428284,160,9,True,d84d099493b973a63d879255d2221c1930d649aa,543f782d80ceb9555130e911c1fcf7074153d267,grid-5x5-h3-d1-r1-b0.2,0c952fd7fb709ebd44038661f64d3016ca754a476eb7d971243a1a15a55c2b49,benchmarks/grid/fixed-duration/domain.rddl,benchmarks/grid/fixed-duration/grid-5x5-h3-d1-r1-b0.2.rddl,1,1,ok
5,3,0.2,HILP,24,8.155624999999999,0.144375,0.0388499180553481,160,9,True,d84d099493b973a63d879255d2221c1930d649aa,543f782d80ceb9555130e911c1fcf7074153d267,grid-5x5-h3-d1-r1-b0.2,0c952fd7fb709ebd44038661f64d3016ca754a476eb7d971243a1a15a55c2b49,benchmarks/grid/fixed-duration/domain.rddl,benchmarks/grid/fixed-duration/grid-5x5-h3-d1-r1-b0.2.rddl,1,1,ok
5,3,0.2,HILP,25,8.155624999999999,0.144375,0.045091085019521415,160,9,True,d84d099493b973a63d879255d2221c1930d649aa,543f782d80ceb9555130e911c1fcf7074153d267,grid-5x5-h3-d1-r1-b0.2,0c952fd7fb709ebd44038661f64d3016ca754a476eb7d971243a1a15a55c2b49,benchmarks/grid/fixed-duration/domain.rddl,benchmarks/grid/fixed-duration/grid-5x5-h3-d1-r1-b0.2.rddl,1,1,ok
5,3,0.3,HILP,1,8.155624999999999,0.144375,0.04299517197068781,172,9,True,d84d099493b973a63d879255d2221c1930d649aa,543f782d80ceb9555130e911c1fcf7074153d267,grid-5x5-h3-d1-r1-b0.3,22e089a008c49f646205b835e0f58d5518d958d6552b2cb62930b6c89c2c9c22,benchmarks/grid/fixed-duration/domain.rddl,benchmarks/grid/fixed-duration/grid-5x5-h3-d1-r1-b0.3.rddl,1,1,ok
5,3,0.3,HILP,2,8.155624999999999,0.144375,0.03914963093120605,172,9,True,d84d099493b973a63d879255d2221c1930d649aa,543f782d80ceb9555130e911c1fcf7074153d267,grid-5x5-h3-d1-r1-b0.3,22e089a008c49f646205b835e0f58d5518d958d6552b2cb62930b6c89c2c9c22,benchmarks/grid/fixed-duration/domain.rddl,benchmarks/grid/fixed-duration/grid-5x5-h3-d1-r1-b0.3.rddl,1,1,ok
5,3,0.3,HILP,3,8.155624999999999,0.144375,0.04114277590997517,172,9,True,d84d099493b973a63d879255d2221c1930d649aa,543f782d80ceb9555130e911c1fcf7074153d267,grid-5x5-h3-d1-r1-b0.3,22e089a008c49f646205b835e0f58d5518d958d6552b2cb62930b6c89c2c9c22,benchmarks/grid/fixed-duration/domain.rddl,benchmarks/grid/fixed-duration/grid-5x5-h3-d1-r1-b0.3.rddl,1,1,ok
5,3,0.3,HILP,4,8.155624999999999,0.144375,0.039872501976788044,172,9,True,d84d099493b973a63d879255d2221c1930d649aa,543f782d80ceb9555130e911c1fcf7074153d267,grid-5x5-h3-d1-r1-b0.3,22e089a008c49f646205b835e0f58d5518d958d6552b2cb62930b6c89c2c9c22,benchmarks/grid/fixed-duration/domain.rddl,benchmarks/grid/fixed-duration/grid-5x5-h3-d1-r1-b0.3.rddl,1,1,ok
5,3,0.3,HILP,5,8.155624999999999,0.144375,0.0403712879633531,172,9,True,d84d099493b973a63d879255d2221c1930d649aa,543f782d80ceb9555130e911c1fcf7074153d267,grid-5x5-h3-d1-r1-b0.3,22e089a008c49f646205b835e0f58d5518d958d6552b2cb62930b6c89c2c9c22,benchmarks/grid/fixed-duration/domain.rddl,benchmarks/grid/fixed-duration/grid-5x5-h3-d1-r1-b0.3.rddl,1,1,ok
5,3,0.3,HILP,6,8.155624999999999,0.144375,0.0396675729425624,172,9,True,d84d099493b973a63d879255d2221c1930d649aa,543f782d80ceb9555130e911c1fcf7074153d267,grid-5x5-h3-d1-r1-b0.3,22e089a008c49f646205b835e0f58d5518d958d6552b2cb62930b6c89c2c9c22,benchmarks/grid/fixed-duration/domain.rddl,benchmarks/grid/fixed-duration/grid-5x5-h3-d1-r1-b0.3.rddl,1,1,ok
5,3,0.3,HILP,7,8.155624999999999,0.144375,0.0390207099262625,172,9,True,d84d099493b973a63d879255d2221c1930d649aa,543f782d80ceb9555130e911c1fcf7074153d267,grid-5x5-h3-d1-r1-b0.3,22e089a008c49f646205b835e0f58d5518d958d6552b2cb62930b6c89c2c9c22,benchmarks/grid/fixed-duration/domain.rddl,benchmarks/grid/fixed-duration/grid-5x5-h3-d1-r1-b0.3.rddl,1,1,ok
5,3,0.3,HILP,8,8.155624999999999,0.144375,0.03939733898732811,172,9,True,d84d099493b973a63d879255d2221c1930d649aa,543f782d80ceb9555130e911c1fcf7074153d267,grid-5x5-h3-d1-r1-b0.3,22e089a008c49f646205b835e0f58d5518d958d6552b2cb62930b6c89c2c9c22,benchmarks/grid/fixed-duration/domain.rddl,benchmarks/grid/fixed-duration/grid-5x5-h3-d1-r1-b0.3.rddl,1,1,ok
5,3,0.3,HILP,9,8.155624999999999,0.144375,0.03934659401420504,172,9,True,d84d099493b973a63d879255d2221c1930d649aa,543f782d80ceb9555130e911c1fcf7074153d267,grid-5x5-h3-d1-r1-b0.3,22e089a008c49f646205b835e0f58d5518d958d6552b2cb62930b6c89c2c9c22,benchmarks/grid/fixed-duration/domain.rddl,benchmarks/grid/fixed-duration/grid-5x5-h3-d1-r1-b0.3.rddl,1,1,ok
5,3,0.3,HILP,10,8.155624999999999,0.144375,0.04225278797093779,172,9,True,d84d099493b973a63d879255d2221c1930d649aa,543f782d80ceb9555130e911c1fcf7074153d267,grid-5x5-h3-d1-r1-b0.3,22e089a008c49f646205b835e0f58d5518d958d6552b2cb62930b6c89c2c9c22,benchmarks/grid/fixed-duration/domain.rddl,benchmarks/grid/fixed-duration/grid-5x5-h3-d1-r1-b0.3.rddl,1,1,ok
5,3,0.3,HILP,11,8.155624999999999,0.144375,0.041768837021663785,172,9,True,d84d099493b973a63d879255d2221c1930d649aa,543f782d80ceb9555130e911c1fcf7074153d267,grid-5x5-h3-d1-r1-b0.3,22e089a008c49f646205b835e0f58d5518d958d6552b2cb62930b6c89c2c9c22,benchmarks/grid/fixed-duration/domain.rddl,benchmarks/grid/fixed-duration/grid-5x5-h3-d1-r1-b0.3.rddl,1,1,ok
5,3,0.3,HILP,12,8.155624999999999,0.144375,0.04023643000982702,172,9,True,d84d099493b973a63d879255d2221c1930d649aa,543f782d80ceb9555130e911c1fcf7074153d267,grid-5x5-h3-d1-r1-b0.3,22e089a008c49f646205b835e0f58d5518d958d6552b2cb62930b6c89c2c9c22,benchmarks/grid/fixed-duration/domain.rddl,benchmarks/grid/fixed-duration/grid-5x5-h3-d1-r1-b0.3.rddl,1,1,ok
5,3,0.3,HILP,13,8.155624999999999,0.144375,0.046653011930175126,172,9,True,d84d099493b973a63d879255d2221c1930d649aa,543f782d80ceb9555130e911c1fcf7074153d267,grid-5x5-h3-d1-r1-b0.3,22e089a008c49f646205b835e0f58d5518d958d6552b2cb62930b6c89c2c9c22,benchmarks/grid/fixed-duration/domain.rddl,benchmarks/grid/fixed-duration/grid-5x5-h3-d1-r1-b0.3.rddl,1,1,ok
5,3,0.3,HILP,14,8.155624999999999,0.144375,0.04558094602543861,172,9,True,d84d099493b973a63d879255d2221c1930d649aa,543f782d80ceb9555130e911c1fcf7074153d267,grid-5x5-h3-d1-r1-b0.3,22e089a008c49f646205b835e0f58d5518d958d6552b2cb62930b6c89c2c9c22,benchmarks/grid/fixed-duration/domain.rddl,benchmarks/grid/fixed-duration/grid-5x5-h3-d1-r1-b0.3.rddl,1,1,ok
5,3,0.3,HILP,15,8.155624999999999,0.144375,0.04740076302550733,172,9,True,d84d099493b973a63d879255d2221c1930d649aa,543f782d80ceb9555130e911c1fcf7074153d267,grid-5x5-h3-d1-r1-b0.3,22e089a008c49f646205b835e0f58d5518d958d6552b2cb62930b6c89c2c9c22,benchmarks/grid/fixed-duration/domain.rddl,benchmarks/grid/fixed-duration/grid-5x5-h3-d1-r1-b0.3.rddl,1,1,ok
5,3,0.3,HILP,16,8.155624999999999,0.144375,0.038171730004251,172,9,True,d84d099493b973a63d879255d2221c1930d649aa,543f782d80ceb9555130e911c1fcf7074153d267,grid-5x5-h3-d1-r1-b0.3,22e089a008c49f646205b835e0f58d5518d958d6552b2cb62930b6c89c2c9c22,benchmarks/grid/fixed-duration/domain.rddl,benchmarks/grid/fixed-duration/grid-5x5-h3-d1-r1-b0.3.rddl,1,1,ok
5,3,0.3,HILP,17,8.155624999999999,0.144375,0.037870252039283514,172,9,True,d84d099493b973a63d879255d2221c1930d649aa,543f782d80ceb9555130e911c1fcf7074153d267,grid-5x5-h3-d1-r1-b0.3,22e089a008c49f646205b835e0f58d5518d958d6552b2cb62930b6c89c2c9c22,benchmarks/grid/fixed-duration/domain.rddl,benchmarks/grid/fixed-duration/grid-5x5-h3-d1-r1-b0.3.rddl,1,1,ok
5,3,0.3,HILP,18,8.155624999999999,0.144375,0.03817740909289569,172,9,True,d84d099493b973a63d879255d2221c1930d649aa,543f782d80ceb9555130e911c1fcf7074153d267,grid-5x5-h3-d1-r1-b0.3,22e089a008c49f646205b835e0f58d5518d958d6552b2cb62930b6c89c2c9c22,benchmarks/grid/fixed-duration/domain.rddl,benchmarks/grid/fixed-duration/grid-5x5-h3-d1-r1-b0.3.rddl,1,1,ok
5,3,0.3,HILP,19,8.155624999999999,0.144375,0.038112091016955674,172,9,True,d84d099493b973a63d879255d2221c1930d649aa,543f782d80ceb9555130e911c1fcf7074153d267,grid-5x5-h3-d1-r1-b0.3,22e089a008c49f646205b835e0f58d5518d958d6552b2cb62930b6c89c2c9c22,benchmarks/grid/fixed-duration/domain.rddl,benchmarks/grid/fixed-duration/grid-5x5-h3-d1-r1-b0.3.rddl,1,1,ok
5,3,0.3,HILP,20,8.155624999999999,0.144375,0.03892460197675973,172,9,True,d84d099493b973a63d879255d2221c1930d649aa,543f782d80ceb9555130e911c1fcf7074153d267,grid-5x5-h3-d1-r1-b0.3,22e089a008c49f646205b835e0f58d5518d958d6552b2cb62930b6c89c2c9c22,benchmarks/grid/fixed-duration/domain.rddl,benchmarks/grid/fixed-duration/grid-5x5-h3-d1-r1-b0.3.rddl,1,1,ok
5,3,0.3,HILP,21,8.155624999999999,0.144375,0.03990828897804022,172,9,True,d84d099493b973a63d879255d2221c1930d649aa,543f782d80ceb9555130e911c1fcf7074153d267,grid-5x5-h3-d1-r1-b0.3,22e089a008c49f646205b835e0f58d5518d958d6552b2cb62930b6c89c2c9c22,benchmarks/grid/fixed-duration/domain.rddl,benchmarks/grid/fixed-duration/grid-5x5-h3-d1-r1-b0.3.rddl,1,1,ok
5,3,0.3,HILP,22,8.155624999999999,0.144375,0.0397362329531461,172,9,True,d84d099493b973a63d879255d2221c1930d649aa,543f782d80ceb9555130e911c1fcf7074153d267,grid-5x5-h3-d1-r1-b0.3,22e089a008c49f646205b835e0f58d5518d958d6552b2cb62930b6c89c2c9c22,benchmarks/grid/fixed-duration/domain.rddl,benchmarks/grid/fixed-duration/grid-5x5-h3-d1-r1-b0.3.rddl,1,1,ok
5,3,0.3,HILP,23,8.155624999999999,0.144375,0.04138612106908113,172,9,True,d84d099493b973a63d879255d2221c1930d649aa,543f782d80ceb9555130e911c1fcf7074153d267,grid-5x5-h3-d1-r1-b0.3,22e089a008c49f646205b835e0f58d5518d958d6552b2cb62930b6c89c2c9c22,benchmarks/grid/fixed-duration/domain.rddl,benchmarks/grid/fixed-duration/grid-5x5-h3-d1-r1-b0.3.rddl,1,1,ok
5,3,0.3,HILP,24,8.155624999999999,0.144375,0.04368540598079562,172,9,True,d84d099493b973a63d879255d2221c1930d649aa,543f782d80ceb9555130e911c1fcf7074153d267,grid-5x5-h3-d1-r1-b0.3,22e089a008c49f646205b835e0f58d5518d958d6552b2cb62930b6c89c2c9c22,benchmarks/grid/fixed-duration/domain.rddl,benchmarks/grid/fixed-duration/grid-5x5-h3-d1-r1-b0.3.rddl,1,1,ok
5,3,0.3,HILP,25,8.155624999999999,0.144375,0.042144258972257376,172,9,True,d84d099493b973a63d879255d2221c1930d649aa,543f782d80ceb9555130e911c1fcf7074153d267,grid-5x5-h3-d1-r1-b0.3,22e089a008c49f646205b835e0f58d5518d958d6552b2cb62930b6c89c2c9c22,benchmarks/grid/fixed-duration/domain.rddl,benchmarks/grid/fixed-duration/grid-5x5-h3-d1-r1-b0.3.rddl,1,1,ok
5,4,0.1,HILP,1,9.679810263671875,0.09923649803466798,0.24310828105080873,1084,22,True,d84d099493b973a63d879255d2221c1930d649aa,543f782d80ceb9555130e911c1fcf7074153d267,grid-5x5-h4-d1-r1-b0.1,1908d944b6414c2ca44181e62d668caeb6e065c3eb0a7215a35a13067ca0891d,benchmarks/grid/fixed-duration/domain.rddl,benchmarks/grid/fixed-duration/grid-5x5-h4-d1-r1-b0.1.rddl,1,1,ok
5,4,0.1,HILP,2,9.679810263671875,0.09923649803466798,0.2399525820510462,1084,22,True,d84d099493b973a63d879255d2221c1930d649aa,543f782d80ceb9555130e911c1fcf7074153d267,grid-5x5-h4-d1-r1-b0.1,1908d944b6414c2ca44181e62d668caeb6e065c3eb0a7215a35a13067ca0891d,benchmarks/grid/fixed-duration/domain.rddl,benchmarks/grid/fixed-duration/grid-5x5-h4-d1-r1-b0.1.rddl,1,1,ok
5,4,0.1,HILP,3,9.679810263671875,0.09923649803466798,0.2556233729701489,1084,22,True,d84d099493b973a63d879255d2221c1930d649aa,543f782d80ceb9555130e911c1fcf7074153d267,grid-5x5-h4-d1-r1-b0.1,1908d944b6414c2ca44181e62d668caeb6e065c3eb0a7215a35a13067ca0891d,benchmarks/grid/fixed-duration/domain.rddl,benchmarks/grid/fixed-duration/grid-5x5-h4-d1-r1-b0.1.rddl,1,1,ok
5,4,0.1,HILP,4,9.679810263671875,0.09923649803466798,0.2529388259863481,1084,22,True,d84d099493b973a63d879255d2221c1930d649aa,543f782d80ceb9555130e911c1fcf7074153d267,grid-5x5-h4-d1-r1-b0.1,1908d944b6414c2ca44181e62d668caeb6e065c3eb0a7215a35a13067ca0891d,benchmarks/grid/fixed-duration/domain.rddl,benchmarks/grid/fixed-duration/grid-5x5-h4-d1-r1-b0.1.rddl,1,1,ok
5,4,0.1,HILP,5,9.679810263671875,0.09923649803466798,0.26357004803139716,1084,22,True,d84d099493b973a63d879255d2221c1930d649aa,543f782d80ceb9555130e911c1fcf7074153d267,grid-5x5-h4-d1-r1-b0.1,1908d944b6414c2ca44181e62d668caeb6e065c3eb0a7215a35a13067ca0891d,benchmarks/grid/fixed-duration/domain.rddl,benchmarks/grid/fixed-duration/grid-5x5-h4-d1-r1-b0.1.rddl,1,1,ok
5,4,0.1,HILP,6,9.679810263671875,0.09923649803466798,0.26528960396535695,1084,22,True,d84d099493b973a63d879255d2221c1930d649aa,543f782d80ceb9555130e911c1fcf7074153d267,grid-5x5-h4-d1-r1-b0.1,1908d944b6414c2ca44181e62d668caeb6e065c3eb0a7215a35a13067ca0891d,benchmarks/grid/fixed-duration/domain.rddl,benchmarks/grid/fixed-duration/grid-5x5-h4-d1-r1-b0.1.rddl,1,1,ok
5,4,0.1,HILP,7,9.679810263671875,0.09923649803466798,0.2996216209139675,1084,22,True,d84d099493b973a63d879255d2221c1930d649aa,543f782d80ceb9555130e911c1fcf7074153d267,grid-5x5-h4-d1-r1-b0.1,1908d944b6414c2ca44181e62d668caeb6e065c3eb0a7215a35a13067ca0891d,benchmarks/grid/fixed-duration/domain.rddl,benchmarks/grid/fixed-duration/grid-5x5-h4-d1-r1-b0.1.rddl,1,1,ok
5,4,0.1,HILP,8,9.679810263671875,0.09923649803466798,0.2855560750467703,1084,22,True,d84d099493b973a63d879255d2221c1930d649aa,543f782d80ceb9555130e911c1fcf7074153d267,grid-5x5-h4-d1-r1-b0.1,1908d944b6414c2ca44181e62d668caeb6e065c3eb0a7215a35a13067ca0891d,benchmarks/grid/fixed-duration/domain.rddl,benchmarks/grid/fixed-duration/grid-5x5-h4-d1-r1-b0.1.rddl,1,1,ok
5,4,0.1,HILP,9,9.679810263671875,0.09923649803466798,0.28242817602586,1084,22,True,d84d099493b973a63d879255d2221c1930d649aa,543f782d80ceb9555130e911c1fcf7074153d267,grid-5x5-h4-d1-r1-b0.1,1908d944b6414c2ca44181e62d668caeb6e065c3eb0a7215a35a13067ca0891d,benchmarks/grid/fixed-duration/domain.rddl,benchmarks/grid/fixed-duration/grid-5x5-h4-d1-r1-b0.1.rddl,1,1,ok
5,4,0.1,HILP,10,9.679810263671875,0.09923649803466798,0.25415626901667565,1084,22,True,d84d099493b973a63d879255d2221c1930d649aa,543f782d80ceb9555130e911c1fcf7074153d267,grid-5x5-h4-d1-r1-b0.1,1908d944b6414c2ca44181e62d668caeb6e065c3eb0a7215a35a13067ca0891d,benchmarks/grid/fixed-duration/domain.rddl,benchmarks/grid/fixed-duration/grid-5x5-h4-d1-r1-b0.1.rddl,1,1,ok
5,4,0.1,HILP,11,9.679810263671875,0.09923649803466798,0.24620009202044457,1084,22,True,d84d099493b973a63d879255d2221c1930d649aa,543f782d80ceb9555130e911c1fcf7074153d267,grid-5x5-h4-d1-r1-b0.1,1908d944b6414c2ca44181e62d668caeb6e065c3eb0a7215a35a13067ca0891d,benchmarks/grid/fixed-duration/domain.rddl,benchmarks/grid/fixed-duration/grid-5x5-h4-d1-r1-b0.1.rddl,1,1,ok
5,4,0.1,HILP,12,9.679810263671875,0.09923649803466798,0.2666172339813784,1084,22,True,d84d099493b973a63d879255d2221c1930d649aa,543f782d80ceb9555130e911c1fcf7074153d267,grid-5x5-h4-d1-r1-b0.1,1908d944b6414c2ca44181e62d668caeb6e065c3eb0a7215a35a13067ca0891d,benchmarks/grid/fixed-duration/domain.rddl,benchmarks/grid/fixed-duration/grid-5x5-h4-d1-r1-b0.1.rddl,1,1,ok
5,4,0.1,HILP,13,9.679810263671875,0.09923649803466798,0.24879790493287146,1084,22,True,d84d099493b973a63d879255d2221c1930d649aa,543f782d80ceb9555130e911c1fcf7074153d267,grid-5x5-h4-d1-r1-b0.1,1908d944b6414c2ca44181e62d668caeb6e065c3eb0a7215a35a13067ca0891d,benchmarks/grid/fixed-duration/domain.rddl,benchmarks/grid/fixed-duration/grid-5x5-h4-d1-r1-b0.1.rddl,1,1,ok
5,4,0.1,HILP,14,9.679810263671875,0.09923649803466798,0.25584470108151436,1084,22,True,d84d099493b973a63d879255d2221c1930d649aa,543f782d80ceb9555130e911c1fcf7074153d267,grid-5x5-h4-d1-r1-b0.1,1908d944b6414c2ca44181e62d668caeb6e065c3eb0a7215a35a13067ca0891d,benchmarks/grid/fixed-duration/domain.rddl,benchmarks/grid/fixed-duration/grid-5x5-h4-d1-r1-b0.1.rddl,1,1,ok
5,4,0.1,HILP,15,9.679810263671875,0.09923649803466798,0.24733955401461571,1084,22,True,d84d099493b973a63d879255d2221c1930d649aa,543f782d80ceb9555130e911c1fcf7074153d267,grid-5x5-h4-d1-r1-b0.1,1908d944b6414c2ca44181e62d668caeb6e065c3eb0a7215a35a13067ca0891d,benchmarks/grid/fixed-duration/domain.rddl,benchmarks/grid/fixed-duration/grid-5x5-h4-d1-r1-b0.1.rddl,1,1,ok
5,4,0.1,HILP,16,9.679810263671875,0.09923649803466798,0.255438597057946,1084,22,True,d84d099493b973a63d879255d2221c1930d649aa,543f782d80ceb9555130e911c1fcf7074153d267,grid-5x5-h4-d1-r1-b0.1,1908d944b6414c2ca44181e62d668caeb6e065c3eb0a7215a35a13067ca0891d,benchmarks/grid/fixed-duration/domain.rddl,benchmarks/grid/fixed-duration/grid-5x5-h4-d1-r1-b0.1.rddl,1,1,ok
5,4,0.1,HILP,17,9.679810263671875,0.09923649803466798,0.3122798699187115,1084,22,True,d84d099493b973a63d879255d2221c1930d649aa,543f782d80ceb9555130e911c1fcf7074153d267,grid-5x5-h4-d1-r1-b0.1,1908d944b6414c2ca44181e62d668caeb6e065c3eb0a7215a35a13067ca0891d,benchmarks/grid/fixed-duration/domain.rddl,benchmarks/grid/fixed-duration/grid-5x5-h4-d1-r1-b0.1.rddl,1,1,ok
5,4,0.1,HILP,18,9.679810263671875,0.09923649803466798,0.2616787339793518,1084,22,True,d84d099493b973a63d879255d2221c1930d649aa,543f782d80ceb9555130e911c1fcf7074153d267,grid-5x5-h4-d1-r1-b0.1,1908d944b6414c2ca44181e62d668caeb6e065c3eb0a7215a35a13067ca0891d,benchmarks/grid/fixed-duration/domain.rddl,benchmarks/grid/fixed-duration/grid-5x5-h4-d1-r1-b0.1.rddl,1,1,ok
5,4,0.1,HILP,19,9.679810263671875,0.09923649803466798,0.24606885900720954,1084,22,True,d84d099493b973a63d879255d2221c1930d649aa,543f782d80ceb9555130e911c1fcf7074153d267,grid-5x5-h4-d1-r1-b0.1,1908d944b6414c2ca44181e62d668caeb6e065c3eb0a7215a35a13067ca0891d,benchmarks/grid/fixed-duration/domain.rddl,benchmarks/grid/fixed-duration/grid-5x5-h4-d1-r1-b0.1.rddl,1,1,ok
5,4,0.1,HILP,20,9.679810263671875,0.09923649803466798,0.24704515503253788,1084,22,True,d84d099493b973a63d879255d2221c1930d649aa,543f782d80ceb9555130e911c1fcf7074153d267,grid-5x5-h4-d1-r1-b0.1,1908d944b6414c2ca44181e62d668caeb6e065c3eb0a7215a35a13067ca0891d,benchmarks/grid/fixed-duration/domain.rddl,benchmarks/grid/fixed-duration/grid-5x5-h4-d1-r1-b0.1.rddl,1,1,ok
5,4,0.1,HILP,21,9.679810263671875,0.09923649803466798,0.22942075598984957,1084,22,True,d84d099493b973a63d879255d2221c1930d649aa,543f782d80ceb9555130e911c1fcf7074153d267,grid-5x5-h4-d1-r1-b0.1,1908d944b6414c2ca44181e62d668caeb6e065c3eb0a7215a35a13067ca0891d,benchmarks/grid/fixed-duration/domain.rddl,benchmarks/grid/fixed-duration/grid-5x5-h4-d1-r1-b0.1.rddl,1,1,ok
5,4,0.1,HILP,22,9.679810263671875,0.09923649803466798,0.23310888197738677,1084,22,True,d84d099493b973a63d879255d2221c1930d649aa,543f782d80ceb9555130e911c1fcf7074153d267,grid-5x5-h4-d1-r1-b0.1,1908d944b6414c2ca44181e62d668caeb6e065c3eb0a7215a35a13067ca0891d,benchmarks/grid/fixed-duration/domain.rddl,benchmarks/grid/fixed-duration/grid-5x5-h4-d1-r1-b0.1.rddl,1,1,ok
5,4,0.1,HILP,23,9.679810263671875,0.09923649803466798,0.2383527409983799,1084,22,True,d84d099493b973a63d879255d2221c1930d649aa,543f782d80ceb9555130e911c1fcf7074153d267,grid-5x5-h4-d1-r1-b0.1,1908d944b6414c2ca44181e62d668caeb6e065c3eb0a7215a35a13067ca0891d,benchmarks/grid/fixed-duration/domain.rddl,benchmarks/grid/fixed-duration/grid-5x5-h4-d1-r1-b0.1.rddl,1,1,ok
5,4,0.1,HILP,24,9.679810263671875,0.09923649803466798,0.261046375031583,1084,22,True,d84d099493b973a63d879255d2221c1930d649aa,543f782d80ceb9555130e911c1fcf7074153d267,grid-5x5-h4-d1-r1-b0.1,1908d944b6414c2ca44181e62d668caeb6e065c3eb0a7215a35a13067ca0891d,benchmarks/grid/fixed-duration/domain.rddl,benchmarks/grid/fixed-duration/grid-5x5-h4-d1-r1-b0.1.rddl,1,1,ok
5,4,0.1,HILP,25,9.679810263671875,0.09923649803466798,0.2644682819955051,1084,22,True,d84d099493b973a63d879255d2221c1930d649aa,543f782d80ceb9555130e911c1fcf7074153d267,grid-5x5-h4-d1-r1-b0.1,1908d944b6414c2ca44181e62d668caeb6e065c3eb0a7215a35a13067ca0891d,benchmarks/grid/fixed-duration/domain.rddl,benchmarks/grid/fixed-duration/grid-5x5-h4-d1-r1-b0.1.rddl,1,1,ok
5,4,0.2,HILP,1,8.241031249999999,0.15480147923583987,0.11828006408177316,592,13,True,d84d099493b973a63d879255d2221c1930d649aa,543f782d80ceb9555130e911c1fcf7074153d267,grid-5x5-h4-d1-r1-b0.2,48d1800adc3241e68e2bd399602b82183aded8fdacd64f217363b84eb7d178d4,benchmarks/grid/fixed-duration/domain.rddl,benchmarks/grid/fixed-duration/grid-5x5-h4-d1-r1-b0.2.rddl,1,1,ok
5,4,0.2,HILP,2,8.241031249999999,0.15480147923583987,0.16913528693839908,592,13,True,d84d099493b973a63d879255d2221c1930d649aa,543f782d80ceb9555130e911c1fcf7074153d267,grid-5x5-h4-d1-r1-b0.2,48d1800adc3241e68e2bd399602b82183aded8fdacd64f217363b84eb7d178d4,benchmarks/grid/fixed-duration/domain.rddl,benchmarks/grid/fixed-duration/grid-5x5-h4-d1-r1-b0.2.rddl,1,1,ok
5,4,0.2,HILP,3,8.241031249999999,0.15480147923583987,0.1379578070482239,592,13,True,d84d099493b973a63d879255d2221c1930d649aa,543f782d80ceb9555130e911c1fcf7074153d267,grid-5x5-h4-d1-r1-b0.2,48d1800adc3241e68e2bd399602b82183aded8fdacd64f217363b84eb7d178d4,benchmarks/grid/fixed-duration/domain.rddl,benchmarks/grid/fixed-duration/grid-5x5-h4-d1-r1-b0.2.rddl,1,1,ok
5,4,0.2,HILP,4,8.241031249999999,0.15480147923583987,0.13841931894421577,592,13,True,d84d099493b973a63d879255d2221c1930d649aa,543f782d80ceb9555130e911c1fcf7074153d267,grid-5x5-h4-d1-r1-b0.2,48d1800adc3241e68e2bd399602b82183aded8fdacd64f217363b84eb7d178d4,benchmarks/grid/fixed-duration/domain.rddl,benchmarks/grid/fixed-duration/grid-5x5-h4-d1-r1-b0.2.rddl,1,1,ok
5,4,0.2,HILP,5,8.241031249999999,0.15480147923583987,0.12316352198831737,592,13,True,d84d099493b973a63d879255d2221c1930d649aa,543f782d80ceb9555130e911c1fcf7074153d267,grid-5x5-h4-d1-r1-b0.2,48d1800adc3241e68e2bd399602b82183aded8fdacd64f217363b84eb7d178d4,benchmarks/grid/fixed-duration/domain.rddl,benchmarks/grid/fixed-duration/grid-5x5-h4-d1-r1-b0.2.rddl,1,1,ok
5,4,0.2,HILP,6,8.241031249999999,0.15480147923583987,0.12413530703634024,592,13,True,d84d099493b973a63d879255d2221c1930d649aa,543f782d80ceb9555130e911c1fcf7074153d267,grid-5x5-h4-d1-r1-b0.2,48d1800adc3241e68e2bd399602b82183aded8fdacd64f217363b84eb7d178d4,benchmarks/grid/fixed-duration/domain.rddl,benchmarks/grid/fixed-duration/grid-5x5-h4-d1-r1-b0.2.rddl,1,1,ok
5,4,0.2,HILP,7,8.241031249999999,0.15480147923583987,0.12515578710008413,592,13,True,d84d099493b973a63d879255d2221c1930d649aa,543f782d80ceb9555130e911c1fcf7074153d267,grid-5x5-h4-d1-r1-b0.2,48d1800adc3241e68e2bd399602b82183aded8fdacd64f217363b84eb7d178d4,benchmarks/grid/fixed-duration/domain.rddl,benchmarks/grid/fixed-duration/grid-5x5-h4-d1-r1-b0.2.rddl,1,1,ok
5,4,0.2,HILP,8,8.241031249999999,0.15480147923583987,0.15261954604648054,592,13,True,d84d099493b973a63d879255d2221c1930d649aa,543f782d80ceb9555130e911c1fcf7074153d267,grid-5x5-h4-d1-r1-b0.2,48d1800adc3241e68e2bd399602b82183aded8fdacd64f217363b84eb7d178d4,benchmarks/grid/fixed-duration/domain.rddl,benchmarks/grid/fixed-duration/grid-5x5-h4-d1-r1-b0.2.rddl,1,1,ok
5,4,0.2,HILP,9,8.241031249999999,0.15480147923583987,0.11979031993541867,592,13,True,d84d099493b973a63d879255d2221c1930d649aa,543f782d80ceb9555130e911c1fcf7074153d267,grid-5x5-h4-d1-r1-b0.2,48d1800adc3241e68e2bd399602b82183aded8fdacd64f217363b84eb7d178d4,benchmarks/grid/fixed-duration/domain.rddl,benchmarks/grid/fixed-duration/grid-5x5-h4-d1-r1-b0.2.rddl,1,1,ok
5,4,0.2,HILP,10,8.241031249999999,0.15480147923583987,0.12322820303961635,592,13,True,d84d099493b973a63d879255d2221c1930d649aa,543f782d80ceb9555130e911c1fcf7074153d267,grid-5x5-h4-d1-r1-b0.2,48d1800adc3241e68e2bd399602b82183aded8fdacd64f217363b84eb7d178d4,benchmarks/grid/fixed-duration/domain.rddl,benchmarks/grid/fixed-duration/grid-5x5-h4-d1-r1-b0.2.rddl,1,1,ok
5,4,0.2,HILP,11,8.241031249999999,0.15480147923583987,0.121260353946127,592,13,True,d84d099493b973a63d879255d2221c1930d649aa,543f782d80ceb9555130e911c1fcf7074153d267,grid-5x5-h4-d1-r1-b0.2,48d1800adc3241e68e2bd399602b82183aded8fdacd64f217363b84eb7d178d4,benchmarks/grid/fixed-duration/domain.rddl,benchmarks/grid/fixed-duration/grid-5x5-h4-d1-r1-b0.2.rddl,1,1,ok
5,4,0.2,HILP,12,8.241031249999999,0.15480147923583987,0.1530447219265625,592,13,True,d84d099493b973a63d879255d2221c1930d649aa,543f782d80ceb9555130e911c1fcf7074153d267,grid-5x5-h4-d1-r1-b0.2,48d1800adc3241e68e2bd399602b82183aded8fdacd64f217363b84eb7d178d4,benchmarks/grid/fixed-duration/domain.rddl,benchmarks/grid/fixed-duration/grid-5x5-h4-d1-r1-b0.2.rddl,1,1,ok
5,4,0.2,HILP,13,8.241031249999999,0.15480147923583987,0.14748384291306138,592,13,True,d84d099493b973a63d879255d2221c1930d649aa,543f782d80ceb9555130e911c1fcf7074153d267,grid-5x5-h4-d1-r1-b0.2,48d1800adc3241e68e2bd399602b82183aded8fdacd64f217363b84eb7d178d4,benchmarks/grid/fixed-duration/domain.rddl,benchmarks/grid/fixed-duration/grid-5x5-h4-d1-r1-b0.2.rddl,1,1,ok
5,4,0.2,HILP,14,8.241031249999999,0.15480147923583987,0.12127503391820937,592,13,True,d84d099493b973a63d879255d2221c1930d649aa,543f782d80ceb9555130e911c1fcf7074153d267,grid-5x5-h4-d1-r1-b0.2,48d1800adc3241e68e2bd399602b82183aded8fdacd64f217363b84eb7d178d4,benchmarks/grid/fixed-duration/domain.rddl,benchmarks/grid/fixed-duration/grid-5x5-h4-d1-r1-b0.2.rddl,1,1,ok
5,4,0.2,HILP,15,8.241031249999999,0.15480147923583987,0.16171691205818206,592,13,True,d84d099493b973a63d879255d2221c1930d649aa,543f782d80ceb9555130e911c1fcf7074153d267,grid-5x5-h4-d1-r1-b0.2,48d1800adc3241e68e2bd399602b82183aded8fdacd64f217363b84eb7d178d4,benchmarks/grid/fixed-duration/domain.rddl,benchmarks/grid/fixed-duration/grid-5x5-h4-d1-r1-b0.2.rddl,1,1,ok
5,4,0.2,HILP,16,8.241031249999999,0.15480147923583987,0.12896529294084758,592,13,True,d84d099493b973a63d879255d2221c1930d649aa,543f782d80ceb9555130e911c1fcf7074153d267,grid-5x5-h4-d1-r1-b0.2,48d1800adc3241e68e2bd399602b82183aded8fdacd64f217363b84eb7d178d4,benchmarks/grid/fixed-duration/domain.rddl,benchmarks/grid/fixed-duration/grid-5x5-h4-d1-r1-b0.2.rddl,1,1,ok
5,4,0.2,HILP,17,8.241031249999999,0.15480147923583987,0.13749010197352618,592,13,True,d84d099493b973a63d879255d2221c1930d649aa,543f782d80ceb9555130e911c1fcf7074153d267,grid-5x5-h4-d1-r1-b0.2,48d1800adc3241e68e2bd399602b82183aded8fdacd64f217363b84eb7d178d4,benchmarks/grid/fixed-duration/domain.rddl,benchmarks/grid/fixed-duration/grid-5x5-h4-d1-r1-b0.2.rddl,1,1,ok
5,4,0.2,HILP,18,8.241031249999999,0.15480147923583987,0.13481566798873246,592,13,True,d84d099493b973a63d879255d2221c1930d649aa,543f782d80ceb9555130e911c1fcf7074153d267,grid-5x5-h4-d1-r1-b0.2,48d1800adc3241e68e2bd399602b82183aded8fdacd64f217363b84eb7d178d4,benchmarks/grid/fixed-duration/domain.rddl,benchmarks/grid/fixed-duration/grid-5x5-h4-d1-r1-b0.2.rddl,1,1,ok
5,4,0.2,HILP,19,8.241031249999999,0.15480147923583987,0.11447234998922795,592,13,True,d84d099493b973a63d879255d2221c1930d649aa,543f782d80ceb9555130e911c1fcf7074153d267,grid-5x5-h4-d1-r1-b0.2,48d1800adc3241e68e2bd399602b82183aded8fdacd64f217363b84eb7d178d4,benchmarks/grid/fixed-duration/domain.rddl,benchmarks/grid/fixed-duration/grid-5x5-h4-d1-r1-b0.2.rddl,1,1,ok
5,4,0.2,HILP,20,8.241031249999999,0.15480147923583987,0.14632424898445606,592,13,True,d84d099493b973a63d879255d2221c1930d649aa,543f782d80ceb9555130e911c1fcf7074153d267,grid-5x5-h4-d1-r1-b0.2,48d1800adc3241e68e2bd399602b82183aded8fdacd64f217363b84eb7d178d4,benchmarks/grid/fixed-duration/domain.rddl,benchmarks/grid/fixed-duration/grid-5x5-h4-d1-r1-b0.2.rddl,1,1,ok
5,4,0.2,HILP,21,8.241031249999999,0.15480147923583987,0.11458629195112735,592,13,True,d84d099493b973a63d879255d2221c1930d649aa,543f782d80ceb9555130e911c1fcf7074153d267,grid-5x5-h4-d1-r1-b0.2,48d1800adc3241e68e2bd399602b82183aded8fdacd64f217363b84eb7d178d4,benchmarks/grid/fixed-duration/domain.rddl,benchmarks/grid/fixed-duration/grid-5x5-h4-d1-r1-b0.2.rddl,1,1,ok
5,4,0.2,HILP,22,8.241031249999999,0.15480147923583987,0.14484879397787154,592,13,True,d84d099493b973a63d879255d2221c1930d649aa,543f782d80ceb9555130e911c1fcf7074153d267,grid-5x5-h4-d1-r1-b0.2,48d1800adc3241e68e2bd399602b82183aded8fdacd64f217363b84eb7d178d4,benchmarks/grid/fixed-duration/domain.rddl,benchmarks/grid/fixed-duration/grid-5x5-h4-d1-r1-b0.2.rddl,1,1,ok
5,4,0.2,HILP,23,8.241031249999999,0.15480147923583987,0.12004862201865762,592,13,True,d84d099493b973a63d879255d2221c1930d649aa,543f782d80ceb9555130e911c1fcf7074153d267,grid-5x5-h4-d1-r1-b0.2,48d1800adc3241e68e2bd399602b82183aded8fdacd64f217363b84eb7d178d4,benchmarks/grid/fixed-duration/domain.rddl,benchmarks/grid/fixed-duration/grid-5x5-h4-d1-r1-b0.2.rddl,1,1,ok
5,4,0.2,HILP,24,8.241031249999999,0.15480147923583987,0.11603110702708364,592,13,True,d84d099493b973a63d879255d2221c1930d649aa,543f782d80ceb9555130e911c1fcf7074153d267,grid-5x5-h4-d1-r1-b0.2,48d1800adc3241e68e2bd399602b82183aded8fdacd64f217363b84eb7d178d4,benchmarks/grid/fixed-duration/domain.rddl,benchmarks/grid/fixed-duration/grid-5x5-h4-d1-r1-b0.2.rddl,1,1,ok
5,4,0.2,HILP,25,8.241031249999999,0.15480147923583987,0.12282470404170454,592,13,True,d84d099493b973a63d879255d2221c1930d649aa,543f782d80ceb9555130e911c1fcf7074153d267,grid-5x5-h4-d1-r1-b0.2,48d1800adc3241e68e2bd399602b82183aded8fdacd64f217363b84eb7d178d4,benchmarks/grid/fixed-duration/domain.rddl,benchmarks/grid/fixed-duration/grid-5x5-h4-d1-r1-b0.2.rddl,1,1,ok
5,4,0.3,HILP,1,8.241031249999999,0.15480147923583987,0.24223922297824174,892,20,True,d84d099493b973a63d879255d2221c1930d649aa,543f782d80ceb9555130e911c1fcf7074153d267,grid-5x5-h4-d1-r1-b0.3,ab6f51b97e4aebc3bc2f3935bce339d5433906f3a3580f79e8a7f1c385603898,benchmarks/grid/fixed-duration/domain.rddl,benchmarks/grid/fixed-duration/grid-5x5-h4-d1-r1-b0.3.rddl,1,1,ok
5,4,0.3,HILP,2,8.241031249999999,0.15480147923583987,0.21817705396097153,892,20,True,d84d099493b973a63d879255d2221c1930d649aa,543f782d80ceb9555130e911c1fcf7074153d267,grid-5x5-h4-d1-r1-b0.3,ab6f51b97e4aebc3bc2f3935bce339d5433906f3a3580f79e8a7f1c385603898,benchmarks/grid/fixed-duration/domain.rddl,benchmarks/grid/fixed-duration/grid-5x5-h4-d1-r1-b0.3.rddl,1,1,ok
5,4,0.3,HILP,3,8.241031249999999,0.15480147923583987,0.1953941589454189,892,20,True,d84d099493b973a63d879255d2221c1930d649aa,543f782d80ceb9555130e911c1fcf7074153d267,grid-5x5-h4-d1-r1-b0.3,ab6f51b97e4aebc3bc2f3935bce339d5433906f3a3580f79e8a7f1c385603898,benchmarks/grid/fixed-duration/domain.rddl,benchmarks/grid/fixed-duration/grid-5x5-h4-d1-r1-b0.3.rddl,1,1,ok
5,4,0.3,HILP,4,8.241031249999999,0.15480147923583987,0.23043921997305006,892,20,True,d84d099493b973a63d879255d2221c1930d649aa,543f782d80ceb9555130e911c1fcf7074153d267,grid-5x5-h4-d1-r1-b0.3,ab6f51b97e4aebc3bc2f3935bce339d5433906f3a3580f79e8a7f1c385603898,benchmarks/grid/fixed-duration/domain.rddl,benchmarks/grid/fixed-duration/grid-5x5-h4-d1-r1-b0.3.rddl,1,1,ok
5,4,0.3,HILP,5,8.241031249999999,0.15480147923583987,0.19720010296441615,892,20,True,d84d099493b973a63d879255d2221c1930d649aa,543f782d80ceb9555130e911c1fcf7074153d267,grid-5x5-h4-d1-r1-b0.3,ab6f51b97e4aebc3bc2f3935bce339d5433906f3a3580f79e8a7f1c385603898,benchmarks/grid/fixed-duration/domain.rddl,benchmarks/grid/fixed-duration/grid-5x5-h4-d1-r1-b0.3.rddl,1,1,ok
5,4,0.3,HILP,6,8.241031249999999,0.15480147923583987,0.18750658305361867,892,20,True,d84d099493b973a63d879255d2221c1930d649aa,543f782d80ceb9555130e911c1fcf7074153d267,grid-5x5-h4-d1-r1-b0.3,ab6f51b97e4aebc3bc2f3935bce339d5433906f3a3580f79e8a7f1c385603898,benchmarks/grid/fixed-duration/domain.rddl,benchmarks/grid/fixed-duration/grid-5x5-h4-d1-r1-b0.3.rddl,1,1,ok
5,4,0.3,HILP,7,8.241031249999999,0.15480147923583987,0.21985279594082385,892,20,True,d84d099493b973a63d879255d2221c1930d649aa,543f782d80ceb9555130e911c1fcf7074153d267,grid-5x5-h4-d1-r1-b0.3,ab6f51b97e4aebc3bc2f3935bce339d5433906f3a3580f79e8a7f1c385603898,benchmarks/grid/fixed-duration/domain.rddl,benchmarks/grid/fixed-duration/grid-5x5-h4-d1-r1-b0.3.rddl,1,1,ok
5,4,0.3,HILP,8,8.241031249999999,0.15480147923583987,0.18762992008123547,892,20,True,d84d099493b973a63d879255d2221c1930d649aa,543f782d80ceb9555130e911c1fcf7074153d267,grid-5x5-h4-d1-r1-b0.3,ab6f51b97e4aebc3bc2f3935bce339d5433906f3a3580f79e8a7f1c385603898,benchmarks/grid/fixed-duration/domain.rddl,benchmarks/grid/fixed-duration/grid-5x5-h4-d1-r1-b0.3.rddl,1,1,ok
5,4,0.3,HILP,9,8.241031249999999,0.15480147923583987,0.2067059490364045,892,20,True,d84d099493b973a63d879255d2221c1930d649aa,543f782d80ceb9555130e911c1fcf7074153d267,grid-5x5-h4-d1-r1-b0.3,ab6f51b97e4aebc3bc2f3935bce339d5433906f3a3580f79e8a7f1c385603898,benchmarks/grid/fixed-duration/domain.rddl,benchmarks/grid/fixed-duration/grid-5x5-h4-d1-r1-b0.3.rddl,1,1,ok
5,4,0.3,HILP,10,8.241031249999999,0.15480147923583987,0.22241860209032893,892,20,True,d84d099493b973a63d879255d2221c1930d649aa,543f782d80ceb9555130e911c1fcf7074153d267,grid-5x5-h4-d1-r1-b0.3,ab6f51b97e4aebc3bc2f3935bce339d5433906f3a3580f79e8a7f1c385603898,benchmarks/grid/fixed-duration/domain.rddl,benchmarks/grid/fixed-duration/grid-5x5-h4-d1-r1-b0.3.rddl,1,1,ok
5,4,0.3,HILP,11,8.241031249999999,0.15480147923583987,0.19208910304587334,892,20,True,d84d099493b973a63d879255d2221c1930d649aa,543f782d80ceb9555130e911c1fcf7074153d267,grid-5x5-h4-d1-r1-b0.3,ab6f51b97e4aebc3bc2f3935bce339d5433906f3a3580f79e8a7f1c385603898,benchmarks/grid/fixed-duration/domain.rddl,benchmarks/grid/fixed-duration/grid-5x5-h4-d1-r1-b0.3.rddl,1,1,ok
5,4,0.3,HILP,12,8.241031249999999,0.15480147923583987,0.231732712010853,892,20,True,d84d099493b973a63d879255d2221c1930d649aa,543f782d80ceb9555130e911c1fcf7074153d267,grid-5x5-h4-d1-r1-b0.3,ab6f51b97e4aebc3bc2f3935bce339d5433906f3a3580f79e8a7f1c385603898,benchmarks/grid/fixed-duration/domain.rddl,benchmarks/grid/fixed-duration/grid-5x5-h4-d1-r1-b0.3.rddl,1,1,ok
5,4,0.3,HILP,13,8.241031249999999,0.15480147923583987,0.19462884205859154,892,20,True,d84d099493b973a63d879255d2221c1930d649aa,543f782d80ceb9555130e911c1fcf7074153d267,grid-5x5-h4-d1-r1-b0.3,ab6f51b97e4aebc3bc2f3935bce339d5433906f3a3580f79e8a7f1c385603898,benchmarks/grid/fixed-duration/domain.rddl,benchmarks/grid/fixed-duration/grid-5x5-h4-d1-r1-b0.3.rddl,1,1,ok
5,4,0.3,HILP,14,8.241031249999999,0.15480147923583987,0.21093066094908863,892,20,True,d84d099493b973a63d879255d2221c1930d649aa,543f782d80ceb9555130e911c1fcf7074153d267,grid-5x5-h4-d1-r1-b0.3,ab6f51b97e4aebc3bc2f3935bce339d5433906f3a3580f79e8a7f1c385603898,benchmarks/grid/fixed-duration/domain.rddl,benchmarks/grid/fixed-duration/grid-5x5-h4-d1-r1-b0.3.rddl,1,1,ok
5,4,0.3,HILP,15,8.241031249999999,0.15480147923583987,0.21867940097581595,892,20,True,d84d099493b973a63d879255d2221c1930d649aa,543f782d80ceb9555130e911c1fcf7074153d267,grid-5x5-h4-d1-r1-b0.3,ab6f51b97e4aebc3bc2f3935bce339d5433906f3a3580f79e8a7f1c385603898,benchmarks/grid/fixed-duration/domain.rddl,benchmarks/grid/fixed-duration/grid-5x5-h4-d1-r1-b0.3.rddl,1,1,ok
5,4,0.3,HILP,16,8.241031249999999,0.15480147923583987,0.21988998900633305,892,20,True,d84d099493b973a63d879255d2221c1930d649aa,543f782d80ceb9555130e911c1fcf7074153d267,grid-5x5-h4-d1-r1-b0.3,ab6f51b97e4aebc3bc2f3935bce339d5433906f3a3580f79e8a7f1c385603898,benchmarks/grid/fixed-duration/domain.rddl,benchmarks/grid/fixed-duration/grid-5x5-h4-d1-r1-b0.3.rddl,1,1,ok
5,4,0.3,HILP,17,8.241031249999999,0.15480147923583987,0.1948257079347968,892,20,True,d84d099493b973a63d879255d2221c1930d649aa,543f782d80ceb9555130e911c1fcf7074153d267,grid-5x5-h4-d1-r1-b0.3,ab6f51b97e4aebc3bc2f3935bce339d5433906f3a3580f79e8a7f1c385603898,benchmarks/grid/fixed-duration/domain.rddl,benchmarks/grid/fixed-duration/grid-5x5-h4-d1-r1-b0.3.rddl,1,1,ok
5,4,0.3,HILP,18,8.241031249999999,0.15480147923583987,0.2187033829977736,892,20,True,d84d099493b973a63d879255d2221c1930d649aa,543f782d80ceb9555130e911c1fcf7074153d267,grid-5x5-h4-d1-r1-b0.3,ab6f51b97e4aebc3bc2f3935bce339d5433906f3a3580f79e8a7f1c385603898,benchmarks/grid/fixed-duration/domain.rddl,benchmarks/grid/fixed-duration/grid-5x5-h4-d1-r1-b0.3.rddl,1,1,ok
5,4,0.3,HILP,19,8.241031249999999,0.15480147923583987,0.207076093996875,892,20,True,d84d099493b973a63d879255d2221c1930d649aa,543f782d80ceb9555130e911c1fcf7074153d267,grid-5x5-h4-d1-r1-b0.3,ab6f51b97e4aebc3bc2f3935bce339d5433906f3a3580f79e8a7f1c385603898,benchmarks/grid/fixed-duration/domain.rddl,benchmarks/grid/fixed-duration/grid-5x5-h4-d1-r1-b0.3.rddl,1,1,ok
5,4,0.3,HILP,20,8.241031249999999,0.15480147923583987,0.22140075895003974,892,20,True,d84d099493b973a63d879255d2221c1930d649aa,543f782d80ceb9555130e911c1fcf7074153d267,grid-5x5-h4-d1-r1-b0.3,ab6f51b97e4aebc3bc2f3935bce339d5433906f3a3580f79e8a7f1c385603898,benchmarks/grid/fixed-duration/domain.rddl,benchmarks/grid/fixed-duration/grid-5x5-h4-d1-r1-b0.3.rddl,1,1,ok
5,4,0.3,HILP,21,8.241031249999999,0.15480147923583987,0.20822683593723923,892,20,True,d84d099493b973a63d879255d2221c1930d649aa,543f782d80ceb9555130e911c1fcf7074153d267,grid-5x5-h4-d1-r1-b0.3,ab6f51b97e4aebc3bc2f3935bce339d5433906f3a3580f79e8a7f1c385603898,benchmarks/grid/fixed-duration/domain.rddl,benchmarks/grid/fixed-duration/grid-5x5-h4-d1-r1-b0.3.rddl,1,1,ok
5,4,0.3,HILP,22,8.241031249999999,0.15480147923583987,0.19528034096583724,892,20,True,d84d099493b973a63d879255d2221c1930d649aa,543f782d80ceb9555130e911c1fcf7074153d267,grid-5x5-h4-d1-r1-b0.3,ab6f51b97e4aebc3bc2f3935bce339d5433906f3a3580f79e8a7f1c385603898,benchmarks/grid/fixed-duration/domain.rddl,benchmarks/grid/fixed-duration/grid-5x5-h4-d1-r1-b0.3.rddl,1,1,ok
5,4,0.3,HILP,23,8.241031249999999,0.15480147923583987,0.19227747397962958,892,20,True,d84d099493b973a63d879255d2221c1930d649aa,543f782d80ceb9555130e911c1fcf7074153d267,grid-5x5-h4-d1-r1-b0.3,ab6f51b97e4aebc3bc2f3935bce339d5433906f3a3580f79e8a7f1c385603898,benchmarks/grid/fixed-duration/domain.rddl,benchmarks/grid/fixed-duration/grid-5x5-h4-d1-r1-b0.3.rddl,1,1,ok
5,4,0.3,HILP,24,8.241031249999999,0.15480147923583987,0.1891857699956745,892,20,True,d84d099493b973a63d879255d2221c1930d649aa,543f782d80ceb9555130e911c1fcf7074153d267,grid-5x5-h4-d1-r1-b0.3,ab6f51b97e4aebc3bc2f3935bce339d5433906f3a3580f79e8a7f1c385603898,benchmarks/grid/fixed-duration/domain.rddl,benchmarks/grid/fixed-duration/grid-5x5-h4-d1-r1-b0.3.rddl,1,1,ok
5,4,0.3,HILP,25,8.241031249999999,0.15480147923583987,0.19127858593128622,892,20,True,d84d099493b973a63d879255d2221c1930d649aa,543f782d80ceb9555130e911c1fcf7074153d267,grid-5x5-h4-d1-r1-b0.3,ab6f51b97e4aebc3bc2f3935bce339d5433906f3a3580f79e8a7f1c385603898,benchmarks/grid/fixed-duration/domain.rddl,benchmarks/grid/fixed-duration/grid-5x5-h4-d1-r1-b0.3.rddl,1,1,ok
5,5,0.1,HILP,1,10.358017454345704,0.09444588296646883,2.6646537450142205,4504,45,True,d84d099493b973a63d879255d2221c1930d649aa,543f782d80ceb9555130e911c1fcf7074153d267,grid-5x5-h5-d1-r1-b0.1,c2782ac2130146505c431b6d79606db6ec0d93d61eafd747313eeaa42908d059,benchmarks/grid/fixed-duration/domain.rddl,benchmarks/grid/fixed-duration/grid-5x5-h5-d1-r1-b0.1.rddl,1,1,ok
5,5,0.1,HILP,2,10.358017454345704,0.09444588296646883,2.6332004819996655,4504,45,True,d84d099493b973a63d879255d2221c1930d649aa,543f782d80ceb9555130e911c1fcf7074153d267,grid-5x5-h5-d1-r1-b0.1,c2782ac2130146505c431b6d79606db6ec0d93d61eafd747313eeaa42908d059,benchmarks/grid/fixed-duration/domain.rddl,benchmarks/grid/fixed-duration/grid-5x5-h5-d1-r1-b0.1.rddl,1,1,ok
5,5,0.1,HILP,3,10.358017454345704,0.09444588296646883,2.5740339249605313,4504,45,True,d84d099493b973a63d879255d2221c1930d649aa,543f782d80ceb9555130e911c1fcf7074153d267,grid-5x5-h5-d1-r1-b0.1,c2782ac2130146505c431b6d79606db6ec0d93d61eafd747313eeaa42908d059,benchmarks/grid/fixed-duration/domain.rddl,benchmarks/grid/fixed-duration/grid-5x5-h5-d1-r1-b0.1.rddl,1,1,ok
5,5,0.1,HILP,4,10.358017454345704,0.09444588296646883,2.618415553937666,4504,45,True,d84d099493b973a63d879255d2221c1930d649aa,543f782d80ceb9555130e911c1fcf7074153d267,grid-5x5-h5-d1-r1-b0.1,c2782ac2130146505c431b6d79606db6ec0d93d61eafd747313eeaa42908d059,benchmarks/grid/fixed-duration/domain.rddl,benchmarks/grid/fixed-duration/grid-5x5-h5-d1-r1-b0.1.rddl,1,1,ok
5,5,0.1,HILP,5,10.358017454345704,0.09444588296646883,2.579588704975322,4504,45,True,d84d099493b973a63d879255d2221c1930d649aa,543f782d80ceb9555130e911c1fcf7074153d267,grid-5x5-h5-d1-r1-b0.1,c2782ac2130146505c431b6d79606db6ec0d93d61eafd747313eeaa42908d059,benchmarks/grid/fixed-duration/domain.rddl,benchmarks/grid/fixed-duration/grid-5x5-h5-d1-r1-b0.1.rddl,1,1,ok
5,5,0.1,HILP,6,10.358017454345704,0.09444588296646883,2.5644415819551796,4504,45,True,d84d099493b973a63d879255d2221c1930d649aa,543f782d80ceb9555130e911c1fcf7074153d267,grid-5x5-h5-d1-r1-b0.1,c2782ac2130146505c431b6d79606db6ec0d93d61eafd747313eeaa42908d059,benchmarks/grid/fixed-duration/domain.rddl,benchmarks/grid/fixed-duration/grid-5x5-h5-d1-r1-b0.1.rddl,1,1,ok
5,5,0.1,HILP,7,10.358017454345704,0.09444588296646883,2.591792964958586,4504,45,True,d84d099493b973a63d879255d2221c1930d649aa,543f782d80ceb9555130e911c1fcf7074153d267,grid-5x5-h5-d1-r1-b0.1,c2782ac2130146505c431b6d79606db6ec0d93d61eafd747313eeaa42908d059,benchmarks/grid/fixed-duration/domain.rddl,benchmarks/grid/fixed-duration/grid-5x5-h5-d1-r1-b0.1.rddl,1,1,ok
5,5,0.1,HILP,8,10.358017454345704,0.09444588296646883,2.633511009044014,4504,45,True,d84d099493b973a63d879255d2221c1930d649aa,543f782d80ceb9555130e911c1fcf7074153d267,grid-5x5-h5-d1-r1-b0.1,c2782ac2130146505c431b6d79606db6ec0d93d61eafd747313eeaa42908d059,benchmarks/grid/fixed-duration/domain.rddl,benchmarks/grid/fixed-duration/grid-5x5-h5-d1-r1-b0.1.rddl,1,1,ok
5,5,0.1,HILP,9,10.358017454345704,0.09444588296646883,2.5228537489892915,4504,45,True,d84d099493b973a63d879255d2221c1930d649aa,543f782d80ceb9555130e911c1fcf7074153d267,grid-5x5-h5-d1-r1-b0.1,c2782ac2130146505c431b6d79606db6ec0d93d61eafd747313eeaa42908d059,benchmarks/grid/fixed-duration/domain.rddl,benchmarks/grid/fixed-duration/grid-5x5-h5-d1-r1-b0.1.rddl,1,1,ok
5,5,0.1,HILP,10,10.358017454345704,0.09444588296646883,2.5865567529108375,4504,45,True,d84d099493b973a63d879255d2221c1930d649aa,543f782d80ceb9555130e911c1fcf7074153d267,grid-5x5-h5-d1-r1-b0.1,c2782ac2130146505c431b6d79606db6ec0d93d61eafd747313eeaa42908d059,benchmarks/grid/fixed-duration/domain.rddl,benchmarks/grid/fixed-duration/grid-5x5-h5-d1-r1-b0.1.rddl,1,1,ok
5,5,0.1,HILP,11,10.358017454345704,0.09444588296646883,3.1278480619657785,4504,45,True,d84d099493b973a63d879255d2221c1930d649aa,543f782d80ceb9555130e911c1fcf7074153d267,grid-5x5-h5-d1-r1-b0.1,c2782ac2130146505c431b6d79606db6ec0d93d61eafd747313eeaa42908d059,benchmarks/grid/fixed-duration/domain.rddl,benchmarks/grid/fixed-duration/grid-5x5-h5-d1-r1-b0.1.rddl,1,1,ok
5,5,0.1,HILP,12,10.358017454345704,0.09444588296646883,2.5231441570213065,4504,45,True,d84d099493b973a63d879255d2221c1930d649aa,543f782d80ceb9555130e911c1fcf7074153d267,grid-5x5-h5-d1-r1-b0.1,c2782ac2130146505c431b6d79606db6ec0d93d61eafd747313eeaa42908d059,benchmarks/grid/fixed-duration/domain.rddl,benchmarks/grid/fixed-duration/grid-5x5-h5-d1-r1-b0.1.rddl,1,1,ok
5,5,0.1,HILP,13,10.358017454345704,0.09444588296646883,2.623008345020935,4504,45,True,d84d099493b973a63d879255d2221c1930d649aa,543f782d80ceb9555130e911c1fcf7074153d267,grid-5x5-h5-d1-r1-b0.1,c2782ac2130146505c431b6d79606db6ec0d93d61eafd747313eeaa42908d059,benchmarks/grid/fixed-duration/domain.rddl,benchmarks/grid/fixed-duration/grid-5x5-h5-d1-r1-b0.1.rddl,1,1,ok
5,5,0.1,HILP,14,10.358017454345704,0.09444588296646883,2.7164466968970373,4504,45,True,d84d099493b973a63d879255d2221c1930d649aa,543f782d80ceb9555130e911c1fcf7074153d267,grid-5x5-h5-d1-r1-b0.1,c2782ac2130146505c431b6d79606db6ec0d93d61eafd747313eeaa42908d059,benchmarks/grid/fixed-duration/domain.rddl,benchmarks/grid/fixed-duration/grid-5x5-h5-d1-r1-b0.1.rddl,1,1,ok
5,5,0.1,HILP,15,10.358017454345704,0.09444588296646883,2.813177139032632,4504,45,True,d84d099493b973a63d879255d2221c1930d649aa,543f782d80ceb9555130e911c1fcf7074153d267,grid-5x5-h5-d1-r1-b0.1,c2782ac2130146505c431b6d79606db6ec0d93d61eafd747313eeaa42908d059,benchmarks/grid/fixed-duration/domain.rddl,benchmarks/grid/fixed-duration/grid-5x5-h5-d1-r1-b0.1.rddl,1,1,ok
5,5,0.1,HILP,16,10.358017454345704,0.09444588296646883,2.4822253109887242,4504,45,True,d84d099493b973a63d879255d2221c1930d649aa,543f782d80ceb9555130e911c1fcf7074153d267,grid-5x5-h5-d1-r1-b0.1,c2782ac2130146505c431b6d79606db6ec0d93d61eafd747313eeaa42908d059,benchmarks/grid/fixed-duration/domain.rddl,benchmarks/grid/fixed-duration/grid-5x5-h5-d1-r1-b0.1.rddl,1,1,ok
5,5,0.1,HILP,17,10.358017454345704,0.09444588296646883,2.595430193003267,4504,45,True,d84d099493b973a63d879255d2221c1930d649aa,543f782d80ceb9555130e911c1fcf7074153d267,grid-5x5-h5-d1-r1-b0.1,c2782ac2130146505c431b6d79606db6ec0d93d61eafd747313eeaa42908d059,benchmarks/grid/fixed-duration/domain.rddl,benchmarks/grid/fixed-duration/grid-5x5-h5-d1-r1-b0.1.rddl,1,1,ok
5,5,0.1,HILP,18,10.358017454345704,0.09444588296646883,2.5751376289408654,4504,45,True,d84d099493b973a63d879255d2221c1930d649aa,543f782d80ceb9555130e911c1fcf7074153d267,grid-5x5-h5-d1-r1-b0.1,c2782ac2130146505c431b6d79606db6ec0d93d61eafd747313eeaa42908d059,benchmarks/grid/fixed-duration/domain.rddl,benchmarks/grid/fixed-duration/grid-5x5-h5-d1-r1-b0.1.rddl,1,1,ok
5,5,0.1,HILP,19,10.358017454345704,0.09444588296646883,2.7133315100800246,4504,45,True,d84d099493b973a63d879255d2221c1930d649aa,543f782d80ceb9555130e911c1fcf7074153d267,grid-5x5-h5-d1-r1-b0.1,c2782ac2130146505c431b6d79606db6ec0d93d61eafd747313eeaa42908d059,benchmarks/grid/fixed-duration/domain.rddl,benchmarks/grid/fixed-duration/grid-5x5-h5-d1-r1-b0.1.rddl,1,1,ok
5,5,0.1,HILP,20,10.358017454345704,0.09444588296646883,2.5269739710493013,4504,45,True,d84d099493b973a63d879255d2221c1930d649aa,543f782d80ceb9555130e911c1fcf7074153d267,grid-5x5-h5-d1-r1-b0.1,c2782ac2130146505c431b6d79606db6ec0d93d61eafd747313eeaa42908d059,benchmarks/grid/fixed-duration/domain.rddl,benchmarks/grid/fixed-duration/grid-5x5-h5-d1-r1-b0.1.rddl,1,1,ok
5,5,0.1,HILP,21,10.358017454345704,0.09444588296646883,2.518968509975821,4504,45,True,d84d099493b973a63d879255d2221c1930d649aa,543f782d80ceb9555130e911c1fcf7074153d267,grid-5x5-h5-d1-r1-b0.1,c2782ac2130146505c431b6d79606db6ec0d93d61eafd747313eeaa42908d059,benchmarks/grid/fixed-duration/domain.rddl,benchmarks/grid/fixed-duration/grid-5x5-h5-d1-r1-b0.1.rddl,1,1,ok
5,5,0.1,HILP,22,10.358017454345704,0.09444588296646883,2.6530226160539314,4504,45,True,d84d099493b973a63d879255d2221c1930d649aa,543f782d80ceb9555130e911c1fcf7074153d267,grid-5x5-h5-d1-r1-b0.1,c2782ac2130146505c431b6d79606db6ec0d93d61eafd747313eeaa42908d059,benchmarks/grid/fixed-duration/domain.rddl,benchmarks/grid/fixed-duration/grid-5x5-h5-d1-r1-b0.1.rddl,1,1,ok
5,5,0.1,HILP,23,10.358017454345704,0.09444588296646883,2.620512443012558,4504,45,True,d84d099493b973a63d879255d2221c1930d649aa,543f782d80ceb9555130e911c1fcf7074153d267,grid-5x5-h5-d1-r1-b0.1,c2782ac2130146505c431b6d79606db6ec0d93d61eafd747313eeaa42908d059,benchmarks/grid/fixed-duration/domain.rddl,benchmarks/grid/fixed-duration/grid-5x5-h5-d1-r1-b0.1.rddl,1,1,ok
5,5,0.1,HILP,24,10.358017454345704,0.09444588296646883,2.5371104259975255,4504,45,True,d84d099493b973a63d879255d2221c1930d649aa,543f782d80ceb9555130e911c1fcf7074153d267,grid-5x5-h5-d1-r1-b0.1,c2782ac2130146505c431b6d79606db6ec0d93d61eafd747313eeaa42908d059,benchmarks/grid/fixed-duration/domain.rddl,benchmarks/grid/fixed-duration/grid-5x5-h5-d1-r1-b0.1.rddl,1,1,ok
5,5,0.1,HILP,25,10.358017454345704,0.09444588296646883,2.5315343430265784,4504,45,True,d84d099493b973a63d879255d2221c1930d649aa,543f782d80ceb9555130e911c1fcf7074153d267,grid-5x5-h5-d1-r1-b0.1,c2782ac2130146505c431b6d79606db6ec0d93d61eafd747313eeaa42908d059,benchmarks/grid/fixed-duration/domain.rddl,benchmarks/grid/fixed-duration/grid-5x5-h5-d1-r1-b0.1.rddl,1,1,ok
5,5,0.2,HILP,1,8.330533203124999,0.15553190065651704,0.7425583869917318,3004,26,True,d84d099493b973a63d879255d2221c1930d649aa,543f782d80ceb9555130e911c1fcf7074153d267,grid-5x5-h5-d1-r1-b0.2,f3d6fa15df4240a746e6ac4eff341a7504eaa7cc09751818ef06e89040b79377,benchmarks/grid/fixed-duration/domain.rddl,benchmarks/grid/fixed-duration/grid-5x5-h5-d1-r1-b0.2.rddl,1,1,ok
5,5,0.2,HILP,2,8.330533203124999,0.15553190065651704,0.6874481460545212,3004,26,True,d84d099493b973a63d879255d2221c1930d649aa,543f782d80ceb9555130e911c1fcf7074153d267,grid-5x5-h5-d1-r1-b0.2,f3d6fa15df4240a746e6ac4eff341a7504eaa7cc09751818ef06e89040b79377,benchmarks/grid/fixed-duration/domain.rddl,benchmarks/grid/fixed-duration/grid-5x5-h5-d1-r1-b0.2.rddl,1,1,ok
5,5,0.2,HILP,3,8.330533203124999,0.15553190065651704,0.6906859580194578,3004,26,True,d84d099493b973a63d879255d2221c1930d649aa,543f782d80ceb9555130e911c1fcf7074153d267,grid-5x5-h5-d1-r1-b0.2,f3d6fa15df4240a746e6ac4eff341a7504eaa7cc09751818ef06e89040b79377,benchmarks/grid/fixed-duration/domain.rddl,benchmarks/grid/fixed-duration/grid-5x5-h5-d1-r1-b0.2.rddl,1,1,ok
5,5,0.2,HILP,4,8.330533203124999,0.15553190065651704,0.6999934170162305,3004,26,True,d84d099493b973a63d879255d2221c1930d649aa,543f782d80ceb9555130e911c1fcf7074153d267,grid-5x5-h5-d1-r1-b0.2,f3d6fa15df4240a746e6ac4eff341a7504eaa7cc09751818ef06e89040b79377,benchmarks/grid/fixed-duration/domain.rddl,benchmarks/grid/fixed-duration/grid-5x5-h5-d1-r1-b0.2.rddl,1,1,ok
5,5,0.2,HILP,5,8.330533203124999,0.15553190065651704,0.6691450199577957,3004,26,True,d84d099493b973a63d879255d2221c1930d649aa,543f782d80ceb9555130e911c1fcf7074153d267,grid-5x5-h5-d1-r1-b0.2,f3d6fa15df4240a746e6ac4eff341a7504eaa7cc09751818ef06e89040b79377,benchmarks/grid/fixed-duration/domain.rddl,benchmarks/grid/fixed-duration/grid-5x5-h5-d1-r1-b0.2.rddl,1,1,ok
5,5,0.2,HILP,6,8.330533203124999,0.15553190065651704,0.6566077569732442,3004,26,True,d84d099493b973a63d879255d2221c1930d649aa,543f782d80ceb9555130e911c1fcf7074153d267,grid-5x5-h5-d1-r1-b0.2,f3d6fa15df4240a746e6ac4eff341a7504eaa7cc09751818ef06e89040b79377,benchmarks/grid/fixed-duration/domain.rddl,benchmarks/grid/fixed-duration/grid-5x5-h5-d1-r1-b0.2.rddl,1,1,ok
5,5,0.2,HILP,7,8.330533203124999,0.15553190065651704,0.6759838199941441,3004,26,True,d84d099493b973a63d879255d2221c1930d649aa,543f782d80ceb9555130e911c1fcf7074153d267,grid-5x5-h5-d1-r1-b0.2,f3d6fa15df4240a746e6ac4eff341a7504eaa7cc09751818ef06e89040b79377,benchmarks/grid/fixed-duration/domain.rddl,benchmarks/grid/fixed-duration/grid-5x5-h5-d1-r1-b0.2.rddl,1,1,ok
5,5,0.2,HILP,8,8.330533203124999,0.15553190065651704,0.7021015250356868,3004,26,True,d84d099493b973a63d879255d2221c1930d649aa,543f782d80ceb9555130e911c1fcf7074153d267,grid-5x5-h5-d1-r1-b0.2,f3d6fa15df4240a746e6ac4eff341a7504eaa7cc09751818ef06e89040b79377,benchmarks/grid/fixed-duration/domain.rddl,benchmarks/grid/fixed-duration/grid-5x5-h5-d1-r1-b0.2.rddl,1,1,ok
5,5,0.2,HILP,9,8.330533203124999,0.15553190065651704,0.695993363042362,3004,26,True,d84d099493b973a63d879255d2221c1930d649aa,543f782d80ceb9555130e911c1fcf7074153d267,grid-5x5-h5-d1-r1-b0.2,f3d6fa15df4240a746e6ac4eff341a7504eaa7cc09751818ef06e89040b79377,benchmarks/grid/fixed-duration/domain.rddl,benchmarks/grid/fixed-duration/grid-5x5-h5-d1-r1-b0.2.rddl,1,1,ok
5,5,0.2,HILP,10,8.330533203124999,0.15553190065651704,0.6674548140726984,3004,26,True,d84d099493b973a63d879255d2221c1930d649aa,543f782d80ceb9555130e911c1fcf7074153d267,grid-5x5-h5-d1-r1-b0.2,f3d6fa15df4240a746e6ac4eff341a7504eaa7cc09751818ef06e89040b79377,benchmarks/grid/fixed-duration/domain.rddl,benchmarks/grid/fixed-duration/grid-5x5-h5-d1-r1-b0.2.rddl,1,1,ok
5,5,0.2,HILP,11,8.330533203124999,0.15553190065651704,0.6883322370704263,3004,26,True,d84d099493b973a63d879255d2221c1930d649aa,543f782d80ceb9555130e911c1fcf7074153d267,grid-5x5-h5-d1-r1-b0.2,f3d6fa15df4240a746e6ac4eff341a7504eaa7cc09751818ef06e89040b79377,benchmarks/grid/fixed-duration/domain.rddl,benchmarks/grid/fixed-duration/grid-5x5-h5-d1-r1-b0.2.rddl,1,1,ok
5,5,0.2,HILP,12,8.330533203124999,0.15553190065651704,0.725268483045511,3004,26,True,d84d099493b973a63d879255d2221c1930d649aa,543f782d80ceb9555130e911c1fcf7074153d267,grid-5x5-h5-d1-r1-b0.2,f3d6fa15df4240a746e6ac4eff341a7504eaa7cc09751818ef06e89040b79377,benchmarks/grid/fixed-duration/domain.rddl,benchmarks/grid/fixed-duration/grid-5x5-h5-d1-r1-b0.2.rddl,1,1,ok
5,5,0.2,HILP,13,8.330533203124999,0.15553190065651704,0.6786805120063946,3004,26,True,d84d099493b973a63d879255d2221c1930d649aa,543f782d80ceb9555130e911c1fcf7074153d267,grid-5x5-h5-d1-r1-b0.2,f3d6fa15df4240a746e6ac4eff341a7504eaa7cc09751818ef06e89040b79377,benchmarks/grid/fixed-duration/domain.rddl,benchmarks/grid/fixed-duration/grid-5x5-h5-d1-r1-b0.2.rddl,1,1,ok
5,5,0.2,HILP,14,8.330533203124999,0.15553190065651704,0.6844891810324043,3004,26,True,d84d099493b973a63d879255d2221c1930d649aa,543f782d80ceb9555130e911c1fcf7074153d267,grid-5x5-h5-d1-r1-b0.2,f3d6fa15df4240a746e6ac4eff341a7504eaa7cc09751818ef06e89040b79377,benchmarks/grid/fixed-duration/domain.rddl,benchmarks/grid/fixed-duration/grid-5x5-h5-d1-r1-b0.2.rddl,1,1,ok
5,5,0.2,HILP,15,8.330533203124999,0.15553190065651704,0.682532757986337,3004,26,True,d84d099493b973a63d879255d2221c1930d649aa,543f782d80ceb9555130e911c1fcf7074153d267,grid-5x5-h5-d1-r1-b0.2,f3d6fa15df4240a746e6ac4eff341a7504eaa7cc09751818ef06e89040b79377,benchmarks/grid/fixed-duration/domain.rddl,benchmarks/grid/fixed-duration/grid-5x5-h5-d1-r1-b0.2.rddl,1,1,ok
5,5,0.2,HILP,16,8.330533203124999,0.15553190065651704,0.7132655610330403,3004,26,True,d84d099493b973a63d879255d2221c1930d649aa,543f782d80ceb9555130e911c1fcf7074153d267,grid-5x5-h5-d1-r1-b0.2,f3d6fa15df4240a746e6ac4eff341a7504eaa7cc09751818ef06e89040b79377,benchmarks/grid/fixed-duration/domain.rddl,benchmarks/grid/fixed-duration/grid-5x5-h5-d1-r1-b0.2.rddl,1,1,ok
5,5,0.2,HILP,17,8.330533203124999,0.15553190065651704,0.6595193619141355,3004,26,True,d84d099493b973a63d879255d2221c1930d649aa,543f782d80ceb9555130e911c1fcf7074153d267,grid-5x5-h5-d1-r1-b0.2,f3d6fa15df4240a746e6ac4eff341a7504eaa7cc09751818ef06e89040b79377,benchmarks/grid/fixed-duration/domain.rddl,benchmarks/grid/fixed-duration/grid-5x5-h5-d1-r1-b0.2.rddl,1,1,ok
5,5,0.2,HILP,18,8.330533203124999,0.15553190065651704,0.6820167150581256,3004,26,True,d84d099493b973a63d879255d2221c1930d649aa,543f782d80ceb9555130e911c1fcf7074153d267,grid-5x5-h5-d1-r1-b0.2,f3d6fa15df4240a746e6ac4eff341a7504eaa7cc09751818ef06e89040b79377,benchmarks/grid/fixed-duration/domain.rddl,benchmarks/grid/fixed-duration/grid-5x5-h5-d1-r1-b0.2.rddl,1,1,ok
5,5,0.2,HILP,19,8.330533203124999,0.15553190065651704,0.6573865100508556,3004,26,True,d84d099493b973a63d879255d2221c1930d649aa,543f782d80ceb9555130e911c1fcf7074153d267,grid-5x5-h5-d1-r1-b0.2,f3d6fa15df4240a746e6ac4eff341a7504eaa7cc09751818ef06e89040b79377,benchmarks/grid/fixed-duration/domain.rddl,benchmarks/grid/fixed-duration/grid-5x5-h5-d1-r1-b0.2.rddl,1,1,ok
5,5,0.2,HILP,20,8.330533203124999,0.15553190065651704,0.6739952201023698,3004,26,True,d84d099493b973a63d879255d2221c1930d649aa,543f782d80ceb9555130e911c1fcf7074153d267,grid-5x5-h5-d1-r1-b0.2,f3d6fa15df4240a746e6ac4eff341a7504eaa7cc09751818ef06e89040b79377,benchmarks/grid/fixed-duration/domain.rddl,benchmarks/grid/fixed-duration/grid-5x5-h5-d1-r1-b0.2.rddl,1,1,ok
5,5,0.2,HILP,21,8.330533203124999,0.15553190065651704,0.6726526719285175,3004,26,True,d84d099493b973a63d879255d2221c1930d649aa,543f782d80ceb9555130e911c1fcf7074153d267,grid-5x5-h5-d1-r1-b0.2,f3d6fa15df4240a746e6ac4eff341a7504eaa7cc09751818ef06e89040b79377,benchmarks/grid/fixed-duration/domain.rddl,benchmarks/grid/fixed-duration/grid-5x5-h5-d1-r1-b0.2.rddl,1,1,ok
5,5,0.2,HILP,22,8.330533203124999,0.15553190065651704,0.7743099819635972,3004,26,True,d84d099493b973a63d879255d2221c1930d649aa,543f782d80ceb9555130e911c1fcf7074153d267,grid-5x5-h5-d1-r1-b0.2,f3d6fa15df4240a746e6ac4eff341a7504eaa7cc09751818ef06e89040b79377,benchmarks/grid/fixed-duration/domain.rddl,benchmarks/grid/fixed-duration/grid-5x5-h5-d1-r1-b0.2.rddl,1,1,ok
5,5,0.2,HILP,23,8.330533203124999,0.15553190065651704,0.6639930150704458,3004,26,True,d84d099493b973a63d879255d2221c1930d649aa,543f782d80ceb9555130e911c1fcf7074153d267,grid-5x5-h5-d1-r1-b0.2,f3d6fa15df4240a746e6ac4eff341a7504eaa7cc09751818ef06e89040b79377,benchmarks/grid/fixed-duration/domain.rddl,benchmarks/grid/fixed-duration/grid-5x5-h5-d1-r1-b0.2.rddl,1,1,ok
5,5,0.2,HILP,24,8.330533203124999,0.15553190065651704,0.6753866180079058,3004,26,True,d84d099493b973a63d879255d2221c1930d649aa,543f782d80ceb9555130e911c1fcf7074153d267,grid-5x5-h5-d1-r1-b0.2,f3d6fa15df4240a746e6ac4eff341a7504eaa7cc09751818ef06e89040b79377,benchmarks/grid/fixed-duration/domain.rddl,benchmarks/grid/fixed-duration/grid-5x5-h5-d1-r1-b0.2.rddl,1,1,ok
5,5,0.2,HILP,25,8.330533203124999,0.15553190065651704,0.7340974640101194,3004,26,True,d84d099493b973a63d879255d2221c1930d649aa,543f782d80ceb9555130e911c1fcf7074153d267,grid-5x5-h5-d1-r1-b0.2,f3d6fa15df4240a746e6ac4eff341a7504eaa7cc09751818ef06e89040b79377,benchmarks/grid/fixed-duration/domain.rddl,benchmarks/grid/fixed-duration/grid-5x5-h5-d1-r1-b0.2.rddl,1,1,ok
5,5,0.3,HILP,1,8.330533203124999,0.15553190065651704,0.8412816839991137,3880,29,True,d84d099493b973a63d879255d2221c1930d649aa,543f782d80ceb9555130e911c1fcf7074153d267,grid-5x5-h5-d1-r1-b0.3,87a1da684d35b9dd9860156eecec31919adf2d9eaed7d0d48966428aad4cd464,benchmarks/grid/fixed-duration/domain.rddl,benchmarks/grid/fixed-duration/grid-5x5-h5-d1-r1-b0.3.rddl,1,1,ok
5,5,0.3,HILP,2,8.330533203124999,0.15553190065651704,0.8135561239905655,3880,29,True,d84d099493b973a63d879255d2221c1930d649aa,543f782d80ceb9555130e911c1fcf7074153d267,grid-5x5-h5-d1-r1-b0.3,87a1da684d35b9dd9860156eecec31919adf2d9eaed7d0d48966428aad4cd464,benchmarks/grid/fixed-duration/domain.rddl,benchmarks/grid/fixed-duration/grid-5x5-h5-d1-r1-b0.3.rddl,1,1,ok
5,5,0.3,HILP,3,8.330533203124999,0.15553190065651704,0.8371865350054577,3880,29,True,d84d099493b973a63d879255d2221c1930d649aa,543f782d80ceb9555130e911c1fcf7074153d267,grid-5x5-h5-d1-r1-b0.3,87a1da684d35b9dd9860156eecec31919adf2d9eaed7d0d48966428aad4cd464,benchmarks/grid/fixed-duration/domain.rddl,benchmarks/grid/fixed-duration/grid-5x5-h5-d1-r1-b0.3.rddl,1,1,ok
5,5,0.3,HILP,4,8.330533203124999,0.15553190065651704,0.8382136659929529,3880,29,True,d84d099493b973a63d879255d2221c1930d649aa,543f782d80ceb9555130e911c1fcf7074153d267,grid-5x5-h5-d1-r1-b0.3,87a1da684d35b9dd9860156eecec31919adf2d9eaed7d0d48966428aad4cd464,benchmarks/grid/fixed-duration/domain.rddl,benchmarks/grid/fixed-duration/grid-5x5-h5-d1-r1-b0.3.rddl,1,1,ok
5,5,0.3,HILP,5,8.330533203124999,0.15553190065651704,0.8116340740816668,3880,29,True,d84d099493b973a63d879255d2221c1930d649aa,543f782d80ceb9555130e911c1fcf7074153d267,grid-5x5-h5-d1-r1-b0.3,87a1da684d35b9dd9860156eecec31919adf2d9eaed7d0d48966428aad4cd464,benchmarks/grid/fixed-duration/domain.rddl,benchmarks/grid/fixed-duration/grid-5x5-h5-d1-r1-b0.3.rddl,1,1,ok
5,5,0.3,HILP,6,8.330533203124999,0.15553190065651704,0.8242820450104773,3880,29,True,d84d099493b973a63d879255d2221c1930d649aa,543f782d80ceb9555130e911c1fcf7074153d267,grid-5x5-h5-d1-r1-b0.3,87a1da684d35b9dd9860156eecec31919adf2d9eaed7d0d48966428aad4cd464,benchmarks/grid/fixed-duration/domain.rddl,benchmarks/grid/fixed-duration/grid-5x5-h5-d1-r1-b0.3.rddl,1,1,ok
5,5,0.3,HILP,7,8.330533203124999,0.15553190065651704,0.8147179820807651,3880,29,True,d84d099493b973a63d879255d2221c1930d649aa,543f782d80ceb9555130e911c1fcf7074153d267,grid-5x5-h5-d1-r1-b0.3,87a1da684d35b9dd9860156eecec31919adf2d9eaed7d0d48966428aad4cd464,benchmarks/grid/fixed-duration/domain.rddl,benchmarks/grid/fixed-duration/grid-5x5-h5-d1-r1-b0.3.rddl,1,1,ok
5,5,0.3,HILP,8,8.330533203124999,0.15553190065651704,0.9081723629496992,3880,29,True,d84d099493b973a63d879255d2221c1930d649aa,543f782d80ceb9555130e911c1fcf7074153d267,grid-5x5-h5-d1-r1-b0.3,87a1da684d35b9dd9860156eecec31919adf2d9eaed7d0d48966428aad4cd464,benchmarks/grid/fixed-duration/domain.rddl,benchmarks/grid/fixed-duration/grid-5x5-h5-d1-r1-b0.3.rddl,1,1,ok
5,5,0.3,HILP,9,8.330533203124999,0.15553190065651704,0.8446075259707868,3880,29,True,d84d099493b973a63d879255d2221c1930d649aa,543f782d80ceb9555130e911c1fcf7074153d267,grid-5x5-h5-d1-r1-b0.3,87a1da684d35b9dd9860156eecec31919adf2d9eaed7d0d48966428aad4cd464,benchmarks/grid/fixed-duration/domain.rddl,benchmarks/grid/fixed-duration/grid-5x5-h5-d1-r1-b0.3.rddl,1,1,ok
5,5,0.3,HILP,10,8.330533203124999,0.15553190065651704,0.8551827640039846,3880,29,True,d84d099493b973a63d879255d2221c1930d649aa,543f782d80ceb9555130e911c1fcf7074153d267,grid-5x5-h5-d1-r1-b0.3,87a1da684d35b9dd9860156eecec31919adf2d9eaed7d0d48966428aad4cd464,benchmarks/grid/fixed-duration/domain.rddl,benchmarks/grid/fixed-duration/grid-5x5-h5-d1-r1-b0.3.rddl,1,1,ok
5,5,0.3,HILP,11,8.330533203124999,0.15553190065651704,0.8651745690731332,3880,29,True,d84d099493b973a63d879255d2221c1930d649aa,543f782d80ceb9555130e911c1fcf7074153d267,grid-5x5-h5-d1-r1-b0.3,87a1da684d35b9dd9860156eecec31919adf2d9eaed7d0d48966428aad4cd464,benchmarks/grid/fixed-duration/domain.rddl,benchmarks/grid/fixed-duration/grid-5x5-h5-d1-r1-b0.3.rddl,1,1,ok
5,5,0.3,HILP,12,8.330533203124999,0.15553190065651704,0.8056804270017892,3880,29,True,d84d099493b973a63d879255d2221c1930d649aa,543f782d80ceb9555130e911c1fcf7074153d267,grid-5x5-h5-d1-r1-b0.3,87a1da684d35b9dd9860156eecec31919adf2d9eaed7d0d48966428aad4cd464,benchmarks/grid/fixed-duration/domain.rddl,benchmarks/grid/fixed-duration/grid-5x5-h5-d1-r1-b0.3.rddl,1,1,ok
5,5,0.3,HILP,13,8.330533203124999,0.15553190065651704,0.9442532360553741,3880,29,True,d84d099493b973a63d879255d2221c1930d649aa,543f782d80ceb9555130e911c1fcf7074153d267,grid-5x5-h5-d1-r1-b0.3,87a1da684d35b9dd9860156eecec31919adf2d9eaed7d0d48966428aad4cd464,benchmarks/grid/fixed-duration/domain.rddl,benchmarks/grid/fixed-duration/grid-5x5-h5-d1-r1-b0.3.rddl,1,1,ok
5,5,0.3,HILP,14,8.330533203124999,0.15553190065651704,0.9053592830896378,3880,29,True,d84d099493b973a63d879255d2221c1930d649aa,543f782d80ceb9555130e911c1fcf7074153d267,grid-5x5-h5-d1-r1-b0.3,87a1da684d35b9dd9860156eecec31919adf2d9eaed7d0d48966428aad4cd464,benchmarks/grid/fixed-duration/domain.rddl,benchmarks/grid/fixed-duration/grid-5x5-h5-d1-r1-b0.3.rddl,1,1,ok
5,5,0.3,HILP,15,8.330533203124999,0.15553190065651704,0.8317337030312046,3880,29,True,d84d099493b973a63d879255d2221c1930d649aa,543f782d80ceb9555130e911c1fcf7074153d267,grid-5x5-h5-d1-r1-b0.3,87a1da684d35b9dd9860156eecec31919adf2d9eaed7d0d48966428aad4cd464,benchmarks/grid/fixed-duration/domain.rddl,benchmarks/grid/fixed-duration/grid-5x5-h5-d1-r1-b0.3.rddl,1,1,ok
5,5,0.3,HILP,16,8.330533203124999,0.15553190065651704,0.842200465966016,3880,29,True,d84d099493b973a63d879255d2221c1930d649aa,543f782d80ceb9555130e911c1fcf7074153d267,grid-5x5-h5-d1-r1-b0.3,87a1da684d35b9dd9860156eecec31919adf2d9eaed7d0d48966428aad4cd464,benchmarks/grid/fixed-duration/domain.rddl,benchmarks/grid/fixed-duration/grid-5x5-h5-d1-r1-b0.3.rddl,1,1,ok
5,5,0.3,HILP,17,8.330533203124999,0.15553190065651704,0.8700060250703245,3880,29,True,d84d099493b973a63d879255d2221c1930d649aa,543f782d80ceb9555130e911c1fcf7074153d267,grid-5x5-h5-d1-r1-b0.3,87a1da684d35b9dd9860156eecec31919adf2d9eaed7d0d48966428aad4cd464,benchmarks/grid/fixed-duration/domain.rddl,benchmarks/grid/fixed-duration/grid-5x5-h5-d1-r1-b0.3.rddl,1,1,ok
5,5,0.3,HILP,18,8.330533203124999,0.15553190065651704,0.8702823019120842,3880,29,True,d84d099493b973a63d879255d2221c1930d649aa,543f782d80ceb9555130e911c1fcf7074153d267,grid-5x5-h5-d1-r1-b0.3,87a1da684d35b9dd9860156eecec31919adf2d9eaed7d0d48966428aad4cd464,benchmarks/grid/fixed-duration/domain.rddl,benchmarks/grid/fixed-duration/grid-5x5-h5-d1-r1-b0.3.rddl,1,1,ok
5,5,0.3,HILP,19,8.330533203124999,0.15553190065651704,0.8738024579361081,3880,29,True,d84d099493b973a63d879255d2221c1930d649aa,543f782d80ceb9555130e911c1fcf7074153d267,grid-5x5-h5-d1-r1-b0.3,87a1da684d35b9dd9860156eecec31919adf2d9eaed7d0d48966428aad4cd464,benchmarks/grid/fixed-duration/domain.rddl,benchmarks/grid/fixed-duration/grid-5x5-h5-d1-r1-b0.3.rddl,1,1,ok
5,5,0.3,HILP,20,8.330533203124999,0.15553190065651704,0.8542226440040395,3880,29,True,d84d099493b973a63d879255d2221c1930d649aa,543f782d80ceb9555130e911c1fcf7074153d267,grid-5x5-h5-d1-r1-b0.3,87a1da684d35b9dd9860156eecec31919adf2d9eaed7d0d48966428aad4cd464,benchmarks/grid/fixed-duration/domain.rddl,benchmarks/grid/fixed-duration/grid-5x5-h5-d1-r1-b0.3.rddl,1,1,ok
5,5,0.3,HILP,21,8.330533203124999,0.15553190065651704,0.8684546260628849,3880,29,True,d84d099493b973a63d879255d2221c1930d649aa,543f782d80ceb9555130e911c1fcf7074153d267,grid-5x5-h5-d1-r1-b0.3,87a1da684d35b9dd9860156eecec31919adf2d9eaed7d0d48966428aad4cd464,benchmarks/grid/fixed-duration/domain.rddl,benchmarks/grid/fixed-duration/grid-5x5-h5-d1-r1-b0.3.rddl,1,1,ok
5,5,0.3,HILP,22,8.330533203124999,0.15553190065651704,0.8867759780259803,3880,29,True,d84d099493b973a63d879255d2221c1930d649aa,543f782d80ceb9555130e911c1fcf7074153d267,grid-5x5-h5-d1-r1-b0.3,87a1da684d35b9dd9860156eecec31919adf2d9eaed7d0d48966428aad4cd464,benchmarks/grid/fixed-duration/domain.rddl,benchmarks/grid/fixed-duration/grid-5x5-h5-d1-r1-b0.3.rddl,1,1,ok
5,5,0.3,HILP,23,8.330533203124999,0.15553190065651704,0.8526383140124381,3880,29,True,d84d099493b973a63d879255d2221c1930d649aa,543f782d80ceb9555130e911c1fcf7074153d267,grid-5x5-h5-d1-r1-b0.3,87a1da684d35b9dd9860156eecec31919adf2d9eaed7d0d48966428aad4cd464,benchmarks/grid/fixed-duration/domain.rddl,benchmarks/grid/fixed-duration/grid-5x5-h5-d1-r1-b0.3.rddl,1,1,ok
5,5,0.3,HILP,24,8.330533203124999,0.15553190065651704,0.8415141929872334,3880,29,True,d84d099493b973a63d879255d2221c1930d649aa,543f782d80ceb9555130e911c1fcf7074153d267,grid-5x5-h5-d1-r1-b0.3,87a1da684d35b9dd9860156eecec31919adf2d9eaed7d0d48966428aad4cd464,benchmarks/grid/fixed-duration/domain.rddl,benchmarks/grid/fixed-duration/grid-5x5-h5-d1-r1-b0.3.rddl,1,1,ok
5,5,0.3,HILP,25,8.330533203124999,0.15553190065651704,0.8266191360307857,3880,29,True,d84d099493b973a63d879255d2221c1930d649aa,543f782d80ceb9555130e911c1fcf7074153d267,grid-5x5-h5-d1-r1-b0.3,87a1da684d35b9dd9860156eecec31919adf2d9eaed7d0d48966428aad4cd464,benchmarks/grid/fixed-duration/domain.rddl,benchmarks/grid/fixed-duration/grid-5x5-h5-d1-r1-b0.3.rddl,1,1,ok
5,6,0.1,HILP,1,10.856434987909898,0.09999944835067112,11.338592067011632,13048,63,True,d84d099493b973a63d879255d2221c1930d649aa,543f782d80ceb9555130e911c1fcf7074153d267,grid-5x5-h6-d1-r1-b0.1,959c4626f1c8703f136037c5a817d95e59bc4a493656f584d55dcaf308815f3a,benchmarks/grid/fixed-duration/domain.rddl,benchmarks/grid/fixed-duration/grid-5x5-h6-d1-r1-b0.1.rddl,1,1,ok
5,6,0.1,HILP,2,10.856434987909898,0.09999944835067112,10.568975553964265,13048,63,True,d84d099493b973a63d879255d2221c1930d649aa,543f782d80ceb9555130e911c1fcf7074153d267,grid-5x5-h6-d1-r1-b0.1,959c4626f1c8703f136037c5a817d95e59bc4a493656f584d55dcaf308815f3a,benchmarks/grid/fixed-duration/domain.rddl,benchmarks/grid/fixed-duration/grid-5x5-h6-d1-r1-b0.1.rddl,1,1,ok
5,6,0.1,HILP,3,10.856434987909898,0.09999944835067112,10.312756969011389,13048,63,True,d84d099493b973a63d879255d2221c1930d649aa,543f782d80ceb9555130e911c1fcf7074153d267,grid-5x5-h6-d1-r1-b0.1,959c4626f1c8703f136037c5a817d95e59bc4a493656f584d55dcaf308815f3a,benchmarks/grid/fixed-duration/domain.rddl,benchmarks/grid/fixed-duration/grid-5x5-h6-d1-r1-b0.1.rddl,1,1,ok
5,6,0.1,HILP,4,10.856434987909898,0.09999944835067112,10.91168431204278,13048,63,True,d84d099493b973a63d879255d2221c1930d649aa,543f782d80ceb9555130e911c1fcf7074153d267,grid-5x5-h6-d1-r1-b0.1,959c4626f1c8703f136037c5a817d95e59bc4a493656f584d55dcaf308815f3a,benchmarks/grid/fixed-duration/domain.rddl,benchmarks/grid/fixed-duration/grid-5x5-h6-d1-r1-b0.1.rddl,1,1,ok
5,6,0.1,HILP,5,10.856434987909898,0.09999944835067112,11.177259968942963,13048,63,True,d84d099493b973a63d879255d2221c1930d649aa,543f782d80ceb9555130e911c1fcf7074153d267,grid-5x5-h6-d1-r1-b0.1,959c4626f1c8703f136037c5a817d95e59bc4a493656f584d55dcaf308815f3a,benchmarks/grid/fixed-duration/domain.rddl,benchmarks/grid/fixed-duration/grid-5x5-h6-d1-r1-b0.1.rddl,1,1,ok
5,6,0.1,HILP,6,10.856434987909898,0.09999944835067112,10.56966643803753,13048,63,True,d84d099493b973a63d879255d2221c1930d649aa,543f782d80ceb9555130e911c1fcf7074153d267,grid-5x5-h6-d1-r1-b0.1,959c4626f1c8703f136037c5a817d95e59bc4a493656f584d55dcaf308815f3a,benchmarks/grid/fixed-duration/domain.rddl,benchmarks/grid/fixed-duration/grid-5x5-h6-d1-r1-b0.1.rddl,1,1,ok
5,6,0.1,HILP,7,10.856434987909898,0.09999944835067112,10.54737790999934,13048,63,True,d84d099493b973a63d879255d2221c1930d649aa,543f782d80ceb9555130e911c1fcf7074153d267,grid-5x5-h6-d1-r1-b0.1,959c4626f1c8703f136037c5a817d95e59bc4a493656f584d55dcaf308815f3a,benchmarks/grid/fixed-duration/domain.rddl,benchmarks/grid/fixed-duration/grid-5x5-h6-d1-r1-b0.1.rddl,1,1,ok
5,6,0.1,HILP,8,10.856434987909898,0.09999944835067112,11.024359629955143,13048,63,True,d84d099493b973a63d879255d2221c1930d649aa,543f782d80ceb9555130e911c1fcf7074153d267,grid-5x5-h6-d1-r1-b0.1,959c4626f1c8703f136037c5a817d95e59bc4a493656f584d55dcaf308815f3a,benchmarks/grid/fixed-duration/domain.rddl,benchmarks/grid/fixed-duration/grid-5x5-h6-d1-r1-b0.1.rddl,1,1,ok
5,6,0.1,HILP,9,10.856434987909898,0.09999944835067112,10.625452482956462,13048,63,True,d84d099493b973a63d879255d2221c1930d649aa,543f782d80ceb9555130e911c1fcf7074153d267,grid-5x5-h6-d1-r1-b0.1,959c4626f1c8703f136037c5a817d95e59bc4a493656f584d55dcaf308815f3a,benchmarks/grid/fixed-duration/domain.rddl,benchmarks/grid/fixed-duration/grid-5x5-h6-d1-r1-b0.1.rddl,1,1,ok
5,6,0.1,HILP,10,10.856434987909898,0.09999944835067112,10.646478613023646,13048,63,True,d84d099493b973a63d879255d2221c1930d649aa,543f782d80ceb9555130e911c1fcf7074153d267,grid-5x5-h6-d1-r1-b0.1,959c4626f1c8703f136037c5a817d95e59bc4a493656f584d55dcaf308815f3a,benchmarks/grid/fixed-duration/domain.rddl,benchmarks/grid/fixed-duration/grid-5x5-h6-d1-r1-b0.1.rddl,1,1,ok
5,6,0.1,HILP,11,10.856434987909898,0.09999944835067112,11.132663822034374,13048,63,True,d84d099493b973a63d879255d2221c1930d649aa,543f782d80ceb9555130e911c1fcf7074153d267,grid-5x5-h6-d1-r1-b0.1,959c4626f1c8703f136037c5a817d95e59bc4a493656f584d55dcaf308815f3a,benchmarks/grid/fixed-duration/domain.rddl,benchmarks/grid/fixed-duration/grid-5x5-h6-d1-r1-b0.1.rddl,1,1,ok
5,6,0.1,HILP,12,10.856434987909898,0.09999944835067112,10.521296712919138,13048,63,True,d84d099493b973a63d879255d2221c1930d649aa,543f782d80ceb9555130e911c1fcf7074153d267,grid-5x5-h6-d1-r1-b0.1,959c4626f1c8703f136037c5a817d95e59bc4a493656f584d55dcaf308815f3a,benchmarks/grid/fixed-duration/domain.rddl,benchmarks/grid/fixed-duration/grid-5x5-h6-d1-r1-b0.1.rddl,1,1,ok
5,6,0.1,HILP,13,10.856434987909898,0.09999944835067112,10.840625472017564,13048,63,True,d84d099493b973a63d879255d2221c1930d649aa,543f782d80ceb9555130e911c1fcf7074153d267,grid-5x5-h6-d1-r1-b0.1,959c4626f1c8703f136037c5a817d95e59bc4a493656f584d55dcaf308815f3a,benchmarks/grid/fixed-duration/domain.rddl,benchmarks/grid/fixed-duration/grid-5x5-h6-d1-r1-b0.1.rddl,1,1,ok
5,6,0.1,HILP,14,10.856434987909898,0.09999944835067112,11.2614287850447,13048,63,True,d84d099493b973a63d879255d2221c1930d649aa,543f782d80ceb9555130e911c1fcf7074153d267,grid-5x5-h6-d1-r1-b0.1,959c4626f1c8703f136037c5a817d95e59bc4a493656f584d55dcaf308815f3a,benchmarks/grid/fixed-duration/domain.rddl,benchmarks/grid/fixed-duration/grid-5x5-h6-d1-r1-b0.1.rddl,1,1,ok
5,6,0.1,HILP,15,10.856434987909898,0.09999944835067112,10.609020789968781,13048,63,True,d84d099493b973a63d879255d2221c1930d649aa,543f782d80ceb9555130e911c1fcf7074153d267,grid-5x5-h6-d1-r1-b0.1,959c4626f1c8703f136037c5a817d95e59bc4a493656f584d55dcaf308815f3a,benchmarks/grid/fixed-duration/domain.rddl,benchmarks/grid/fixed-duration/grid-5x5-h6-d1-r1-b0.1.rddl,1,1,ok
5,6,0.1,HILP,16,10.856434987909898,0.09999944835067112,11.342870902037248,13048,63,True,d84d099493b973a63d879255d2221c1930d649aa,543f782d80ceb9555130e911c1fcf7074153d267,grid-5x5-h6-d1-r1-b0.1,959c4626f1c8703f136037c5a817d95e59bc4a493656f584d55dcaf308815f3a,benchmarks/grid/fixed-duration/domain.rddl,benchmarks/grid/fixed-duration/grid-5x5-h6-d1-r1-b0.1.rddl,1,1,ok
5,6,0.1,HILP,17,10.856434987909898,0.09999944835067112,10.701853830949403,13048,63,True,d84d099493b973a63d879255d2221c1930d649aa,543f782d80ceb9555130e911c1fcf7074153d267,grid-5x5-h6-d1-r1-b0.1,959c4626f1c8703f136037c5a817d95e59bc4a493656f584d55dcaf308815f3a,benchmarks/grid/fixed-duration/domain.rddl,benchmarks/grid/fixed-duration/grid-5x5-h6-d1-r1-b0.1.rddl,1,1,ok
5,6,0.1,HILP,18,10.856434987909898,0.09999944835067112,10.914237646968104,13048,63,True,d84d099493b973a63d879255d2221c1930d649aa,543f782d80ceb9555130e911c1fcf7074153d267,grid-5x5-h6-d1-r1-b0.1,959c4626f1c8703f136037c5a817d95e59bc4a493656f584d55dcaf308815f3a,benchmarks/grid/fixed-duration/domain.rddl,benchmarks/grid/fixed-duration/grid-5x5-h6-d1-r1-b0.1.rddl,1,1,ok
5,6,0.1,HILP,19,10.856434987909898,0.09999944835067112,11.031245538964868,13048,63,True,d84d099493b973a63d879255d2221c1930d649aa,543f782d80ceb9555130e911c1fcf7074153d267,grid-5x5-h6-d1-r1-b0.1,959c4626f1c8703f136037c5a817d95e59bc4a493656f584d55dcaf308815f3a,benchmarks/grid/fixed-duration/domain.rddl,benchmarks/grid/fixed-duration/grid-5x5-h6-d1-r1-b0.1.rddl,1,1,ok
5,6,0.1,HILP,20,10.856434987909898,0.09999944835067112,10.841297890990973,13048,63,True,d84d099493b973a63d879255d2221c1930d649aa,543f782d80ceb9555130e911c1fcf7074153d267,grid-5x5-h6-d1-r1-b0.1,959c4626f1c8703f136037c5a817d95e59bc4a493656f584d55dcaf308815f3a,benchmarks/grid/fixed-duration/domain.rddl,benchmarks/grid/fixed-duration/grid-5x5-h6-d1-r1-b0.1.rddl,1,1,ok
5,6,0.1,HILP,21,10.856434987909898,0.09999944835067112,10.63340332498774,13048,63,True,d84d099493b973a63d879255d2221c1930d649aa,543f782d80ceb9555130e911c1fcf7074153d267,grid-5x5-h6-d1-r1-b0.1,959c4626f1c8703f136037c5a817d95e59bc4a493656f584d55dcaf308815f3a,benchmarks/grid/fixed-duration/domain.rddl,benchmarks/grid/fixed-duration/grid-5x5-h6-d1-r1-b0.1.rddl,1,1,ok
5,6,0.1,HILP,22,10.856434987909898,0.09999944835067112,10.743599210982211,13048,63,True,d84d099493b973a63d879255d2221c1930d649aa,543f782d80ceb9555130e911c1fcf7074153d267,grid-5x5-h6-d1-r1-b0.1,959c4626f1c8703f136037c5a817d95e59bc4a493656f584d55dcaf308815f3a,benchmarks/grid/fixed-duration/domain.rddl,benchmarks/grid/fixed-duration/grid-5x5-h6-d1-r1-b0.1.rddl,1,1,ok
5,6,0.1,HILP,23,10.856434987909898,0.09999944835067112,10.738994689076208,13048,63,True,d84d099493b973a63d879255d2221c1930d649aa,543f782d80ceb9555130e911c1fcf7074153d267,grid-5x5-h6-d1-r1-b0.1,959c4626f1c8703f136037c5a817d95e59bc4a493656f584d55dcaf308815f3a,benchmarks/grid/fixed-duration/domain.rddl,benchmarks/grid/fixed-duration/grid-5x5-h6-d1-r1-b0.1.rddl,1,1,ok
5,6,0.1,HILP,24,10.856434987909898,0.09999944835067112,10.89039826800581,13048,63,True,d84d099493b973a63d879255d2221c1930d649aa,543f782d80ceb9555130e911c1fcf7074153d267,grid-5x5-h6-d1-r1-b0.1,959c4626f1c8703f136037c5a817d95e59bc4a493656f584d55dcaf308815f3a,benchmarks/grid/fixed-duration/domain.rddl,benchmarks/grid/fixed-duration/grid-5x5-h6-d1-r1-b0.1.rddl,1,1,ok
5,6,0.1,HILP,25,10.856434987909898,0.09999944835067112,10.661369250970893,13048,63,True,d84d099493b973a63d879255d2221c1930d649aa,543f782d80ceb9555130e911c1fcf7074153d267,grid-5x5-h6-d1-r1-b0.1,959c4626f1c8703f136037c5a817d95e59bc4a493656f584d55dcaf308815f3a,benchmarks/grid/fixed-duration/domain.rddl,benchmarks/grid/fixed-duration/grid-5x5-h6-d1-r1-b0.1.rddl,1,1,ok
5,6,0.2,HILP,1,8.51730822880294,0.1587357693835137,7.696188175003044,17608,49,True,d84d099493b973a63d879255d2221c1930d649aa,543f782d80ceb9555130e911c1fcf7074153d267,grid-5x5-h6-d1-r1-b0.2,f435a050ed6c57225ff670ff2792667af22e08597cb613b317d984872c88ddcb,benchmarks/grid/fixed-duration/domain.rddl,benchmarks/grid/fixed-duration/grid-5x5-h6-d1-r1-b0.2.rddl,1,1,ok
5,6,0.2,HILP,2,8.51730822880294,0.1587357693835137,7.450404618983157,17608,49,True,d84d099493b973a63d879255d2221c1930d649aa,543f782d80ceb9555130e911c1fcf7074153d267,grid-5x5-h6-d1-r1-b0.2,f435a050ed6c57225ff670ff2792667af22e08597cb613b317d984872c88ddcb,benchmarks/grid/fixed-duration/domain.rddl,benchmarks/grid/fixed-duration/grid-5x5-h6-d1-r1-b0.2.rddl,1,1,ok
5,6,0.2,HILP,3,8.51730822880294,0.1587357693835137,7.511666130041704,17608,49,True,d84d099493b973a63d879255d2221c1930d649aa,543f782d80ceb9555130e911c1fcf7074153d267,grid-5x5-h6-d1-r1-b0.2,f435a050ed6c57225ff670ff2792667af22e08597cb613b317d984872c88ddcb,benchmarks/grid/fixed-duration/domain.rddl,benchmarks/grid/fixed-duration/grid-5x5-h6-d1-r1-b0.2.rddl,1,1,ok
5,6,0.2,HILP,4,8.51730822880294,0.1587357693835137,7.619598101940937,17608,49,True,d84d099493b973a63d879255d2221c1930d649aa,543f782d80ceb9555130e911c1fcf7074153d267,grid-5x5-h6-d1-r1-b0.2,f435a050ed6c57225ff670ff2792667af22e08597cb613b317d984872c88ddcb,benchmarks/grid/fixed-duration/domain.rddl,benchmarks/grid/fixed-duration/grid-5x5-h6-d1-r1-b0.2.rddl,1,1,ok
5,6,0.2,HILP,5,8.51730822880294,0.1587357693835137,8.299715245957486,17608,49,True,d84d099493b973a63d879255d2221c1930d649aa,543f782d80ceb9555130e911c1fcf7074153d267,grid-5x5-h6-d1-r1-b0.2,f435a050ed6c57225ff670ff2792667af22e08597cb613b317d984872c88ddcb,benchmarks/grid/fixed-duration/domain.rddl,benchmarks/grid/fixed-duration/grid-5x5-h6-d1-r1-b0.2.rddl,1,1,ok
5,6,0.2,HILP,6,8.51730822880294,0.1587357693835137,7.55319895001594,17608,49,True,d84d099493b973a63d879255d2221c1930d649aa,543f782d80ceb9555130e911c1fcf7074153d267,grid-5x5-h6-d1-r1-b0.2,f435a050ed6c57225ff670ff2792667af22e08597cb613b317d984872c88ddcb,benchmarks/grid/fixed-duration/domain.rddl,benchmarks/grid/fixed-duration/grid-5x5-h6-d1-r1-b0.2.rddl,1,1,ok
5,6,0.2,HILP,7,8.51730822880294,0.1587357693835137,7.724486605962738,17608,49,True,d84d099493b973a63d879255d2221c1930d649aa,543f782d80ceb9555130e911c1fcf7074153d267,grid-5x5-h6-d1-r1-b0.2,f435a050ed6c57225ff670ff2792667af22e08597cb613b317d984872c88ddcb,benchmarks/grid/fixed-duration/domain.rddl,benchmarks/grid/fixed-duration/grid-5x5-h6-d1-r1-b0.2.rddl,1,1,ok
5,6,0.2,HILP,8,8.51730822880294,0.1587357693835137,7.862673535943031,17608,49,True,d84d099493b973a63d879255d2221c1930d649aa,543f782d80ceb9555130e911c1fcf7074153d267,grid-5x5-h6-d1-r1-b0.2,f435a050ed6c57225ff670ff2792667af22e08597cb613b317d984872c88ddcb,benchmarks/grid/fixed-duration/domain.rddl,benchmarks/grid/fixed-duration/grid-5x5-h6-d1-r1-b0.2.rddl,1,1,ok
5,6,0.2,HILP,9,8.51730822880294,0.1587357693835137,7.7663860799511895,17608,49,True,d84d099493b973a63d879255d2221c1930d649aa,543f782d80ceb9555130e911c1fcf7074153d267,grid-5x5-h6-d1-r1-b0.2,f435a050ed6c57225ff670ff2792667af22e08597cb613b317d984872c88ddcb,benchmarks/grid/fixed-duration/domain.rddl,benchmarks/grid/fixed-duration/grid-5x5-h6-d1-r1-b0.2.rddl,1,1,ok
5,6,0.2,HILP,10,8.51730822880294,0.1587357693835137,7.775862109963782,17608,49,True,d84d099493b973a63d879255d2221c1930d649aa,543f782d80ceb9555130e911c1fcf7074153d267,grid-5x5-h6-d1-r1-b0.2,f435a050ed6c57225ff670ff2792667af22e08597cb613b317d984872c88ddcb,benchmarks/grid/fixed-duration/domain.rddl,benchmarks/grid/fixed-duration/grid-5x5-h6-d1-r1-b0.2.rddl,1,1,ok
5,6,0.2,HILP,11,8.51730822880294,0.1587357693835137,7.666624916950241,17608,49,True,d84d099493b973a63d879255d2221c1930d649aa,543f782d80ceb9555130e911c1fcf7074153d267,grid-5x5-h6-d1-r1-b0.2,f435a050ed6c57225ff670ff2792667af22e08597cb613b317d984872c88ddcb,benchmarks/grid/fixed-duration/domain.rddl,benchmarks/grid/fixed-duration/grid-5x5-h6-d1-r1-b0.2.rddl,1,1,ok
5,6,0.2,HILP,12,8.51730822880294,0.1587357693835137,7.8320424009580165,17608,49,True,d84d099493b973a63d879255d2221c1930d649aa,543f782d80ceb9555130e911c1fcf7074153d267,grid-5x5-h6-d1-r1-b0.2,f435a050ed6c57225ff670ff2792667af22e08597cb613b317d984872c88ddcb,benchmarks/grid/fixed-duration/domain.rddl,benchmarks/grid/fixed-duration/grid-5x5-h6-d1-r1-b0.2.rddl,1,1,ok
5,6,0.2,HILP,13,8.51730822880294,0.1587357693835137,7.482330159982666,17608,49,True,d84d099493b973a63d879255d2221c1930d649aa,543f782d80ceb9555130e911c1fcf7074153d267,grid-5x5-h6-d1-r1-b0.2,f435a050ed6c57225ff670ff2792667af22e08597cb613b317d984872c88ddcb,benchmarks/grid/fixed-duration/domain.rddl,benchmarks/grid/fixed-duration/grid-5x5-h6-d1-r1-b0.2.rddl,1,1,ok
5,6,0.2,HILP,14,8.51730822880294,0.1587357693835137,7.614065269939601,17608,49,True,d84d099493b973a63d879255d2221c1930d649aa,543f782d80ceb9555130e911c1fcf7074153d267,grid-5x5-h6-d1-r1-b0.2,f435a050ed6c57225ff670ff2792667af22e08597cb613b317d984872c88ddcb,benchmarks/grid/fixed-duration/domain.rddl,benchmarks/grid/fixed-duration/grid-5x5-h6-d1-r1-b0.2.rddl,1,1,ok
5,6,0.2,HILP,15,8.51730822880294,0.1587357693835137,7.776114603038877,17608,49,True,d84d099493b973a63d879255d2221c1930d649aa,543f782d80ceb9555130e911c1fcf7074153d267,grid-5x5-h6-d1-r1-b0.2,f435a050ed6c57225ff670ff2792667af22e08597cb613b317d984872c88ddcb,benchmarks/grid/fixed-duration/domain.rddl,benchmarks/grid/fixed-duration/grid-5x5-h6-d1-r1-b0.2.rddl,1,1,ok
5,6,0.2,HILP,16,8.51730822880294,0.1587357693835137,8.044123034924269,17608,49,True,d84d099493b973a63d879255d2221c1930d649aa,543f782d80ceb9555130e911c1fcf7074153d267,grid-5x5-h6-d1-r1-b0.2,f435a050ed6c57225ff670ff2792667af22e08597cb613b317d984872c88ddcb,benchmarks/grid/fixed-duration/domain.rddl,benchmarks/grid/fixed-duration/grid-5x5-h6-d1-r1-b0.2.rddl,1,1,ok
5,6,0.2,HILP,17,8.51730822880294,0.1587357693835137,7.747889264021069,17608,49,True,d84d099493b973a63d879255d2221c1930d649aa,543f782d80ceb9555130e911c1fcf7074153d267,grid-5x5-h6-d1-r1-b0.2,f435a050ed6c57225ff670ff2792667af22e08597cb613b317d984872c88ddcb,benchmarks/grid/fixed-duration/domain.rddl,benchmarks/grid/fixed-duration/grid-5x5-h6-d1-r1-b0.2.rddl,1,1,ok
5,6,0.2,HILP,18,8.51730822880294,0.1587357693835137,7.97396125306841,17608,49,True,d84d099493b973a63d879255d2221c1930d649aa,543f782d80ceb9555130e911c1fcf7074153d267,grid-5x5-h6-d1-r1-b0.2,f435a050ed6c57225ff670ff2792667af22e08597cb613b317d984872c88ddcb,benchmarks/grid/fixed-duration/domain.rddl,benchmarks/grid/fixed-duration/grid-5x5-h6-d1-r1-b0.2.rddl,1,1,ok
5,6,0.2,HILP,19,8.51730822880294,0.1587357693835137,7.856420803931542,17608,49,True,d84d099493b973a63d879255d2221c1930d649aa,543f782d80ceb9555130e911c1fcf7074153d267,grid-5x5-h6-d1-r1-b0.2,f435a050ed6c57225ff670ff2792667af22e08597cb613b317d984872c88ddcb,benchmarks/grid/fixed-duration/domain.rddl,benchmarks/grid/fixed-duration/grid-5x5-h6-d1-r1-b0.2.rddl,1,1,ok
5,6,0.2,HILP,20,8.51730822880294,0.1587357693835137,8.523504946031608,17608,49,True,d84d099493b973a63d879255d2221c1930d649aa,543f782d80ceb9555130e911c1fcf7074153d267,grid-5x5-h6-d1-r1-b0.2,f435a050ed6c57225ff670ff2792667af22e08597cb613b317d984872c88ddcb,benchmarks/grid/fixed-duration/domain.rddl,benchmarks/grid/fixed-duration/grid-5x5-h6-d1-r1-b0.2.rddl,1,1,ok
5,6,0.2,HILP,21,8.51730822880294,0.1587357693835137,7.841836876003072,17608,49,True,d84d099493b973a63d879255d2221c1930d649aa,543f782d80ceb9555130e911c1fcf7074153d267,grid-5x5-h6-d1-r1-b0.2,f435a050ed6c57225ff670ff2792667af22e08597cb613b317d984872c88ddcb,benchmarks/grid/fixed-duration/domain.rddl,benchmarks/grid/fixed-duration/grid-5x5-h6-d1-r1-b0.2.rddl,1,1,ok
5,6,0.2,HILP,22,8.51730822880294,0.1587357693835137,7.673214564914815,17608,49,True,d84d099493b973a63d879255d2221c1930d649aa,543f782d80ceb9555130e911c1fcf7074153d267,grid-5x5-h6-d1-r1-b0.2,f435a050ed6c57225ff670ff2792667af22e08597cb613b317d984872c88ddcb,benchmarks/grid/fixed-duration/domain.rddl,benchmarks/grid/fixed-duration/grid-5x5-h6-d1-r1-b0.2.rddl,1,1,ok
5,6,0.2,HILP,23,8.51730822880294,0.1587357693835137,7.993077322025783,17608,49,True,d84d099493b973a63d879255d2221c1930d649aa,543f782d80ceb9555130e911c1fcf7074153d267,grid-5x5-h6-d1-r1-b0.2,f435a050ed6c57225ff670ff2792667af22e08597cb613b317d984872c88ddcb,benchmarks/grid/fixed-duration/domain.rddl,benchmarks/grid/fixed-duration/grid-5x5-h6-d1-r1-b0.2.rddl,1,1,ok
5,6,0.2,HILP,24,8.51730822880294,0.1587357693835137,7.956294775009155,17608,49,True,d84d099493b973a63d879255d2221c1930d649aa,543f782d80ceb9555130e911c1fcf7074153d267,grid-5x5-h6-d1-r1-b0.2,f435a050ed6c57225ff670ff2792667af22e08597cb613b317d984872c88ddcb,benchmarks/grid/fixed-duration/domain.rddl,benchmarks/grid/fixed-duration/grid-5x5-h6-d1-r1-b0.2.rddl,1,1,ok
5,6,0.2,HILP,25,8.51730822880294,0.1587357693835137,7.966859493055381,17608,49,True,d84d099493b973a63d879255d2221c1930d649aa,543f782d80ceb9555130e911c1fcf7074153d267,grid-5x5-h6-d1-r1-b0.2,f435a050ed6c57225ff670ff2792667af22e08597cb613b317d984872c88ddcb,benchmarks/grid/fixed-duration/domain.rddl,benchmarks/grid/fixed-duration/grid-5x5-h6-d1-r1-b0.2.rddl,1,1,ok
5,6,0.3,HILP,1,8.51730822880294,0.1587357693835137,16.27397280698642,31048,76,True,d84d099493b973a63d879255d2221c1930d649aa,543f782d80ceb9555130e911c1fcf7074153d267,grid-5x5-h6-d1-r1-b0.3,db66b6a1fb137e99afaae553a2b707a4a34e4e9fead656cb8f29b02085bdea0d,benchmarks/grid/fixed-duration/domain.rddl,benchmarks/grid/fixed-duration/grid-5x5-h6-d1-r1-b0.3.rddl,1,1,ok
5,6,0.3,HILP,2,8.51730822880294,0.1587357693835137,15.767062333994545,31048,76,True,d84d099493b973a63d879255d2221c1930d649aa,543f782d80ceb9555130e911c1fcf7074153d267,grid-5x5-h6-d1-r1-b0.3,db66b6a1fb137e99afaae553a2b707a4a34e4e9fead656cb8f29b02085bdea0d,benchmarks/grid/fixed-duration/domain.rddl,benchmarks/grid/fixed-duration/grid-5x5-h6-d1-r1-b0.3.rddl,1,1,ok
5,6,0.3,HILP,3,8.51730822880294,0.1587357693835137,15.869181634043343,31048,76,True,d84d099493b973a63d879255d2221c1930d649aa,543f782d80ceb9555130e911c1fcf7074153d267,grid-5x5-h6-d1-r1-b0.3,db66b6a1fb137e99afaae553a2b707a4a34e4e9fead656cb8f29b02085bdea0d,benchmarks/grid/fixed-duration/domain.rddl,benchmarks/grid/fixed-duration/grid-5x5-h6-d1-r1-b0.3.rddl,1,1,ok
5,6,0.3,HILP,4,8.51730822880294,0.1587357693835137,16.052482196944766,31048,76,True,d84d099493b973a63d879255d2221c1930d649aa,543f782d80ceb9555130e911c1fcf7074153d267,grid-5x5-h6-d1-r1-b0.3,db66b6a1fb137e99afaae553a2b707a4a34e4e9fead656cb8f29b02085bdea0d,benchmarks/grid/fixed-duration/domain.rddl,benchmarks/grid/fixed-duration/grid-5x5-h6-d1-r1-b0.3.rddl,1,1,ok
5,6,0.3,HILP,5,8.51730822880294,0.1587357693835137,16.221697092987597,31048,76,True,d84d099493b973a63d879255d2221c1930d649aa,543f782d80ceb9555130e911c1fcf7074153d267,grid-5x5-h6-d1-r1-b0.3,db66b6a1fb137e99afaae553a2b707a4a34e4e9fead656cb8f29b02085bdea0d,benchmarks/grid/fixed-duration/domain.rddl,benchmarks/grid/fixed-duration/grid-5x5-h6-d1-r1-b0.3.rddl,1,1,ok
5,6,0.3,HILP,6,8.51730822880294,0.1587357693835137,15.280169445904903,31048,76,True,d84d099493b973a63d879255d2221c1930d649aa,543f782d80ceb9555130e911c1fcf7074153d267,grid-5x5-h6-d1-r1-b0.3,db66b6a1fb137e99afaae553a2b707a4a34e4e9fead656cb8f29b02085bdea0d,benchmarks/grid/fixed-duration/domain.rddl,benchmarks/grid/fixed-duration/grid-5x5-h6-d1-r1-b0.3.rddl,1,1,ok
5,6,0.3,HILP,7,8.51730822880294,0.1587357693835137,15.27979721990414,31048,76,True,d84d099493b973a63d879255d2221c1930d649aa,543f782d80ceb9555130e911c1fcf7074153d267,grid-5x5-h6-d1-r1-b0.3,db66b6a1fb137e99afaae553a2b707a4a34e4e9fead656cb8f29b02085bdea0d,benchmarks/grid/fixed-duration/domain.rddl,benchmarks/grid/fixed-duration/grid-5x5-h6-d1-r1-b0.3.rddl,1,1,ok
5,6,0.3,HILP,8,8.51730822880294,0.1587357693835137,16.815716919954866,31048,76,True,d84d099493b973a63d879255d2221c1930d649aa,543f782d80ceb9555130e911c1fcf7074153d267,grid-5x5-h6-d1-r1-b0.3,db66b6a1fb137e99afaae553a2b707a4a34e4e9fead656cb8f29b02085bdea0d,benchmarks/grid/fixed-duration/domain.rddl,benchmarks/grid/fixed-duration/grid-5x5-h6-d1-r1-b0.3.rddl,1,1,ok
5,6,0.3,HILP,9,8.51730822880294,0.1587357693835137,15.382567052030936,31048,76,True,d84d099493b973a63d879255d2221c1930d649aa,543f782d80ceb9555130e911c1fcf7074153d267,grid-5x5-h6-d1-r1-b0.3,db66b6a1fb137e99afaae553a2b707a4a34e4e9fead656cb8f29b02085bdea0d,benchmarks/grid/fixed-duration/domain.rddl,benchmarks/grid/fixed-duration/grid-5x5-h6-d1-r1-b0.3.rddl,1,1,ok
5,6,0.3,HILP,10,8.51730822880294,0.1587357693835137,15.851113714976236,31048,76,True,d84d099493b973a63d879255d2221c1930d649aa,543f782d80ceb9555130e911c1fcf7074153d267,grid-5x5-h6-d1-r1-b0.3,db66b6a1fb137e99afaae553a2b707a4a34e4e9fead656cb8f29b02085bdea0d,benchmarks/grid/fixed-duration/domain.rddl,benchmarks/grid/fixed-duration/grid-5x5-h6-d1-r1-b0.3.rddl,1,1,ok
5,6,0.3,HILP,11,8.51730822880294,0.1587357693835137,15.499096521991305,31048,76,True,d84d099493b973a63d879255d2221c1930d649aa,543f782d80ceb9555130e911c1fcf7074153d267,grid-5x5-h6-d1-r1-b0.3,db66b6a1fb137e99afaae553a2b707a4a34e4e9fead656cb8f29b02085bdea0d,benchmarks/grid/fixed-duration/domain.rddl,benchmarks/grid/fixed-duration/grid-5x5-h6-d1-r1-b0.3.rddl,1,1,ok
5,6,0.3,HILP,12,8.51730822880294,0.1587357693835137,15.555022935965098,31048,76,True,d84d099493b973a63d879255d2221c1930d649aa,543f782d80ceb9555130e911c1fcf7074153d267,grid-5x5-h6-d1-r1-b0.3,db66b6a1fb137e99afaae553a2b707a4a34e4e9fead656cb8f29b02085bdea0d,benchmarks/grid/fixed-duration/domain.rddl,benchmarks/grid/fixed-duration/grid-5x5-h6-d1-r1-b0.3.rddl,1,1,ok
5,6,0.3,HILP,13,8.51730822880294,0.1587357693835137,17.810210610041395,31048,76,True,d84d099493b973a63d879255d2221c1930d649aa,543f782d80ceb9555130e911c1fcf7074153d267,grid-5x5-h6-d1-r1-b0.3,db66b6a1fb137e99afaae553a2b707a4a34e4e9fead656cb8f29b02085bdea0d,benchmarks/grid/fixed-duration/domain.rddl,benchmarks/grid/fixed-duration/grid-5x5-h6-d1-r1-b0.3.rddl,1,1,ok
5,6,0.3,HILP,14,8.51730822880294,0.1587357693835137,17.328764769947156,31048,76,True,d84d099493b973a63d879255d2221c1930d649aa,543f782d80ceb9555130e911c1fcf7074153d267,grid-5x5-h6-d1-r1-b0.3,db66b6a1fb137e99afaae553a2b707a4a34e4e9fead656cb8f29b02085bdea0d,benchmarks/grid/fixed-duration/domain.rddl,benchmarks/grid/fixed-duration/grid-5x5-h6-d1-r1-b0.3.rddl,1,1,ok
5,6,0.3,HILP,15,8.51730822880294,0.1587357693835137,17.576733914087527,31048,76,True,d84d099493b973a63d879255d2221c1930d649aa,543f782d80ceb9555130e911c1fcf7074153d267,grid-5x5-h6-d1-r1-b0.3,db66b6a1fb137e99afaae553a2b707a4a34e4e9fead656cb8f29b02085bdea0d,benchmarks/grid/fixed-duration/domain.rddl,benchmarks/grid/fixed-duration/grid-5x5-h6-d1-r1-b0.3.rddl,1,1,ok
5,6,0.3,HILP,16,8.51730822880294,0.1587357693835137,15.57471570407506,31048,76,True,d84d099493b973a63d879255d2221c1930d649aa,543f782d80ceb9555130e911c1fcf7074153d267,grid-5x5-h6-d1-r1-b0.3,db66b6a1fb137e99afaae553a2b707a4a34e4e9fead656cb8f29b02085bdea0d,benchmarks/grid/fixed-duration/domain.rddl,benchmarks/grid/fixed-duration/grid-5x5-h6-d1-r1-b0.3.rddl,1,1,ok
5,6,0.3,HILP,17,8.51730822880294,0.1587357693835137,16.06787058606278,31048,76,True,d84d099493b973a63d879255d2221c1930d649aa,543f782d80ceb9555130e911c1fcf7074153d267,grid-5x5-h6-d1-r1-b0.3,db66b6a1fb137e99afaae553a2b707a4a34e4e9fead656cb8f29b02085bdea0d,benchmarks/grid/fixed-duration/domain.rddl,benchmarks/grid/fixed-duration/grid-5x5-h6-d1-r1-b0.3.rddl,1,1,ok
5,6,0.3,HILP,18,8.51730822880294,0.1587357693835137,15.270984307047911,31048,76,True,d84d099493b973a63d879255d2221c1930d649aa,543f782d80ceb9555130e911c1fcf7074153d267,grid-5x5-h6-d1-r1-b0.3,db66b6a1fb137e99afaae553a2b707a4a34e4e9fead656cb8f29b02085bdea0d,benchmarks/grid/fixed-duration/domain.rddl,benchmarks/grid/fixed-duration/grid-5x5-h6-d1-r1-b0.3.rddl,1,1,ok
5,6,0.3,HILP,19,8.51730822880294,0.1587357693835137,16.281305358046666,31048,76,True,d84d099493b973a63d879255d2221c1930d649aa,543f782d80ceb9555130e911c1fcf7074153d267,grid-5x5-h6-d1-r1-b0.3,db66b6a1fb137e99afaae553a2b707a4a34e4e9fead656cb8f29b02085bdea0d,benchmarks/grid/fixed-duration/domain.rddl,benchmarks/grid/fixed-duration/grid-5x5-h6-d1-r1-b0.3.rddl,1,1,ok
5,6,0.3,HILP,20,8.51730822880294,0.1587357693835137,16.061490481020883,31048,76,True,d84d099493b973a63d879255d2221c1930d649aa,543f782d80ceb9555130e911c1fcf7074153d267,grid-5x5-h6-d1-r1-b0.3,db66b6a1fb137e99afaae553a2b707a4a34e4e9fead656cb8f29b02085bdea0d,benchmarks/grid/fixed-duration/domain.rddl,benchmarks/grid/fixed-duration/grid-5x5-h6-d1-r1-b0.3.rddl,1,1,ok
5,6,0.3,HILP,21,8.51730822880294,0.1587357693835137,16.122711366042495,31048,76,True,d84d099493b973a63d879255d2221c1930d649aa,543f782d80ceb9555130e911c1fcf7074153d267,grid-5x5-h6-d1-r1-b0.3,db66b6a1fb137e99afaae553a2b707a4a34e4e9fead656cb8f29b02085bdea0d,benchmarks/grid/fixed-duration/domain.rddl,benchmarks/grid/fixed-duration/grid-5x5-h6-d1-r1-b0.3.rddl,1,1,ok
5,6,0.3,HILP,22,8.51730822880294,0.1587357693835137,15.72163206001278,31048,76,True,d84d099493b973a63d879255d2221c1930d649aa,543f782d80ceb9555130e911c1fcf7074153d267,grid-5x5-h6-d1-r1-b0.3,db66b6a1fb137e99afaae553a2b707a4a34e4e9fead656cb8f29b02085bdea0d,benchmarks/grid/fixed-duration/domain.rddl,benchmarks/grid/fixed-duration/grid-5x5-h6-d1-r1-b0.3.rddl,1,1,ok
5,6,0.3,HILP,23,8.51730822880294,0.1587357693835137,16.638369216932915,31048,76,True,d84d099493b973a63d879255d2221c1930d649aa,543f782d80ceb9555130e911c1fcf7074153d267,grid-5x5-h6-d1-r1-b0.3,db66b6a1fb137e99afaae553a2b707a4a34e4e9fead656cb8f29b02085bdea0d,benchmarks/grid/fixed-duration/domain.rddl,benchmarks/grid/fixed-duration/grid-5x5-h6-d1-r1-b0.3.rddl,1,1,ok
5,6,0.3,HILP,24,8.51730822880294,0.1587357693835137,15.936889081029221,31048,76,True,d84d099493b973a63d879255d2221c1930d649aa,543f782d80ceb9555130e911c1fcf7074153d267,grid-5x5-h6-d1-r1-b0.3,db66b6a1fb137e99afaae553a2b707a4a34e4e9fead656cb8f29b02085bdea0d,benchmarks/grid/fixed-duration/domain.rddl,benchmarks/grid/fixed-duration/grid-5x5-h6-d1-r1-b0.3.rddl,1,1,ok
5,6,0.3,HILP,25,8.51730822880294,0.1587357693835137,15.791951940977015,31048,76,True,d84d099493b973a63d879255d2221c1930d649aa,543f782d80ceb9555130e911c1fcf7074153d267,grid-5x5-h6-d1-r1-b0.3,db66b6a1fb137e99afaae553a2b707a4a34e4e9fead656cb8f29b02085bdea0d,benchmarks/grid/fixed-duration/domain.rddl,benchmarks/grid/fixed-duration/grid-5x5-h6-d1-r1-b0.3.rddl,1,1,ok
100,3,0.1,HILP,1,198.9323125,0.08976562500000002,0.05218691797927022,268,12,True,d84d099493b973a63d879255d2221c1930d649aa,543f782d80ceb9555130e911c1fcf7074153d267,grid-100x100-h3-d1-r1-b0.1,e7b5e078af983ad6f47d645291ad2e5c7cd7305be73b248d29073906c80157df,benchmarks/grid/fixed-duration/domain.rddl,benchmarks/grid/fixed-duration/grid-100x100-h3-d1-r1-b0.1.rddl,1,1,ok
100,3,0.1,HILP,2,198.9323125,0.08976562500000002,0.05144161998759955,268,12,True,d84d099493b973a63d879255d2221c1930d649aa,543f782d80ceb9555130e911c1fcf7074153d267,grid-100x100-h3-d1-r1-b0.1,e7b5e078af983ad6f47d645291ad2e5c7cd7305be73b248d29073906c80157df,benchmarks/grid/fixed-duration/domain.rddl,benchmarks/grid/fixed-duration/grid-100x100-h3-d1-r1-b0.1.rddl,1,1,ok
100,3,0.1,HILP,3,198.9323125,0.08976562500000002,0.053126659942790866,268,12,True,d84d099493b973a63d879255d2221c1930d649aa,543f782d80ceb9555130e911c1fcf7074153d267,grid-100x100-h3-d1-r1-b0.1,e7b5e078af983ad6f47d645291ad2e5c7cd7305be73b248d29073906c80157df,benchmarks/grid/fixed-duration/domain.rddl,benchmarks/grid/fixed-duration/grid-100x100-h3-d1-r1-b0.1.rddl,1,1,ok
100,3,0.1,HILP,4,198.9323125,0.08976562500000002,0.05090287292841822,268,12,True,d84d099493b973a63d879255d2221c1930d649aa,543f782d80ceb9555130e911c1fcf7074153d267,grid-100x100-h3-d1-r1-b0.1,e7b5e078af983ad6f47d645291ad2e5c7cd7305be73b248d29073906c80157df,benchmarks/grid/fixed-duration/domain.rddl,benchmarks/grid/fixed-duration/grid-100x100-h3-d1-r1-b0.1.rddl,1,1,ok
100,3,0.1,HILP,5,198.9323125,0.08976562500000002,0.050861651077866554,268,12,True,d84d099493b973a63d879255d2221c1930d649aa,543f782d80ceb9555130e911c1fcf7074153d267,grid-100x100-h3-d1-r1-b0.1,e7b5e078af983ad6f47d645291ad2e5c7cd7305be73b248d29073906c80157df,benchmarks/grid/fixed-duration/domain.rddl,benchmarks/grid/fixed-duration/grid-100x100-h3-d1-r1-b0.1.rddl,1,1,ok
100,3,0.1,HILP,6,198.9323125,0.08976562500000002,0.051215506973676383,268,12,True,d84d099493b973a63d879255d2221c1930d649aa,543f782d80ceb9555130e911c1fcf7074153d267,grid-100x100-h3-d1-r1-b0.1,e7b5e078af983ad6f47d645291ad2e5c7cd7305be73b248d29073906c80157df,benchmarks/grid/fixed-duration/domain.rddl,benchmarks/grid/fixed-duration/grid-100x100-h3-d1-r1-b0.1.rddl,1,1,ok
100,3,0.1,HILP,7,198.9323125,0.08976562500000002,0.04868787701707333,268,12,True,d84d099493b973a63d879255d2221c1930d649aa,543f782d80ceb9555130e911c1fcf7074153d267,grid-100x100-h3-d1-r1-b0.1,e7b5e078af983ad6f47d645291ad2e5c7cd7305be73b248d29073906c80157df,benchmarks/grid/fixed-duration/domain.rddl,benchmarks/grid/fixed-duration/grid-100x100-h3-d1-r1-b0.1.rddl,1,1,ok
100,3,0.1,HILP,8,198.9323125,0.08976562500000002,0.05365377105772495,268,12,True,d84d099493b973a63d879255d2221c1930d649aa,543f782d80ceb9555130e911c1fcf7074153d267,grid-100x100-h3-d1-r1-b0.1,e7b5e078af983ad6f47d645291ad2e5c7cd7305be73b248d29073906c80157df,benchmarks/grid/fixed-duration/domain.rddl,benchmarks/grid/fixed-duration/grid-100x100-h3-d1-r1-b0.1.rddl,1,1,ok
100,3,0.1,HILP,9,198.9323125,0.08976562500000002,0.05226471403148025,268,12,True,d84d099493b973a63d879255d2221c1930d649aa,543f782d80ceb9555130e911c1fcf7074153d267,grid-100x100-h3-d1-r1-b0.1,e7b5e078af983ad6f47d645291ad2e5c7cd7305be73b248d29073906c80157df,benchmarks/grid/fixed-duration/domain.rddl,benchmarks/grid/fixed-duration/grid-100x100-h3-d1-r1-b0.1.rddl,1,1,ok
100,3,0.1,HILP,10,198.9323125,0.08976562500000002,0.05818137794267386,268,12,True,d84d099493b973a63d879255d2221c1930d649aa,543f782d80ceb9555130e911c1fcf7074153d267,grid-100x100-h3-d1-r1-b0.1,e7b5e078af983ad6f47d645291ad2e5c7cd7305be73b248d29073906c80157df,benchmarks/grid/fixed-duration/domain.rddl,benchmarks/grid/fixed-duration/grid-100x100-h3-d1-r1-b0.1.rddl,1,1,ok
100,3,0.1,HILP,11,198.9323125,0.08976562500000002,0.05462155200075358,268,12,True,d84d099493b973a63d879255d2221c1930d649aa,543f782d80ceb9555130e911c1fcf7074153d267,grid-100x100-h3-d1-r1-b0.1,e7b5e078af983ad6f47d645291ad2e5c7cd7305be73b248d29073906c80157df,benchmarks/grid/fixed-duration/domain.rddl,benchmarks/grid/fixed-duration/grid-100x100-h3-d1-r1-b0.1.rddl,1,1,ok
100,3,0.1,HILP,12,198.9323125,0.08976562500000002,0.06126109999604523,268,12,True,d84d099493b973a63d879255d2221c1930d649aa,543f782d80ceb9555130e911c1fcf7074153d267,grid-100x100-h3-d1-r1-b0.1,e7b5e078af983ad6f47d645291ad2e5c7cd7305be73b248d29073906c80157df,benchmarks/grid/fixed-duration/domain.rddl,benchmarks/grid/fixed-duration/grid-100x100-h3-d1-r1-b0.1.rddl,1,1,ok
100,3,0.1,HILP,13,198.9323125,0.08976562500000002,0.05555847194045782,268,12,True,d84d099493b973a63d879255d2221c1930d649aa,543f782d80ceb9555130e911c1fcf7074153d267,grid-100x100-h3-d1-r1-b0.1,e7b5e078af983ad6f47d645291ad2e5c7cd7305be73b248d29073906c80157df,benchmarks/grid/fixed-duration/domain.rddl,benchmarks/grid/fixed-duration/grid-100x100-h3-d1-r1-b0.1.rddl,1,1,ok
100,3,0.1,HILP,14,198.9323125,0.08976562500000002,0.05504237103741616,268,12,True,d84d099493b973a63d879255d2221c1930d649aa,543f782d80ceb9555130e911c1fcf7074153d267,grid-100x100-h3-d1-r1-b0.1,e7b5e078af983ad6f47d645291ad2e5c7cd7305be73b248d29073906c80157df,benchmarks/grid/fixed-duration/domain.rddl,benchmarks/grid/fixed-duration/grid-100x100-h3-d1-r1-b0.1.rddl,1,1,ok
100,3,0.1,HILP,15,198.9323125,0.08976562500000002,0.05708220903761685,268,12,True,d84d099493b973a63d879255d2221c1930d649aa,543f782d80ceb9555130e911c1fcf7074153d267,grid-100x100-h3-d1-r1-b0.1,e7b5e078af983ad6f47d645291ad2e5c7cd7305be73b248d29073906c80157df,benchmarks/grid/fixed-duration/domain.rddl,benchmarks/grid/fixed-duration/grid-100x100-h3-d1-r1-b0.1.rddl,1,1,ok
100,3,0.1,HILP,16,198.9323125,0.08976562500000002,0.0519361860351637,268,12,True,d84d099493b973a63d879255d2221c1930d649aa,543f782d80ceb9555130e911c1fcf7074153d267,grid-100x100-h3-d1-r1-b0.1,e7b5e078af983ad6f47d645291ad2e5c7cd7305be73b248d29073906c80157df,benchmarks/grid/fixed-duration/domain.rddl,benchmarks/grid/fixed-duration/grid-100x100-h3-d1-r1-b0.1.rddl,1,1,ok
100,3,0.1,HILP,17,198.9323125,0.08976562500000002,0.04920516104903072,268,12,True,d84d099493b973a63d879255d2221c1930d649aa,543f782d80ceb9555130e911c1fcf7074153d267,grid-100x100-h3-d1-r1-b0.1,e7b5e078af983ad6f47d645291ad2e5c7cd7305be73b248d29073906c80157df,benchmarks/grid/fixed-duration/domain.rddl,benchmarks/grid/fixed-duration/grid-100x100-h3-d1-r1-b0.1.rddl,1,1,ok
100,3,0.1,HILP,18,198.9323125,0.08976562500000002,0.0480048309545964,268,12,True,d84d099493b973a63d879255d2221c1930d649aa,543f782d80ceb9555130e911c1fcf7074153d267,grid-100x100-h3-d1-r1-b0.1,e7b5e078af983ad6f47d645291ad2e5c7cd7305be73b248d29073906c80157df,benchmarks/grid/fixed-duration/domain.rddl,benchmarks/grid/fixed-duration/grid-100x100-h3-d1-r1-b0.1.rddl,1,1,ok
100,3,0.1,HILP,19,198.9323125,0.08976562500000002,0.04864325001835823,268,12,True,d84d099493b973a63d879255d2221c1930d649aa,543f782d80ceb9555130e911c1fcf7074153d267,grid-100x100-h3-d1-r1-b0.1,e7b5e078af983ad6f47d645291ad2e5c7cd7305be73b248d29073906c80157df,benchmarks/grid/fixed-duration/domain.rddl,benchmarks/grid/fixed-duration/grid-100x100-h3-d1-r1-b0.1.rddl,1,1,ok
100,3,0.1,HILP,20,198.9323125,0.08976562500000002,0.05215590004809201,268,12,True,d84d099493b973a63d879255d2221c1930d649aa,543f782d80ceb9555130e911c1fcf7074153d267,grid-100x100-h3-d1-r1-b0.1,e7b5e078af983ad6f47d645291ad2e5c7cd7305be73b248d29073906c80157df,benchmarks/grid/fixed-duration/domain.rddl,benchmarks/grid/fixed-duration/grid-100x100-h3-d1-r1-b0.1.rddl,1,1,ok
100,3,0.1,HILP,21,198.9323125,0.08976562500000002,0.0496478290297091,268,12,True,d84d099493b973a63d879255d2221c1930d649aa,543f782d80ceb9555130e911c1fcf7074153d267,grid-100x100-h3-d1-r1-b0.1,e7b5e078af983ad6f47d645291ad2e5c7cd7305be73b248d29073906c80157df,benchmarks/grid/fixed-duration/domain.rddl,benchmarks/grid/fixed-duration/grid-100x100-h3-d1-r1-b0.1.rddl,1,1,ok
100,3,0.1,HILP,22,198.9323125,0.08976562500000002,0.05034340394195169,268,12,True,d84d099493b973a63d879255d2221c1930d649aa,543f782d80ceb9555130e911c1fcf7074153d267,grid-100x100-h3-d1-r1-b0.1,e7b5e078af983ad6f47d645291ad2e5c7cd7305be73b248d29073906c80157df,benchmarks/grid/fixed-duration/domain.rddl,benchmarks/grid/fixed-duration/grid-100x100-h3-d1-r1-b0.1.rddl,1,1,ok
100,3,0.1,HILP,23,198.9323125,0.08976562500000002,0.04896703897975385,268,12,True,d84d099493b973a63d879255d2221c1930d649aa,543f782d80ceb9555130e911c1fcf7074153d267,grid-100x100-h3-d1-r1-b0.1,e7b5e078af983ad6f47d645291ad2e5c7cd7305be73b248d29073906c80157df,benchmarks/grid/fixed-duration/domain.rddl,benchmarks/grid/fixed-duration/grid-100x100-h3-d1-r1-b0.1.rddl,1,1,ok
100,3,0.1,HILP,24,198.9323125,0.08976562500000002,0.050650698016397655,268,12,True,d84d099493b973a63d879255d2221c1930d649aa,543f782d80ceb9555130e911c1fcf7074153d267,grid-100x100-h3-d1-r1-b0.1,e7b5e078af983ad6f47d645291ad2e5c7cd7305be73b248d29073906c80157df,benchmarks/grid/fixed-duration/domain.rddl,benchmarks/grid/fixed-duration/grid-100x100-h3-d1-r1-b0.1.rddl,1,1,ok
100,3,0.1,HILP,25,198.9323125,0.08976562500000002,0.04928084404673427,268,12,True,d84d099493b973a63d879255d2221c1930d649aa,543f782d80ceb9555130e911c1fcf7074153d267,grid-100x100-h3-d1-r1-b0.1,e7b5e078af983ad6f47d645291ad2e5c7cd7305be73b248d29073906c80157df,benchmarks/grid/fixed-duration/domain.rddl,benchmarks/grid/fixed-duration/grid-100x100-h3-d1-r1-b0.1.rddl,1,1,ok
100,3,0.2,HILP,1,198.15562499999996,0.144375,0.04271272395271808,160,9,True,d84d099493b973a63d879255d2221c1930d649aa,543f782d80ceb9555130e911c1fcf7074153d267,grid-100x100-h3-d1-r1-b0.2,8d19c9785f17d3478014f39bf5866c2cce0659476a9b8f4c05c10e65bf507861,benchmarks/grid/fixed-duration/domain.rddl,benchmarks/grid/fixed-duration/grid-100x100-h3-d1-r1-b0.2.rddl,1,1,ok
100,3,0.2,HILP,2,198.15562499999996,0.144375,0.06475444789975882,160,9,True,d84d099493b973a63d879255d2221c1930d649aa,543f782d80ceb9555130e911c1fcf7074153d267,grid-100x100-h3-d1-r1-b0.2,8d19c9785f17d3478014f39bf5866c2cce0659476a9b8f4c05c10e65bf507861,benchmarks/grid/fixed-duration/domain.rddl,benchmarks/grid/fixed-duration/grid-100x100-h3-d1-r1-b0.2.rddl,1,1,ok
100,3,0.2,HILP,3,198.15562499999996,0.144375,0.04111197707243264,160,9,True,d84d099493b973a63d879255d2221c1930d649aa,543f782d80ceb9555130e911c1fcf7074153d267,grid-100x100-h3-d1-r1-b0.2,8d19c9785f17d3478014f39bf5866c2cce0659476a9b8f4c05c10e65bf507861,benchmarks/grid/fixed-duration/domain.rddl,benchmarks/grid/fixed-duration/grid-100x100-h3-d1-r1-b0.2.rddl,1,1,ok
100,3,0.2,HILP,4,198.15562499999996,0.144375,0.06293735699728131,160,9,True,d84d099493b973a63d879255d2221c1930d649aa,543f782d80ceb9555130e911c1fcf7074153d267,grid-100x100-h3-d1-r1-b0.2,8d19c9785f17d3478014f39bf5866c2cce0659476a9b8f4c05c10e65bf507861,benchmarks/grid/fixed-duration/domain.rddl,benchmarks/grid/fixed-duration/grid-100x100-h3-d1-r1-b0.2.rddl,1,1,ok
100,3,0.2,HILP,5,198.15562499999996,0.144375,0.03866856498643756,160,9,True,d84d099493b973a63d879255d2221c1930d649aa,543f782d80ceb9555130e911c1fcf7074153d267,grid-100x100-h3-d1-r1-b0.2,8d19c9785f17d3478014f39bf5866c2cce0659476a9b8f4c05c10e65bf507861,benchmarks/grid/fixed-duration/domain.rddl,benchmarks/grid/fixed-duration/grid-100x100-h3-d1-r1-b0.2.rddl,1,1,ok
100,3,0.2,HILP,6,198.15562499999996,0.144375,0.06459493492729962,160,9,True,d84d099493b973a63d879255d2221c1930d649aa,543f782d80ceb9555130e911c1fcf7074153d267,grid-100x100-h3-d1-r1-b0.2,8d19c9785f17d3478014f39bf5866c2cce0659476a9b8f4c05c10e65bf507861,benchmarks/grid/fixed-duration/domain.rddl,benchmarks/grid/fixed-duration/grid-100x100-h3-d1-r1-b0.2.rddl,1,1,ok
100,3,0.2,HILP,7,198.15562499999996,0.144375,0.03951534896623343,160,9,True,d84d099493b973a63d879255d2221c1930d649aa,543f782d80ceb9555130e911c1fcf7074153d267,grid-100x100-h3-d1-r1-b0.2,8d19c9785f17d3478014f39bf5866c2cce0659476a9b8f4c05c10e65bf507861,benchmarks/grid/fixed-duration/domain.rddl,benchmarks/grid/fixed-duration/grid-100x100-h3-d1-r1-b0.2.rddl,1,1,ok
100,3,0.2,HILP,8,198.15562499999996,0.144375,0.0630086560267955,160,9,True,d84d099493b973a63d879255d2221c1930d649aa,543f782d80ceb9555130e911c1fcf7074153d267,grid-100x100-h3-d1-r1-b0.2,8d19c9785f17d3478014f39bf5866c2cce0659476a9b8f4c05c10e65bf507861,benchmarks/grid/fixed-duration/domain.rddl,benchmarks/grid/fixed-duration/grid-100x100-h3-d1-r1-b0.2.rddl,1,1,ok
100,3,0.2,HILP,9,198.15562499999996,0.144375,0.03981337998993695,160,9,True,d84d099493b973a63d879255d2221c1930d649aa,543f782d80ceb9555130e911c1fcf7074153d267,grid-100x100-h3-d1-r1-b0.2,8d19c9785f17d3478014f39bf5866c2cce0659476a9b8f4c05c10e65bf507861,benchmarks/grid/fixed-duration/domain.rddl,benchmarks/grid/fixed-duration/grid-100x100-h3-d1-r1-b0.2.rddl,1,1,ok
100,3,0.2,HILP,10,198.15562499999996,0.144375,0.06398270302452147,160,9,True,d84d099493b973a63d879255d2221c1930d649aa,543f782d80ceb9555130e911c1fcf7074153d267,grid-100x100-h3-d1-r1-b0.2,8d19c9785f17d3478014f39bf5866c2cce0659476a9b8f4c05c10e65bf507861,benchmarks/grid/fixed-duration/domain.rddl,benchmarks/grid/fixed-duration/grid-100x100-h3-d1-r1-b0.2.rddl,1,1,ok
100,3,0.2,HILP,11,198.15562499999996,0.144375,0.03986562509089708,160,9,True,d84d099493b973a63d879255d2221c1930d649aa,543f782d80ceb9555130e911c1fcf7074153d267,grid-100x100-h3-d1-r1-b0.2,8d19c9785f17d3478014f39bf5866c2cce0659476a9b8f4c05c10e65bf507861,benchmarks/grid/fixed-duration/domain.rddl,benchmarks/grid/fixed-duration/grid-100x100-h3-d1-r1-b0.2.rddl,1,1,ok
100,3,0.2,HILP,12,198.15562499999996,0.144375,0.061361687956377864,160,9,True,d84d099493b973a63d879255d2221c1930d649aa,543f782d80ceb9555130e911c1fcf7074153d267,grid-100x100-h3-d1-r1-b0.2,8d19c9785f17d3478014f39bf5866c2cce0659476a9b8f4c05c10e65bf507861,benchmarks/grid/fixed-duration/domain.rddl,benchmarks/grid/fixed-duration/grid-100x100-h3-d1-r1-b0.2.rddl,1,1,ok
100,3,0.2,HILP,13,198.15562499999996,0.144375,0.03953447297681123,160,9,True,d84d099493b973a63d879255d2221c1930d649aa,543f782d80ceb9555130e911c1fcf7074153d267,grid-100x100-h3-d1-r1-b0.2,8d19c9785f17d3478014f39bf5866c2cce0659476a9b8f4c05c10e65bf507861,benchmarks/grid/fixed-duration/domain.rddl,benchmarks/grid/fixed-duration/grid-100x100-h3-d1-r1-b0.2.rddl,1,1,ok
100,3,0.2,HILP,14,198.15562499999996,0.144375,0.060855939984321594,160,9,True,d84d099493b973a63d879255d2221c1930d649aa,543f782d80ceb9555130e911c1fcf7074153d267,grid-100x100-h3-d1-r1-b0.2,8d19c9785f17d3478014f39bf5866c2cce0659476a9b8f4c05c10e65bf507861,benchmarks/grid/fixed-duration/domain.rddl,benchmarks/grid/fixed-duration/grid-100x100-h3-d1-r1-b0.2.rddl,1,1,ok
100,3,0.2,HILP,15,198.15562499999996,0.144375,0.03921451501082629,160,9,True,d84d099493b973a63d879255d2221c1930d649aa,543f782d80ceb9555130e911c1fcf7074153d267,grid-100x100-h3-d1-r1-b0.2,8d19c9785f17d3478014f39bf5866c2cce0659476a9b8f4c05c10e65bf507861,benchmarks/grid/fixed-duration/domain.rddl,benchmarks/grid/fixed-duration/grid-100x100-h3-d1-r1-b0.2.rddl,1,1,ok
100,3,0.2,HILP,16,198.15562499999996,0.144375,0.06289543595630676,160,9,True,d84d099493b973a63d879255d2221c1930d649aa,543f782d80ceb9555130e911c1fcf7074153d267,grid-100x100-h3-d1-r1-b0.2,8d19c9785f17d3478014f39bf5866c2cce0659476a9b8f4c05c10e65bf507861,benchmarks/grid/fixed-duration/domain.rddl,benchmarks/grid/fixed-duration/grid-100x100-h3-d1-r1-b0.2.rddl,1,1,ok
100,3,0.2,HILP,17,198.15562499999996,0.144375,0.03928525000810623,160,9,True,d84d099493b973a63d879255d2221c1930d649aa,543f782d80ceb9555130e911c1fcf7074153d267,grid-100x100-h3-d1-r1-b0.2,8d19c9785f17d3478014f39bf5866c2cce0659476a9b8f4c05c10e65bf507861,benchmarks/grid/fixed-duration/domain.rddl,benchmarks/grid/fixed-duration/grid-100x100-h3-d1-r1-b0.2.rddl,1,1,ok
100,3,0.2,HILP,18,198.15562499999996,0.144375,0.061348714982159436,160,9,True,d84d099493b973a63d879255d2221c1930d649aa,543f782d80ceb9555130e911c1fcf7074153d267,grid-100x100-h3-d1-r1-b0.2,8d19c9785f17d3478014f39bf5866c2cce0659476a9b8f4c05c10e65bf507861,benchmarks/grid/fixed-duration/domain.rddl,benchmarks/grid/fixed-duration/grid-100x100-h3-d1-r1-b0.2.rddl,1,1,ok
100,3,0.2,HILP,19,198.15562499999996,0.144375,0.03853099199477583,160,9,True,d84d099493b973a63d879255d2221c1930d649aa,543f782d80ceb9555130e911c1fcf7074153d267,grid-100x100-h3-d1-r1-b0.2,8d19c9785f17d3478014f39bf5866c2cce0659476a9b8f4c05c10e65bf507861,benchmarks/grid/fixed-duration/domain.rddl,benchmarks/grid/fixed-duration/grid-100x100-h3-d1-r1-b0.2.rddl,1,1,ok
100,3,0.2,HILP,20,198.15562499999996,0.144375,0.06329931202344596,160,9,True,d84d099493b973a63d879255d2221c1930d649aa,543f782d80ceb9555130e911c1fcf7074153d267,grid-100x100-h3-d1-r1-b0.2,8d19c9785f17d3478014f39bf5866c2cce0659476a9b8f4c05c10e65bf507861,benchmarks/grid/fixed-duration/domain.rddl,benchmarks/grid/fixed-duration/grid-100x100-h3-d1-r1-b0.2.rddl,1,1,ok
100,3,0.2,HILP,21,198.15562499999996,0.144375,0.04119180701673031,160,9,True,d84d099493b973a63d879255d2221c1930d649aa,543f782d80ceb9555130e911c1fcf7074153d267,grid-100x100-h3-d1-r1-b0.2,8d19c9785f17d3478014f39bf5866c2cce0659476a9b8f4c05c10e65bf507861,benchmarks/grid/fixed-duration/domain.rddl,benchmarks/grid/fixed-duration/grid-100x100-h3-d1-r1-b0.2.rddl,1,1,ok
100,3,0.2,HILP,22,198.15562499999996,0.144375,0.06336833292152733,160,9,True,d84d099493b973a63d879255d2221c1930d649aa,543f782d80ceb9555130e911c1fcf7074153d267,grid-100x100-h3-d1-r1-b0.2,8d19c9785f17d3478014f39bf5866c2cce0659476a9b8f4c05c10e65bf507861,benchmarks/grid/fixed-duration/domain.rddl,benchmarks/grid/fixed-duration/grid-100x100-h3-d1-r1-b0.2.rddl,1,1,ok
100,3,0.2,HILP,23,198.15562499999996,0.144375,0.03931385895702988,160,9,True,d84d099493b973a63d879255d2221c1930d649aa,543f782d80ceb9555130e911c1fcf7074153d267,grid-100x100-h3-d1-r1-b0.2,8d19c9785f17d3478014f39bf5866c2cce0659476a9b8f4c05c10e65bf507861,benchmarks/grid/fixed-duration/domain.rddl,benchmarks/grid/fixed-duration/grid-100x100-h3-d1-r1-b0.2.rddl,1,1,ok
100,3,0.2,HILP,24,198.15562499999996,0.144375,0.06308732298202813,160,9,True,d84d099493b973a63d879255d2221c1930d649aa,543f782d80ceb9555130e911c1fcf7074153d267,grid-100x100-h3-d1-r1-b0.2,8d19c9785f17d3478014f39bf5866c2cce0659476a9b8f4c05c10e65bf507861,benchmarks/grid/fixed-duration/domain.rddl,benchmarks/grid/fixed-duration/grid-100x100-h3-d1-r1-b0.2.rddl,1,1,ok
100,3,0.2,HILP,25,198.15562499999996,0.144375,0.03952542901970446,160,9,True,d84d099493b973a63d879255d2221c1930d649aa,543f782d80ceb9555130e911c1fcf7074153d267,grid-100x100-h3-d1-r1-b0.2,8d19c9785f17d3478014f39bf5866c2cce0659476a9b8f4c05c10e65bf507861,benchmarks/grid/fixed-duration/domain.rddl,benchmarks/grid/fixed-duration/grid-100x100-h3-d1-r1-b0.2.rddl,1,1,ok
100,3,0.3,HILP,1,198.15562499999996,0.144375,0.06264532904606313,172,9,True,d84d099493b973a63d879255d2221c1930d649aa,543f782d80ceb9555130e911c1fcf7074153d267,grid-100x100-h3-d1-r1-b0.3,8d7ff3af4203e00b0d3ca0d34d16dcfd62f3fdea52057e1df95db68d3531deb7,benchmarks/grid/fixed-duration/domain.rddl,benchmarks/grid/fixed-duration/grid-100x100-h3-d1-r1-b0.3.rddl,1,1,ok
100,3,0.3,HILP,2,198.15562499999996,0.144375,0.04176035895943642,172,9,True,d84d099493b973a63d879255d2221c1930d649aa,543f782d80ceb9555130e911c1fcf7074153d267,grid-100x100-h3-d1-r1-b0.3,8d7ff3af4203e00b0d3ca0d34d16dcfd62f3fdea52057e1df95db68d3531deb7,benchmarks/grid/fixed-duration/domain.rddl,benchmarks/grid/fixed-duration/grid-100x100-h3-d1-r1-b0.3.rddl,1,1,ok
100,3,0.3,HILP,3,198.15562499999996,0.144375,0.06882155407220125,172,9,True,d84d099493b973a63d879255d2221c1930d649aa,543f782d80ceb9555130e911c1fcf7074153d267,grid-100x100-h3-d1-r1-b0.3,8d7ff3af4203e00b0d3ca0d34d16dcfd62f3fdea52057e1df95db68d3531deb7,benchmarks/grid/fixed-duration/domain.rddl,benchmarks/grid/fixed-duration/grid-100x100-h3-d1-r1-b0.3.rddl,1,1,ok
100,3,0.3,HILP,4,198.15562499999996,0.144375,0.045303513994440436,172,9,True,d84d099493b973a63d879255d2221c1930d649aa,543f782d80ceb9555130e911c1fcf7074153d267,grid-100x100-h3-d1-r1-b0.3,8d7ff3af4203e00b0d3ca0d34d16dcfd62f3fdea52057e1df95db68d3531deb7,benchmarks/grid/fixed-duration/domain.rddl,benchmarks/grid/fixed-duration/grid-100x100-h3-d1-r1-b0.3.rddl,1,1,ok
100,3,0.3,HILP,5,198.15562499999996,0.144375,0.06796330097131431,172,9,True,d84d099493b973a63d879255d2221c1930d649aa,543f782d80ceb9555130e911c1fcf7074153d267,grid-100x100-h3-d1-r1-b0.3,8d7ff3af4203e00b0d3ca0d34d16dcfd62f3fdea52057e1df95db68d3531deb7,benchmarks/grid/fixed-duration/domain.rddl,benchmarks/grid/fixed-duration/grid-100x100-h3-d1-r1-b0.3.rddl,1,1,ok
100,3,0.3,HILP,6,198.15562499999996,0.144375,0.03949760796967894,172,9,True,d84d099493b973a63d879255d2221c1930d649aa,543f782d80ceb9555130e911c1fcf7074153d267,grid-100x100-h3-d1-r1-b0.3,8d7ff3af4203e00b0d3ca0d34d16dcfd62f3fdea52057e1df95db68d3531deb7,benchmarks/grid/fixed-duration/domain.rddl,benchmarks/grid/fixed-duration/grid-100x100-h3-d1-r1-b0.3.rddl,1,1,ok
100,3,0.3,HILP,7,198.15562499999996,0.144375,0.06895340397022665,172,9,True,d84d099493b973a63d879255d2221c1930d649aa,543f782d80ceb9555130e911c1fcf7074153d267,grid-100x100-h3-d1-r1-b0.3,8d7ff3af4203e00b0d3ca0d34d16dcfd62f3fdea52057e1df95db68d3531deb7,benchmarks/grid/fixed-duration/domain.rddl,benchmarks/grid/fixed-duration/grid-100x100-h3-d1-r1-b0.3.rddl,1,1,ok
100,3,0.3,HILP,8,198.15562499999996,0.144375,0.046141742961481214,172,9,True,d84d099493b973a63d879255d2221c1930d649aa,543f782d80ceb9555130e911c1fcf7074153d267,grid-100x100-h3-d1-r1-b0.3,8d7ff3af4203e00b0d3ca0d34d16dcfd62f3fdea52057e1df95db68d3531deb7,benchmarks/grid/fixed-duration/domain.rddl,benchmarks/grid/fixed-duration/grid-100x100-h3-d1-r1-b0.3.rddl,1,1,ok
100,3,0.3,HILP,9,198.15562499999996,0.144375,0.06360543600749224,172,9,True,d84d099493b973a63d879255d2221c1930d649aa,543f782d80ceb9555130e911c1fcf7074153d267,grid-100x100-h3-d1-r1-b0.3,8d7ff3af4203e00b0d3ca0d34d16dcfd62f3fdea52057e1df95db68d3531deb7,benchmarks/grid/fixed-duration/domain.rddl,benchmarks/grid/fixed-duration/grid-100x100-h3-d1-r1-b0.3.rddl,1,1,ok
100,3,0.3,HILP,10,198.15562499999996,0.144375,0.05149772309232503,172,9,True,d84d099493b973a63d879255d2221c1930d649aa,543f782d80ceb9555130e911c1fcf7074153d267,grid-100x100-h3-d1-r1-b0.3,8d7ff3af4203e00b0d3ca0d34d16dcfd62f3fdea52057e1df95db68d3531deb7,benchmarks/grid/fixed-duration/domain.rddl,benchmarks/grid/fixed-duration/grid-100x100-h3-d1-r1-b0.3.rddl,1,1,ok
100,3,0.3,HILP,11,198.15562499999996,0.144375,0.04186037997715175,172,9,True,d84d099493b973a63d879255d2221c1930d649aa,543f782d80ceb9555130e911c1fcf7074153d267,grid-100x100-h3-d1-r1-b0.3,8d7ff3af4203e00b0d3ca0d34d16dcfd62f3fdea52057e1df95db68d3531deb7,benchmarks/grid/fixed-duration/domain.rddl,benchmarks/grid/fixed-duration/grid-100x100-h3-d1-r1-b0.3.rddl,1,1,ok
100,3,0.3,HILP,12,198.15562499999996,0.144375,0.039675711072050035,172,9,True,d84d099493b973a63d879255d2221c1930d649aa,543f782d80ceb9555130e911c1fcf7074153d267,grid-100x100-h3-d1-r1-b0.3,8d7ff3af4203e00b0d3ca0d34d16dcfd62f3fdea52057e1df95db68d3531deb7,benchmarks/grid/fixed-duration/domain.rddl,benchmarks/grid/fixed-duration/grid-100x100-h3-d1-r1-b0.3.rddl,1,1,ok
100,3,0.3,HILP,13,198.15562499999996,0.144375,0.041566100087948143,172,9,True,d84d099493b973a63d879255d2221c1930d649aa,543f782d80ceb9555130e911c1fcf7074153d267,grid-100x100-h3-d1-r1-b0.3,8d7ff3af4203e00b0d3ca0d34d16dcfd62f3fdea52057e1df95db68d3531deb7,benchmarks/grid/fixed-duration/domain.rddl,benchmarks/grid/fixed-duration/grid-100x100-h3-d1-r1-b0.3.rddl,1,1,ok
100,3,0.3,HILP,14,198.15562499999996,0.144375,0.0428199510788545,172,9,True,d84d099493b973a63d879255d2221c1930d649aa,543f782d80ceb9555130e911c1fcf7074153d267,grid-100x100-h3-d1-r1-b0.3,8d7ff3af4203e00b0d3ca0d34d16dcfd62f3fdea52057e1df95db68d3531deb7,benchmarks/grid/fixed-duration/domain.rddl,benchmarks/grid/fixed-duration/grid-100x100-h3-d1-r1-b0.3.rddl,1,1,ok
100,3,0.3,HILP,15,198.15562499999996,0.144375,0.04079906607512385,172,9,True,d84d099493b973a63d879255d2221c1930d649aa,543f782d80ceb9555130e911c1fcf7074153d267,grid-100x100-h3-d1-r1-b0.3,8d7ff3af4203e00b0d3ca0d34d16dcfd62f3fdea52057e1df95db68d3531deb7,benchmarks/grid/fixed-duration/domain.rddl,benchmarks/grid/fixed-duration/grid-100x100-h3-d1-r1-b0.3.rddl,1,1,ok
100,3,0.3,HILP,16,198.15562499999996,0.144375,0.04002556193154305,172,9,True,d84d099493b973a63d879255d2221c1930d649aa,543f782d80ceb9555130e911c1fcf7074153d267,grid-100x100-h3-d1-r1-b0.3,8d7ff3af4203e00b0d3ca0d34d16dcfd62f3fdea52057e1df95db68d3531deb7,benchmarks/grid/fixed-duration/domain.rddl,benchmarks/grid/fixed-duration/grid-100x100-h3-d1-r1-b0.3.rddl,1,1,ok
100,3,0.3,HILP,17,198.15562499999996,0.144375,0.041951074032112956,172,9,True,d84d099493b973a63d879255d2221c1930d649aa,543f782d80ceb9555130e911c1fcf7074153d267,grid-100x100-h3-d1-r1-b0.3,8d7ff3af4203e00b0d3ca0d34d16dcfd62f3fdea52057e1df95db68d3531deb7,benchmarks/grid/fixed-duration/domain.rddl,benchmarks/grid/fixed-duration/grid-100x100-h3-d1-r1-b0.3.rddl,1,1,ok
100,3,0.3,HILP,18,198.15562499999996,0.144375,0.03880408394616097,172,9,True,d84d099493b973a63d879255d2221c1930d649aa,543f782d80ceb9555130e911c1fcf7074153d267,grid-100x100-h3-d1-r1-b0.3,8d7ff3af4203e00b0d3ca0d34d16dcfd62f3fdea52057e1df95db68d3531deb7,benchmarks/grid/fixed-duration/domain.rddl,benchmarks/grid/fixed-duration/grid-100x100-h3-d1-r1-b0.3.rddl,1,1,ok
100,3,0.3,HILP,19,198.15562499999996,0.144375,0.04315425700042397,172,9,True,d84d099493b973a63d879255d2221c1930d649aa,543f782d80ceb9555130e911c1fcf7074153d267,grid-100x100-h3-d1-r1-b0.3,8d7ff3af4203e00b0d3ca0d34d16dcfd62f3fdea52057e1df95db68d3531deb7,benchmarks/grid/fixed-duration/domain.rddl,benchmarks/grid/fixed-duration/grid-100x100-h3-d1-r1-b0.3.rddl,1,1,ok
100,3,0.3,HILP,20,198.15562499999996,0.144375,0.04233820899389684,172,9,True,d84d099493b973a63d879255d2221c1930d649aa,543f782d80ceb9555130e911c1fcf7074153d267,grid-100x100-h3-d1-r1-b0.3,8d7ff3af4203e00b0d3ca0d34d16dcfd62f3fdea52057e1df95db68d3531deb7,benchmarks/grid/fixed-duration/domain.rddl,benchmarks/grid/fixed-duration/grid-100x100-h3-d1-r1-b0.3.rddl,1,1,ok
100,3,0.3,HILP,21,198.15562499999996,0.144375,0.041541822953149676,172,9,True,d84d099493b973a63d879255d2221c1930d649aa,543f782d80ceb9555130e911c1fcf7074153d267,grid-100x100-h3-d1-r1-b0.3,8d7ff3af4203e00b0d3ca0d34d16dcfd62f3fdea52057e1df95db68d3531deb7,benchmarks/grid/fixed-duration/domain.rddl,benchmarks/grid/fixed-duration/grid-100x100-h3-d1-r1-b0.3.rddl,1,1,ok
100,3,0.3,HILP,22,198.15562499999996,0.144375,0.05058334500063211,172,9,True,d84d099493b973a63d879255d2221c1930d649aa,543f782d80ceb9555130e911c1fcf7074153d267,grid-100x100-h3-d1-r1-b0.3,8d7ff3af4203e00b0d3ca0d34d16dcfd62f3fdea52057e1df95db68d3531deb7,benchmarks/grid/fixed-duration/domain.rddl,benchmarks/grid/fixed-duration/grid-100x100-h3-d1-r1-b0.3.rddl,1,1,ok
100,3,0.3,HILP,23,198.15562499999996,0.144375,0.03973549301736057,172,9,True,d84d099493b973a63d879255d2221c1930d649aa,543f782d80ceb9555130e911c1fcf7074153d267,grid-100x100-h3-d1-r1-b0.3,8d7ff3af4203e00b0d3ca0d34d16dcfd62f3fdea52057e1df95db68d3531deb7,benchmarks/grid/fixed-duration/domain.rddl,benchmarks/grid/fixed-duration/grid-100x100-h3-d1-r1-b0.3.rddl,1,1,ok
100,3,0.3,HILP,24,198.15562499999996,0.144375,0.03984050499275327,172,9,True,d84d099493b973a63d879255d2221c1930d649aa,543f782d80ceb9555130e911c1fcf7074153d267,grid-100x100-h3-d1-r1-b0.3,8d7ff3af4203e00b0d3ca0d34d16dcfd62f3fdea52057e1df95db68d3531deb7,benchmarks/grid/fixed-duration/domain.rddl,benchmarks/grid/fixed-duration/grid-100x100-h3-d1-r1-b0.3.rddl,1,1,ok
100,3,0.3,HILP,25,198.15562499999996,0.144375,0.04080291499849409,172,9,True,d84d099493b973a63d879255d2221c1930d649aa,543f782d80ceb9555130e911c1fcf7074153d267,grid-100x100-h3-d1-r1-b0.3,8d7ff3af4203e00b0d3ca0d34d16dcfd62f3fdea52057e1df95db68d3531deb7,benchmarks/grid/fixed-duration/domain.rddl,benchmarks/grid/fixed-duration/grid-100x100-h3-d1-r1-b0.3.rddl,1,1,ok
100,4,0.1,HILP,1,199.67981026367187,0.09923649803466798,0.281654643942602,1084,22,True,d84d099493b973a63d879255d2221c1930d649aa,543f782d80ceb9555130e911c1fcf7074153d267,grid-100x100-h4-d1-r1-b0.1,68837195a7e209a526f0309429f8f6fb6b7812825ed3cba775dcdaa08b3aa067,benchmarks/grid/fixed-duration/domain.rddl,benchmarks/grid/fixed-duration/grid-100x100-h4-d1-r1-b0.1.rddl,1,1,ok
100,4,0.1,HILP,2,199.67981026367187,0.09923649803466798,0.2959014580119401,1084,22,True,d84d099493b973a63d879255d2221c1930d649aa,543f782d80ceb9555130e911c1fcf7074153d267,grid-100x100-h4-d1-r1-b0.1,68837195a7e209a526f0309429f8f6fb6b7812825ed3cba775dcdaa08b3aa067,benchmarks/grid/fixed-duration/domain.rddl,benchmarks/grid/fixed-duration/grid-100x100-h4-d1-r1-b0.1.rddl,1,1,ok
100,4,0.1,HILP,3,199.67981026367187,0.09923649803466798,0.26882369501981884,1084,22,True,d84d099493b973a63d879255d2221c1930d649aa,543f782d80ceb9555130e911c1fcf7074153d267,grid-100x100-h4-d1-r1-b0.1,68837195a7e209a526f0309429f8f6fb6b7812825ed3cba775dcdaa08b3aa067,benchmarks/grid/fixed-duration/domain.rddl,benchmarks/grid/fixed-duration/grid-100x100-h4-d1-r1-b0.1.rddl,1,1,ok
100,4,0.1,HILP,4,199.67981026367187,0.09923649803466798,0.2491338369436562,1084,22,True,d84d099493b973a63d879255d2221c1930d649aa,543f782d80ceb9555130e911c1fcf7074153d267,grid-100x100-h4-d1-r1-b0.1,68837195a7e209a526f0309429f8f6fb6b7812825ed3cba775dcdaa08b3aa067,benchmarks/grid/fixed-duration/domain.rddl,benchmarks/grid/fixed-duration/grid-100x100-h4-d1-r1-b0.1.rddl,1,1,ok
100,4,0.1,HILP,5,199.67981026367187,0.09923649803466798,0.28876760392449796,1084,22,True,d84d099493b973a63d879255d2221c1930d649aa,543f782d80ceb9555130e911c1fcf7074153d267,grid-100x100-h4-d1-r1-b0.1,68837195a7e209a526f0309429f8f6fb6b7812825ed3cba775dcdaa08b3aa067,benchmarks/grid/fixed-duration/domain.rddl,benchmarks/grid/fixed-duration/grid-100x100-h4-d1-r1-b0.1.rddl,1,1,ok
100,4,0.1,HILP,6,199.67981026367187,0.09923649803466798,0.27559590397868305,1084,22,True,d84d099493b973a63d879255d2221c1930d649aa,543f782d80ceb9555130e911c1fcf7074153d267,grid-100x100-h4-d1-r1-b0.1,68837195a7e209a526f0309429f8f6fb6b7812825ed3cba775dcdaa08b3aa067,benchmarks/grid/fixed-duration/domain.rddl,benchmarks/grid/fixed-duration/grid-100x100-h4-d1-r1-b0.1.rddl,1,1,ok
100,4,0.1,HILP,7,199.67981026367187,0.09923649803466798,0.25847869901917875,1084,22,True,d84d099493b973a63d879255d2221c1930d649aa,543f782d80ceb9555130e911c1fcf7074153d267,grid-100x100-h4-d1-r1-b0.1,68837195a7e209a526f0309429f8f6fb6b7812825ed3cba775dcdaa08b3aa067,benchmarks/grid/fixed-duration/domain.rddl,benchmarks/grid/fixed-duration/grid-100x100-h4-d1-r1-b0.1.rddl,1,1,ok
100,4,0.1,HILP,8,199.67981026367187,0.09923649803466798,0.26052960206288844,1084,22,True,d84d099493b973a63d879255d2221c1930d649aa,543f782d80ceb9555130e911c1fcf7074153d267,grid-100x100-h4-d1-r1-b0.1,68837195a7e209a526f0309429f8f6fb6b7812825ed3cba775dcdaa08b3aa067,benchmarks/grid/fixed-duration/domain.rddl,benchmarks/grid/fixed-duration/grid-100x100-h4-d1-r1-b0.1.rddl,1,1,ok
100,4,0.1,HILP,9,199.67981026367187,0.09923649803466798,0.28146032500080764,1084,22,True,d84d099493b973a63d879255d2221c1930d649aa,543f782d80ceb9555130e911c1fcf7074153d267,grid-100x100-h4-d1-r1-b0.1,68837195a7e209a526f0309429f8f6fb6b7812825ed3cba775dcdaa08b3aa067,benchmarks/grid/fixed-duration/domain.rddl,benchmarks/grid/fixed-duration/grid-100x100-h4-d1-r1-b0.1.rddl,1,1,ok
100,4,0.1,HILP,10,199.67981026367187,0.09923649803466798,0.27853893395513296,1084,22,True,d84d099493b973a63d879255d2221c1930d649aa,543f782d80ceb9555130e911c1fcf7074153d267,grid-100x100-h4-d1-r1-b0.1,68837195a7e209a526f0309429f8f6fb6b7812825ed3cba775dcdaa08b3aa067,benchmarks/grid/fixed-duration/domain.rddl,benchmarks/grid/fixed-duration/grid-100x100-h4-d1-r1-b0.1.rddl,1,1,ok
100,4,0.1,HILP,11,199.67981026367187,0.09923649803466798,0.24689320207107812,1084,22,True,d84d099493b973a63d879255d2221c1930d649aa,543f782d80ceb9555130e911c1fcf7074153d267,grid-100x100-h4-d1-r1-b0.1,68837195a7e209a526f0309429f8f6fb6b7812825ed3cba775dcdaa08b3aa067,benchmarks/grid/fixed-duration/domain.rddl,benchmarks/grid/fixed-duration/grid-100x100-h4-d1-r1-b0.1.rddl,1,1,ok
100,4,0.1,HILP,12,199.67981026367187,0.09923649803466798,0.27262656297534704,1084,22,True,d84d099493b973a63d879255d2221c1930d649aa,543f782d80ceb9555130e911c1fcf7074153d267,grid-100x100-h4-d1-r1-b0.1,68837195a7e209a526f0309429f8f6fb6b7812825ed3cba775dcdaa08b3aa067,benchmarks/grid/fixed-duration/domain.rddl,benchmarks/grid/fixed-duration/grid-100x100-h4-d1-r1-b0.1.rddl,1,1,ok
100,4,0.1,HILP,13,199.67981026367187,0.09923649803466798,0.2522014830028638,1084,22,True,d84d099493b973a63d879255d2221c1930d649aa,543f782d80ceb9555130e911c1fcf7074153d267,grid-100x100-h4-d1-r1-b0.1,68837195a7e209a526f0309429f8f6fb6b7812825ed3cba775dcdaa08b3aa067,benchmarks/grid/fixed-duration/domain.rddl,benchmarks/grid/fixed-duration/grid-100x100-h4-d1-r1-b0.1.rddl,1,1,ok
100,4,0.1,HILP,14,199.67981026367187,0.09923649803466798,0.2572974379872903,1084,22,True,d84d099493b973a63d879255d2221c1930d649aa,543f782d80ceb9555130e911c1fcf7074153d267,grid-100x100-h4-d1-r1-b0.1,68837195a7e209a526f0309429f8f6fb6b7812825ed3cba775dcdaa08b3aa067,benchmarks/grid/fixed-duration/domain.rddl,benchmarks/grid/fixed-duration/grid-100x100-h4-d1-r1-b0.1.rddl,1,1,ok
100,4,0.1,HILP,15,199.67981026367187,0.09923649803466798,0.3053447160637006,1084,22,True,d84d099493b973a63d879255d2221c1930d649aa,543f782d80ceb9555130e911c1fcf7074153d267,grid-100x100-h4-d1-r1-b0.1,68837195a7e209a526f0309429f8f6fb6b7812825ed3cba775dcdaa08b3aa067,benchmarks/grid/fixed-duration/domain.rddl,benchmarks/grid/fixed-duration/grid-100x100-h4-d1-r1-b0.1.rddl,1,1,ok
100,4,0.1,HILP,16,199.67981026367187,0.09923649803466798,0.3076646800618619,1084,22,True,d84d099493b973a63d879255d2221c1930d649aa,543f782d80ceb9555130e911c1fcf7074153d267,grid-100x100-h4-d1-r1-b0.1,68837195a7e209a526f0309429f8f6fb6b7812825ed3cba775dcdaa08b3aa067,benchmarks/grid/fixed-duration/domain.rddl,benchmarks/grid/fixed-duration/grid-100x100-h4-d1-r1-b0.1.rddl,1,1,ok
100,4,0.1,HILP,17,199.67981026367187,0.09923649803466798,0.2810473790159449,1084,22,True,d84d099493b973a63d879255d2221c1930d649aa,543f782d80ceb9555130e911c1fcf7074153d267,grid-100x100-h4-d1-r1-b0.1,68837195a7e209a526f0309429f8f6fb6b7812825ed3cba775dcdaa08b3aa067,benchmarks/grid/fixed-duration/domain.rddl,benchmarks/grid/fixed-duration/grid-100x100-h4-d1-r1-b0.1.rddl,1,1,ok
100,4,0.1,HILP,18,199.67981026367187,0.09923649803466798,0.25903567194473,1084,22,True,d84d099493b973a63d879255d2221c1930d649aa,543f782d80ceb9555130e911c1fcf7074153d267,grid-100x100-h4-d1-r1-b0.1,68837195a7e209a526f0309429f8f6fb6b7812825ed3cba775dcdaa08b3aa067,benchmarks/grid/fixed-duration/domain.rddl,benchmarks/grid/fixed-duration/grid-100x100-h4-d1-r1-b0.1.rddl,1,1,ok
100,4,0.1,HILP,19,199.67981026367187,0.09923649803466798,0.2487418190576136,1084,22,True,d84d099493b973a63d879255d2221c1930d649aa,543f782d80ceb9555130e911c1fcf7074153d267,grid-100x100-h4-d1-r1-b0.1,68837195a7e209a526f0309429f8f6fb6b7812825ed3cba775dcdaa08b3aa067,benchmarks/grid/fixed-duration/domain.rddl,benchmarks/grid/fixed-duration/grid-100x100-h4-d1-r1-b0.1.rddl,1,1,ok
100,4,0.1,HILP,20,199.67981026367187,0.09923649803466798,0.2517780519556254,1084,22,True,d84d099493b973a63d879255d2221c1930d649aa,543f782d80ceb9555130e911c1fcf7074153d267,grid-100x100-h4-d1-r1-b0.1,68837195a7e209a526f0309429f8f6fb6b7812825ed3cba775dcdaa08b3aa067,benchmarks/grid/fixed-duration/domain.rddl,benchmarks/grid/fixed-duration/grid-100x100-h4-d1-r1-b0.1.rddl,1,1,ok
100,4,0.1,HILP,21,199.67981026367187,0.09923649803466798,0.29940826003439724,1084,22,True,d84d099493b973a63d879255d2221c1930d649aa,543f782d80ceb9555130e911c1fcf7074153d267,grid-100x100-h4-d1-r1-b0.1,68837195a7e209a526f0309429f8f6fb6b7812825ed3cba775dcdaa08b3aa067,benchmarks/grid/fixed-duration/domain.rddl,benchmarks/grid/fixed-duration/grid-100x100-h4-d1-r1-b0.1.rddl,1,1,ok
100,4,0.1,HILP,22,199.67981026367187,0.09923649803466798,0.2511632249224931,1084,22,True,d84d099493b973a63d879255d2221c1930d649aa,543f782d80ceb9555130e911c1fcf7074153d267,grid-100x100-h4-d1-r1-b0.1,68837195a7e209a526f0309429f8f6fb6b7812825ed3cba775dcdaa08b3aa067,benchmarks/grid/fixed-duration/domain.rddl,benchmarks/grid/fixed-duration/grid-100x100-h4-d1-r1-b0.1.rddl,1,1,ok
100,4,0.1,HILP,23,199.67981026367187,0.09923649803466798,0.26795703591778874,1084,22,True,d84d099493b973a63d879255d2221c1930d649aa,543f782d80ceb9555130e911c1fcf7074153d267,grid-100x100-h4-d1-r1-b0.1,68837195a7e209a526f0309429f8f6fb6b7812825ed3cba775dcdaa08b3aa067,benchmarks/grid/fixed-duration/domain.rddl,benchmarks/grid/fixed-duration/grid-100x100-h4-d1-r1-b0.1.rddl,1,1,ok
100,4,0.1,HILP,24,199.67981026367187,0.09923649803466798,0.2765438010683283,1084,22,True,d84d099493b973a63d879255d2221c1930d649aa,543f782d80ceb9555130e911c1fcf7074153d267,grid-100x100-h4-d1-r1-b0.1,68837195a7e209a526f0309429f8f6fb6b7812825ed3cba775dcdaa08b3aa067,benchmarks/grid/fixed-duration/domain.rddl,benchmarks/grid/fixed-duration/grid-100x100-h4-d1-r1-b0.1.rddl,1,1,ok
100,4,0.1,HILP,25,199.67981026367187,0.09923649803466798,0.2736334400251508,1084,22,True,d84d099493b973a63d879255d2221c1930d649aa,543f782d80ceb9555130e911c1fcf7074153d267,grid-100x100-h4-d1-r1-b0.1,68837195a7e209a526f0309429f8f6fb6b7812825ed3cba775dcdaa08b3aa067,benchmarks/grid/fixed-duration/domain.rddl,benchmarks/grid/fixed-duration/grid-100x100-h4-d1-r1-b0.1.rddl,1,1,ok
100,4,0.2,HILP,1,198.24103125,0.15480147923583987,0.11137789604254067,592,13,True,d84d099493b973a63d879255d2221c1930d649aa,543f782d80ceb9555130e911c1fcf7074153d267,grid-100x100-h4-d1-r1-b0.2,a9784bbc6f85d2536d4912ddf3728addd97302a51e84e033320ec787d5b114b7,benchmarks/grid/fixed-duration/domain.rddl,benchmarks/grid/fixed-duration/grid-100x100-h4-d1-r1-b0.2.rddl,1,1,ok
100,4,0.2,HILP,2,198.24103125,0.15480147923583987,0.11508979205973446,592,13,True,d84d099493b973a63d879255d2221c1930d649aa,543f782d80ceb9555130e911c1fcf7074153d267,grid-100x100-h4-d1-r1-b0.2,a9784bbc6f85d2536d4912ddf3728addd97302a51e84e033320ec787d5b114b7,benchmarks/grid/fixed-duration/domain.rddl,benchmarks/grid/fixed-duration/grid-100x100-h4-d1-r1-b0.2.rddl,1,1,ok
100,4,0.2,HILP,3,198.24103125,0.15480147923583987,0.1443431810475886,592,13,True,d84d099493b973a63d879255d2221c1930d649aa,543f782d80ceb9555130e911c1fcf7074153d267,grid-100x100-h4-d1-r1-b0.2,a9784bbc6f85d2536d4912ddf3728addd97302a51e84e033320ec787d5b114b7,benchmarks/grid/fixed-duration/domain.rddl,benchmarks/grid/fixed-duration/grid-100x100-h4-d1-r1-b0.2.rddl,1,1,ok
100,4,0.2,HILP,4,198.24103125,0.15480147923583987,0.12428657105192542,592,13,True,d84d099493b973a63d879255d2221c1930d649aa,543f782d80ceb9555130e911c1fcf7074153d267,grid-100x100-h4-d1-r1-b0.2,a9784bbc6f85d2536d4912ddf3728addd97302a51e84e033320ec787d5b114b7,benchmarks/grid/fixed-duration/domain.rddl,benchmarks/grid/fixed-duration/grid-100x100-h4-d1-r1-b0.2.rddl,1,1,ok
100,4,0.2,HILP,5,198.24103125,0.15480147923583987,0.1156166159780696,592,13,True,d84d099493b973a63d879255d2221c1930d649aa,543f782d80ceb9555130e911c1fcf7074153d267,grid-100x100-h4-d1-r1-b0.2,a9784bbc6f85d2536d4912ddf3728addd97302a51e84e033320ec787d5b114b7,benchmarks/grid/fixed-duration/domain.rddl,benchmarks/grid/fixed-duration/grid-100x100-h4-d1-r1-b0.2.rddl,1,1,ok
100,4,0.2,HILP,6,198.24103125,0.15480147923583987,0.11725115310400724,592,13,True,d84d099493b973a63d879255d2221c1930d649aa,543f782d80ceb9555130e911c1fcf7074153d267,grid-100x100-h4-d1-r1-b0.2,a9784bbc6f85d2536d4912ddf3728addd97302a51e84e033320ec787d5b114b7,benchmarks/grid/fixed-duration/domain.rddl,benchmarks/grid/fixed-duration/grid-100x100-h4-d1-r1-b0.2.rddl,1,1,ok
100,4,0.2,HILP,7,198.24103125,0.15480147923583987,0.1409673070302233,592,13,True,d84d099493b973a63d879255d2221c1930d649aa,543f782d80ceb9555130e911c1fcf7074153d267,grid-100x100-h4-d1-r1-b0.2,a9784bbc6f85d2536d4912ddf3728addd97302a51e84e033320ec787d5b114b7,benchmarks/grid/fixed-duration/domain.rddl,benchmarks/grid/fixed-duration/grid-100x100-h4-d1-r1-b0.2.rddl,1,1,ok
100,4,0.2,HILP,8,198.24103125,0.15480147923583987,0.11592783604282886,592,13,True,d84d099493b973a63d879255d2221c1930d649aa,543f782d80ceb9555130e911c1fcf7074153d267,grid-100x100-h4-d1-r1-b0.2,a9784bbc6f85d2536d4912ddf3728addd97302a51e84e033320ec787d5b114b7,benchmarks/grid/fixed-duration/domain.rddl,benchmarks/grid/fixed-duration/grid-100x100-h4-d1-r1-b0.2.rddl,1,1,ok
100,4,0.2,HILP,9,198.24103125,0.15480147923583987,0.12486900307703763,592,13,True,d84d099493b973a63d879255d2221c1930d649aa,543f782d80ceb9555130e911c1fcf7074153d267,grid-100x100-h4-d1-r1-b0.2,a9784bbc6f85d2536d4912ddf3728addd97302a51e84e033320ec787d5b114b7,benchmarks/grid/fixed-duration/domain.rddl,benchmarks/grid/fixed-duration/grid-100x100-h4-d1-r1-b0.2.rddl,1,1,ok
100,4,0.2,HILP,10,198.24103125,0.15480147923583987,0.12985222903080285,592,13,True,d84d099493b973a63d879255d2221c1930d649aa,543f782d80ceb9555130e911c1fcf7074153d267,grid-100x100-h4-d1-r1-b0.2,a9784bbc6f85d2536d4912ddf3728addd97302a51e84e033320ec787d5b114b7,benchmarks/grid/fixed-duration/domain.rddl,benchmarks/grid/fixed-duration/grid-100x100-h4-d1-r1-b0.2.rddl,1,1,ok
100,4,0.2,HILP,11,198.24103125,0.15480147923583987,0.14368932601064444,592,13,True,d84d099493b973a63d879255d2221c1930d649aa,543f782d80ceb9555130e911c1fcf7074153d267,grid-100x100-h4-d1-r1-b0.2,a9784bbc6f85d2536d4912ddf3728addd97302a51e84e033320ec787d5b114b7,benchmarks/grid/fixed-duration/domain.rddl,benchmarks/grid/fixed-duration/grid-100x100-h4-d1-r1-b0.2.rddl,1,1,ok
100,4,0.2,HILP,12,198.24103125,0.15480147923583987,0.11363643303047866,592,13,True,d84d099493b973a63d879255d2221c1930d649aa,543f782d80ceb9555130e911c1fcf7074153d267,grid-100x100-h4-d1-r1-b0.2,a9784bbc6f85d2536d4912ddf3728addd97302a51e84e033320ec787d5b114b7,benchmarks/grid/fixed-duration/domain.rddl,benchmarks/grid/fixed-duration/grid-100x100-h4-d1-r1-b0.2.rddl,1,1,ok
100,4,0.2,HILP,13,198.24103125,0.15480147923583987,0.11288602103013545,592,13,True,d84d099493b973a63d879255d2221c1930d649aa,543f782d80ceb9555130e911c1fcf7074153d267,grid-100x100-h4-d1-r1-b0.2,a9784bbc6f85d2536d4912ddf3728addd97302a51e84e033320ec787d5b114b7,benchmarks/grid/fixed-duration/domain.rddl,benchmarks/grid/fixed-duration/grid-100x100-h4-d1-r1-b0.2.rddl,1,1,ok
100,4,0.2,HILP,14,198.24103125,0.15480147923583987,0.11982132098637521,592,13,True,d84d099493b973a63d879255d2221c1930d649aa,543f782d80ceb9555130e911c1fcf7074153d267,grid-100x100-h4-d1-r1-b0.2,a9784bbc6f85d2536d4912ddf3728addd97302a51e84e033320ec787d5b114b7,benchmarks/grid/fixed-duration/domain.rddl,benchmarks/grid/fixed-duration/grid-100x100-h4-d1-r1-b0.2.rddl,1,1,ok
100,4,0.2,HILP,15,198.24103125,0.15480147923583987,0.1397343409480527,592,13,True,d84d099493b973a63d879255d2221c1930d649aa,543f782d80ceb9555130e911c1fcf7074153d267,grid-100x100-h4-d1-r1-b0.2,a9784bbc6f85d2536d4912ddf3728addd97302a51e84e033320ec787d5b114b7,benchmarks/grid/fixed-duration/domain.rddl,benchmarks/grid/fixed-duration/grid-100x100-h4-d1-r1-b0.2.rddl,1,1,ok
100,4,0.2,HILP,16,198.24103125,0.15480147923583987,0.15654228103812784,592,13,True,d84d099493b973a63d879255d2221c1930d649aa,543f782d80ceb9555130e911c1fcf7074153d267,grid-100x100-h4-d1-r1-b0.2,a9784bbc6f85d2536d4912ddf3728addd97302a51e84e033320ec787d5b114b7,benchmarks/grid/fixed-duration/domain.rddl,benchmarks/grid/fixed-duration/grid-100x100-h4-d1-r1-b0.2.rddl,1,1,ok
100,4,0.2,HILP,17,198.24103125,0.15480147923583987,0.13702676491811872,592,13,True,d84d099493b973a63d879255d2221c1930d649aa,543f782d80ceb9555130e911c1fcf7074153d267,grid-100x100-h4-d1-r1-b0.2,a9784bbc6f85d2536d4912ddf3728addd97302a51e84e033320ec787d5b114b7,benchmarks/grid/fixed-duration/domain.rddl,benchmarks/grid/fixed-duration/grid-100x100-h4-d1-r1-b0.2.rddl,1,1,ok
100,4,0.2,HILP,18,198.24103125,0.15480147923583987,0.11667657806538045,592,13,True,d84d099493b973a63d879255d2221c1930d649aa,543f782d80ceb9555130e911c1fcf7074153d267,grid-100x100-h4-d1-r1-b0.2,a9784bbc6f85d2536d4912ddf3728addd97302a51e84e033320ec787d5b114b7,benchmarks/grid/fixed-duration/domain.rddl,benchmarks/grid/fixed-duration/grid-100x100-h4-d1-r1-b0.2.rddl,1,1,ok
100,4,0.2,HILP,19,198.24103125,0.15480147923583987,0.13484370207879692,592,13,True,d84d099493b973a63d879255d2221c1930d649aa,543f782d80ceb9555130e911c1fcf7074153d267,grid-100x100-h4-d1-r1-b0.2,a9784bbc6f85d2536d4912ddf3728addd97302a51e84e033320ec787d5b114b7,benchmarks/grid/fixed-duration/domain.rddl,benchmarks/grid/fixed-duration/grid-100x100-h4-d1-r1-b0.2.rddl,1,1,ok
100,4,0.2,HILP,20,198.24103125,0.15480147923583987,0.11035438301041722,592,13,True,d84d099493b973a63d879255d2221c1930d649aa,543f782d80ceb9555130e911c1fcf7074153d267,grid-100x100-h4-d1-r1-b0.2,a9784bbc6f85d2536d4912ddf3728addd97302a51e84e033320ec787d5b114b7,benchmarks/grid/fixed-duration/domain.rddl,benchmarks/grid/fixed-duration/grid-100x100-h4-d1-r1-b0.2.rddl,1,1,ok
100,4,0.2,HILP,21,198.24103125,0.15480147923583987,0.12422353297006339,592,13,True,d84d099493b973a63d879255d2221c1930d649aa,543f782d80ceb9555130e911c1fcf7074153d267,grid-100x100-h4-d1-r1-b0.2,a9784bbc6f85d2536d4912ddf3728addd97302a51e84e033320ec787d5b114b7,benchmarks/grid/fixed-duration/domain.rddl,benchmarks/grid/fixed-duration/grid-100x100-h4-d1-r1-b0.2.rddl,1,1,ok
100,4,0.2,HILP,22,198.24103125,0.15480147923583987,0.1150872630532831,592,13,True,d84d099493b973a63d879255d2221c1930d649aa,543f782d80ceb9555130e911c1fcf7074153d267,grid-100x100-h4-d1-r1-b0.2,a9784bbc6f85d2536d4912ddf3728addd97302a51e84e033320ec787d5b114b7,benchmarks/grid/fixed-duration/domain.rddl,benchmarks/grid/fixed-duration/grid-100x100-h4-d1-r1-b0.2.rddl,1,1,ok
100,4,0.2,HILP,23,198.24103125,0.15480147923583987,0.14105254597961903,592,13,True,d84d099493b973a63d879255d2221c1930d649aa,543f782d80ceb9555130e911c1fcf7074153d267,grid-100x100-h4-d1-r1-b0.2,a9784bbc6f85d2536d4912ddf3728addd97302a51e84e033320ec787d5b114b7,benchmarks/grid/fixed-duration/domain.rddl,benchmarks/grid/fixed-duration/grid-100x100-h4-d1-r1-b0.2.rddl,1,1,ok
100,4,0.2,HILP,24,198.24103125,0.15480147923583987,0.11554740695282817,592,13,True,d84d099493b973a63d879255d2221c1930d649aa,543f782d80ceb9555130e911c1fcf7074153d267,grid-100x100-h4-d1-r1-b0.2,a9784bbc6f85d2536d4912ddf3728addd97302a51e84e033320ec787d5b114b7,benchmarks/grid/fixed-duration/domain.rddl,benchmarks/grid/fixed-duration/grid-100x100-h4-d1-r1-b0.2.rddl,1,1,ok
100,4,0.2,HILP,25,198.24103125,0.15480147923583987,0.11511616804637015,592,13,True,d84d099493b973a63d879255d2221c1930d649aa,543f782d80ceb9555130e911c1fcf7074153d267,grid-100x100-h4-d1-r1-b0.2,a9784bbc6f85d2536d4912ddf3728addd97302a51e84e033320ec787d5b114b7,benchmarks/grid/fixed-duration/domain.rddl,benchmarks/grid/fixed-duration/grid-100x100-h4-d1-r1-b0.2.rddl,1,1,ok
100,4,0.3,HILP,1,198.24103125,0.15480147923583987,0.19090575608424842,892,20,True,d84d099493b973a63d879255d2221c1930d649aa,543f782d80ceb9555130e911c1fcf7074153d267,grid-100x100-h4-d1-r1-b0.3,b30c14420396edc8d81b69155512458a131dd8c4e5b0898038f77b8befd824c7,benchmarks/grid/fixed-duration/domain.rddl,benchmarks/grid/fixed-duration/grid-100x100-h4-d1-r1-b0.3.rddl,1,1,ok
100,4,0.3,HILP,2,198.24103125,0.15480147923583987,0.21968423295766115,892,20,True,d84d099493b973a63d879255d2221c1930d649aa,543f782d80ceb9555130e911c1fcf7074153d267,grid-100x100-h4-d1-r1-b0.3,b30c14420396edc8d81b69155512458a131dd8c4e5b0898038f77b8befd824c7,benchmarks/grid/fixed-duration/domain.rddl,benchmarks/grid/fixed-duration/grid-100x100-h4-d1-r1-b0.3.rddl,1,1,ok
100,4,0.3,HILP,3,198.24103125,0.15480147923583987,0.21155050594825298,892,20,True,d84d099493b973a63d879255d2221c1930d649aa,543f782d80ceb9555130e911c1fcf7074153d267,grid-100x100-h4-d1-r1-b0.3,b30c14420396edc8d81b69155512458a131dd8c4e5b0898038f77b8befd824c7,benchmarks/grid/fixed-duration/domain.rddl,benchmarks/grid/fixed-duration/grid-100x100-h4-d1-r1-b0.3.rddl,1,1,ok
100,4,0.3,HILP,4,198.24103125,0.15480147923583987,0.20055091299582273,892,20,True,d84d099493b973a63d879255d2221c1930d649aa,543f782d80ceb9555130e911c1fcf7074153d267,grid-100x100-h4-d1-r1-b0.3,b30c14420396edc8d81b69155512458a131dd8c4e5b0898038f77b8befd824c7,benchmarks/grid/fixed-duration/domain.rddl,benchmarks/grid/fixed-duration/grid-100x100-h4-d1-r1-b0.3.rddl,1,1,ok
100,4,0.3,HILP,5,198.24103125,0.15480147923583987,0.19020267797168344,892,20,True,d84d099493b973a63d879255d2221c1930d649aa,543f782d80ceb9555130e911c1fcf7074153d267,grid-100x100-h4-d1-r1-b0.3,b30c14420396edc8d81b69155512458a131dd8c4e5b0898038f77b8befd824c7,benchmarks/grid/fixed-duration/domain.rddl,benchmarks/grid/fixed-duration/grid-100x100-h4-d1-r1-b0.3.rddl,1,1,ok
100,4,0.3,HILP,6,198.24103125,0.15480147923583987,0.18825958599336445,892,20,True,d84d099493b973a63d879255d2221c1930d649aa,543f782d80ceb9555130e911c1fcf7074153d267,grid-100x100-h4-d1-r1-b0.3,b30c14420396edc8d81b69155512458a131dd8c4e5b0898038f77b8befd824c7,benchmarks/grid/fixed-duration/domain.rddl,benchmarks/grid/fixed-duration/grid-100x100-h4-d1-r1-b0.3.rddl,1,1,ok
100,4,0.3,HILP,7,198.24103125,0.15480147923583987,0.1819140730658546,892,20,True,d84d099493b973a63d879255d2221c1930d649aa,543f782d80ceb9555130e911c1fcf7074153d267,grid-100x100-h4-d1-r1-b0.3,b30c14420396edc8d81b69155512458a131dd8c4e5b0898038f77b8befd824c7,benchmarks/grid/fixed-duration/domain.rddl,benchmarks/grid/fixed-duration/grid-100x100-h4-d1-r1-b0.3.rddl,1,1,ok
100,4,0.3,HILP,8,198.24103125,0.15480147923583987,0.18682807707227767,892,20,True,d84d099493b973a63d879255d2221c1930d649aa,543f782d80ceb9555130e911c1fcf7074153d267,grid-100x100-h4-d1-r1-b0.3,b30c14420396edc8d81b69155512458a131dd8c4e5b0898038f77b8befd824c7,benchmarks/grid/fixed-duration/domain.rddl,benchmarks/grid/fixed-duration/grid-100x100-h4-d1-r1-b0.3.rddl,1,1,ok
100,4,0.3,HILP,9,198.24103125,0.15480147923583987,0.17959782492835075,892,20,True,d84d099493b973a63d879255d2221c1930d649aa,543f782d80ceb9555130e911c1fcf7074153d267,grid-100x100-h4-d1-r1-b0.3,b30c14420396edc8d81b69155512458a131dd8c4e5b0898038f77b8befd824c7,benchmarks/grid/fixed-duration/domain.rddl,benchmarks/grid/fixed-duration/grid-100x100-h4-d1-r1-b0.3.rddl,1,1,ok
100,4,0.3,HILP,10,198.24103125,0.15480147923583987,0.181453711935319,892,20,True,d84d099493b973a63d879255d2221c1930d649aa,543f782d80ceb9555130e911c1fcf7074153d267,grid-100x100-h4-d1-r1-b0.3,b30c14420396edc8d81b69155512458a131dd8c4e5b0898038f77b8befd824c7,benchmarks/grid/fixed-duration/domain.rddl,benchmarks/grid/fixed-duration/grid-100x100-h4-d1-r1-b0.3.rddl,1,1,ok
100,4,0.3,HILP,11,198.24103125,0.15480147923583987,0.18182110995985568,892,20,True,d84d099493b973a63d879255d2221c1930d649aa,543f782d80ceb9555130e911c1fcf7074153d267,grid-100x100-h4-d1-r1-b0.3,b30c14420396edc8d81b69155512458a131dd8c4e5b0898038f77b8befd824c7,benchmarks/grid/fixed-duration/domain.rddl,benchmarks/grid/fixed-duration/grid-100x100-h4-d1-r1-b0.3.rddl,1,1,ok
100,4,0.3,HILP,12,198.24103125,0.15480147923583987,0.18052648892626166,892,20,True,d84d099493b973a63d879255d2221c1930d649aa,543f782d80ceb9555130e911c1fcf7074153d267,grid-100x100-h4-d1-r1-b0.3,b30c14420396edc8d81b69155512458a131dd8c4e5b0898038f77b8befd824c7,benchmarks/grid/fixed-duration/domain.rddl,benchmarks/grid/fixed-duration/grid-100x100-h4-d1-r1-b0.3.rddl,1,1,ok
100,4,0.3,HILP,13,198.24103125,0.15480147923583987,0.2042712930124253,892,20,True,d84d099493b973a63d879255d2221c1930d649aa,543f782d80ceb9555130e911c1fcf7074153d267,grid-100x100-h4-d1-r1-b0.3,b30c14420396edc8d81b69155512458a131dd8c4e5b0898038f77b8befd824c7,benchmarks/grid/fixed-duration/domain.rddl,benchmarks/grid/fixed-duration/grid-100x100-h4-d1-r1-b0.3.rddl,1,1,ok
100,4,0.3,HILP,14,198.24103125,0.15480147923583987,0.20240053406450897,892,20,True,d84d099493b973a63d879255d2221c1930d649aa,543f782d80ceb9555130e911c1fcf7074153d267,grid-100x100-h4-d1-r1-b0.3,b30c14420396edc8d81b69155512458a131dd8c4e5b0898038f77b8befd824c7,benchmarks/grid/fixed-duration/domain.rddl,benchmarks/grid/fixed-duration/grid-100x100-h4-d1-r1-b0.3.rddl,1,1,ok
100,4,0.3,HILP,15,198.24103125,0.15480147923583987,0.8772147700656205,892,20,True,d84d099493b973a63d879255d2221c1930d649aa,543f782d80ceb9555130e911c1fcf7074153d267,grid-100x100-h4-d1-r1-b0.3,b30c14420396edc8d81b69155512458a131dd8c4e5b0898038f77b8befd824c7,benchmarks/grid/fixed-duration/domain.rddl,benchmarks/grid/fixed-duration/grid-100x100-h4-d1-r1-b0.3.rddl,1,1,ok
100,4,0.3,HILP,16,198.24103125,0.15480147923583987,0.1816598289879039,892,20,True,d84d099493b973a63d879255d2221c1930d649aa,543f782d80ceb9555130e911c1fcf7074153d267,grid-100x100-h4-d1-r1-b0.3,b30c14420396edc8d81b69155512458a131dd8c4e5b0898038f77b8befd824c7,benchmarks/grid/fixed-duration/domain.rddl,benchmarks/grid/fixed-duration/grid-100x100-h4-d1-r1-b0.3.rddl,1,1,ok
100,4,0.3,HILP,17,198.24103125,0.15480147923583987,0.18048020103015006,892,20,True,d84d099493b973a63d879255d2221c1930d649aa,543f782d80ceb9555130e911c1fcf7074153d267,grid-100x100-h4-d1-r1-b0.3,b30c14420396edc8d81b69155512458a131dd8c4e5b0898038f77b8befd824c7,benchmarks/grid/fixed-duration/domain.rddl,benchmarks/grid/fixed-duration/grid-100x100-h4-d1-r1-b0.3.rddl,1,1,ok
100,4,0.3,HILP,18,198.24103125,0.15480147923583987,0.1786370649933815,892,20,True,d84d099493b973a63d879255d2221c1930d649aa,543f782d80ceb9555130e911c1fcf7074153d267,grid-100x100-h4-d1-r1-b0.3,b30c14420396edc8d81b69155512458a131dd8c4e5b0898038f77b8befd824c7,benchmarks/grid/fixed-duration/domain.rddl,benchmarks/grid/fixed-duration/grid-100x100-h4-d1-r1-b0.3.rddl,1,1,ok
100,4,0.3,HILP,19,198.24103125,0.15480147923583987,0.1837267380906269,892,20,True,d84d099493b973a63d879255d2221c1930d649aa,543f782d80ceb9555130e911c1fcf7074153d267,grid-100x100-h4-d1-r1-b0.3,b30c14420396edc8d81b69155512458a131dd8c4e5b0898038f77b8befd824c7,benchmarks/grid/fixed-duration/domain.rddl,benchmarks/grid/fixed-duration/grid-100x100-h4-d1-r1-b0.3.rddl,1,1,ok
100,4,0.3,HILP,20,198.24103125,0.15480147923583987,0.23606680508237332,892,20,True,d84d099493b973a63d879255d2221c1930d649aa,543f782d80ceb9555130e911c1fcf7074153d267,grid-100x100-h4-d1-r1-b0.3,b30c14420396edc8d81b69155512458a131dd8c4e5b0898038f77b8befd824c7,benchmarks/grid/fixed-duration/domain.rddl,benchmarks/grid/fixed-duration/grid-100x100-h4-d1-r1-b0.3.rddl,1,1,ok
100,4,0.3,HILP,21,198.24103125,0.15480147923583987,0.20356847799848765,892,20,True,d84d099493b973a63d879255d2221c1930d649aa,543f782d80ceb9555130e911c1fcf7074153d267,grid-100x100-h4-d1-r1-b0.3,b30c14420396edc8d81b69155512458a131dd8c4e5b0898038f77b8befd824c7,benchmarks/grid/fixed-duration/domain.rddl,benchmarks/grid/fixed-duration/grid-100x100-h4-d1-r1-b0.3.rddl,1,1,ok
100,4,0.3,HILP,22,198.24103125,0.15480147923583987,0.18309696298092604,892,20,True,d84d099493b973a63d879255d2221c1930d649aa,543f782d80ceb9555130e911c1fcf7074153d267,grid-100x100-h4-d1-r1-b0.3,b30c14420396edc8d81b69155512458a131dd8c4e5b0898038f77b8befd824c7,benchmarks/grid/fixed-duration/domain.rddl,benchmarks/grid/fixed-duration/grid-100x100-h4-d1-r1-b0.3.rddl,1,1,ok
100,4,0.3,HILP,23,198.24103125,0.15480147923583987,0.19106913800351322,892,20,True,d84d099493b973a63d879255d2221c1930d649aa,543f782d80ceb9555130e911c1fcf7074153d267,grid-100x100-h4-d1-r1-b0.3,b30c14420396edc8d81b69155512458a131dd8c4e5b0898038f77b8befd824c7,benchmarks/grid/fixed-duration/domain.rddl,benchmarks/grid/fixed-duration/grid-100x100-h4-d1-r1-b0.3.rddl,1,1,ok
100,4,0.3,HILP,24,198.24103125,0.15480147923583987,0.19988099404145032,892,20,True,d84d099493b973a63d879255d2221c1930d649aa,543f782d80ceb9555130e911c1fcf7074153d267,grid-100x100-h4-d1-r1-b0.3,b30c14420396edc8d81b69155512458a131dd8c4e5b0898038f77b8befd824c7,benchmarks/grid/fixed-duration/domain.rddl,benchmarks/grid/fixed-duration/grid-100x100-h4-d1-r1-b0.3.rddl,1,1,ok
100,4,0.3,HILP,25,198.24103125,0.15480147923583987,0.20088219305034727,892,20,True,d84d099493b973a63d879255d2221c1930d649aa,543f782d80ceb9555130e911c1fcf7074153d267,grid-100x100-h4-d1-r1-b0.3,b30c14420396edc8d81b69155512458a131dd8c4e5b0898038f77b8befd824c7,benchmarks/grid/fixed-duration/domain.rddl,benchmarks/grid/fixed-duration/grid-100x100-h4-d1-r1-b0.3.rddl,1,1,ok
100,5,0.1,HILP,1,200.3580174543457,0.09444588296646883,2.505727382027544,4504,45,True,d84d099493b973a63d879255d2221c1930d649aa,543f782d80ceb9555130e911c1fcf7074153d267,grid-100x100-h5-d1-r1-b0.1,d32cfe0f1c70979bdeda736bced0cc69d18fdf26a69cbe3f45355bd53da6643f,benchmarks/grid/fixed-duration/domain.rddl,benchmarks/grid/fixed-duration/grid-100x100-h5-d1-r1-b0.1.rddl,1,1,ok
100,5,0.1,HILP,2,200.3580174543457,0.09444588296646883,2.4357577870832756,4504,45,True,d84d099493b973a63d879255d2221c1930d649aa,543f782d80ceb9555130e911c1fcf7074153d267,grid-100x100-h5-d1-r1-b0.1,d32cfe0f1c70979bdeda736bced0cc69d18fdf26a69cbe3f45355bd53da6643f,benchmarks/grid/fixed-duration/domain.rddl,benchmarks/grid/fixed-duration/grid-100x100-h5-d1-r1-b0.1.rddl,1,1,ok
100,5,0.1,HILP,3,200.3580174543457,0.09444588296646883,2.4806742309592664,4504,45,True,d84d099493b973a63d879255d2221c1930d649aa,543f782d80ceb9555130e911c1fcf7074153d267,grid-100x100-h5-d1-r1-b0.1,d32cfe0f1c70979bdeda736bced0cc69d18fdf26a69cbe3f45355bd53da6643f,benchmarks/grid/fixed-duration/domain.rddl,benchmarks/grid/fixed-duration/grid-100x100-h5-d1-r1-b0.1.rddl,1,1,ok
100,5,0.1,HILP,4,200.3580174543457,0.09444588296646883,2.407086923951283,4504,45,True,d84d099493b973a63d879255d2221c1930d649aa,543f782d80ceb9555130e911c1fcf7074153d267,grid-100x100-h5-d1-r1-b0.1,d32cfe0f1c70979bdeda736bced0cc69d18fdf26a69cbe3f45355bd53da6643f,benchmarks/grid/fixed-duration/domain.rddl,benchmarks/grid/fixed-duration/grid-100x100-h5-d1-r1-b0.1.rddl,1,1,ok
100,5,0.1,HILP,5,200.3580174543457,0.09444588296646883,2.446427231072448,4504,45,True,d84d099493b973a63d879255d2221c1930d649aa,543f782d80ceb9555130e911c1fcf7074153d267,grid-100x100-h5-d1-r1-b0.1,d32cfe0f1c70979bdeda736bced0cc69d18fdf26a69cbe3f45355bd53da6643f,benchmarks/grid/fixed-duration/domain.rddl,benchmarks/grid/fixed-duration/grid-100x100-h5-d1-r1-b0.1.rddl,1,1,ok
100,5,0.1,HILP,6,200.3580174543457,0.09444588296646883,2.509662918979302,4504,45,True,d84d099493b973a63d879255d2221c1930d649aa,543f782d80ceb9555130e911c1fcf7074153d267,grid-100x100-h5-d1-r1-b0.1,d32cfe0f1c70979bdeda736bced0cc69d18fdf26a69cbe3f45355bd53da6643f,benchmarks/grid/fixed-duration/domain.rddl,benchmarks/grid/fixed-duration/grid-100x100-h5-d1-r1-b0.1.rddl,1,1,ok
100,5,0.1,HILP,7,200.3580174543457,0.09444588296646883,2.444726513000205,4504,45,True,d84d099493b973a63d879255d2221c1930d649aa,543f782d80ceb9555130e911c1fcf7074153d267,grid-100x100-h5-d1-r1-b0.1,d32cfe0f1c70979bdeda736bced0cc69d18fdf26a69cbe3f45355bd53da6643f,benchmarks/grid/fixed-duration/domain.rddl,benchmarks/grid/fixed-duration/grid-100x100-h5-d1-r1-b0.1.rddl,1,1,ok
100,5,0.1,HILP,8,200.3580174543457,0.09444588296646883,2.4912218239624053,4504,45,True,d84d099493b973a63d879255d2221c1930d649aa,543f782d80ceb9555130e911c1fcf7074153d267,grid-100x100-h5-d1-r1-b0.1,d32cfe0f1c70979bdeda736bced0cc69d18fdf26a69cbe3f45355bd53da6643f,benchmarks/grid/fixed-duration/domain.rddl,benchmarks/grid/fixed-duration/grid-100x100-h5-d1-r1-b0.1.rddl,1,1,ok
100,5,0.1,HILP,9,200.3580174543457,0.09444588296646883,2.3560632390435785,4504,45,True,d84d099493b973a63d879255d2221c1930d649aa,543f782d80ceb9555130e911c1fcf7074153d267,grid-100x100-h5-d1-r1-b0.1,d32cfe0f1c70979bdeda736bced0cc69d18fdf26a69cbe3f45355bd53da6643f,benchmarks/grid/fixed-duration/domain.rddl,benchmarks/grid/fixed-duration/grid-100x100-h5-d1-r1-b0.1.rddl,1,1,ok
100,5,0.1,HILP,10,200.3580174543457,0.09444588296646883,2.475166237913072,4504,45,True,d84d099493b973a63d879255d2221c1930d649aa,543f782d80ceb9555130e911c1fcf7074153d267,grid-100x100-h5-d1-r1-b0.1,d32cfe0f1c70979bdeda736bced0cc69d18fdf26a69cbe3f45355bd53da6643f,benchmarks/grid/fixed-duration/domain.rddl,benchmarks/grid/fixed-duration/grid-100x100-h5-d1-r1-b0.1.rddl,1,1,ok
100,5,0.1,HILP,11,200.3580174543457,0.09444588296646883,2.435306261992082,4504,45,True,d84d099493b973a63d879255d2221c1930d649aa,543f782d80ceb9555130e911c1fcf7074153d267,grid-100x100-h5-d1-r1-b0.1,d32cfe0f1c70979bdeda736bced0cc69d18fdf26a69cbe3f45355bd53da6643f,benchmarks/grid/fixed-duration/domain.rddl,benchmarks/grid/fixed-duration/grid-100x100-h5-d1-r1-b0.1.rddl,1,1,ok
100,5,0.1,HILP,12,200.3580174543457,0.09444588296646883,2.4958487660624087,4504,45,True,d84d099493b973a63d879255d2221c1930d649aa,543f782d80ceb9555130e911c1fcf7074153d267,grid-100x100-h5-d1-r1-b0.1,d32cfe0f1c70979bdeda736bced0cc69d18fdf26a69cbe3f45355bd53da6643f,benchmarks/grid/fixed-duration/domain.rddl,benchmarks/grid/fixed-duration/grid-100x100-h5-d1-r1-b0.1.rddl,1,1,ok
100,5,0.1,HILP,13,200.3580174543457,0.09444588296646883,2.407476769061759,4504,45,True,d84d099493b973a63d879255d2221c1930d649aa,543f782d80ceb9555130e911c1fcf7074153d267,grid-100x100-h5-d1-r1-b0.1,d32cfe0f1c70979bdeda736bced0cc69d18fdf26a69cbe3f45355bd53da6643f,benchmarks/grid/fixed-duration/domain.rddl,benchmarks/grid/fixed-duration/grid-100x100-h5-d1-r1-b0.1.rddl,1,1,ok
100,5,0.1,HILP,14,200.3580174543457,0.09444588296646883,2.5979282499756664,4504,45,True,d84d099493b973a63d879255d2221c1930d649aa,543f782d80ceb9555130e911c1fcf7074153d267,grid-100x100-h5-d1-r1-b0.1,d32cfe0f1c70979bdeda736bced0cc69d18fdf26a69cbe3f45355bd53da6643f,benchmarks/grid/fixed-duration/domain.rddl,benchmarks/grid/fixed-duration/grid-100x100-h5-d1-r1-b0.1.rddl,1,1,ok
100,5,0.1,HILP,15,200.3580174543457,0.09444588296646883,2.4164576469920576,4504,45,True,d84d099493b973a63d879255d2221c1930d649aa,543f782d80ceb9555130e911c1fcf7074153d267,grid-100x100-h5-d1-r1-b0.1,d32cfe0f1c70979bdeda736bced0cc69d18fdf26a69cbe3f45355bd53da6643f,benchmarks/grid/fixed-duration/domain.rddl,benchmarks/grid/fixed-duration/grid-100x100-h5-d1-r1-b0.1.rddl,1,1,ok
100,5,0.1,HILP,16,200.3580174543457,0.09444588296646883,2.619423458003439,4504,45,True,d84d099493b973a63d879255d2221c1930d649aa,543f782d80ceb9555130e911c1fcf7074153d267,grid-100x100-h5-d1-r1-b0.1,d32cfe0f1c70979bdeda736bced0cc69d18fdf26a69cbe3f45355bd53da6643f,benchmarks/grid/fixed-duration/domain.rddl,benchmarks/grid/fixed-duration/grid-100x100-h5-d1-r1-b0.1.rddl,1,1,ok
100,5,0.1,HILP,17,200.3580174543457,0.09444588296646883,2.5338853609282523,4504,45,True,d84d099493b973a63d879255d2221c1930d649aa,543f782d80ceb9555130e911c1fcf7074153d267,grid-100x100-h5-d1-r1-b0.1,d32cfe0f1c70979bdeda736bced0cc69d18fdf26a69cbe3f45355bd53da6643f,benchmarks/grid/fixed-duration/domain.rddl,benchmarks/grid/fixed-duration/grid-100x100-h5-d1-r1-b0.1.rddl,1,1,ok
100,5,0.1,HILP,18,200.3580174543457,0.09444588296646883,2.9992940899683163,4504,45,True,d84d099493b973a63d879255d2221c1930d649aa,543f782d80ceb9555130e911c1fcf7074153d267,grid-100x100-h5-d1-r1-b0.1,d32cfe0f1c70979bdeda736bced0cc69d18fdf26a69cbe3f45355bd53da6643f,benchmarks/grid/fixed-duration/domain.rddl,benchmarks/grid/fixed-duration/grid-100x100-h5-d1-r1-b0.1.rddl,1,1,ok
100,5,0.1,HILP,19,200.3580174543457,0.09444588296646883,2.465692286961712,4504,45,True,d84d099493b973a63d879255d2221c1930d649aa,543f782d80ceb9555130e911c1fcf7074153d267,grid-100x100-h5-d1-r1-b0.1,d32cfe0f1c70979bdeda736bced0cc69d18fdf26a69cbe3f45355bd53da6643f,benchmarks/grid/fixed-duration/domain.rddl,benchmarks/grid/fixed-duration/grid-100x100-h5-d1-r1-b0.1.rddl,1,1,ok
100,5,0.1,HILP,20,200.3580174543457,0.09444588296646883,2.5511619789758697,4504,45,True,d84d099493b973a63d879255d2221c1930d649aa,543f782d80ceb9555130e911c1fcf7074153d267,grid-100x100-h5-d1-r1-b0.1,d32cfe0f1c70979bdeda736bced0cc69d18fdf26a69cbe3f45355bd53da6643f,benchmarks/grid/fixed-duration/domain.rddl,benchmarks/grid/fixed-duration/grid-100x100-h5-d1-r1-b0.1.rddl,1,1,ok
100,5,0.1,HILP,21,200.3580174543457,0.09444588296646883,2.413809187943116,4504,45,True,d84d099493b973a63d879255d2221c1930d649aa,543f782d80ceb9555130e911c1fcf7074153d267,grid-100x100-h5-d1-r1-b0.1,d32cfe0f1c70979bdeda736bced0cc69d18fdf26a69cbe3f45355bd53da6643f,benchmarks/grid/fixed-duration/domain.rddl,benchmarks/grid/fixed-duration/grid-100x100-h5-d1-r1-b0.1.rddl,1,1,ok
100,5,0.1,HILP,22,200.3580174543457,0.09444588296646883,2.420781227061525,4504,45,True,d84d099493b973a63d879255d2221c1930d649aa,543f782d80ceb9555130e911c1fcf7074153d267,grid-100x100-h5-d1-r1-b0.1,d32cfe0f1c70979bdeda736bced0cc69d18fdf26a69cbe3f45355bd53da6643f,benchmarks/grid/fixed-duration/domain.rddl,benchmarks/grid/fixed-duration/grid-100x100-h5-d1-r1-b0.1.rddl,1,1,ok
100,5,0.1,HILP,23,200.3580174543457,0.09444588296646883,2.487023742054589,4504,45,True,d84d099493b973a63d879255d2221c1930d649aa,543f782d80ceb9555130e911c1fcf7074153d267,grid-100x100-h5-d1-r1-b0.1,d32cfe0f1c70979bdeda736bced0cc69d18fdf26a69cbe3f45355bd53da6643f,benchmarks/grid/fixed-duration/domain.rddl,benchmarks/grid/fixed-duration/grid-100x100-h5-d1-r1-b0.1.rddl,1,1,ok
100,5,0.1,HILP,24,200.3580174543457,0.09444588296646883,2.512632980942726,4504,45,True,d84d099493b973a63d879255d2221c1930d649aa,543f782d80ceb9555130e911c1fcf7074153d267,grid-100x100-h5-d1-r1-b0.1,d32cfe0f1c70979bdeda736bced0cc69d18fdf26a69cbe3f45355bd53da6643f,benchmarks/grid/fixed-duration/domain.rddl,benchmarks/grid/fixed-duration/grid-100x100-h5-d1-r1-b0.1.rddl,1,1,ok
100,5,0.1,HILP,25,200.3580174543457,0.09444588296646883,2.4436502390308306,4504,45,True,d84d099493b973a63d879255d2221c1930d649aa,543f782d80ceb9555130e911c1fcf7074153d267,grid-100x100-h5-d1-r1-b0.1,d32cfe0f1c70979bdeda736bced0cc69d18fdf26a69cbe3f45355bd53da6643f,benchmarks/grid/fixed-duration/domain.rddl,benchmarks/grid/fixed-duration/grid-100x100-h5-d1-r1-b0.1.rddl,1,1,ok
100,5,0.2,HILP,1,198.330533203125,0.15553190065651704,0.7335924779763445,2980,26,True,d84d099493b973a63d879255d2221c1930d649aa,543f782d80ceb9555130e911c1fcf7074153d267,grid-100x100-h5-d1-r1-b0.2,596c7bb3edf18336bbddbc87f66807023abd0e8d3abb2f7784bcc0a7a6a0b704,benchmarks/grid/fixed-duration/domain.rddl,benchmarks/grid/fixed-duration/grid-100x100-h5-d1-r1-b0.2.rddl,1,1,ok
100,5,0.2,HILP,2,198.330533203125,0.15553190065651704,0.6830525549594313,2980,26,True,d84d099493b973a63d879255d2221c1930d649aa,543f782d80ceb9555130e911c1fcf7074153d267,grid-100x100-h5-d1-r1-b0.2,596c7bb3edf18336bbddbc87f66807023abd0e8d3abb2f7784bcc0a7a6a0b704,benchmarks/grid/fixed-duration/domain.rddl,benchmarks/grid/fixed-duration/grid-100x100-h5-d1-r1-b0.2.rddl,1,1,ok
100,5,0.2,HILP,3,198.330533203125,0.15553190065651704,0.7365644430974498,2980,26,True,d84d099493b973a63d879255d2221c1930d649aa,543f782d80ceb9555130e911c1fcf7074153d267,grid-100x100-h5-d1-r1-b0.2,596c7bb3edf18336bbddbc87f66807023abd0e8d3abb2f7784bcc0a7a6a0b704,benchmarks/grid/fixed-duration/domain.rddl,benchmarks/grid/fixed-duration/grid-100x100-h5-d1-r1-b0.2.rddl,1,1,ok
100,5,0.2,HILP,4,198.330533203125,0.15553190065651704,0.6976569410180673,2980,26,True,d84d099493b973a63d879255d2221c1930d649aa,543f782d80ceb9555130e911c1fcf7074153d267,grid-100x100-h5-d1-r1-b0.2,596c7bb3edf18336bbddbc87f66807023abd0e8d3abb2f7784bcc0a7a6a0b704,benchmarks/grid/fixed-duration/domain.rddl,benchmarks/grid/fixed-duration/grid-100x100-h5-d1-r1-b0.2.rddl,1,1,ok
100,5,0.2,HILP,5,198.330533203125,0.15553190065651704,0.7173878330504522,2980,26,True,d84d099493b973a63d879255d2221c1930d649aa,543f782d80ceb9555130e911c1fcf7074153d267,grid-100x100-h5-d1-r1-b0.2,596c7bb3edf18336bbddbc87f66807023abd0e8d3abb2f7784bcc0a7a6a0b704,benchmarks/grid/fixed-duration/domain.rddl,benchmarks/grid/fixed-duration/grid-100x100-h5-d1-r1-b0.2.rddl,1,1,ok
100,5,0.2,HILP,6,198.330533203125,0.15553190065651704,0.6984414529288188,2980,26,True,d84d099493b973a63d879255d2221c1930d649aa,543f782d80ceb9555130e911c1fcf7074153d267,grid-100x100-h5-d1-r1-b0.2,596c7bb3edf18336bbddbc87f66807023abd0e8d3abb2f7784bcc0a7a6a0b704,benchmarks/grid/fixed-duration/domain.rddl,benchmarks/grid/fixed-duration/grid-100x100-h5-d1-r1-b0.2.rddl,1,1,ok
100,5,0.2,HILP,7,198.330533203125,0.15553190065651704,0.7002863800153136,2980,26,True,d84d099493b973a63d879255d2221c1930d649aa,543f782d80ceb9555130e911c1fcf7074153d267,grid-100x100-h5-d1-r1-b0.2,596c7bb3edf18336bbddbc87f66807023abd0e8d3abb2f7784bcc0a7a6a0b704,benchmarks/grid/fixed-duration/domain.rddl,benchmarks/grid/fixed-duration/grid-100x100-h5-d1-r1-b0.2.rddl,1,1,ok
100,5,0.2,HILP,8,198.330533203125,0.15553190065651704,0.6848064210498706,2980,26,True,d84d099493b973a63d879255d2221c1930d649aa,543f782d80ceb9555130e911c1fcf7074153d267,grid-100x100-h5-d1-r1-b0.2,596c7bb3edf18336bbddbc87f66807023abd0e8d3abb2f7784bcc0a7a6a0b704,benchmarks/grid/fixed-duration/domain.rddl,benchmarks/grid/fixed-duration/grid-100x100-h5-d1-r1-b0.2.rddl,1,1,ok
100,5,0.2,HILP,9,198.330533203125,0.15553190065651704,0.687717591994442,2980,26,True,d84d099493b973a63d879255d2221c1930d649aa,543f782d80ceb9555130e911c1fcf7074153d267,grid-100x100-h5-d1-r1-b0.2,596c7bb3edf18336bbddbc87f66807023abd0e8d3abb2f7784bcc0a7a6a0b704,benchmarks/grid/fixed-duration/domain.rddl,benchmarks/grid/fixed-duration/grid-100x100-h5-d1-r1-b0.2.rddl,1,1,ok
100,5,0.2,HILP,10,198.330533203125,0.15553190065651704,0.7091626969631761,2980,26,True,d84d099493b973a63d879255d2221c1930d649aa,543f782d80ceb9555130e911c1fcf7074153d267,grid-100x100-h5-d1-r1-b0.2,596c7bb3edf18336bbddbc87f66807023abd0e8d3abb2f7784bcc0a7a6a0b704,benchmarks/grid/fixed-duration/domain.rddl,benchmarks/grid/fixed-duration/grid-100x100-h5-d1-r1-b0.2.rddl,1,1,ok
100,5,0.2,HILP,11,198.330533203125,0.15553190065651704,0.8583723420742899,2980,26,True,d84d099493b973a63d879255d2221c1930d649aa,543f782d80ceb9555130e911c1fcf7074153d267,grid-100x100-h5-d1-r1-b0.2,596c7bb3edf18336bbddbc87f66807023abd0e8d3abb2f7784bcc0a7a6a0b704,benchmarks/grid/fixed-duration/domain.rddl,benchmarks/grid/fixed-duration/grid-100x100-h5-d1-r1-b0.2.rddl,1,1,ok
100,5,0.2,HILP,12,198.330533203125,0.15553190065651704,0.691015332005918,2980,26,True,d84d099493b973a63d879255d2221c1930d649aa,543f782d80ceb9555130e911c1fcf7074153d267,grid-100x100-h5-d1-r1-b0.2,596c7bb3edf18336bbddbc87f66807023abd0e8d3abb2f7784bcc0a7a6a0b704,benchmarks/grid/fixed-duration/domain.rddl,benchmarks/grid/fixed-duration/grid-100x100-h5-d1-r1-b0.2.rddl,1,1,ok
100,5,0.2,HILP,13,198.330533203125,0.15553190065651704,0.7175412040669471,2980,26,True,d84d099493b973a63d879255d2221c1930d649aa,543f782d80ceb9555130e911c1fcf7074153d267,grid-100x100-h5-d1-r1-b0.2,596c7bb3edf18336bbddbc87f66807023abd0e8d3abb2f7784bcc0a7a6a0b704,benchmarks/grid/fixed-duration/domain.rddl,benchmarks/grid/fixed-duration/grid-100x100-h5-d1-r1-b0.2.rddl,1,1,ok
100,5,0.2,HILP,14,198.330533203125,0.15553190065651704,0.6957315049367025,2980,26,True,d84d099493b973a63d879255d2221c1930d649aa,543f782d80ceb9555130e911c1fcf7074153d267,grid-100x100-h5-d1-r1-b0.2,596c7bb3edf18336bbddbc87f66807023abd0e8d3abb2f7784bcc0a7a6a0b704,benchmarks/grid/fixed-duration/domain.rddl,benchmarks/grid/fixed-duration/grid-100x100-h5-d1-r1-b0.2.rddl,1,1,ok
100,5,0.2,HILP,15,198.330533203125,0.15553190065651704,0.6754382819635794,2980,26,True,d84d099493b973a63d879255d2221c1930d649aa,543f782d80ceb9555130e911c1fcf7074153d267,grid-100x100-h5-d1-r1-b0.2,596c7bb3edf18336bbddbc87f66807023abd0e8d3abb2f7784bcc0a7a6a0b704,benchmarks/grid/fixed-duration/domain.rddl,benchmarks/grid/fixed-duration/grid-100x100-h5-d1-r1-b0.2.rddl,1,1,ok
100,5,0.2,HILP,16,198.330533203125,0.15553190065651704,0.6918463431065902,2980,26,True,d84d099493b973a63d879255d2221c1930d649aa,543f782d80ceb9555130e911c1fcf7074153d267,grid-100x100-h5-d1-r1-b0.2,596c7bb3edf18336bbddbc87f66807023abd0e8d3abb2f7784bcc0a7a6a0b704,benchmarks/grid/fixed-duration/domain.rddl,benchmarks/grid/fixed-duration/grid-100x100-h5-d1-r1-b0.2.rddl,1,1,ok
100,5,0.2,HILP,17,198.330533203125,0.15553190065651704,0.6910250319633633,2980,26,True,d84d099493b973a63d879255d2221c1930d649aa,543f782d80ceb9555130e911c1fcf7074153d267,grid-100x100-h5-d1-r1-b0.2,596c7bb3edf18336bbddbc87f66807023abd0e8d3abb2f7784bcc0a7a6a0b704,benchmarks/grid/fixed-duration/domain.rddl,benchmarks/grid/fixed-duration/grid-100x100-h5-d1-r1-b0.2.rddl,1,1,ok
100,5,0.2,HILP,18,198.330533203125,0.15553190065651704,0.7219277549302205,2980,26,True,d84d099493b973a63d879255d2221c1930d649aa,543f782d80ceb9555130e911c1fcf7074153d267,grid-100x100-h5-d1-r1-b0.2,596c7bb3edf18336bbddbc87f66807023abd0e8d3abb2f7784bcc0a7a6a0b704,benchmarks/grid/fixed-duration/domain.rddl,benchmarks/grid/fixed-duration/grid-100x100-h5-d1-r1-b0.2.rddl,1,1,ok
100,5,0.2,HILP,19,198.330533203125,0.15553190065651704,0.7256508430000395,2980,26,True,d84d099493b973a63d879255d2221c1930d649aa,543f782d80ceb9555130e911c1fcf7074153d267,grid-100x100-h5-d1-r1-b0.2,596c7bb3edf18336bbddbc87f66807023abd0e8d3abb2f7784bcc0a7a6a0b704,benchmarks/grid/fixed-duration/domain.rddl,benchmarks/grid/fixed-duration/grid-100x100-h5-d1-r1-b0.2.rddl,1,1,ok
100,5,0.2,HILP,20,198.330533203125,0.15553190065651704,0.6827945769764483,2980,26,True,d84d099493b973a63d879255d2221c1930d649aa,543f782d80ceb9555130e911c1fcf7074153d267,grid-100x100-h5-d1-r1-b0.2,596c7bb3edf18336bbddbc87f66807023abd0e8d3abb2f7784bcc0a7a6a0b704,benchmarks/grid/fixed-duration/domain.rddl,benchmarks/grid/fixed-duration/grid-100x100-h5-d1-r1-b0.2.rddl,1,1,ok
100,5,0.2,HILP,21,198.330533203125,0.15553190065651704,0.7487009399337694,2980,26,True,d84d099493b973a63d879255d2221c1930d649aa,543f782d80ceb9555130e911c1fcf7074153d267,grid-100x100-h5-d1-r1-b0.2,596c7bb3edf18336bbddbc87f66807023abd0e8d3abb2f7784bcc0a7a6a0b704,benchmarks/grid/fixed-duration/domain.rddl,benchmarks/grid/fixed-duration/grid-100x100-h5-d1-r1-b0.2.rddl,1,1,ok
100,5,0.2,HILP,22,198.330533203125,0.15553190065651704,0.780539161991328,2980,26,True,d84d099493b973a63d879255d2221c1930d649aa,543f782d80ceb9555130e911c1fcf7074153d267,grid-100x100-h5-d1-r1-b0.2,596c7bb3edf18336bbddbc87f66807023abd0e8d3abb2f7784bcc0a7a6a0b704,benchmarks/grid/fixed-duration/domain.rddl,benchmarks/grid/fixed-duration/grid-100x100-h5-d1-r1-b0.2.rddl,1,1,ok
100,5,0.2,HILP,23,198.330533203125,0.15553190065651704,0.7376060660462826,2980,26,True,d84d099493b973a63d879255d2221c1930d649aa,543f782d80ceb9555130e911c1fcf7074153d267,grid-100x100-h5-d1-r1-b0.2,596c7bb3edf18336bbddbc87f66807023abd0e8d3abb2f7784bcc0a7a6a0b704,benchmarks/grid/fixed-duration/domain.rddl,benchmarks/grid/fixed-duration/grid-100x100-h5-d1-r1-b0.2.rddl,1,1,ok
100,5,0.2,HILP,24,198.330533203125,0.15553190065651704,0.7995852249441668,2980,26,True,d84d099493b973a63d879255d2221c1930d649aa,543f782d80ceb9555130e911c1fcf7074153d267,grid-100x100-h5-d1-r1-b0.2,596c7bb3edf18336bbddbc87f66807023abd0e8d3abb2f7784bcc0a7a6a0b704,benchmarks/grid/fixed-duration/domain.rddl,benchmarks/grid/fixed-duration/grid-100x100-h5-d1-r1-b0.2.rddl,1,1,ok
100,5,0.2,HILP,25,198.330533203125,0.15553190065651704,0.6985442640725523,2980,26,True,d84d099493b973a63d879255d2221c1930d649aa,543f782d80ceb9555130e911c1fcf7074153d267,grid-100x100-h5-d1-r1-b0.2,596c7bb3edf18336bbddbc87f66807023abd0e8d3abb2f7784bcc0a7a6a0b704,benchmarks/grid/fixed-duration/domain.rddl,benchmarks/grid/fixed-duration/grid-100x100-h5-d1-r1-b0.2.rddl,1,1,ok
100,5,0.3,HILP,1,198.330533203125,0.15553190065651704,0.9299459899775684,3880,29,True,d84d099493b973a63d879255d2221c1930d649aa,543f782d80ceb9555130e911c1fcf7074153d267,grid-100x100-h5-d1-r1-b0.3,6b3e7e4e9d43cf7a1b4cb5b82583d805f7672195c74d6e67da3060e3eecd63ae,benchmarks/grid/fixed-duration/domain.rddl,benchmarks/grid/fixed-duration/grid-100x100-h5-d1-r1-b0.3.rddl,1,1,ok
100,5,0.3,HILP,2,198.330533203125,0.15553190065651704,0.8524112739833072,3880,29,True,d84d099493b973a63d879255d2221c1930d649aa,543f782d80ceb9555130e911c1fcf7074153d267,grid-100x100-h5-d1-r1-b0.3,6b3e7e4e9d43cf7a1b4cb5b82583d805f7672195c74d6e67da3060e3eecd63ae,benchmarks/grid/fixed-duration/domain.rddl,benchmarks/grid/fixed-duration/grid-100x100-h5-d1-r1-b0.3.rddl,1,1,ok
100,5,0.3,HILP,3,198.330533203125,0.15553190065651704,0.8962942470097914,3880,29,True,d84d099493b973a63d879255d2221c1930d649aa,543f782d80ceb9555130e911c1fcf7074153d267,grid-100x100-h5-d1-r1-b0.3,6b3e7e4e9d43cf7a1b4cb5b82583d805f7672195c74d6e67da3060e3eecd63ae,benchmarks/grid/fixed-duration/domain.rddl,benchmarks/grid/fixed-duration/grid-100x100-h5-d1-r1-b0.3.rddl,1,1,ok
100,5,0.3,HILP,4,198.330533203125,0.15553190065651704,0.9027861059876159,3880,29,True,d84d099493b973a63d879255d2221c1930d649aa,543f782d80ceb9555130e911c1fcf7074153d267,grid-100x100-h5-d1-r1-b0.3,6b3e7e4e9d43cf7a1b4cb5b82583d805f7672195c74d6e67da3060e3eecd63ae,benchmarks/grid/fixed-duration/domain.rddl,benchmarks/grid/fixed-duration/grid-100x100-h5-d1-r1-b0.3.rddl,1,1,ok
100,5,0.3,HILP,5,198.330533203125,0.15553190065651704,0.889836857910268,3880,29,True,d84d099493b973a63d879255d2221c1930d649aa,543f782d80ceb9555130e911c1fcf7074153d267,grid-100x100-h5-d1-r1-b0.3,6b3e7e4e9d43cf7a1b4cb5b82583d805f7672195c74d6e67da3060e3eecd63ae,benchmarks/grid/fixed-duration/domain.rddl,benchmarks/grid/fixed-duration/grid-100x100-h5-d1-r1-b0.3.rddl,1,1,ok
100,5,0.3,HILP,6,198.330533203125,0.15553190065651704,0.9481883380794898,3880,29,True,d84d099493b973a63d879255d2221c1930d649aa,543f782d80ceb9555130e911c1fcf7074153d267,grid-100x100-h5-d1-r1-b0.3,6b3e7e4e9d43cf7a1b4cb5b82583d805f7672195c74d6e67da3060e3eecd63ae,benchmarks/grid/fixed-duration/domain.rddl,benchmarks/grid/fixed-duration/grid-100x100-h5-d1-r1-b0.3.rddl,1,1,ok
100,5,0.3,HILP,7,198.330533203125,0.15553190065651704,0.921965194051154,3880,29,True,d84d099493b973a63d879255d2221c1930d649aa,543f782d80ceb9555130e911c1fcf7074153d267,grid-100x100-h5-d1-r1-b0.3,6b3e7e4e9d43cf7a1b4cb5b82583d805f7672195c74d6e67da3060e3eecd63ae,benchmarks/grid/fixed-duration/domain.rddl,benchmarks/grid/fixed-duration/grid-100x100-h5-d1-r1-b0.3.rddl,1,1,ok
100,5,0.3,HILP,8,198.330533203125,0.15553190065651704,0.8643254230264574,3880,29,True,d84d099493b973a63d879255d2221c1930d649aa,543f782d80ceb9555130e911c1fcf7074153d267,grid-100x100-h5-d1-r1-b0.3,6b3e7e4e9d43cf7a1b4cb5b82583d805f7672195c74d6e67da3060e3eecd63ae,benchmarks/grid/fixed-duration/domain.rddl,benchmarks/grid/fixed-duration/grid-100x100-h5-d1-r1-b0.3.rddl,1,1,ok
100,5,0.3,HILP,9,198.330533203125,0.15553190065651704,0.917948288959451,3880,29,True,d84d099493b973a63d879255d2221c1930d649aa,543f782d80ceb9555130e911c1fcf7074153d267,grid-100x100-h5-d1-r1-b0.3,6b3e7e4e9d43cf7a1b4cb5b82583d805f7672195c74d6e67da3060e3eecd63ae,benchmarks/grid/fixed-duration/domain.rddl,benchmarks/grid/fixed-duration/grid-100x100-h5-d1-r1-b0.3.rddl,1,1,ok
100,5,0.3,HILP,10,198.330533203125,0.15553190065651704,0.835598245030269,3880,29,True,d84d099493b973a63d879255d2221c1930d649aa,543f782d80ceb9555130e911c1fcf7074153d267,grid-100x100-h5-d1-r1-b0.3,6b3e7e4e9d43cf7a1b4cb5b82583d805f7672195c74d6e67da3060e3eecd63ae,benchmarks/grid/fixed-duration/domain.rddl,benchmarks/grid/fixed-duration/grid-100x100-h5-d1-r1-b0.3.rddl,1,1,ok
100,5,0.3,HILP,11,198.330533203125,0.15553190065651704,0.9318880500504747,3880,29,True,d84d099493b973a63d879255d2221c1930d649aa,543f782d80ceb9555130e911c1fcf7074153d267,grid-100x100-h5-d1-r1-b0.3,6b3e7e4e9d43cf7a1b4cb5b82583d805f7672195c74d6e67da3060e3eecd63ae,benchmarks/grid/fixed-duration/domain.rddl,benchmarks/grid/fixed-duration/grid-100x100-h5-d1-r1-b0.3.rddl,1,1,ok
100,5,0.3,HILP,12,198.330533203125,0.15553190065651704,0.8799308339366689,3880,29,True,d84d099493b973a63d879255d2221c1930d649aa,543f782d80ceb9555130e911c1fcf7074153d267,grid-100x100-h5-d1-r1-b0.3,6b3e7e4e9d43cf7a1b4cb5b82583d805f7672195c74d6e67da3060e3eecd63ae,benchmarks/grid/fixed-duration/domain.rddl,benchmarks/grid/fixed-duration/grid-100x100-h5-d1-r1-b0.3.rddl,1,1,ok
100,5,0.3,HILP,13,198.330533203125,0.15553190065651704,0.8543205460300669,3880,29,True,d84d099493b973a63d879255d2221c1930d649aa,543f782d80ceb9555130e911c1fcf7074153d267,grid-100x100-h5-d1-r1-b0.3,6b3e7e4e9d43cf7a1b4cb5b82583d805f7672195c74d6e67da3060e3eecd63ae,benchmarks/grid/fixed-duration/domain.rddl,benchmarks/grid/fixed-duration/grid-100x100-h5-d1-r1-b0.3.rddl,1,1,ok
100,5,0.3,HILP,14,198.330533203125,0.15553190065651704,0.9480631080223247,3880,29,True,d84d099493b973a63d879255d2221c1930d649aa,543f782d80ceb9555130e911c1fcf7074153d267,grid-100x100-h5-d1-r1-b0.3,6b3e7e4e9d43cf7a1b4cb5b82583d805f7672195c74d6e67da3060e3eecd63ae,benchmarks/grid/fixed-duration/domain.rddl,benchmarks/grid/fixed-duration/grid-100x100-h5-d1-r1-b0.3.rddl,1,1,ok
100,5,0.3,HILP,15,198.330533203125,0.15553190065651704,0.8725551289971918,3880,29,True,d84d099493b973a63d879255d2221c1930d649aa,543f782d80ceb9555130e911c1fcf7074153d267,grid-100x100-h5-d1-r1-b0.3,6b3e7e4e9d43cf7a1b4cb5b82583d805f7672195c74d6e67da3060e3eecd63ae,benchmarks/grid/fixed-duration/domain.rddl,benchmarks/grid/fixed-duration/grid-100x100-h5-d1-r1-b0.3.rddl,1,1,ok
100,5,0.3,HILP,16,198.330533203125,0.15553190065651704,0.9217808638932183,3880,29,True,d84d099493b973a63d879255d2221c1930d649aa,543f782d80ceb9555130e911c1fcf7074153d267,grid-100x100-h5-d1-r1-b0.3,6b3e7e4e9d43cf7a1b4cb5b82583d805f7672195c74d6e67da3060e3eecd63ae,benchmarks/grid/fixed-duration/domain.rddl,benchmarks/grid/fixed-duration/grid-100x100-h5-d1-r1-b0.3.rddl,1,1,ok
100,5,0.3,HILP,17,198.330533203125,0.15553190065651704,0.9122506571002305,3880,29,True,d84d099493b973a63d879255d2221c1930d649aa,543f782d80ceb9555130e911c1fcf7074153d267,grid-100x100-h5-d1-r1-b0.3,6b3e7e4e9d43cf7a1b4cb5b82583d805f7672195c74d6e67da3060e3eecd63ae,benchmarks/grid/fixed-duration/domain.rddl,benchmarks/grid/fixed-duration/grid-100x100-h5-d1-r1-b0.3.rddl,1,1,ok
100,5,0.3,HILP,18,198.330533203125,0.15553190065651704,0.9716234849765897,3880,29,True,d84d099493b973a63d879255d2221c1930d649aa,543f782d80ceb9555130e911c1fcf7074153d267,grid-100x100-h5-d1-r1-b0.3,6b3e7e4e9d43cf7a1b4cb5b82583d805f7672195c74d6e67da3060e3eecd63ae,benchmarks/grid/fixed-duration/domain.rddl,benchmarks/grid/fixed-duration/grid-100x100-h5-d1-r1-b0.3.rddl,1,1,ok
100,5,0.3,HILP,19,198.330533203125,0.15553190065651704,0.8769849180243909,3880,29,True,d84d099493b973a63d879255d2221c1930d649aa,543f782d80ceb9555130e911c1fcf7074153d267,grid-100x100-h5-d1-r1-b0.3,6b3e7e4e9d43cf7a1b4cb5b82583d805f7672195c74d6e67da3060e3eecd63ae,benchmarks/grid/fixed-duration/domain.rddl,benchmarks/grid/fixed-duration/grid-100x100-h5-d1-r1-b0.3.rddl,1,1,ok
100,5,0.3,HILP,20,198.330533203125,0.15553190065651704,0.9238463490037248,3880,29,True,d84d099493b973a63d879255d2221c1930d649aa,543f782d80ceb9555130e911c1fcf7074153d267,grid-100x100-h5-d1-r1-b0.3,6b3e7e4e9d43cf7a1b4cb5b82583d805f7672195c74d6e67da3060e3eecd63ae,benchmarks/grid/fixed-duration/domain.rddl,benchmarks/grid/fixed-duration/grid-100x100-h5-d1-r1-b0.3.rddl,1,1,ok
100,5,0.3,HILP,21,198.330533203125,0.15553190065651704,0.8223911479581147,3880,29,True,d84d099493b973a63d879255d2221c1930d649aa,543f782d80ceb9555130e911c1fcf7074153d267,grid-100x100-h5-d1-r1-b0.3,6b3e7e4e9d43cf7a1b4cb5b82583d805f7672195c74d6e67da3060e3eecd63ae,benchmarks/grid/fixed-duration/domain.rddl,benchmarks/grid/fixed-duration/grid-100x100-h5-d1-r1-b0.3.rddl,1,1,ok
100,5,0.3,HILP,22,198.330533203125,0.15553190065651704,0.8725354939233512,3880,29,True,d84d099493b973a63d879255d2221c1930d649aa,543f782d80ceb9555130e911c1fcf7074153d267,grid-100x100-h5-d1-r1-b0.3,6b3e7e4e9d43cf7a1b4cb5b82583d805f7672195c74d6e67da3060e3eecd63ae,benchmarks/grid/fixed-duration/domain.rddl,benchmarks/grid/fixed-duration/grid-100x100-h5-d1-r1-b0.3.rddl,1,1,ok
100,5,0.3,HILP,23,198.330533203125,0.15553190065651704,0.8818213579943404,3880,29,True,d84d099493b973a63d879255d2221c1930d649aa,543f782d80ceb9555130e911c1fcf7074153d267,grid-100x100-h5-d1-r1-b0.3,6b3e7e4e9d43cf7a1b4cb5b82583d805f7672195c74d6e67da3060e3eecd63ae,benchmarks/grid/fixed-duration/domain.rddl,benchmarks/grid/fixed-duration/grid-100x100-h5-d1-r1-b0.3.rddl,1,1,ok
100,5,0.3,HILP,24,198.330533203125,0.15553190065651704,0.9214358229655772,3880,29,True,d84d099493b973a63d879255d2221c1930d649aa,543f782d80ceb9555130e911c1fcf7074153d267,grid-100x100-h5-d1-r1-b0.3,6b3e7e4e9d43cf7a1b4cb5b82583d805f7672195c74d6e67da3060e3eecd63ae,benchmarks/grid/fixed-duration/domain.rddl,benchmarks/grid/fixed-duration/grid-100x100-h5-d1-r1-b0.3.rddl,1,1,ok
100,5,0.3,HILP,25,198.330533203125,0.15553190065651704,0.8898476589238271,3880,29,True,d84d099493b973a63d879255d2221c1930d649aa,543f782d80ceb9555130e911c1fcf7074153d267,grid-100x100-h5-d1-r1-b0.3,6b3e7e4e9d43cf7a1b4cb5b82583d805f7672195c74d6e67da3060e3eecd63ae,benchmarks/grid/fixed-duration/domain.rddl,benchmarks/grid/fixed-duration/grid-100x100-h5-d1-r1-b0.3.rddl,1,1,ok
100,6,0.1,HILP,1,200.85227121724495,0.10000091638022666,7.056654894025996,12172,54,True,d84d099493b973a63d879255d2221c1930d649aa,543f782d80ceb9555130e911c1fcf7074153d267,grid-100x100-h6-d1-r1-b0.1,9d14c8a6ddf8e7476e0a1499611216761964933508025083f4cbb88ea5cda8c8,benchmarks/grid/fixed-duration/domain.rddl,benchmarks/grid/fixed-duration/grid-100x100-h6-d1-r1-b0.1.rddl,1,1,ok
100,6,0.1,HILP,2,200.85227121724495,0.10000091638022666,6.96305764594581,12172,54,True,d84d099493b973a63d879255d2221c1930d649aa,543f782d80ceb9555130e911c1fcf7074153d267,grid-100x100-h6-d1-r1-b0.1,9d14c8a6ddf8e7476e0a1499611216761964933508025083f4cbb88ea5cda8c8,benchmarks/grid/fixed-duration/domain.rddl,benchmarks/grid/fixed-duration/grid-100x100-h6-d1-r1-b0.1.rddl,1,1,ok
100,6,0.1,HILP,3,200.85227121724495,0.10000091638022666,6.81316478701774,12172,54,True,d84d099493b973a63d879255d2221c1930d649aa,543f782d80ceb9555130e911c1fcf7074153d267,grid-100x100-h6-d1-r1-b0.1,9d14c8a6ddf8e7476e0a1499611216761964933508025083f4cbb88ea5cda8c8,benchmarks/grid/fixed-duration/domain.rddl,benchmarks/grid/fixed-duration/grid-100x100-h6-d1-r1-b0.1.rddl,1,1,ok
100,6,0.1,HILP,4,200.85227121724495,0.10000091638022666,7.04935614997521,12172,54,True,d84d099493b973a63d879255d2221c1930d649aa,543f782d80ceb9555130e911c1fcf7074153d267,grid-100x100-h6-d1-r1-b0.1,9d14c8a6ddf8e7476e0a1499611216761964933508025083f4cbb88ea5cda8c8,benchmarks/grid/fixed-duration/domain.rddl,benchmarks/grid/fixed-duration/grid-100x100-h6-d1-r1-b0.1.rddl,1,1,ok
100,6,0.1,HILP,5,200.85227121724495,0.10000091638022666,7.032341298996471,12172,54,True,d84d099493b973a63d879255d2221c1930d649aa,543f782d80ceb9555130e911c1fcf7074153d267,grid-100x100-h6-d1-r1-b0.1,9d14c8a6ddf8e7476e0a1499611216761964933508025083f4cbb88ea5cda8c8,benchmarks/grid/fixed-duration/domain.rddl,benchmarks/grid/fixed-duration/grid-100x100-h6-d1-r1-b0.1.rddl,1,1,ok
100,6,0.1,HILP,6,200.85227121724495,0.10000091638022666,7.38681454397738,12172,54,True,d84d099493b973a63d879255d2221c1930d649aa,543f782d80ceb9555130e911c1fcf7074153d267,grid-100x100-h6-d1-r1-b0.1,9d14c8a6ddf8e7476e0a1499611216761964933508025083f4cbb88ea5cda8c8,benchmarks/grid/fixed-duration/domain.rddl,benchmarks/grid/fixed-duration/grid-100x100-h6-d1-r1-b0.1.rddl,1,1,ok
100,6,0.1,HILP,7,200.85227121724495,0.10000091638022666,7.211948501993902,12172,54,True,d84d099493b973a63d879255d2221c1930d649aa,543f782d80ceb9555130e911c1fcf7074153d267,grid-100x100-h6-d1-r1-b0.1,9d14c8a6ddf8e7476e0a1499611216761964933508025083f4cbb88ea5cda8c8,benchmarks/grid/fixed-duration/domain.rddl,benchmarks/grid/fixed-duration/grid-100x100-h6-d1-r1-b0.1.rddl,1,1,ok
100,6,0.1,HILP,8,200.85227121724495,0.10000091638022666,7.079832723946311,12172,54,True,d84d099493b973a63d879255d2221c1930d649aa,543f782d80ceb9555130e911c1fcf7074153d267,grid-100x100-h6-d1-r1-b0.1,9d14c8a6ddf8e7476e0a1499611216761964933508025083f4cbb88ea5cda8c8,benchmarks/grid/fixed-duration/domain.rddl,benchmarks/grid/fixed-duration/grid-100x100-h6-d1-r1-b0.1.rddl,1,1,ok
100,6,0.1,HILP,9,200.85227121724495,0.10000091638022666,7.561254231957719,12172,54,True,d84d099493b973a63d879255d2221c1930d649aa,543f782d80ceb9555130e911c1fcf7074153d267,grid-100x100-h6-d1-r1-b0.1,9d14c8a6ddf8e7476e0a1499611216761964933508025083f4cbb88ea5cda8c8,benchmarks/grid/fixed-duration/domain.rddl,benchmarks/grid/fixed-duration/grid-100x100-h6-d1-r1-b0.1.rddl,1,1,ok
100,6,0.1,HILP,10,200.85227121724495,0.10000091638022666,7.413089187000878,12172,54,True,d84d099493b973a63d879255d2221c1930d649aa,543f782d80ceb9555130e911c1fcf7074153d267,grid-100x100-h6-d1-r1-b0.1,9d14c8a6ddf8e7476e0a1499611216761964933508025083f4cbb88ea5cda8c8,benchmarks/grid/fixed-duration/domain.rddl,benchmarks/grid/fixed-duration/grid-100x100-h6-d1-r1-b0.1.rddl,1,1,ok
100,6,0.1,HILP,11,200.85227121724495,0.10000091638022666,7.277784556034021,12172,54,True,d84d099493b973a63d879255d2221c1930d649aa,543f782d80ceb9555130e911c1fcf7074153d267,grid-100x100-h6-d1-r1-b0.1,9d14c8a6ddf8e7476e0a1499611216761964933508025083f4cbb88ea5cda8c8,benchmarks/grid/fixed-duration/domain.rddl,benchmarks/grid/fixed-duration/grid-100x100-h6-d1-r1-b0.1.rddl,1,1,ok
100,6,0.1,HILP,12,200.85227121724495,0.10000091638022666,7.280075563001446,12172,54,True,d84d099493b973a63d879255d2221c1930d649aa,543f782d80ceb9555130e911c1fcf7074153d267,grid-100x100-h6-d1-r1-b0.1,9d14c8a6ddf8e7476e0a1499611216761964933508025083f4cbb88ea5cda8c8,benchmarks/grid/fixed-duration/domain.rddl,benchmarks/grid/fixed-duration/grid-100x100-h6-d1-r1-b0.1.rddl,1,1,ok
100,6,0.1,HILP,13,200.85227121724495,0.10000091638022666,6.998105110949837,12172,54,True,d84d099493b973a63d879255d2221c1930d649aa,543f782d80ceb9555130e911c1fcf7074153d267,grid-100x100-h6-d1-r1-b0.1,9d14c8a6ddf8e7476e0a1499611216761964933508025083f4cbb88ea5cda8c8,benchmarks/grid/fixed-duration/domain.rddl,benchmarks/grid/fixed-duration/grid-100x100-h6-d1-r1-b0.1.rddl,1,1,ok
100,6,0.1,HILP,14,200.85227121724495,0.10000091638022666,7.122321749920957,12172,54,True,d84d099493b973a63d879255d2221c1930d649aa,543f782d80ceb9555130e911c1fcf7074153d267,grid-100x100-h6-d1-r1-b0.1,9d14c8a6ddf8e7476e0a1499611216761964933508025083f4cbb88ea5cda8c8,benchmarks/grid/fixed-duration/domain.rddl,benchmarks/grid/fixed-duration/grid-100x100-h6-d1-r1-b0.1.rddl,1,1,ok
100,6,0.1,HILP,15,200.85227121724495,0.10000091638022666,7.399271729984321,12172,54,True,d84d099493b973a63d879255d2221c1930d649aa,543f782d80ceb9555130e911c1fcf7074153d267,grid-100x100-h6-d1-r1-b0.1,9d14c8a6ddf8e7476e0a1499611216761964933508025083f4cbb88ea5cda8c8,benchmarks/grid/fixed-duration/domain.rddl,benchmarks/grid/fixed-duration/grid-100x100-h6-d1-r1-b0.1.rddl,1,1,ok
100,6,0.1,HILP,16,200.85227121724495,0.10000091638022666,6.947529542027041,12172,54,True,d84d099493b973a63d879255d2221c1930d649aa,543f782d80ceb9555130e911c1fcf7074153d267,grid-100x100-h6-d1-r1-b0.1,9d14c8a6ddf8e7476e0a1499611216761964933508025083f4cbb88ea5cda8c8,benchmarks/grid/fixed-duration/domain.rddl,benchmarks/grid/fixed-duration/grid-100x100-h6-d1-r1-b0.1.rddl,1,1,ok
100,6,0.1,HILP,17,200.85227121724495,0.10000091638022666,7.225405537057668,12172,54,True,d84d099493b973a63d879255d2221c1930d649aa,543f782d80ceb9555130e911c1fcf7074153d267,grid-100x100-h6-d1-r1-b0.1,9d14c8a6ddf8e7476e0a1499611216761964933508025083f4cbb88ea5cda8c8,benchmarks/grid/fixed-duration/domain.rddl,benchmarks/grid/fixed-duration/grid-100x100-h6-d1-r1-b0.1.rddl,1,1,ok
100,6,0.1,HILP,18,200.85227121724495,0.10000091638022666,7.57327100506518,12172,54,True,d84d099493b973a63d879255d2221c1930d649aa,543f782d80ceb9555130e911c1fcf7074153d267,grid-100x100-h6-d1-r1-b0.1,9d14c8a6ddf8e7476e0a1499611216761964933508025083f4cbb88ea5cda8c8,benchmarks/grid/fixed-duration/domain.rddl,benchmarks/grid/fixed-duration/grid-100x100-h6-d1-r1-b0.1.rddl,1,1,ok
100,6,0.1,HILP,19,200.85227121724495,0.10000091638022666,7.092431125929579,12172,54,True,d84d099493b973a63d879255d2221c1930d649aa,543f782d80ceb9555130e911c1fcf7074153d267,grid-100x100-h6-d1-r1-b0.1,9d14c8a6ddf8e7476e0a1499611216761964933508025083f4cbb88ea5cda8c8,benchmarks/grid/fixed-duration/domain.rddl,benchmarks/grid/fixed-duration/grid-100x100-h6-d1-r1-b0.1.rddl,1,1,ok
100,6,0.1,HILP,20,200.85227121724495,0.10000091638022666,7.150300383102149,12172,54,True,d84d099493b973a63d879255d2221c1930d649aa,543f782d80ceb9555130e911c1fcf7074153d267,grid-100x100-h6-d1-r1-b0.1,9d14c8a6ddf8e7476e0a1499611216761964933508025083f4cbb88ea5cda8c8,benchmarks/grid/fixed-duration/domain.rddl,benchmarks/grid/fixed-duration/grid-100x100-h6-d1-r1-b0.1.rddl,1,1,ok
100,6,0.1,HILP,21,200.85227121724495,0.10000091638022666,7.126929195015691,12172,54,True,d84d099493b973a63d879255d2221c1930d649aa,543f782d80ceb9555130e911c1fcf7074153d267,grid-100x100-h6-d1-r1-b0.1,9d14c8a6ddf8e7476e0a1499611216761964933508025083f4cbb88ea5cda8c8,benchmarks/grid/fixed-duration/domain.rddl,benchmarks/grid/fixed-duration/grid-100x100-h6-d1-r1-b0.1.rddl,1,1,ok
100,6,0.1,HILP,22,200.85227121724495,0.10000091638022666,7.276677399058826,12172,54,True,d84d099493b973a63d879255d2221c1930d649aa,543f782d80ceb9555130e911c1fcf7074153d267,grid-100x100-h6-d1-r1-b0.1,9d14c8a6ddf8e7476e0a1499611216761964933508025083f4cbb88ea5cda8c8,benchmarks/grid/fixed-duration/domain.rddl,benchmarks/grid/fixed-duration/grid-100x100-h6-d1-r1-b0.1.rddl,1,1,ok
100,6,0.1,HILP,23,200.85227121724495,0.10000091638022666,7.009620659053326,12172,54,True,d84d099493b973a63d879255d2221c1930d649aa,543f782d80ceb9555130e911c1fcf7074153d267,grid-100x100-h6-d1-r1-b0.1,9d14c8a6ddf8e7476e0a1499611216761964933508025083f4cbb88ea5cda8c8,benchmarks/grid/fixed-duration/domain.rddl,benchmarks/grid/fixed-duration/grid-100x100-h6-d1-r1-b0.1.rddl,1,1,ok
100,6,0.1,HILP,24,200.85227121724495,0.10000091638022666,7.203176273033023,12172,54,True,d84d099493b973a63d879255d2221c1930d649aa,543f782d80ceb9555130e911c1fcf7074153d267,grid-100x100-h6-d1-r1-b0.1,9d14c8a6ddf8e7476e0a1499611216761964933508025083f4cbb88ea5cda8c8,benchmarks/grid/fixed-duration/domain.rddl,benchmarks/grid/fixed-duration/grid-100x100-h6-d1-r1-b0.1.rddl,1,1,ok
100,6,0.1,HILP,25,200.85227121724495,0.10000091638022666,7.102616886026226,12172,54,True,d84d099493b973a63d879255d2221c1930d649aa,543f782d80ceb9555130e911c1fcf7074153d267,grid-100x100-h6-d1-r1-b0.1,9d14c8a6ddf8e7476e0a1499611216761964933508025083f4cbb88ea5cda8c8,benchmarks/grid/fixed-duration/domain.rddl,benchmarks/grid/fixed-duration/grid-100x100-h6-d1-r1-b0.1.rddl,1,1,ok
100,6,0.2,HILP,1,198.42357029296872,0.16080297653519335,4.134369659004733,13864,39,True,d84d099493b973a63d879255d2221c1930d649aa,543f782d80ceb9555130e911c1fcf7074153d267,grid-100x100-h6-d1-r1-b0.2,91918929407bfc0c723fc3b8d1296f8f3b96028f1826a3ee39b74e8fc3aa4c59,benchmarks/grid/fixed-duration/domain.rddl,benchmarks/grid/fixed-duration/grid-100x100-h6-d1-r1-b0.2.rddl,1,1,ok
100,6,0.2,HILP,2,198.42357029296872,0.16080297653519335,4.317290619015694,13864,39,True,d84d099493b973a63d879255d2221c1930d649aa,543f782d80ceb9555130e911c1fcf7074153d267,grid-100x100-h6-d1-r1-b0.2,91918929407bfc0c723fc3b8d1296f8f3b96028f1826a3ee39b74e8fc3aa4c59,benchmarks/grid/fixed-duration/domain.rddl,benchmarks/grid/fixed-duration/grid-100x100-h6-d1-r1-b0.2.rddl,1,1,ok
100,6,0.2,HILP,3,198.42357029296872,0.16080297653519335,4.133543887990527,13864,39,True,d84d099493b973a63d879255d2221c1930d649aa,543f782d80ceb9555130e911c1fcf7074153d267,grid-100x100-h6-d1-r1-b0.2,91918929407bfc0c723fc3b8d1296f8f3b96028f1826a3ee39b74e8fc3aa4c59,benchmarks/grid/fixed-duration/domain.rddl,benchmarks/grid/fixed-duration/grid-100x100-h6-d1-r1-b0.2.rddl,1,1,ok
100,6,0.2,HILP,4,198.42357029296872,0.16080297653519335,4.246285737026483,13864,39,True,d84d099493b973a63d879255d2221c1930d649aa,543f782d80ceb9555130e911c1fcf7074153d267,grid-100x100-h6-d1-r1-b0.2,91918929407bfc0c723fc3b8d1296f8f3b96028f1826a3ee39b74e8fc3aa4c59,benchmarks/grid/fixed-duration/domain.rddl,benchmarks/grid/fixed-duration/grid-100x100-h6-d1-r1-b0.2.rddl,1,1,ok
100,6,0.2,HILP,5,198.42357029296872,0.16080297653519335,4.389217142015696,13864,39,True,d84d099493b973a63d879255d2221c1930d649aa,543f782d80ceb9555130e911c1fcf7074153d267,grid-100x100-h6-d1-r1-b0.2,91918929407bfc0c723fc3b8d1296f8f3b96028f1826a3ee39b74e8fc3aa4c59,benchmarks/grid/fixed-duration/domain.rddl,benchmarks/grid/fixed-duration/grid-100x100-h6-d1-r1-b0.2.rddl,1,1,ok
100,6,0.2,HILP,6,198.42357029296872,0.16080297653519335,4.07887586497236,13864,39,True,d84d099493b973a63d879255d2221c1930d649aa,543f782d80ceb9555130e911c1fcf7074153d267,grid-100x100-h6-d1-r1-b0.2,91918929407bfc0c723fc3b8d1296f8f3b96028f1826a3ee39b74e8fc3aa4c59,benchmarks/grid/fixed-duration/domain.rddl,benchmarks/grid/fixed-duration/grid-100x100-h6-d1-r1-b0.2.rddl,1,1,ok
100,6,0.2,HILP,7,198.42357029296872,0.16080297653519335,4.202580768964253,13864,39,True,d84d099493b973a63d879255d2221c1930d649aa,543f782d80ceb9555130e911c1fcf7074153d267,grid-100x100-h6-d1-r1-b0.2,91918929407bfc0c723fc3b8d1296f8f3b96028f1826a3ee39b74e8fc3aa4c59,benchmarks/grid/fixed-duration/domain.rddl,benchmarks/grid/fixed-duration/grid-100x100-h6-d1-r1-b0.2.rddl,1,1,ok
100,6,0.2,HILP,8,198.42357029296872,0.16080297653519335,4.189531727926806,13864,39,True,d84d099493b973a63d879255d2221c1930d649aa,543f782d80ceb9555130e911c1fcf7074153d267,grid-100x100-h6-d1-r1-b0.2,91918929407bfc0c723fc3b8d1296f8f3b96028f1826a3ee39b74e8fc3aa4c59,benchmarks/grid/fixed-duration/domain.rddl,benchmarks/grid/fixed-duration/grid-100x100-h6-d1-r1-b0.2.rddl,1,1,ok
100,6,0.2,HILP,9,198.42357029296872,0.16080297653519335,4.085122534073889,13864,39,True,d84d099493b973a63d879255d2221c1930d649aa,543f782d80ceb9555130e911c1fcf7074153d267,grid-100x100-h6-d1-r1-b0.2,91918929407bfc0c723fc3b8d1296f8f3b96028f1826a3ee39b74e8fc3aa4c59,benchmarks/grid/fixed-duration/domain.rddl,benchmarks/grid/fixed-duration/grid-100x100-h6-d1-r1-b0.2.rddl,1,1,ok
100,6,0.2,HILP,10,198.42357029296872,0.16080297653519335,4.318034969037399,13864,39,True,d84d099493b973a63d879255d2221c1930d649aa,543f782d80ceb9555130e911c1fcf7074153d267,grid-100x100-h6-d1-r1-b0.2,91918929407bfc0c723fc3b8d1296f8f3b96028f1826a3ee39b74e8fc3aa4c59,benchmarks/grid/fixed-duration/domain.rddl,benchmarks/grid/fixed-duration/grid-100x100-h6-d1-r1-b0.2.rddl,1,1,ok
100,6,0.2,HILP,11,198.42357029296872,0.16080297653519335,3.93000855401624,13864,39,True,d84d099493b973a63d879255d2221c1930d649aa,543f782d80ceb9555130e911c1fcf7074153d267,grid-100x100-h6-d1-r1-b0.2,91918929407bfc0c723fc3b8d1296f8f3b96028f1826a3ee39b74e8fc3aa4c59,benchmarks/grid/fixed-duration/domain.rddl,benchmarks/grid/fixed-duration/grid-100x100-h6-d1-r1-b0.2.rddl,1,1,ok
100,6,0.2,HILP,12,198.42357029296872,0.16080297653519335,4.002522805007175,13864,39,True,d84d099493b973a63d879255d2221c1930d649aa,543f782d80ceb9555130e911c1fcf7074153d267,grid-100x100-h6-d1-r1-b0.2,91918929407bfc0c723fc3b8d1296f8f3b96028f1826a3ee39b74e8fc3aa4c59,benchmarks/grid/fixed-duration/domain.rddl,benchmarks/grid/fixed-duration/grid-100x100-h6-d1-r1-b0.2.rddl,1,1,ok
100,6,0.2,HILP,13,198.42357029296872,0.16080297653519335,4.1203701690537855,13864,39,True,d84d099493b973a63d879255d2221c1930d649aa,543f782d80ceb9555130e911c1fcf7074153d267,grid-100x100-h6-d1-r1-b0.2,91918929407bfc0c723fc3b8d1296f8f3b96028f1826a3ee39b74e8fc3aa4c59,benchmarks/grid/fixed-duration/domain.rddl,benchmarks/grid/fixed-duration/grid-100x100-h6-d1-r1-b0.2.rddl,1,1,ok
100,6,0.2,HILP,14,198.42357029296872,0.16080297653519335,4.16297013789881,13864,39,True,d84d099493b973a63d879255d2221c1930d649aa,543f782d80ceb9555130e911c1fcf7074153d267,grid-100x100-h6-d1-r1-b0.2,91918929407bfc0c723fc3b8d1296f8f3b96028f1826a3ee39b74e8fc3aa4c59,benchmarks/grid/fixed-duration/domain.rddl,benchmarks/grid/fixed-duration/grid-100x100-h6-d1-r1-b0.2.rddl,1,1,ok
100,6,0.2,HILP,15,198.42357029296872,0.16080297653519335,4.4166837519733235,13864,39,True,d84d099493b973a63d879255d2221c1930d649aa,543f782d80ceb9555130e911c1fcf7074153d267,grid-100x100-h6-d1-r1-b0.2,91918929407bfc0c723fc3b8d1296f8f3b96028f1826a3ee39b74e8fc3aa4c59,benchmarks/grid/fixed-duration/domain.rddl,benchmarks/grid/fixed-duration/grid-100x100-h6-d1-r1-b0.2.rddl,1,1,ok
100,6,0.2,HILP,16,198.42357029296872,0.16080297653519335,4.11999314208515,13864,39,True,d84d099493b973a63d879255d2221c1930d649aa,543f782d80ceb9555130e911c1fcf7074153d267,grid-100x100-h6-d1-r1-b0.2,91918929407bfc0c723fc3b8d1296f8f3b96028f1826a3ee39b74e8fc3aa4c59,benchmarks/grid/fixed-duration/domain.rddl,benchmarks/grid/fixed-duration/grid-100x100-h6-d1-r1-b0.2.rddl,1,1,ok
100,6,0.2,HILP,17,198.42357029296872,0.16080297653519335,4.174124504090287,13864,39,True,d84d099493b973a63d879255d2221c1930d649aa,543f782d80ceb9555130e911c1fcf7074153d267,grid-100x100-h6-d1-r1-b0.2,91918929407bfc0c723fc3b8d1296f8f3b96028f1826a3ee39b74e8fc3aa4c59,benchmarks/grid/fixed-duration/domain.rddl,benchmarks/grid/fixed-duration/grid-100x100-h6-d1-r1-b0.2.rddl,1,1,ok
100,6,0.2,HILP,18,198.42357029296872,0.16080297653519335,4.175973947043531,13864,39,True,d84d099493b973a63d879255d2221c1930d649aa,543f782d80ceb9555130e911c1fcf7074153d267,grid-100x100-h6-d1-r1-b0.2,91918929407bfc0c723fc3b8d1296f8f3b96028f1826a3ee39b74e8fc3aa4c59,benchmarks/grid/fixed-duration/domain.rddl,benchmarks/grid/fixed-duration/grid-100x100-h6-d1-r1-b0.2.rddl,1,1,ok
100,6,0.2,HILP,19,198.42357029296872,0.16080297653519335,4.005451951059513,13864,39,True,d84d099493b973a63d879255d2221c1930d649aa,543f782d80ceb9555130e911c1fcf7074153d267,grid-100x100-h6-d1-r1-b0.2,91918929407bfc0c723fc3b8d1296f8f3b96028f1826a3ee39b74e8fc3aa4c59,benchmarks/grid/fixed-duration/domain.rddl,benchmarks/grid/fixed-duration/grid-100x100-h6-d1-r1-b0.2.rddl,1,1,ok
100,6,0.2,HILP,20,198.42357029296872,0.16080297653519335,4.108114437083714,13864,39,True,d84d099493b973a63d879255d2221c1930d649aa,543f782d80ceb9555130e911c1fcf7074153d267,grid-100x100-h6-d1-r1-b0.2,91918929407bfc0c723fc3b8d1296f8f3b96028f1826a3ee39b74e8fc3aa4c59,benchmarks/grid/fixed-duration/domain.rddl,benchmarks/grid/fixed-duration/grid-100x100-h6-d1-r1-b0.2.rddl,1,1,ok
100,6,0.2,HILP,21,198.42357029296872,0.16080297653519335,4.075653926003724,13864,39,True,d84d099493b973a63d879255d2221c1930d649aa,543f782d80ceb9555130e911c1fcf7074153d267,grid-100x100-h6-d1-r1-b0.2,91918929407bfc0c723fc3b8d1296f8f3b96028f1826a3ee39b74e8fc3aa4c59,benchmarks/grid/fixed-duration/domain.rddl,benchmarks/grid/fixed-duration/grid-100x100-h6-d1-r1-b0.2.rddl,1,1,ok
100,6,0.2,HILP,22,198.42357029296872,0.16080297653519335,4.2966109700500965,13864,39,True,d84d099493b973a63d879255d2221c1930d649aa,543f782d80ceb9555130e911c1fcf7074153d267,grid-100x100-h6-d1-r1-b0.2,91918929407bfc0c723fc3b8d1296f8f3b96028f1826a3ee39b74e8fc3aa4c59,benchmarks/grid/fixed-duration/domain.rddl,benchmarks/grid/fixed-duration/grid-100x100-h6-d1-r1-b0.2.rddl,1,1,ok
100,6,0.2,HILP,23,198.42357029296872,0.16080297653519335,4.143308427068405,13864,39,True,d84d099493b973a63d879255d2221c1930d649aa,543f782d80ceb9555130e911c1fcf7074153d267,grid-100x100-h6-d1-r1-b0.2,91918929407bfc0c723fc3b8d1296f8f3b96028f1826a3ee39b74e8fc3aa4c59,benchmarks/grid/fixed-duration/domain.rddl,benchmarks/grid/fixed-duration/grid-100x100-h6-d1-r1-b0.2.rddl,1,1,ok
100,6,0.2,HILP,24,198.42357029296872,0.16080297653519335,4.601428151014261,13864,39,True,d84d099493b973a63d879255d2221c1930d649aa,543f782d80ceb9555130e911c1fcf7074153d267,grid-100x100-h6-d1-r1-b0.2,91918929407bfc0c723fc3b8d1296f8f3b96028f1826a3ee39b74e8fc3aa4c59,benchmarks/grid/fixed-duration/domain.rddl,benchmarks/grid/fixed-duration/grid-100x100-h6-d1-r1-b0.2.rddl,1,1,ok
100,6,0.2,HILP,25,198.42357029296872,0.16080297653519335,4.2490625670179725,13864,39,True,d84d099493b973a63d879255d2221c1930d649aa,543f782d80ceb9555130e911c1fcf7074153d267,grid-100x100-h6-d1-r1-b0.2,91918929407bfc0c723fc3b8d1296f8f3b96028f1826a3ee39b74e8fc3aa4c59,benchmarks/grid/fixed-duration/domain.rddl,benchmarks/grid/fixed-duration/grid-100x100-h6-d1-r1-b0.2.rddl,1,1,ok
100,6,0.3,HILP,1,198.42357029296872,0.16080297653519335,6.580756465089507,17260,53,True,d84d099493b973a63d879255d2221c1930d649aa,543f782d80ceb9555130e911c1fcf7074153d267,grid-100x100-h6-d1-r1-b0.3,d0277a055245d6e3a7ef521aa3210ea3825677b0e7e40ff42792b1c14dfc57d3,benchmarks/grid/fixed-duration/domain.rddl,benchmarks/grid/fixed-duration/grid-100x100-h6-d1-r1-b0.3.rddl,1,1,ok
100,6,0.3,HILP,2,198.42357029296872,0.16080297653519335,6.411312973010354,17260,53,True,d84d099493b973a63d879255d2221c1930d649aa,543f782d80ceb9555130e911c1fcf7074153d267,grid-100x100-h6-d1-r1-b0.3,d0277a055245d6e3a7ef521aa3210ea3825677b0e7e40ff42792b1c14dfc57d3,benchmarks/grid/fixed-duration/domain.rddl,benchmarks/grid/fixed-duration/grid-100x100-h6-d1-r1-b0.3.rddl,1,1,ok
100,6,0.3,HILP,3,198.42357029296872,0.16080297653519335,6.612151760025881,17260,53,True,d84d099493b973a63d879255d2221c1930d649aa,543f782d80ceb9555130e911c1fcf7074153d267,grid-100x100-h6-d1-r1-b0.3,d0277a055245d6e3a7ef521aa3210ea3825677b0e7e40ff42792b1c14dfc57d3,benchmarks/grid/fixed-duration/domain.rddl,benchmarks/grid/fixed-duration/grid-100x100-h6-d1-r1-b0.3.rddl,1,1,ok
100,6,0.3,HILP,4,198.42357029296872,0.16080297653519335,6.557320759049617,17260,53,True,d84d099493b973a63d879255d2221c1930d649aa,543f782d80ceb9555130e911c1fcf7074153d267,grid-100x100-h6-d1-r1-b0.3,d0277a055245d6e3a7ef521aa3210ea3825677b0e7e40ff42792b1c14dfc57d3,benchmarks/grid/fixed-duration/domain.rddl,benchmarks/grid/fixed-duration/grid-100x100-h6-d1-r1-b0.3.rddl,1,1,ok
100,6,0.3,HILP,5,198.42357029296872,0.16080297653519335,6.186481207958423,17260,53,True,d84d099493b973a63d879255d2221c1930d649aa,543f782d80ceb9555130e911c1fcf7074153d267,grid-100x100-h6-d1-r1-b0.3,d0277a055245d6e3a7ef521aa3210ea3825677b0e7e40ff42792b1c14dfc57d3,benchmarks/grid/fixed-duration/domain.rddl,benchmarks/grid/fixed-duration/grid-100x100-h6-d1-r1-b0.3.rddl,1,1,ok
100,6,0.3,HILP,6,198.42357029296872,0.16080297653519335,6.324624995002523,17260,53,True,d84d099493b973a63d879255d2221c1930d649aa,543f782d80ceb9555130e911c1fcf7074153d267,grid-100x100-h6-d1-r1-b0.3,d0277a055245d6e3a7ef521aa3210ea3825677b0e7e40ff42792b1c14dfc57d3,benchmarks/grid/fixed-duration/domain.rddl,benchmarks/grid/fixed-duration/grid-100x100-h6-d1-r1-b0.3.rddl,1,1,ok
100,6,0.3,HILP,7,198.42357029296872,0.16080297653519335,6.724861431051977,17260,53,True,d84d099493b973a63d879255d2221c1930d649aa,543f782d80ceb9555130e911c1fcf7074153d267,grid-100x100-h6-d1-r1-b0.3,d0277a055245d6e3a7ef521aa3210ea3825677b0e7e40ff42792b1c14dfc57d3,benchmarks/grid/fixed-duration/domain.rddl,benchmarks/grid/fixed-duration/grid-100x100-h6-d1-r1-b0.3.rddl,1,1,ok
100,6,0.3,HILP,8,198.42357029296872,0.16080297653519335,6.3655277451034635,17260,53,True,d84d099493b973a63d879255d2221c1930d649aa,543f782d80ceb9555130e911c1fcf7074153d267,grid-100x100-h6-d1-r1-b0.3,d0277a055245d6e3a7ef521aa3210ea3825677b0e7e40ff42792b1c14dfc57d3,benchmarks/grid/fixed-duration/domain.rddl,benchmarks/grid/fixed-duration/grid-100x100-h6-d1-r1-b0.3.rddl,1,1,ok
100,6,0.3,HILP,9,198.42357029296872,0.16080297653519335,6.578097822028212,17260,53,True,d84d099493b973a63d879255d2221c1930d649aa,543f782d80ceb9555130e911c1fcf7074153d267,grid-100x100-h6-d1-r1-b0.3,d0277a055245d6e3a7ef521aa3210ea3825677b0e7e40ff42792b1c14dfc57d3,benchmarks/grid/fixed-duration/domain.rddl,benchmarks/grid/fixed-duration/grid-100x100-h6-d1-r1-b0.3.rddl,1,1,ok
100,6,0.3,HILP,10,198.42357029296872,0.16080297653519335,6.798177466960624,17260,53,True,d84d099493b973a63d879255d2221c1930d649aa,543f782d80ceb9555130e911c1fcf7074153d267,grid-100x100-h6-d1-r1-b0.3,d0277a055245d6e3a7ef521aa3210ea3825677b0e7e40ff42792b1c14dfc57d3,benchmarks/grid/fixed-duration/domain.rddl,benchmarks/grid/fixed-duration/grid-100x100-h6-d1-r1-b0.3.rddl,1,1,ok
100,6,0.3,HILP,11,198.42357029296872,0.16080297653519335,6.265606084023602,17260,53,True,d84d099493b973a63d879255d2221c1930d649aa,543f782d80ceb9555130e911c1fcf7074153d267,grid-100x100-h6-d1-r1-b0.3,d0277a055245d6e3a7ef521aa3210ea3825677b0e7e40ff42792b1c14dfc57d3,benchmarks/grid/fixed-duration/domain.rddl,benchmarks/grid/fixed-duration/grid-100x100-h6-d1-r1-b0.3.rddl,1,1,ok
100,6,0.3,HILP,12,198.42357029296872,0.16080297653519335,6.471460353001021,17260,53,True,d84d099493b973a63d879255d2221c1930d649aa,543f782d80ceb9555130e911c1fcf7074153d267,grid-100x100-h6-d1-r1-b0.3,d0277a055245d6e3a7ef521aa3210ea3825677b0e7e40ff42792b1c14dfc57d3,benchmarks/grid/fixed-duration/domain.rddl,benchmarks/grid/fixed-duration/grid-100x100-h6-d1-r1-b0.3.rddl,1,1,ok
100,6,0.3,HILP,13,198.42357029296872,0.16080297653519335,6.314369634957984,17260,53,True,d84d099493b973a63d879255d2221c1930d649aa,543f782d80ceb9555130e911c1fcf7074153d267,grid-100x100-h6-d1-r1-b0.3,d0277a055245d6e3a7ef521aa3210ea3825677b0e7e40ff42792b1c14dfc57d3,benchmarks/grid/fixed-duration/domain.rddl,benchmarks/grid/fixed-duration/grid-100x100-h6-d1-r1-b0.3.rddl,1,1,ok
100,6,0.3,HILP,14,198.42357029296872,0.16080297653519335,6.189631648012437,17260,53,True,d84d099493b973a63d879255d2221c1930d649aa,543f782d80ceb9555130e911c1fcf7074153d267,grid-100x100-h6-d1-r1-b0.3,d0277a055245d6e3a7ef521aa3210ea3825677b0e7e40ff42792b1c14dfc57d3,benchmarks/grid/fixed-duration/domain.rddl,benchmarks/grid/fixed-duration/grid-100x100-h6-d1-r1-b0.3.rddl,1,1,ok
100,6,0.3,HILP,15,198.42357029296872,0.16080297653519335,6.504320738953538,17260,53,True,d84d099493b973a63d879255d2221c1930d649aa,543f782d80ceb9555130e911c1fcf7074153d267,grid-100x100-h6-d1-r1-b0.3,d0277a055245d6e3a7ef521aa3210ea3825677b0e7e40ff42792b1c14dfc57d3,benchmarks/grid/fixed-duration/domain.rddl,benchmarks/grid/fixed-duration/grid-100x100-h6-d1-r1-b0.3.rddl,1,1,ok
100,6,0.3,HILP,16,198.42357029296872,0.16080297653519335,6.250307208974846,17260,53,True,d84d099493b973a63d879255d2221c1930d649aa,543f782d80ceb9555130e911c1fcf7074153d267,grid-100x100-h6-d1-r1-b0.3,d0277a055245d6e3a7ef521aa3210ea3825677b0e7e40ff42792b1c14dfc57d3,benchmarks/grid/fixed-duration/domain.rddl,benchmarks/grid/fixed-duration/grid-100x100-h6-d1-r1-b0.3.rddl,1,1,ok
100,6,0.3,HILP,17,198.42357029296872,0.16080297653519335,6.931924354052171,17260,53,True,d84d099493b973a63d879255d2221c1930d649aa,543f782d80ceb9555130e911c1fcf7074153d267,grid-100x100-h6-d1-r1-b0.3,d0277a055245d6e3a7ef521aa3210ea3825677b0e7e40ff42792b1c14dfc57d3,benchmarks/grid/fixed-duration/domain.rddl,benchmarks/grid/fixed-duration/grid-100x100-h6-d1-r1-b0.3.rddl,1,1,ok
100,6,0.3,HILP,18,198.42357029296872,0.16080297653519335,6.406152304960415,17260,53,True,d84d099493b973a63d879255d2221c1930d649aa,543f782d80ceb9555130e911c1fcf7074153d267,grid-100x100-h6-d1-r1-b0.3,d0277a055245d6e3a7ef521aa3210ea3825677b0e7e40ff42792b1c14dfc57d3,benchmarks/grid/fixed-duration/domain.rddl,benchmarks/grid/fixed-duration/grid-100x100-h6-d1-r1-b0.3.rddl,1,1,ok
100,6,0.3,HILP,19,198.42357029296872,0.16080297653519335,6.113129651057534,17260,53,True,d84d099493b973a63d879255d2221c1930d649aa,543f782d80ceb9555130e911c1fcf7074153d267,grid-100x100-h6-d1-r1-b0.3,d0277a055245d6e3a7ef521aa3210ea3825677b0e7e40ff42792b1c14dfc57d3,benchmarks/grid/fixed-duration/domain.rddl,benchmarks/grid/fixed-duration/grid-100x100-h6-d1-r1-b0.3.rddl,1,1,ok
100,6,0.3,HILP,20,198.42357029296872,0.16080297653519335,6.409947842010297,17260,53,True,d84d099493b973a63d879255d2221c1930d649aa,543f782d80ceb9555130e911c1fcf7074153d267,grid-100x100-h6-d1-r1-b0.3,d0277a055245d6e3a7ef521aa3210ea3825677b0e7e40ff42792b1c14dfc57d3,benchmarks/grid/fixed-duration/domain.rddl,benchmarks/grid/fixed-duration/grid-100x100-h6-d1-r1-b0.3.rddl,1,1,ok
100,6,0.3,HILP,21,198.42357029296872,0.16080297653519335,6.2591390600427985,17260,53,True,d84d099493b973a63d879255d2221c1930d649aa,543f782d80ceb9555130e911c1fcf7074153d267,grid-100x100-h6-d1-r1-b0.3,d0277a055245d6e3a7ef521aa3210ea3825677b0e7e40ff42792b1c14dfc57d3,benchmarks/grid/fixed-duration/domain.rddl,benchmarks/grid/fixed-duration/grid-100x100-h6-d1-r1-b0.3.rddl,1,1,ok
100,6,0.3,HILP,22,198.42357029296872,0.16080297653519335,6.495068524032831,17260,53,True,d84d099493b973a63d879255d2221c1930d649aa,543f782d80ceb9555130e911c1fcf7074153d267,grid-100x100-h6-d1-r1-b0.3,d0277a055245d6e3a7ef521aa3210ea3825677b0e7e40ff42792b1c14dfc57d3,benchmarks/grid/fixed-duration/domain.rddl,benchmarks/grid/fixed-duration/grid-100x100-h6-d1-r1-b0.3.rddl,1,1,ok
100,6,0.3,HILP,23,198.42357029296872,0.16080297653519335,6.39817448600661,17260,53,True,d84d099493b973a63d879255d2221c1930d649aa,543f782d80ceb9555130e911c1fcf7074153d267,grid-100x100-h6-d1-r1-b0.3,d0277a055245d6e3a7ef521aa3210ea3825677b0e7e40ff42792b1c14dfc57d3,benchmarks/grid/fixed-duration/domain.rddl,benchmarks/grid/fixed-duration/grid-100x100-h6-d1-r1-b0.3.rddl,1,1,ok
100,6,0.3,HILP,24,198.42357029296872,0.16080297653519335,6.1539979099761695,17260,53,True,d84d099493b973a63d879255d2221c1930d649aa,543f782d80ceb9555130e911c1fcf7074153d267,grid-100x100-h6-d1-r1-b0.3,d0277a055245d6e3a7ef521aa3210ea3825677b0e7e40ff42792b1c14dfc57d3,benchmarks/grid/fixed-duration/domain.rddl,benchmarks/grid/fixed-duration/grid-100x100-h6-d1-r1-b0.3.rddl,1,1,ok
100,6,0.3,HILP,25,198.42357029296872,0.16080297653519335,6.551941049983725,17260,53,True,d84d099493b973a63d879255d2221c1930d649aa,543f782d80ceb9555130e911c1fcf7074153d267,grid-100x100-h6-d1-r1-b0.3,d0277a055245d6e3a7ef521aa3210ea3825677b0e7e40ff42792b1c14dfc57d3,benchmarks/grid/fixed-duration/domain.rddl,benchmarks/grid/fixed-duration/grid-100x100-h6-d1-r1-b0.3.rddl,1,1,ok
