size,horizon,delta,algorithm,trial,objective,risk,time_s,n,iterations,complete,constrained_pomdp_commit,raostar_commit
5,3,0.1,DARP-HILP,1,8.932312499999998,0.08976562500000002,0.06091961089987308,268,12,True,d84d099493b973a63d879255d2221c1930d649aa,543f782d80ceb9555130e911c1fcf7074153d267
5,3,0.1,RAO*,1,9.749686328125,0.08926781233710164,0.08024474291596562,337,40,True,d84d099493b973a63d879255d2221c1930d649aa,543f782d80ceb9555130e911c1fcf7074153d267
5,3,0.1,DARP-HILP,2,8.932312499999998,0.08976562500000002,0.04979919409379363,268,12,True,d84d099493b973a63d879255d2221c1930d649aa,543f782d80ceb9555130e911c1fcf7074153d267
5,3,0.1,RAO*,2,9.749686328125,0.08926781233710164,0.07643627596553415,337,40,True,d84d099493b973a63d879255d2221c1930d649aa,543f782d80ceb9555130e911c1fcf7074153d267
5,3,0.1,DARP-HILP,3,8.932312499999998,0.08976562500000002,0.04961954103782773,268,12,True,d84d099493b973a63d879255d2221c1930d649aa,543f782d80ceb9555130e911c1fcf7074153d267
5,3,0.1,RAO*,3,9.749686328125,0.08926781233710164,0.11347686708904803,337,40,True,d84d099493b973a63d879255d2221c1930d649aa,543f782d80ceb9555130e911c1fcf7074153d267
5,3,0.1,DARP-HILP,4,8.932312499999998,0.08976562500000002,0.09863769402727485,268,12,True,d84d099493b973a63d879255d2221c1930d649aa,543f782d80ceb9555130e911c1fcf7074153d267
5,3,0.1,RAO*,4,9.749686328125,0.08926781233710164,0.07836949499323964,337,40,True,d84d099493b973a63d879255d2221c1930d649aa,543f782d80ceb9555130e911c1fcf7074153d267
5,3,0.1,DARP-HILP,5,8.932312499999998,0.08976562500000002,0.04901704809162766,268,12,True,d84d099493b973a63d879255d2221c1930d649aa,543f782d80ceb9555130e911c1fcf7074153d267
5,3,0.1,RAO*,5,9.749686328125,0.08926781233710164,0.07813379704020917,337,40,True,d84d099493b973a63d879255d2221c1930d649aa,543f782d80ceb9555130e911c1fcf7074153d267
5,3,0.1,DARP-HILP,6,8.932312499999998,0.08976562500000002,0.048767784028314054,268,12,True,d84d099493b973a63d879255d2221c1930d649aa,543f782d80ceb9555130e911c1fcf7074153d267
5,3,0.1,RAO*,6,9.749686328125,0.08926781233710164,0.07697009097319096,337,40,True,d84d099493b973a63d879255d2221c1930d649aa,543f782d80ceb9555130e911c1fcf7074153d267
5,3,0.1,DARP-HILP,7,8.932312499999998,0.08976562500000002,0.04892108903732151,268,12,True,d84d099493b973a63d879255d2221c1930d649aa,543f782d80ceb9555130e911c1fcf7074153d267
5,3,0.1,RAO*,7,9.749686328125,0.08926781233710164,0.07750718900933862,337,40,True,d84d099493b973a63d879255d2221c1930d649aa,543f782d80ceb9555130e911c1fcf7074153d267
5,3,0.1,DARP-HILP,8,8.932312499999998,0.08976562500000002,0.04849592596292496,268,12,True,d84d099493b973a63d879255d2221c1930d649aa,543f782d80ceb9555130e911c1fcf7074153d267
5,3,0.1,RAO*,8,9.749686328125,0.08926781233710164,0.08841860992833972,337,40,True,d84d099493b973a63d879255d2221c1930d649aa,543f782d80ceb9555130e911c1fcf7074153d267
5,3,0.1,DARP-HILP,9,8.932312499999998,0.08976562500000002,0.05554200301412493,268,12,True,d84d099493b973a63d879255d2221c1930d649aa,543f782d80ceb9555130e911c1fcf7074153d267
5,3,0.1,RAO*,9,9.749686328125,0.08926781233710164,0.08237476507201791,337,40,True,d84d099493b973a63d879255d2221c1930d649aa,543f782d80ceb9555130e911c1fcf7074153d267
5,3,0.1,DARP-HILP,10,8.932312499999998,0.08976562500000002,0.04924812202807516,268,12,True,d84d099493b973a63d879255d2221c1930d649aa,543f782d80ceb9555130e911c1fcf7074153d267
5,3,0.1,RAO*,10,9.749686328125,0.08926781233710164,0.07636501907836646,337,40,True,d84d099493b973a63d879255d2221c1930d649aa,543f782d80ceb9555130e911c1fcf7074153d267
5,3,0.1,DARP-HILP,11,8.932312499999998,0.08976562500000002,0.051118011004291475,268,12,True,d84d099493b973a63d879255d2221c1930d649aa,543f782d80ceb9555130e911c1fcf7074153d267
5,3,0.1,RAO*,11,9.749686328125,0.08926781233710164,0.07957061508204788,337,40,True,d84d099493b973a63d879255d2221c1930d649aa,543f782d80ceb9555130e911c1fcf7074153d267
5,3,0.1,DARP-HILP,12,8.932312499999998,0.08976562500000002,0.05147497705183923,268,12,True,d84d099493b973a63d879255d2221c1930d649aa,543f782d80ceb9555130e911c1fcf7074153d267
5,3,0.1,RAO*,12,9.749686328125,0.08926781233710164,0.08048544602934271,337,40,True,d84d099493b973a63d879255d2221c1930d649aa,543f782d80ceb9555130e911c1fcf7074153d267
5,3,0.1,DARP-HILP,13,8.932312499999998,0.08976562500000002,0.07062220107764006,268,12,True,d84d099493b973a63d879255d2221c1930d649aa,543f782d80ceb9555130e911c1fcf7074153d267
5,3,0.1,RAO*,13,9.749686328125,0.08926781233710164,0.11198064195923507,337,40,True,d84d099493b973a63d879255d2221c1930d649aa,543f782d80ceb9555130e911c1fcf7074153d267
5,3,0.1,DARP-HILP,14,8.932312499999998,0.08976562500000002,0.07694852293934673,268,12,True,d84d099493b973a63d879255d2221c1930d649aa,543f782d80ceb9555130e911c1fcf7074153d267
5,3,0.1,RAO*,14,9.749686328125,0.08926781233710164,0.0828157919459045,337,40,True,d84d099493b973a63d879255d2221c1930d649aa,543f782d80ceb9555130e911c1fcf7074153d267
5,3,0.1,DARP-HILP,15,8.932312499999998,0.08976562500000002,0.053795123007148504,268,12,True,d84d099493b973a63d879255d2221c1930d649aa,543f782d80ceb9555130e911c1fcf7074153d267
5,3,0.1,RAO*,15,9.749686328125,0.08926781233710164,0.08093440299853683,337,40,True,d84d099493b973a63d879255d2221c1930d649aa,543f782d80ceb9555130e911c1fcf7074153d267
5,3,0.1,DARP-HILP,16,8.932312499999998,0.08976562500000002,0.05122589995153248,268,12,True,d84d099493b973a63d879255d2221c1930d649aa,543f782d80ceb9555130e911c1fcf7074153d267
5,3,0.1,RAO*,16,9.749686328125,0.08926781233710164,0.0987687559099868,337,40,True,d84d099493b973a63d879255d2221c1930d649aa,543f782d80ceb9555130e911c1fcf7074153d267
5,3,0.1,DARP-HILP,17,8.932312499999998,0.08976562500000002,0.05244349199347198,268,12,True,d84d099493b973a63d879255d2221c1930d649aa,543f782d80ceb9555130e911c1fcf7074153d267
5,3,0.1,RAO*,17,9.749686328125,0.08926781233710164,0.07770806702319533,337,40,True,d84d099493b973a63d879255d2221c1930d649aa,543f782d80ceb9555130e911c1fcf7074153d267
5,3,0.1,DARP-HILP,18,8.932312499999998,0.08976562500000002,0.051281838095746934,268,12,True,d84d099493b973a63d879255d2221c1930d649aa,543f782d80ceb9555130e911c1fcf7074153d267
5,3,0.1,RAO*,18,9.749686328125,0.08926781233710164,0.0773624760331586,337,40,True,d84d099493b973a63d879255d2221c1930d649aa,543f782d80ceb9555130e911c1fcf7074153d267
5,3,0.1,DARP-HILP,19,8.932312499999998,0.08976562500000002,0.05100991204380989,268,12,True,d84d099493b973a63d879255d2221c1930d649aa,543f782d80ceb9555130e911c1fcf7074153d267
5,3,0.1,RAO*,19,9.749686328125,0.08926781233710164,0.08112143003381789,337,40,True,d84d099493b973a63d879255d2221c1930d649aa,543f782d80ceb9555130e911c1fcf7074153d267
5,3,0.1,DARP-HILP,20,8.932312499999998,0.08976562500000002,0.05217513896059245,268,12,True,d84d099493b973a63d879255d2221c1930d649aa,543f782d80ceb9555130e911c1fcf7074153d267
5,3,0.1,RAO*,20,9.749686328125,0.08926781233710164,0.07752117200288922,337,40,True,d84d099493b973a63d879255d2221c1930d649aa,543f782d80ceb9555130e911c1fcf7074153d267
5,3,0.1,DARP-HILP,21,8.932312499999998,0.08976562500000002,0.050716195022687316,268,12,True,d84d099493b973a63d879255d2221c1930d649aa,543f782d80ceb9555130e911c1fcf7074153d267
5,3,0.1,RAO*,21,9.749686328125,0.08926781233710164,0.07928376400377601,337,40,True,d84d099493b973a63d879255d2221c1930d649aa,543f782d80ceb9555130e911c1fcf7074153d267
5,3,0.1,DARP-HILP,22,8.932312499999998,0.08976562500000002,0.050405885092914104,268,12,True,d84d099493b973a63d879255d2221c1930d649aa,543f782d80ceb9555130e911c1fcf7074153d267
5,3,0.1,RAO*,22,9.749686328125,0.08926781233710164,0.07887212000787258,337,40,True,d84d099493b973a63d879255d2221c1930d649aa,543f782d80ceb9555130e911c1fcf7074153d267
5,3,0.1,DARP-HILP,23,8.932312499999998,0.08976562500000002,0.05023412709124386,268,12,True,d84d099493b973a63d879255d2221c1930d649aa,543f782d80ceb9555130e911c1fcf7074153d267
5,3,0.1,RAO*,23,9.749686328125,0.08926781233710164,0.07870077504776418,337,40,True,d84d099493b973a63d879255d2221c1930d649aa,543f782d80ceb9555130e911c1fcf7074153d267
5,3,0.1,DARP-HILP,24,8.932312499999998,0.08976562500000002,0.05119630799163133,268,12,True,d84d099493b973a63d879255d2221c1930d649aa,543f782d80ceb9555130e911c1fcf7074153d267
5,3,0.1,RAO*,24,9.749686328125,0.08926781233710164,0.07908486505039036,337,40,True,d84d099493b973a63d879255d2221c1930d649aa,543f782d80ceb9555130e911c1fcf7074153d267
5,3,0.1,DARP-HILP,25,8.932312499999998,0.08976562500000002,0.05058092309627682,268,12,True,d84d099493b973a63d879255d2221c1930d649aa,543f782d80ceb9555130e911c1fcf7074153d267
5,3,0.1,RAO*,25,9.749686328125,0.08926781233710164,0.07915700401645154,337,40,True,d84d099493b973a63d879255d2221c1930d649aa,543f782d80ceb9555130e911c1fcf7074153d267
5,3,0.2,DARP-HILP,1,8.155624999999999,0.144375,0.03918058495037258,160,9,True,d84d099493b973a63d879255d2221c1930d649aa,543f782d80ceb9555130e911c1fcf7074153d267
5,3,0.2,RAO*,1,8.241031249999999,0.18432793332202302,0.028672628104686737,142,13,True,d84d099493b973a63d879255d2221c1930d649aa,543f782d80ceb9555130e911c1fcf7074153d267
5,3,0.2,DARP-HILP,2,8.155624999999999,0.144375,0.03910301090218127,160,9,True,d84d099493b973a63d879255d2221c1930d649aa,543f782d80ceb9555130e911c1fcf7074153d267
5,3,0.2,RAO*,2,8.241031249999999,0.18432793332202302,0.027743143029510975,142,13,True,d84d099493b973a63d879255d2221c1930d649aa,543f782d80ceb9555130e911c1fcf7074153d267
5,3,0.2,DARP-HILP,3,8.155624999999999,0.144375,0.050266660982742906,160,9,True,d84d099493b973a63d879255d2221c1930d649aa,543f782d80ceb9555130e911c1fcf7074153d267
5,3,0.2,RAO*,3,8.241031249999999,0.18432793332202302,0.040472752996720374,142,13,True,d84d099493b973a63d879255d2221c1930d649aa,543f782d80ceb9555130e911c1fcf7074153d267
5,3,0.2,DARP-HILP,4,8.155624999999999,0.144375,0.054556465009227395,160,9,True,d84d099493b973a63d879255d2221c1930d649aa,543f782d80ceb9555130e911c1fcf7074153d267
5,3,0.2,RAO*,4,8.241031249999999,0.18432793332202302,0.03297222300898284,142,13,True,d84d099493b973a63d879255d2221c1930d649aa,543f782d80ceb9555130e911c1fcf7074153d267
5,3,0.2,DARP-HILP,5,8.155624999999999,0.144375,0.04041303298436105,160,9,True,d84d099493b973a63d879255d2221c1930d649aa,543f782d80ceb9555130e911c1fcf7074153d267
5,3,0.2,RAO*,5,8.241031249999999,0.18432793332202302,0.02789750404190272,142,13,True,d84d099493b973a63d879255d2221c1930d649aa,543f782d80ceb9555130e911c1fcf7074153d267
5,3,0.2,DARP-HILP,6,8.155624999999999,0.144375,0.04026502009946853,160,9,True,d84d099493b973a63d879255d2221c1930d649aa,543f782d80ceb9555130e911c1fcf7074153d267
5,3,0.2,RAO*,6,8.241031249999999,0.18432793332202302,0.029839648981578648,142,13,True,d84d099493b973a63d879255d2221c1930d649aa,543f782d80ceb9555130e911c1fcf7074153d267
5,3,0.2,DARP-HILP,7,8.155624999999999,0.144375,0.041738833067938685,160,9,True,d84d099493b973a63d879255d2221c1930d649aa,543f782d80ceb9555130e911c1fcf7074153d267
5,3,0.2,RAO*,7,8.241031249999999,0.18432793332202302,0.02927063696552068,142,13,True,d84d099493b973a63d879255d2221c1930d649aa,543f782d80ceb9555130e911c1fcf7074153d267
5,3,0.2,DARP-HILP,8,8.155624999999999,0.144375,0.03929071803577244,160,9,True,d84d099493b973a63d879255d2221c1930d649aa,543f782d80ceb9555130e911c1fcf7074153d267
5,3,0.2,RAO*,8,8.241031249999999,0.18432793332202302,0.027938761981204152,142,13,True,d84d099493b973a63d879255d2221c1930d649aa,543f782d80ceb9555130e911c1fcf7074153d267
5,3,0.2,DARP-HILP,9,8.155624999999999,0.144375,0.041324802092276514,160,9,True,d84d099493b973a63d879255d2221c1930d649aa,543f782d80ceb9555130e911c1fcf7074153d267
5,3,0.2,RAO*,9,8.241031249999999,0.18432793332202302,0.028845536056905985,142,13,True,d84d099493b973a63d879255d2221c1930d649aa,543f782d80ceb9555130e911c1fcf7074153d267
5,3,0.2,DARP-HILP,10,8.155624999999999,0.144375,0.040345528977923095,160,9,True,d84d099493b973a63d879255d2221c1930d649aa,543f782d80ceb9555130e911c1fcf7074153d267
5,3,0.2,RAO*,10,8.241031249999999,0.18432793332202302,0.02738402900286019,142,13,True,d84d099493b973a63d879255d2221c1930d649aa,543f782d80ceb9555130e911c1fcf7074153d267
5,3,0.2,DARP-HILP,11,8.155624999999999,0.144375,0.04198238509707153,160,9,True,d84d099493b973a63d879255d2221c1930d649aa,543f782d80ceb9555130e911c1fcf7074153d267
5,3,0.2,RAO*,11,8.241031249999999,0.18432793332202302,0.028914393042214215,142,13,True,d84d099493b973a63d879255d2221c1930d649aa,543f782d80ceb9555130e911c1fcf7074153d267
5,3,0.2,DARP-HILP,12,8.155624999999999,0.144375,0.043548337067477405,160,9,True,d84d099493b973a63d879255d2221c1930d649aa,543f782d80ceb9555130e911c1fcf7074153d267
5,3,0.2,RAO*,12,8.241031249999999,0.18432793332202302,0.036072587012313306,142,13,True,d84d099493b973a63d879255d2221c1930d649aa,543f782d80ceb9555130e911c1fcf7074153d267
5,3,0.2,DARP-HILP,13,8.155624999999999,0.144375,0.045873055001720786,160,9,True,d84d099493b973a63d879255d2221c1930d649aa,543f782d80ceb9555130e911c1fcf7074153d267
5,3,0.2,RAO*,13,8.241031249999999,0.18432793332202302,0.03219628008082509,142,13,True,d84d099493b973a63d879255d2221c1930d649aa,543f782d80ceb9555130e911c1fcf7074153d267
5,3,0.2,DARP-HILP,14,8.155624999999999,0.144375,0.04065756103955209,160,9,True,d84d099493b973a63d879255d2221c1930d649aa,543f782d80ceb9555130e911c1fcf7074153d267
5,3,0.2,RAO*,14,8.241031249999999,0.18432793332202302,0.02834946196526289,142,13,True,d84d099493b973a63d879255d2221c1930d649aa,543f782d80ceb9555130e911c1fcf7074153d267
5,3,0.2,DARP-HILP,15,8.155624999999999,0.144375,0.06644406693521887,160,9,True,d84d099493b973a63d879255d2221c1930d649aa,543f782d80ceb9555130e911c1fcf7074153d267
5,3,0.2,RAO*,15,8.241031249999999,0.18432793332202302,0.03796476894058287,142,13,True,d84d099493b973a63d879255d2221c1930d649aa,543f782d80ceb9555130e911c1fcf7074153d267
5,3,0.2,DARP-HILP,16,8.155624999999999,0.144375,0.04791349696461111,160,9,True,d84d099493b973a63d879255d2221c1930d649aa,543f782d80ceb9555130e911c1fcf7074153d267
5,3,0.2,RAO*,16,8.241031249999999,0.18432793332202302,0.03528475493658334,142,13,True,d84d099493b973a63d879255d2221c1930d649aa,543f782d80ceb9555130e911c1fcf7074153d267
5,3,0.2,DARP-HILP,17,8.155624999999999,0.144375,0.0400483189150691,160,9,True,d84d099493b973a63d879255d2221c1930d649aa,543f782d80ceb9555130e911c1fcf7074153d267
5,3,0.2,RAO*,17,8.241031249999999,0.18432793332202302,0.03108834906015545,142,13,True,d84d099493b973a63d879255d2221c1930d649aa,543f782d80ceb9555130e911c1fcf7074153d267
5,3,0.2,DARP-HILP,18,8.155624999999999,0.144375,0.047319767996668816,160,9,True,d84d099493b973a63d879255d2221c1930d649aa,543f782d80ceb9555130e911c1fcf7074153d267
5,3,0.2,RAO*,18,8.241031249999999,0.18432793332202302,0.03190757194533944,142,13,True,d84d099493b973a63d879255d2221c1930d649aa,543f782d80ceb9555130e911c1fcf7074153d267
5,3,0.2,DARP-HILP,19,8.155624999999999,0.144375,0.04577653296291828,160,9,True,d84d099493b973a63d879255d2221c1930d649aa,543f782d80ceb9555130e911c1fcf7074153d267
5,3,0.2,RAO*,19,8.241031249999999,0.18432793332202302,0.04389610793441534,142,13,True,d84d099493b973a63d879255d2221c1930d649aa,543f782d80ceb9555130e911c1fcf7074153d267
5,3,0.2,DARP-HILP,20,8.155624999999999,0.144375,0.06106494599953294,160,9,True,d84d099493b973a63d879255d2221c1930d649aa,543f782d80ceb9555130e911c1fcf7074153d267
5,3,0.2,RAO*,20,8.241031249999999,0.18432793332202302,0.06147354899439961,142,13,True,d84d099493b973a63d879255d2221c1930d649aa,543f782d80ceb9555130e911c1fcf7074153d267
5,3,0.2,DARP-HILP,21,8.155624999999999,0.144375,0.04642299807164818,160,9,True,d84d099493b973a63d879255d2221c1930d649aa,543f782d80ceb9555130e911c1fcf7074153d267
5,3,0.2,RAO*,21,8.241031249999999,0.18432793332202302,0.03319952997844666,142,13,True,d84d099493b973a63d879255d2221c1930d649aa,543f782d80ceb9555130e911c1fcf7074153d267
5,3,0.2,DARP-HILP,22,8.155624999999999,0.144375,0.04996237996965647,160,9,True,d84d099493b973a63d879255d2221c1930d649aa,543f782d80ceb9555130e911c1fcf7074153d267
5,3,0.2,RAO*,22,8.241031249999999,0.18432793332202302,0.04117491899523884,142,13,True,d84d099493b973a63d879255d2221c1930d649aa,543f782d80ceb9555130e911c1fcf7074153d267
5,3,0.2,DARP-HILP,23,8.155624999999999,0.144375,0.052130118012428284,160,9,True,d84d099493b973a63d879255d2221c1930d649aa,543f782d80ceb9555130e911c1fcf7074153d267
5,3,0.2,RAO*,23,8.241031249999999,0.18432793332202302,0.02771119400858879,142,13,True,d84d099493b973a63d879255d2221c1930d649aa,543f782d80ceb9555130e911c1fcf7074153d267
5,3,0.2,DARP-HILP,24,8.155624999999999,0.144375,0.0388499180553481,160,9,True,d84d099493b973a63d879255d2221c1930d649aa,543f782d80ceb9555130e911c1fcf7074153d267
5,3,0.2,RAO*,24,8.241031249999999,0.18432793332202302,0.03231107699684799,142,13,True,d84d099493b973a63d879255d2221c1930d649aa,543f782d80ceb9555130e911c1fcf7074153d267
5,3,0.2,DARP-HILP,25,8.155624999999999,0.144375,0.045091085019521415,160,9,True,d84d099493b973a63d879255d2221c1930d649aa,543f782d80ceb9555130e911c1fcf7074153d267
5,3,0.2,RAO*,25,8.241031249999999,0.18432793332202302,0.02990968502126634,142,13,True,d84d099493b973a63d879255d2221c1930d649aa,543f782d80ceb9555130e911c1fcf7074153d267
5,3,0.3,DARP-HILP,1,8.155624999999999,0.144375,0.04299517197068781,172,9,True,d84d099493b973a63d879255d2221c1930d649aa,543f782d80ceb9555130e911c1fcf7074153d267
5,3,0.3,RAO*,1,8.241031249999999,0.18432793332202302,0.027851132908836007,175,15,True,d84d099493b973a63d879255d2221c1930d649aa,543f782d80ceb9555130e911c1fcf7074153d267
5,3,0.3,DARP-HILP,2,8.155624999999999,0.144375,0.03914963093120605,172,9,True,d84d099493b973a63d879255d2221c1930d649aa,543f782d80ceb9555130e911c1fcf7074153d267
5,3,0.3,RAO*,2,8.241031249999999,0.18432793332202302,0.02806309494189918,175,15,True,d84d099493b973a63d879255d2221c1930d649aa,543f782d80ceb9555130e911c1fcf7074153d267
5,3,0.3,DARP-HILP,3,8.155624999999999,0.144375,0.04114277590997517,172,9,True,d84d099493b973a63d879255d2221c1930d649aa,543f782d80ceb9555130e911c1fcf7074153d267
5,3,0.3,RAO*,3,8.241031249999999,0.18432793332202302,0.028204253991134465,175,15,True,d84d099493b973a63d879255d2221c1930d649aa,543f782d80ceb9555130e911c1fcf7074153d267
5,3,0.3,DARP-HILP,4,8.155624999999999,0.144375,0.039872501976788044,172,9,True,d84d099493b973a63d879255d2221c1930d649aa,543f782d80ceb9555130e911c1fcf7074153d267
5,3,0.3,RAO*,4,8.241031249999999,0.18432793332202302,0.033248389954678714,175,15,True,d84d099493b973a63d879255d2221c1930d649aa,543f782d80ceb9555130e911c1fcf7074153d267
5,3,0.3,DARP-HILP,5,8.155624999999999,0.144375,0.0403712879633531,172,9,True,d84d099493b973a63d879255d2221c1930d649aa,543f782d80ceb9555130e911c1fcf7074153d267
5,3,0.3,RAO*,5,8.241031249999999,0.18432793332202302,0.028893881011754274,175,15,True,d84d099493b973a63d879255d2221c1930d649aa,543f782d80ceb9555130e911c1fcf7074153d267
5,3,0.3,DARP-HILP,6,8.155624999999999,0.144375,0.0396675729425624,172,9,True,d84d099493b973a63d879255d2221c1930d649aa,543f782d80ceb9555130e911c1fcf7074153d267
5,3,0.3,RAO*,6,8.241031249999999,0.18432793332202302,0.027963544009253383,175,15,True,d84d099493b973a63d879255d2221c1930d649aa,543f782d80ceb9555130e911c1fcf7074153d267
5,3,0.3,DARP-HILP,7,8.155624999999999,0.144375,0.0390207099262625,172,9,True,d84d099493b973a63d879255d2221c1930d649aa,543f782d80ceb9555130e911c1fcf7074153d267
5,3,0.3,RAO*,7,8.241031249999999,0.18432793332202302,0.0288552469573915,175,15,True,d84d099493b973a63d879255d2221c1930d649aa,543f782d80ceb9555130e911c1fcf7074153d267
5,3,0.3,DARP-HILP,8,8.155624999999999,0.144375,0.03939733898732811,172,9,True,d84d099493b973a63d879255d2221c1930d649aa,543f782d80ceb9555130e911c1fcf7074153d267
5,3,0.3,RAO*,8,8.241031249999999,0.18432793332202302,0.02827448199968785,175,15,True,d84d099493b973a63d879255d2221c1930d649aa,543f782d80ceb9555130e911c1fcf7074153d267
5,3,0.3,DARP-HILP,9,8.155624999999999,0.144375,0.03934659401420504,172,9,True,d84d099493b973a63d879255d2221c1930d649aa,543f782d80ceb9555130e911c1fcf7074153d267
5,3,0.3,RAO*,9,8.241031249999999,0.18432793332202302,0.03236439707688987,175,15,True,d84d099493b973a63d879255d2221c1930d649aa,543f782d80ceb9555130e911c1fcf7074153d267
5,3,0.3,DARP-HILP,10,8.155624999999999,0.144375,0.04225278797093779,172,9,True,d84d099493b973a63d879255d2221c1930d649aa,543f782d80ceb9555130e911c1fcf7074153d267
5,3,0.3,RAO*,10,8.241031249999999,0.18432793332202302,0.03200470900628716,175,15,True,d84d099493b973a63d879255d2221c1930d649aa,543f782d80ceb9555130e911c1fcf7074153d267
5,3,0.3,DARP-HILP,11,8.155624999999999,0.144375,0.041768837021663785,172,9,True,d84d099493b973a63d879255d2221c1930d649aa,543f782d80ceb9555130e911c1fcf7074153d267
5,3,0.3,RAO*,11,8.241031249999999,0.18432793332202302,0.030473083956167102,175,15,True,d84d099493b973a63d879255d2221c1930d649aa,543f782d80ceb9555130e911c1fcf7074153d267
5,3,0.3,DARP-HILP,12,8.155624999999999,0.144375,0.04023643000982702,172,9,True,d84d099493b973a63d879255d2221c1930d649aa,543f782d80ceb9555130e911c1fcf7074153d267
5,3,0.3,RAO*,12,8.241031249999999,0.18432793332202302,0.03515580797102302,175,15,True,d84d099493b973a63d879255d2221c1930d649aa,543f782d80ceb9555130e911c1fcf7074153d267
5,3,0.3,DARP-HILP,13,8.155624999999999,0.144375,0.046653011930175126,172,9,True,d84d099493b973a63d879255d2221c1930d649aa,543f782d80ceb9555130e911c1fcf7074153d267
5,3,0.3,RAO*,13,8.241031249999999,0.18432793332202302,0.03327159595210105,175,15,True,d84d099493b973a63d879255d2221c1930d649aa,543f782d80ceb9555130e911c1fcf7074153d267
5,3,0.3,DARP-HILP,14,8.155624999999999,0.144375,0.04558094602543861,172,9,True,d84d099493b973a63d879255d2221c1930d649aa,543f782d80ceb9555130e911c1fcf7074153d267
5,3,0.3,RAO*,14,8.241031249999999,0.18432793332202302,0.03224347694776952,175,15,True,d84d099493b973a63d879255d2221c1930d649aa,543f782d80ceb9555130e911c1fcf7074153d267
5,3,0.3,DARP-HILP,15,8.155624999999999,0.144375,0.04740076302550733,172,9,True,d84d099493b973a63d879255d2221c1930d649aa,543f782d80ceb9555130e911c1fcf7074153d267
5,3,0.3,RAO*,15,8.241031249999999,0.18432793332202302,0.03348895302042365,175,15,True,d84d099493b973a63d879255d2221c1930d649aa,543f782d80ceb9555130e911c1fcf7074153d267
5,3,0.3,DARP-HILP,16,8.155624999999999,0.144375,0.038171730004251,172,9,True,d84d099493b973a63d879255d2221c1930d649aa,543f782d80ceb9555130e911c1fcf7074153d267
5,3,0.3,RAO*,16,8.241031249999999,0.18432793332202302,0.02771085803397,175,15,True,d84d099493b973a63d879255d2221c1930d649aa,543f782d80ceb9555130e911c1fcf7074153d267
5,3,0.3,DARP-HILP,17,8.155624999999999,0.144375,0.037870252039283514,172,9,True,d84d099493b973a63d879255d2221c1930d649aa,543f782d80ceb9555130e911c1fcf7074153d267
5,3,0.3,RAO*,17,8.241031249999999,0.18432793332202302,0.02820565307047218,175,15,True,d84d099493b973a63d879255d2221c1930d649aa,543f782d80ceb9555130e911c1fcf7074153d267
5,3,0.3,DARP-HILP,18,8.155624999999999,0.144375,0.03817740909289569,172,9,True,d84d099493b973a63d879255d2221c1930d649aa,543f782d80ceb9555130e911c1fcf7074153d267
5,3,0.3,RAO*,18,8.241031249999999,0.18432793332202302,0.02817679801955819,175,15,True,d84d099493b973a63d879255d2221c1930d649aa,543f782d80ceb9555130e911c1fcf7074153d267
5,3,0.3,DARP-HILP,19,8.155624999999999,0.144375,0.038112091016955674,172,9,True,d84d099493b973a63d879255d2221c1930d649aa,543f782d80ceb9555130e911c1fcf7074153d267
5,3,0.3,RAO*,19,8.241031249999999,0.18432793332202302,0.02795657597016543,175,15,True,d84d099493b973a63d879255d2221c1930d649aa,543f782d80ceb9555130e911c1fcf7074153d267
5,3,0.3,DARP-HILP,20,8.155624999999999,0.144375,0.03892460197675973,172,9,True,d84d099493b973a63d879255d2221c1930d649aa,543f782d80ceb9555130e911c1fcf7074153d267
5,3,0.3,RAO*,20,8.241031249999999,0.18432793332202302,0.02919682499486953,175,15,True,d84d099493b973a63d879255d2221c1930d649aa,543f782d80ceb9555130e911c1fcf7074153d267
5,3,0.3,DARP-HILP,21,8.155624999999999,0.144375,0.03990828897804022,172,9,True,d84d099493b973a63d879255d2221c1930d649aa,543f782d80ceb9555130e911c1fcf7074153d267
5,3,0.3,RAO*,21,8.241031249999999,0.18432793332202302,0.034045484964735806,175,15,True,d84d099493b973a63d879255d2221c1930d649aa,543f782d80ceb9555130e911c1fcf7074153d267
5,3,0.3,DARP-HILP,22,8.155624999999999,0.144375,0.0397362329531461,172,9,True,d84d099493b973a63d879255d2221c1930d649aa,543f782d80ceb9555130e911c1fcf7074153d267
5,3,0.3,RAO*,22,8.241031249999999,0.18432793332202302,0.0297479439759627,175,15,True,d84d099493b973a63d879255d2221c1930d649aa,543f782d80ceb9555130e911c1fcf7074153d267
5,3,0.3,DARP-HILP,23,8.155624999999999,0.144375,0.04138612106908113,172,9,True,d84d099493b973a63d879255d2221c1930d649aa,543f782d80ceb9555130e911c1fcf7074153d267
5,3,0.3,RAO*,23,8.241031249999999,0.18432793332202302,0.028644329984672368,175,15,True,d84d099493b973a63d879255d2221c1930d649aa,543f782d80ceb9555130e911c1fcf7074153d267
5,3,0.3,DARP-HILP,24,8.155624999999999,0.144375,0.04368540598079562,172,9,True,d84d099493b973a63d879255d2221c1930d649aa,543f782d80ceb9555130e911c1fcf7074153d267
5,3,0.3,RAO*,24,8.241031249999999,0.18432793332202302,0.03063376701902598,175,15,True,d84d099493b973a63d879255d2221c1930d649aa,543f782d80ceb9555130e911c1fcf7074153d267
5,3,0.3,DARP-HILP,25,8.155624999999999,0.144375,0.042144258972257376,172,9,True,d84d099493b973a63d879255d2221c1930d649aa,543f782d80ceb9555130e911c1fcf7074153d267
5,3,0.3,RAO*,25,8.241031249999999,0.18432793332202302,0.02967048902064562,175,15,True,d84d099493b973a63d879255d2221c1930d649aa,543f782d80ceb9555130e911c1fcf7074153d267
5,4,0.1,DARP-HILP,1,9.679810263671875,0.09923649803466798,0.24310828105080873,1084,22,True,d84d099493b973a63d879255d2221c1930d649aa,543f782d80ceb9555130e911c1fcf7074153d267
5,4,0.1,RAO*,1,10.775187066467288,0.06560473067238873,0.5360822710208595,1309,135,True,d84d099493b973a63d879255d2221c1930d649aa,543f782d80ceb9555130e911c1fcf7074153d267
5,4,0.1,DARP-HILP,2,9.679810263671875,0.09923649803466798,0.2399525820510462,1084,22,True,d84d099493b973a63d879255d2221c1930d649aa,543f782d80ceb9555130e911c1fcf7074153d267
5,4,0.1,RAO*,2,10.775187066467288,0.06560473067238873,0.49469542503356934,1309,135,True,d84d099493b973a63d879255d2221c1930d649aa,543f782d80ceb9555130e911c1fcf7074153d267
5,4,0.1,DARP-HILP,3,9.679810263671875,0.09923649803466798,0.2556233729701489,1084,22,True,d84d099493b973a63d879255d2221c1930d649aa,543f782d80ceb9555130e911c1fcf7074153d267
5,4,0.1,RAO*,3,10.775187066467288,0.06560473067238873,0.5206645210273564,1309,135,True,d84d099493b973a63d879255d2221c1930d649aa,543f782d80ceb9555130e911c1fcf7074153d267
5,4,0.1,DARP-HILP,4,9.679810263671875,0.09923649803466798,0.2529388259863481,1084,22,True,d84d099493b973a63d879255d2221c1930d649aa,543f782d80ceb9555130e911c1fcf7074153d267
5,4,0.1,RAO*,4,10.775187066467288,0.06560473067238873,0.5048832659376785,1309,135,True,d84d099493b973a63d879255d2221c1930d649aa,543f782d80ceb9555130e911c1fcf7074153d267
5,4,0.1,DARP-HILP,5,9.679810263671875,0.09923649803466798,0.26357004803139716,1084,22,True,d84d099493b973a63d879255d2221c1930d649aa,543f782d80ceb9555130e911c1fcf7074153d267
5,4,0.1,RAO*,5,10.775187066467288,0.06560473067238873,0.45457691396586597,1309,135,True,d84d099493b973a63d879255d2221c1930d649aa,543f782d80ceb9555130e911c1fcf7074153d267
5,4,0.1,DARP-HILP,6,9.679810263671875,0.09923649803466798,0.26528960396535695,1084,22,True,d84d099493b973a63d879255d2221c1930d649aa,543f782d80ceb9555130e911c1fcf7074153d267
5,4,0.1,RAO*,6,10.775187066467288,0.06560473067238873,0.5973061110125855,1309,135,True,d84d099493b973a63d879255d2221c1930d649aa,543f782d80ceb9555130e911c1fcf7074153d267
5,4,0.1,DARP-HILP,7,9.679810263671875,0.09923649803466798,0.2996216209139675,1084,22,True,d84d099493b973a63d879255d2221c1930d649aa,543f782d80ceb9555130e911c1fcf7074153d267
5,4,0.1,RAO*,7,10.775187066467288,0.06560473067238873,0.5127675920957699,1309,135,True,d84d099493b973a63d879255d2221c1930d649aa,543f782d80ceb9555130e911c1fcf7074153d267
5,4,0.1,DARP-HILP,8,9.679810263671875,0.09923649803466798,0.2855560750467703,1084,22,True,d84d099493b973a63d879255d2221c1930d649aa,543f782d80ceb9555130e911c1fcf7074153d267
5,4,0.1,RAO*,8,10.775187066467288,0.06560473067238873,0.539625626988709,1309,135,True,d84d099493b973a63d879255d2221c1930d649aa,543f782d80ceb9555130e911c1fcf7074153d267
5,4,0.1,DARP-HILP,9,9.679810263671875,0.09923649803466798,0.28242817602586,1084,22,True,d84d099493b973a63d879255d2221c1930d649aa,543f782d80ceb9555130e911c1fcf7074153d267
5,4,0.1,RAO*,9,10.775187066467288,0.06560473067238873,0.49186458403710276,1309,135,True,d84d099493b973a63d879255d2221c1930d649aa,543f782d80ceb9555130e911c1fcf7074153d267
5,4,0.1,DARP-HILP,10,9.679810263671875,0.09923649803466798,0.25415626901667565,1084,22,True,d84d099493b973a63d879255d2221c1930d649aa,543f782d80ceb9555130e911c1fcf7074153d267
5,4,0.1,RAO*,10,10.775187066467288,0.06560473067238873,0.4817069210112095,1309,135,True,d84d099493b973a63d879255d2221c1930d649aa,543f782d80ceb9555130e911c1fcf7074153d267
5,4,0.1,DARP-HILP,11,9.679810263671875,0.09923649803466798,0.24620009202044457,1084,22,True,d84d099493b973a63d879255d2221c1930d649aa,543f782d80ceb9555130e911c1fcf7074153d267
5,4,0.1,RAO*,11,10.775187066467288,0.06560473067238873,0.4674606809858233,1309,135,True,d84d099493b973a63d879255d2221c1930d649aa,543f782d80ceb9555130e911c1fcf7074153d267
5,4,0.1,DARP-HILP,12,9.679810263671875,0.09923649803466798,0.2666172339813784,1084,22,True,d84d099493b973a63d879255d2221c1930d649aa,543f782d80ceb9555130e911c1fcf7074153d267
5,4,0.1,RAO*,12,10.775187066467288,0.06560473067238873,0.4950802599778399,1309,135,True,d84d099493b973a63d879255d2221c1930d649aa,543f782d80ceb9555130e911c1fcf7074153d267
5,4,0.1,DARP-HILP,13,9.679810263671875,0.09923649803466798,0.24879790493287146,1084,22,True,d84d099493b973a63d879255d2221c1930d649aa,543f782d80ceb9555130e911c1fcf7074153d267
5,4,0.1,RAO*,13,10.775187066467288,0.06560473067238873,0.4708153479732573,1309,135,True,d84d099493b973a63d879255d2221c1930d649aa,543f782d80ceb9555130e911c1fcf7074153d267
5,4,0.1,DARP-HILP,14,9.679810263671875,0.09923649803466798,0.25584470108151436,1084,22,True,d84d099493b973a63d879255d2221c1930d649aa,543f782d80ceb9555130e911c1fcf7074153d267
5,4,0.1,RAO*,14,10.775187066467288,0.06560473067238873,0.4766271719709039,1309,135,True,d84d099493b973a63d879255d2221c1930d649aa,543f782d80ceb9555130e911c1fcf7074153d267
5,4,0.1,DARP-HILP,15,9.679810263671875,0.09923649803466798,0.24733955401461571,1084,22,True,d84d099493b973a63d879255d2221c1930d649aa,543f782d80ceb9555130e911c1fcf7074153d267
5,4,0.1,RAO*,15,10.775187066467288,0.06560473067238873,0.4905698139918968,1309,135,True,d84d099493b973a63d879255d2221c1930d649aa,543f782d80ceb9555130e911c1fcf7074153d267
5,4,0.1,DARP-HILP,16,9.679810263671875,0.09923649803466798,0.255438597057946,1084,22,True,d84d099493b973a63d879255d2221c1930d649aa,543f782d80ceb9555130e911c1fcf7074153d267
5,4,0.1,RAO*,16,10.775187066467288,0.06560473067238873,0.5017074249917641,1309,135,True,d84d099493b973a63d879255d2221c1930d649aa,543f782d80ceb9555130e911c1fcf7074153d267
5,4,0.1,DARP-HILP,17,9.679810263671875,0.09923649803466798,0.3122798699187115,1084,22,True,d84d099493b973a63d879255d2221c1930d649aa,543f782d80ceb9555130e911c1fcf7074153d267
5,4,0.1,RAO*,17,10.775187066467288,0.06560473067238873,0.5128655170556158,1309,135,True,d84d099493b973a63d879255d2221c1930d649aa,543f782d80ceb9555130e911c1fcf7074153d267
5,4,0.1,DARP-HILP,18,9.679810263671875,0.09923649803466798,0.2616787339793518,1084,22,True,d84d099493b973a63d879255d2221c1930d649aa,543f782d80ceb9555130e911c1fcf7074153d267
5,4,0.1,RAO*,18,10.775187066467288,0.06560473067238873,0.5208596959710121,1309,135,True,d84d099493b973a63d879255d2221c1930d649aa,543f782d80ceb9555130e911c1fcf7074153d267
5,4,0.1,DARP-HILP,19,9.679810263671875,0.09923649803466798,0.24606885900720954,1084,22,True,d84d099493b973a63d879255d2221c1930d649aa,543f782d80ceb9555130e911c1fcf7074153d267
5,4,0.1,RAO*,19,10.775187066467288,0.06560473067238873,0.48369803198147565,1309,135,True,d84d099493b973a63d879255d2221c1930d649aa,543f782d80ceb9555130e911c1fcf7074153d267
5,4,0.1,DARP-HILP,20,9.679810263671875,0.09923649803466798,0.24704515503253788,1084,22,True,d84d099493b973a63d879255d2221c1930d649aa,543f782d80ceb9555130e911c1fcf7074153d267
5,4,0.1,RAO*,20,10.775187066467288,0.06560473067238873,0.5170855609467253,1309,135,True,d84d099493b973a63d879255d2221c1930d649aa,543f782d80ceb9555130e911c1fcf7074153d267
5,4,0.1,DARP-HILP,21,9.679810263671875,0.09923649803466798,0.22942075598984957,1084,22,True,d84d099493b973a63d879255d2221c1930d649aa,543f782d80ceb9555130e911c1fcf7074153d267
5,4,0.1,RAO*,21,10.775187066467288,0.06560473067238873,0.46075584599748254,1309,135,True,d84d099493b973a63d879255d2221c1930d649aa,543f782d80ceb9555130e911c1fcf7074153d267
5,4,0.1,DARP-HILP,22,9.679810263671875,0.09923649803466798,0.23310888197738677,1084,22,True,d84d099493b973a63d879255d2221c1930d649aa,543f782d80ceb9555130e911c1fcf7074153d267
5,4,0.1,RAO*,22,10.775187066467288,0.06560473067238873,0.4906739960424602,1309,135,True,d84d099493b973a63d879255d2221c1930d649aa,543f782d80ceb9555130e911c1fcf7074153d267
5,4,0.1,DARP-HILP,23,9.679810263671875,0.09923649803466798,0.2383527409983799,1084,22,True,d84d099493b973a63d879255d2221c1930d649aa,543f782d80ceb9555130e911c1fcf7074153d267
5,4,0.1,RAO*,23,10.775187066467288,0.06560473067238873,0.5028896370204166,1309,135,True,d84d099493b973a63d879255d2221c1930d649aa,543f782d80ceb9555130e911c1fcf7074153d267
5,4,0.1,DARP-HILP,24,9.679810263671875,0.09923649803466798,0.261046375031583,1084,22,True,d84d099493b973a63d879255d2221c1930d649aa,543f782d80ceb9555130e911c1fcf7074153d267
5,4,0.1,RAO*,24,10.775187066467288,0.06560473067238873,0.4547772330697626,1309,135,True,d84d099493b973a63d879255d2221c1930d649aa,543f782d80ceb9555130e911c1fcf7074153d267
5,4,0.1,DARP-HILP,25,9.679810263671875,0.09923649803466798,0.2644682819955051,1084,22,True,d84d099493b973a63d879255d2221c1930d649aa,543f782d80ceb9555130e911c1fcf7074153d267
5,4,0.1,RAO*,25,10.775187066467288,0.06560473067238873,0.46381166600622237,1309,135,True,d84d099493b973a63d879255d2221c1930d649aa,543f782d80ceb9555130e911c1fcf7074153d267
5,4,0.2,DARP-HILP,1,8.241031249999999,0.15480147923583987,0.11828006408177316,592,13,True,d84d099493b973a63d879255d2221c1930d649aa,543f782d80ceb9555130e911c1fcf7074153d267
5,4,0.2,RAO*,1,8.330533203125,0.1873195386398268,0.22509356099180877,550,48,True,d84d099493b973a63d879255d2221c1930d649aa,543f782d80ceb9555130e911c1fcf7074153d267
5,4,0.2,DARP-HILP,2,8.241031249999999,0.15480147923583987,0.16913528693839908,592,13,True,d84d099493b973a63d879255d2221c1930d649aa,543f782d80ceb9555130e911c1fcf7074153d267
5,4,0.2,RAO*,2,8.330533203125,0.1873195386398268,0.20785828004591167,550,48,True,d84d099493b973a63d879255d2221c1930d649aa,543f782d80ceb9555130e911c1fcf7074153d267
5,4,0.2,DARP-HILP,3,8.241031249999999,0.15480147923583987,0.1379578070482239,592,13,True,d84d099493b973a63d879255d2221c1930d649aa,543f782d80ceb9555130e911c1fcf7074153d267
5,4,0.2,RAO*,3,8.330533203125,0.1873195386398268,0.21623418806120753,550,48,True,d84d099493b973a63d879255d2221c1930d649aa,543f782d80ceb9555130e911c1fcf7074153d267
5,4,0.2,DARP-HILP,4,8.241031249999999,0.15480147923583987,0.13841931894421577,592,13,True,d84d099493b973a63d879255d2221c1930d649aa,543f782d80ceb9555130e911c1fcf7074153d267
5,4,0.2,RAO*,4,8.330533203125,0.1873195386398268,0.1873539419611916,550,48,True,d84d099493b973a63d879255d2221c1930d649aa,543f782d80ceb9555130e911c1fcf7074153d267
5,4,0.2,DARP-HILP,5,8.241031249999999,0.15480147923583987,0.12316352198831737,592,13,True,d84d099493b973a63d879255d2221c1930d649aa,543f782d80ceb9555130e911c1fcf7074153d267
5,4,0.2,RAO*,5,8.330533203125,0.1873195386398268,0.19155918003525585,550,48,True,d84d099493b973a63d879255d2221c1930d649aa,543f782d80ceb9555130e911c1fcf7074153d267
5,4,0.2,DARP-HILP,6,8.241031249999999,0.15480147923583987,0.12413530703634024,592,13,True,d84d099493b973a63d879255d2221c1930d649aa,543f782d80ceb9555130e911c1fcf7074153d267
5,4,0.2,RAO*,6,8.330533203125,0.1873195386398268,0.2042704130290076,550,48,True,d84d099493b973a63d879255d2221c1930d649aa,543f782d80ceb9555130e911c1fcf7074153d267
5,4,0.2,DARP-HILP,7,8.241031249999999,0.15480147923583987,0.12515578710008413,592,13,True,d84d099493b973a63d879255d2221c1930d649aa,543f782d80ceb9555130e911c1fcf7074153d267
5,4,0.2,RAO*,7,8.330533203125,0.1873195386398268,0.20698474196251482,550,48,True,d84d099493b973a63d879255d2221c1930d649aa,543f782d80ceb9555130e911c1fcf7074153d267
5,4,0.2,DARP-HILP,8,8.241031249999999,0.15480147923583987,0.15261954604648054,592,13,True,d84d099493b973a63d879255d2221c1930d649aa,543f782d80ceb9555130e911c1fcf7074153d267
5,4,0.2,RAO*,8,8.330533203125,0.1873195386398268,0.19902823597658426,550,48,True,d84d099493b973a63d879255d2221c1930d649aa,543f782d80ceb9555130e911c1fcf7074153d267
5,4,0.2,DARP-HILP,9,8.241031249999999,0.15480147923583987,0.11979031993541867,592,13,True,d84d099493b973a63d879255d2221c1930d649aa,543f782d80ceb9555130e911c1fcf7074153d267
5,4,0.2,RAO*,9,8.330533203125,0.1873195386398268,0.21165409905370325,550,48,True,d84d099493b973a63d879255d2221c1930d649aa,543f782d80ceb9555130e911c1fcf7074153d267
5,4,0.2,DARP-HILP,10,8.241031249999999,0.15480147923583987,0.12322820303961635,592,13,True,d84d099493b973a63d879255d2221c1930d649aa,543f782d80ceb9555130e911c1fcf7074153d267
5,4,0.2,RAO*,10,8.330533203125,0.1873195386398268,0.19676322594750673,550,48,True,d84d099493b973a63d879255d2221c1930d649aa,543f782d80ceb9555130e911c1fcf7074153d267
5,4,0.2,DARP-HILP,11,8.241031249999999,0.15480147923583987,0.121260353946127,592,13,True,d84d099493b973a63d879255d2221c1930d649aa,543f782d80ceb9555130e911c1fcf7074153d267
5,4,0.2,RAO*,11,8.330533203125,0.1873195386398268,0.21416574099566787,550,48,True,d84d099493b973a63d879255d2221c1930d649aa,543f782d80ceb9555130e911c1fcf7074153d267
5,4,0.2,DARP-HILP,12,8.241031249999999,0.15480147923583987,0.1530447219265625,592,13,True,d84d099493b973a63d879255d2221c1930d649aa,543f782d80ceb9555130e911c1fcf7074153d267
5,4,0.2,RAO*,12,8.330533203125,0.1873195386398268,0.20759820099920034,550,48,True,d84d099493b973a63d879255d2221c1930d649aa,543f782d80ceb9555130e911c1fcf7074153d267
5,4,0.2,DARP-HILP,13,8.241031249999999,0.15480147923583987,0.14748384291306138,592,13,True,d84d099493b973a63d879255d2221c1930d649aa,543f782d80ceb9555130e911c1fcf7074153d267
5,4,0.2,RAO*,13,8.330533203125,0.1873195386398268,0.209234747919254,550,48,True,d84d099493b973a63d879255d2221c1930d649aa,543f782d80ceb9555130e911c1fcf7074153d267
5,4,0.2,DARP-HILP,14,8.241031249999999,0.15480147923583987,0.12127503391820937,592,13,True,d84d099493b973a63d879255d2221c1930d649aa,543f782d80ceb9555130e911c1fcf7074153d267
5,4,0.2,RAO*,14,8.330533203125,0.1873195386398268,0.20313202403485775,550,48,True,d84d099493b973a63d879255d2221c1930d649aa,543f782d80ceb9555130e911c1fcf7074153d267
5,4,0.2,DARP-HILP,15,8.241031249999999,0.15480147923583987,0.16171691205818206,592,13,True,d84d099493b973a63d879255d2221c1930d649aa,543f782d80ceb9555130e911c1fcf7074153d267
5,4,0.2,RAO*,15,8.330533203125,0.1873195386398268,0.2198178709950298,550,48,True,d84d099493b973a63d879255d2221c1930d649aa,543f782d80ceb9555130e911c1fcf7074153d267
5,4,0.2,DARP-HILP,16,8.241031249999999,0.15480147923583987,0.12896529294084758,592,13,True,d84d099493b973a63d879255d2221c1930d649aa,543f782d80ceb9555130e911c1fcf7074153d267
5,4,0.2,RAO*,16,8.330533203125,0.1873195386398268,0.19482686195988208,550,48,True,d84d099493b973a63d879255d2221c1930d649aa,543f782d80ceb9555130e911c1fcf7074153d267
5,4,0.2,DARP-HILP,17,8.241031249999999,0.15480147923583987,0.13749010197352618,592,13,True,d84d099493b973a63d879255d2221c1930d649aa,543f782d80ceb9555130e911c1fcf7074153d267
5,4,0.2,RAO*,17,8.330533203125,0.1873195386398268,0.2786257539410144,550,48,True,d84d099493b973a63d879255d2221c1930d649aa,543f782d80ceb9555130e911c1fcf7074153d267
5,4,0.2,DARP-HILP,18,8.241031249999999,0.15480147923583987,0.13481566798873246,592,13,True,d84d099493b973a63d879255d2221c1930d649aa,543f782d80ceb9555130e911c1fcf7074153d267
5,4,0.2,RAO*,18,8.330533203125,0.1873195386398268,0.17977216304279864,550,48,True,d84d099493b973a63d879255d2221c1930d649aa,543f782d80ceb9555130e911c1fcf7074153d267
5,4,0.2,DARP-HILP,19,8.241031249999999,0.15480147923583987,0.11447234998922795,592,13,True,d84d099493b973a63d879255d2221c1930d649aa,543f782d80ceb9555130e911c1fcf7074153d267
5,4,0.2,RAO*,19,8.330533203125,0.1873195386398268,0.19534270593430847,550,48,True,d84d099493b973a63d879255d2221c1930d649aa,543f782d80ceb9555130e911c1fcf7074153d267
5,4,0.2,DARP-HILP,20,8.241031249999999,0.15480147923583987,0.14632424898445606,592,13,True,d84d099493b973a63d879255d2221c1930d649aa,543f782d80ceb9555130e911c1fcf7074153d267
5,4,0.2,RAO*,20,8.330533203125,0.1873195386398268,0.1806515509961173,550,48,True,d84d099493b973a63d879255d2221c1930d649aa,543f782d80ceb9555130e911c1fcf7074153d267
5,4,0.2,DARP-HILP,21,8.241031249999999,0.15480147923583987,0.11458629195112735,592,13,True,d84d099493b973a63d879255d2221c1930d649aa,543f782d80ceb9555130e911c1fcf7074153d267
5,4,0.2,RAO*,21,8.330533203125,0.1873195386398268,0.1954638829920441,550,48,True,d84d099493b973a63d879255d2221c1930d649aa,543f782d80ceb9555130e911c1fcf7074153d267
5,4,0.2,DARP-HILP,22,8.241031249999999,0.15480147923583987,0.14484879397787154,592,13,True,d84d099493b973a63d879255d2221c1930d649aa,543f782d80ceb9555130e911c1fcf7074153d267
5,4,0.2,RAO*,22,8.330533203125,0.1873195386398268,0.1845822889590636,550,48,True,d84d099493b973a63d879255d2221c1930d649aa,543f782d80ceb9555130e911c1fcf7074153d267
5,4,0.2,DARP-HILP,23,8.241031249999999,0.15480147923583987,0.12004862201865762,592,13,True,d84d099493b973a63d879255d2221c1930d649aa,543f782d80ceb9555130e911c1fcf7074153d267
5,4,0.2,RAO*,23,8.330533203125,0.1873195386398268,0.18274293292779475,550,48,True,d84d099493b973a63d879255d2221c1930d649aa,543f782d80ceb9555130e911c1fcf7074153d267
5,4,0.2,DARP-HILP,24,8.241031249999999,0.15480147923583987,0.11603110702708364,592,13,True,d84d099493b973a63d879255d2221c1930d649aa,543f782d80ceb9555130e911c1fcf7074153d267
5,4,0.2,RAO*,24,8.330533203125,0.1873195386398268,0.1879297069972381,550,48,True,d84d099493b973a63d879255d2221c1930d649aa,543f782d80ceb9555130e911c1fcf7074153d267
5,4,0.2,DARP-HILP,25,8.241031249999999,0.15480147923583987,0.12282470404170454,592,13,True,d84d099493b973a63d879255d2221c1930d649aa,543f782d80ceb9555130e911c1fcf7074153d267
5,4,0.2,RAO*,25,8.330533203125,0.1873195386398268,0.1905230430420488,550,48,True,d84d099493b973a63d879255d2221c1930d649aa,543f782d80ceb9555130e911c1fcf7074153d267
5,4,0.3,DARP-HILP,1,8.241031249999999,0.15480147923583987,0.24223922297824174,892,20,True,d84d099493b973a63d879255d2221c1930d649aa,543f782d80ceb9555130e911c1fcf7074153d267
5,4,0.3,RAO*,1,8.330533203125,0.1873195386398268,0.28656445699743927,712,60,True,d84d099493b973a63d879255d2221c1930d649aa,543f782d80ceb9555130e911c1fcf7074153d267
5,4,0.3,DARP-HILP,2,8.241031249999999,0.15480147923583987,0.21817705396097153,892,20,True,d84d099493b973a63d879255d2221c1930d649aa,543f782d80ceb9555130e911c1fcf7074153d267
5,4,0.3,RAO*,2,8.330533203125,0.1873195386398268,0.23008263600058854,712,60,True,d84d099493b973a63d879255d2221c1930d649aa,543f782d80ceb9555130e911c1fcf7074153d267
5,4,0.3,DARP-HILP,3,8.241031249999999,0.15480147923583987,0.1953941589454189,892,20,True,d84d099493b973a63d879255d2221c1930d649aa,543f782d80ceb9555130e911c1fcf7074153d267
5,4,0.3,RAO*,3,8.330533203125,0.1873195386398268,0.24520199792459607,712,60,True,d84d099493b973a63d879255d2221c1930d649aa,543f782d80ceb9555130e911c1fcf7074153d267
5,4,0.3,DARP-HILP,4,8.241031249999999,0.15480147923583987,0.23043921997305006,892,20,True,d84d099493b973a63d879255d2221c1930d649aa,543f782d80ceb9555130e911c1fcf7074153d267
5,4,0.3,RAO*,4,8.330533203125,0.1873195386398268,0.24981640896294266,712,60,True,d84d099493b973a63d879255d2221c1930d649aa,543f782d80ceb9555130e911c1fcf7074153d267
5,4,0.3,DARP-HILP,5,8.241031249999999,0.15480147923583987,0.19720010296441615,892,20,True,d84d099493b973a63d879255d2221c1930d649aa,543f782d80ceb9555130e911c1fcf7074153d267
5,4,0.3,RAO*,5,8.330533203125,0.1873195386398268,0.21834767400287092,712,60,True,d84d099493b973a63d879255d2221c1930d649aa,543f782d80ceb9555130e911c1fcf7074153d267
5,4,0.3,DARP-HILP,6,8.241031249999999,0.15480147923583987,0.18750658305361867,892,20,True,d84d099493b973a63d879255d2221c1930d649aa,543f782d80ceb9555130e911c1fcf7074153d267
5,4,0.3,RAO*,6,8.330533203125,0.1873195386398268,0.22089426906313747,712,60,True,d84d099493b973a63d879255d2221c1930d649aa,543f782d80ceb9555130e911c1fcf7074153d267
5,4,0.3,DARP-HILP,7,8.241031249999999,0.15480147923583987,0.21985279594082385,892,20,True,d84d099493b973a63d879255d2221c1930d649aa,543f782d80ceb9555130e911c1fcf7074153d267
5,4,0.3,RAO*,7,8.330533203125,0.1873195386398268,0.2514318999601528,712,60,True,d84d099493b973a63d879255d2221c1930d649aa,543f782d80ceb9555130e911c1fcf7074153d267
5,4,0.3,DARP-HILP,8,8.241031249999999,0.15480147923583987,0.18762992008123547,892,20,True,d84d099493b973a63d879255d2221c1930d649aa,543f782d80ceb9555130e911c1fcf7074153d267
5,4,0.3,RAO*,8,8.330533203125,0.1873195386398268,0.22551165509503335,712,60,True,d84d099493b973a63d879255d2221c1930d649aa,543f782d80ceb9555130e911c1fcf7074153d267
5,4,0.3,DARP-HILP,9,8.241031249999999,0.15480147923583987,0.2067059490364045,892,20,True,d84d099493b973a63d879255d2221c1930d649aa,543f782d80ceb9555130e911c1fcf7074153d267
5,4,0.3,RAO*,9,8.330533203125,0.1873195386398268,0.2369600129313767,712,60,True,d84d099493b973a63d879255d2221c1930d649aa,543f782d80ceb9555130e911c1fcf7074153d267
5,4,0.3,DARP-HILP,10,8.241031249999999,0.15480147923583987,0.22241860209032893,892,20,True,d84d099493b973a63d879255d2221c1930d649aa,543f782d80ceb9555130e911c1fcf7074153d267
5,4,0.3,RAO*,10,8.330533203125,0.1873195386398268,0.2259625840233639,712,60,True,d84d099493b973a63d879255d2221c1930d649aa,543f782d80ceb9555130e911c1fcf7074153d267
5,4,0.3,DARP-HILP,11,8.241031249999999,0.15480147923583987,0.19208910304587334,892,20,True,d84d099493b973a63d879255d2221c1930d649aa,543f782d80ceb9555130e911c1fcf7074153d267
5,4,0.3,RAO*,11,8.330533203125,0.1873195386398268,0.22012733900919557,712,60,True,d84d099493b973a63d879255d2221c1930d649aa,543f782d80ceb9555130e911c1fcf7074153d267
5,4,0.3,DARP-HILP,12,8.241031249999999,0.15480147923583987,0.231732712010853,892,20,True,d84d099493b973a63d879255d2221c1930d649aa,543f782d80ceb9555130e911c1fcf7074153d267
5,4,0.3,RAO*,12,8.330533203125,0.1873195386398268,0.24796537403017282,712,60,True,d84d099493b973a63d879255d2221c1930d649aa,543f782d80ceb9555130e911c1fcf7074153d267
5,4,0.3,DARP-HILP,13,8.241031249999999,0.15480147923583987,0.19462884205859154,892,20,True,d84d099493b973a63d879255d2221c1930d649aa,543f782d80ceb9555130e911c1fcf7074153d267
5,4,0.3,RAO*,13,8.330533203125,0.1873195386398268,0.24154858000110835,712,60,True,d84d099493b973a63d879255d2221c1930d649aa,543f782d80ceb9555130e911c1fcf7074153d267
5,4,0.3,DARP-HILP,14,8.241031249999999,0.15480147923583987,0.21093066094908863,892,20,True,d84d099493b973a63d879255d2221c1930d649aa,543f782d80ceb9555130e911c1fcf7074153d267
5,4,0.3,RAO*,14,8.330533203125,0.1873195386398268,0.2310094990534708,712,60,True,d84d099493b973a63d879255d2221c1930d649aa,543f782d80ceb9555130e911c1fcf7074153d267
5,4,0.3,DARP-HILP,15,8.241031249999999,0.15480147923583987,0.21867940097581595,892,20,True,d84d099493b973a63d879255d2221c1930d649aa,543f782d80ceb9555130e911c1fcf7074153d267
5,4,0.3,RAO*,15,8.330533203125,0.1873195386398268,0.23776753607671708,712,60,True,d84d099493b973a63d879255d2221c1930d649aa,543f782d80ceb9555130e911c1fcf7074153d267
5,4,0.3,DARP-HILP,16,8.241031249999999,0.15480147923583987,0.21988998900633305,892,20,True,d84d099493b973a63d879255d2221c1930d649aa,543f782d80ceb9555130e911c1fcf7074153d267
5,4,0.3,RAO*,16,8.330533203125,0.1873195386398268,0.2194193759933114,712,60,True,d84d099493b973a63d879255d2221c1930d649aa,543f782d80ceb9555130e911c1fcf7074153d267
5,4,0.3,DARP-HILP,17,8.241031249999999,0.15480147923583987,0.1948257079347968,892,20,True,d84d099493b973a63d879255d2221c1930d649aa,543f782d80ceb9555130e911c1fcf7074153d267
5,4,0.3,RAO*,17,8.330533203125,0.1873195386398268,0.22249713900964707,712,60,True,d84d099493b973a63d879255d2221c1930d649aa,543f782d80ceb9555130e911c1fcf7074153d267
5,4,0.3,DARP-HILP,18,8.241031249999999,0.15480147923583987,0.2187033829977736,892,20,True,d84d099493b973a63d879255d2221c1930d649aa,543f782d80ceb9555130e911c1fcf7074153d267
5,4,0.3,RAO*,18,8.330533203125,0.1873195386398268,0.21892912301700562,712,60,True,d84d099493b973a63d879255d2221c1930d649aa,543f782d80ceb9555130e911c1fcf7074153d267
5,4,0.3,DARP-HILP,19,8.241031249999999,0.15480147923583987,0.207076093996875,892,20,True,d84d099493b973a63d879255d2221c1930d649aa,543f782d80ceb9555130e911c1fcf7074153d267
5,4,0.3,RAO*,19,8.330533203125,0.1873195386398268,0.2592882320750505,712,60,True,d84d099493b973a63d879255d2221c1930d649aa,543f782d80ceb9555130e911c1fcf7074153d267
5,4,0.3,DARP-HILP,20,8.241031249999999,0.15480147923583987,0.22140075895003974,892,20,True,d84d099493b973a63d879255d2221c1930d649aa,543f782d80ceb9555130e911c1fcf7074153d267
5,4,0.3,RAO*,20,8.330533203125,0.1873195386398268,0.23744754202198237,712,60,True,d84d099493b973a63d879255d2221c1930d649aa,543f782d80ceb9555130e911c1fcf7074153d267
5,4,0.3,DARP-HILP,21,8.241031249999999,0.15480147923583987,0.20822683593723923,892,20,True,d84d099493b973a63d879255d2221c1930d649aa,543f782d80ceb9555130e911c1fcf7074153d267
5,4,0.3,RAO*,21,8.330533203125,0.1873195386398268,0.22381083597429097,712,60,True,d84d099493b973a63d879255d2221c1930d649aa,543f782d80ceb9555130e911c1fcf7074153d267
5,4,0.3,DARP-HILP,22,8.241031249999999,0.15480147923583987,0.19528034096583724,892,20,True,d84d099493b973a63d879255d2221c1930d649aa,543f782d80ceb9555130e911c1fcf7074153d267
5,4,0.3,RAO*,22,8.330533203125,0.1873195386398268,0.23841169697698206,712,60,True,d84d099493b973a63d879255d2221c1930d649aa,543f782d80ceb9555130e911c1fcf7074153d267
5,4,0.3,DARP-HILP,23,8.241031249999999,0.15480147923583987,0.19227747397962958,892,20,True,d84d099493b973a63d879255d2221c1930d649aa,543f782d80ceb9555130e911c1fcf7074153d267
5,4,0.3,RAO*,23,8.330533203125,0.1873195386398268,0.2590354400454089,712,60,True,d84d099493b973a63d879255d2221c1930d649aa,543f782d80ceb9555130e911c1fcf7074153d267
5,4,0.3,DARP-HILP,24,8.241031249999999,0.15480147923583987,0.1891857699956745,892,20,True,d84d099493b973a63d879255d2221c1930d649aa,543f782d80ceb9555130e911c1fcf7074153d267
5,4,0.3,RAO*,24,8.330533203125,0.1873195386398268,0.2103591519407928,712,60,True,d84d099493b973a63d879255d2221c1930d649aa,543f782d80ceb9555130e911c1fcf7074153d267
5,4,0.3,DARP-HILP,25,8.241031249999999,0.15480147923583987,0.19127858593128622,892,20,True,d84d099493b973a63d879255d2221c1930d649aa,543f782d80ceb9555130e911c1fcf7074153d267
5,4,0.3,RAO*,25,8.330533203125,0.1873195386398268,0.2266970300115645,712,60,True,d84d099493b973a63d879255d2221c1930d649aa,543f782d80ceb9555130e911c1fcf7074153d267
5,5,0.1,DARP-HILP,1,10.358017454345704,0.09444588296646883,2.6646537450142205,4504,45,True,d84d099493b973a63d879255d2221c1930d649aa,543f782d80ceb9555130e911c1fcf7074153d267
5,5,0.1,RAO*,1,11.1940493124079,0.08510887858347371,3.343837307067588,5170,470,True,d84d099493b973a63d879255d2221c1930d649aa,543f782d80ceb9555130e911c1fcf7074153d267
5,5,0.1,DARP-HILP,2,10.358017454345704,0.09444588296646883,2.6332004819996655,4504,45,True,d84d099493b973a63d879255d2221c1930d649aa,543f782d80ceb9555130e911c1fcf7074153d267
5,5,0.1,RAO*,2,11.1940493124079,0.08510887858347371,3.1930903900647536,5170,470,True,d84d099493b973a63d879255d2221c1930d649aa,543f782d80ceb9555130e911c1fcf7074153d267
5,5,0.1,DARP-HILP,3,10.358017454345704,0.09444588296646883,2.5740339249605313,4504,45,True,d84d099493b973a63d879255d2221c1930d649aa,543f782d80ceb9555130e911c1fcf7074153d267
5,5,0.1,RAO*,3,11.1940493124079,0.08510887858347371,3.32750810100697,5170,470,True,d84d099493b973a63d879255d2221c1930d649aa,543f782d80ceb9555130e911c1fcf7074153d267
5,5,0.1,DARP-HILP,4,10.358017454345704,0.09444588296646883,2.618415553937666,4504,45,True,d84d099493b973a63d879255d2221c1930d649aa,543f782d80ceb9555130e911c1fcf7074153d267
5,5,0.1,RAO*,4,11.1940493124079,0.08510887858347371,3.2245875149965286,5170,470,True,d84d099493b973a63d879255d2221c1930d649aa,543f782d80ceb9555130e911c1fcf7074153d267
5,5,0.1,DARP-HILP,5,10.358017454345704,0.09444588296646883,2.579588704975322,4504,45,True,d84d099493b973a63d879255d2221c1930d649aa,543f782d80ceb9555130e911c1fcf7074153d267
5,5,0.1,RAO*,5,11.1940493124079,0.08510887858347371,3.4462405160302296,5170,470,True,d84d099493b973a63d879255d2221c1930d649aa,543f782d80ceb9555130e911c1fcf7074153d267
5,5,0.1,DARP-HILP,6,10.358017454345704,0.09444588296646883,2.5644415819551796,4504,45,True,d84d099493b973a63d879255d2221c1930d649aa,543f782d80ceb9555130e911c1fcf7074153d267
5,5,0.1,RAO*,6,11.1940493124079,0.08510887858347371,3.518055199063383,5170,470,True,d84d099493b973a63d879255d2221c1930d649aa,543f782d80ceb9555130e911c1fcf7074153d267
5,5,0.1,DARP-HILP,7,10.358017454345704,0.09444588296646883,2.591792964958586,4504,45,True,d84d099493b973a63d879255d2221c1930d649aa,543f782d80ceb9555130e911c1fcf7074153d267
5,5,0.1,RAO*,7,11.1940493124079,0.08510887858347371,3.410107485949993,5170,470,True,d84d099493b973a63d879255d2221c1930d649aa,543f782d80ceb9555130e911c1fcf7074153d267
5,5,0.1,DARP-HILP,8,10.358017454345704,0.09444588296646883,2.633511009044014,4504,45,True,d84d099493b973a63d879255d2221c1930d649aa,543f782d80ceb9555130e911c1fcf7074153d267
5,5,0.1,RAO*,8,11.1940493124079,0.08510887858347371,3.22387142397929,5170,470,True,d84d099493b973a63d879255d2221c1930d649aa,543f782d80ceb9555130e911c1fcf7074153d267
5,5,0.1,DARP-HILP,9,10.358017454345704,0.09444588296646883,2.5228537489892915,4504,45,True,d84d099493b973a63d879255d2221c1930d649aa,543f782d80ceb9555130e911c1fcf7074153d267
5,5,0.1,RAO*,9,11.1940493124079,0.08510887858347371,3.3223584860097617,5170,470,True,d84d099493b973a63d879255d2221c1930d649aa,543f782d80ceb9555130e911c1fcf7074153d267
5,5,0.1,DARP-HILP,10,10.358017454345704,0.09444588296646883,2.5865567529108375,4504,45,True,d84d099493b973a63d879255d2221c1930d649aa,543f782d80ceb9555130e911c1fcf7074153d267
5,5,0.1,RAO*,10,11.1940493124079,0.08510887858347371,3.164620200986974,5170,470,True,d84d099493b973a63d879255d2221c1930d649aa,543f782d80ceb9555130e911c1fcf7074153d267
5,5,0.1,DARP-HILP,11,10.358017454345704,0.09444588296646883,3.1278480619657785,4504,45,True,d84d099493b973a63d879255d2221c1930d649aa,543f782d80ceb9555130e911c1fcf7074153d267
5,5,0.1,RAO*,11,11.1940493124079,0.08510887858347371,3.2555073770927265,5170,470,True,d84d099493b973a63d879255d2221c1930d649aa,543f782d80ceb9555130e911c1fcf7074153d267
5,5,0.1,DARP-HILP,12,10.358017454345704,0.09444588296646883,2.5231441570213065,4504,45,True,d84d099493b973a63d879255d2221c1930d649aa,543f782d80ceb9555130e911c1fcf7074153d267
5,5,0.1,RAO*,12,11.1940493124079,0.08510887858347371,3.2585211519617587,5170,470,True,d84d099493b973a63d879255d2221c1930d649aa,543f782d80ceb9555130e911c1fcf7074153d267
5,5,0.1,DARP-HILP,13,10.358017454345704,0.09444588296646883,2.623008345020935,4504,45,True,d84d099493b973a63d879255d2221c1930d649aa,543f782d80ceb9555130e911c1fcf7074153d267
5,5,0.1,RAO*,13,11.1940493124079,0.08510887858347371,3.7268331580562517,5170,470,True,d84d099493b973a63d879255d2221c1930d649aa,543f782d80ceb9555130e911c1fcf7074153d267
5,5,0.1,DARP-HILP,14,10.358017454345704,0.09444588296646883,2.7164466968970373,4504,45,True,d84d099493b973a63d879255d2221c1930d649aa,543f782d80ceb9555130e911c1fcf7074153d267
5,5,0.1,RAO*,14,11.1940493124079,0.08510887858347371,4.017790702986531,5170,470,True,d84d099493b973a63d879255d2221c1930d649aa,543f782d80ceb9555130e911c1fcf7074153d267
5,5,0.1,DARP-HILP,15,10.358017454345704,0.09444588296646883,2.813177139032632,4504,45,True,d84d099493b973a63d879255d2221c1930d649aa,543f782d80ceb9555130e911c1fcf7074153d267
5,5,0.1,RAO*,15,11.1940493124079,0.08510887858347371,3.481219699024223,5170,470,True,d84d099493b973a63d879255d2221c1930d649aa,543f782d80ceb9555130e911c1fcf7074153d267
5,5,0.1,DARP-HILP,16,10.358017454345704,0.09444588296646883,2.4822253109887242,4504,45,True,d84d099493b973a63d879255d2221c1930d649aa,543f782d80ceb9555130e911c1fcf7074153d267
5,5,0.1,RAO*,16,11.1940493124079,0.08510887858347371,3.304600340081379,5170,470,True,d84d099493b973a63d879255d2221c1930d649aa,543f782d80ceb9555130e911c1fcf7074153d267
5,5,0.1,DARP-HILP,17,10.358017454345704,0.09444588296646883,2.595430193003267,4504,45,True,d84d099493b973a63d879255d2221c1930d649aa,543f782d80ceb9555130e911c1fcf7074153d267
5,5,0.1,RAO*,17,11.1940493124079,0.08510887858347371,3.281912982929498,5170,470,True,d84d099493b973a63d879255d2221c1930d649aa,543f782d80ceb9555130e911c1fcf7074153d267
5,5,0.1,DARP-HILP,18,10.358017454345704,0.09444588296646883,2.5751376289408654,4504,45,True,d84d099493b973a63d879255d2221c1930d649aa,543f782d80ceb9555130e911c1fcf7074153d267
5,5,0.1,RAO*,18,11.1940493124079,0.08510887858347371,3.3920431649312377,5170,470,True,d84d099493b973a63d879255d2221c1930d649aa,543f782d80ceb9555130e911c1fcf7074153d267
5,5,0.1,DARP-HILP,19,10.358017454345704,0.09444588296646883,2.7133315100800246,4504,45,True,d84d099493b973a63d879255d2221c1930d649aa,543f782d80ceb9555130e911c1fcf7074153d267
5,5,0.1,RAO*,19,11.1940493124079,0.08510887858347371,3.423413248034194,5170,470,True,d84d099493b973a63d879255d2221c1930d649aa,543f782d80ceb9555130e911c1fcf7074153d267
5,5,0.1,DARP-HILP,20,10.358017454345704,0.09444588296646883,2.5269739710493013,4504,45,True,d84d099493b973a63d879255d2221c1930d649aa,543f782d80ceb9555130e911c1fcf7074153d267
5,5,0.1,RAO*,20,11.1940493124079,0.08510887858347371,3.2929473320255056,5170,470,True,d84d099493b973a63d879255d2221c1930d649aa,543f782d80ceb9555130e911c1fcf7074153d267
5,5,0.1,DARP-HILP,21,10.358017454345704,0.09444588296646883,2.518968509975821,4504,45,True,d84d099493b973a63d879255d2221c1930d649aa,543f782d80ceb9555130e911c1fcf7074153d267
5,5,0.1,RAO*,21,11.1940493124079,0.08510887858347371,3.445687834988348,5170,470,True,d84d099493b973a63d879255d2221c1930d649aa,543f782d80ceb9555130e911c1fcf7074153d267
5,5,0.1,DARP-HILP,22,10.358017454345704,0.09444588296646883,2.6530226160539314,4504,45,True,d84d099493b973a63d879255d2221c1930d649aa,543f782d80ceb9555130e911c1fcf7074153d267
5,5,0.1,RAO*,22,11.1940493124079,0.08510887858347371,3.554092847974971,5170,470,True,d84d099493b973a63d879255d2221c1930d649aa,543f782d80ceb9555130e911c1fcf7074153d267
5,5,0.1,DARP-HILP,23,10.358017454345704,0.09444588296646883,2.620512443012558,4504,45,True,d84d099493b973a63d879255d2221c1930d649aa,543f782d80ceb9555130e911c1fcf7074153d267
5,5,0.1,RAO*,23,11.1940493124079,0.08510887858347371,3.292380976025015,5170,470,True,d84d099493b973a63d879255d2221c1930d649aa,543f782d80ceb9555130e911c1fcf7074153d267
5,5,0.1,DARP-HILP,24,10.358017454345704,0.09444588296646883,2.5371104259975255,4504,45,True,d84d099493b973a63d879255d2221c1930d649aa,543f782d80ceb9555130e911c1fcf7074153d267
5,5,0.1,RAO*,24,11.1940493124079,0.08510887858347371,3.314875641022809,5170,470,True,d84d099493b973a63d879255d2221c1930d649aa,543f782d80ceb9555130e911c1fcf7074153d267
5,5,0.1,DARP-HILP,25,10.358017454345704,0.09444588296646883,2.5315343430265784,4504,45,True,d84d099493b973a63d879255d2221c1930d649aa,543f782d80ceb9555130e911c1fcf7074153d267
5,5,0.1,RAO*,25,11.1940493124079,0.08510887858347371,3.3079779980471358,5170,470,True,d84d099493b973a63d879255d2221c1930d649aa,543f782d80ceb9555130e911c1fcf7074153d267
5,5,0.2,DARP-HILP,1,8.330533203124999,0.15553190065651704,0.7425583869917318,3004,26,True,d84d099493b973a63d879255d2221c1930d649aa,543f782d80ceb9555130e911c1fcf7074153d267
5,5,0.2,RAO*,1,8.517308228802941,0.19070231978831415,1.9816913680406287,3073,259,True,d84d099493b973a63d879255d2221c1930d649aa,543f782d80ceb9555130e911c1fcf7074153d267
5,5,0.2,DARP-HILP,2,8.330533203124999,0.15553190065651704,0.6874481460545212,3004,26,True,d84d099493b973a63d879255d2221c1930d649aa,543f782d80ceb9555130e911c1fcf7074153d267
5,5,0.2,RAO*,2,8.517308228802941,0.19070231978831415,2.084058656007983,3073,259,True,d84d099493b973a63d879255d2221c1930d649aa,543f782d80ceb9555130e911c1fcf7074153d267
5,5,0.2,DARP-HILP,3,8.330533203124999,0.15553190065651704,0.6906859580194578,3004,26,True,d84d099493b973a63d879255d2221c1930d649aa,543f782d80ceb9555130e911c1fcf7074153d267
5,5,0.2,RAO*,3,8.517308228802941,0.19070231978831415,1.9788122120080516,3073,259,True,d84d099493b973a63d879255d2221c1930d649aa,543f782d80ceb9555130e911c1fcf7074153d267
5,5,0.2,DARP-HILP,4,8.330533203124999,0.15553190065651704,0.6999934170162305,3004,26,True,d84d099493b973a63d879255d2221c1930d649aa,543f782d80ceb9555130e911c1fcf7074153d267
5,5,0.2,RAO*,4,8.517308228802941,0.19070231978831415,1.960600099992007,3073,259,True,d84d099493b973a63d879255d2221c1930d649aa,543f782d80ceb9555130e911c1fcf7074153d267
5,5,0.2,DARP-HILP,5,8.330533203124999,0.15553190065651704,0.6691450199577957,3004,26,True,d84d099493b973a63d879255d2221c1930d649aa,543f782d80ceb9555130e911c1fcf7074153d267
5,5,0.2,RAO*,5,8.517308228802941,0.19070231978831415,1.9720440619857982,3073,259,True,d84d099493b973a63d879255d2221c1930d649aa,543f782d80ceb9555130e911c1fcf7074153d267
5,5,0.2,DARP-HILP,6,8.330533203124999,0.15553190065651704,0.6566077569732442,3004,26,True,d84d099493b973a63d879255d2221c1930d649aa,543f782d80ceb9555130e911c1fcf7074153d267
5,5,0.2,RAO*,6,8.517308228802941,0.19070231978831415,1.9333979219663888,3073,259,True,d84d099493b973a63d879255d2221c1930d649aa,543f782d80ceb9555130e911c1fcf7074153d267
5,5,0.2,DARP-HILP,7,8.330533203124999,0.15553190065651704,0.6759838199941441,3004,26,True,d84d099493b973a63d879255d2221c1930d649aa,543f782d80ceb9555130e911c1fcf7074153d267
5,5,0.2,RAO*,7,8.517308228802941,0.19070231978831415,2.009362132055685,3073,259,True,d84d099493b973a63d879255d2221c1930d649aa,543f782d80ceb9555130e911c1fcf7074153d267
5,5,0.2,DARP-HILP,8,8.330533203124999,0.15553190065651704,0.7021015250356868,3004,26,True,d84d099493b973a63d879255d2221c1930d649aa,543f782d80ceb9555130e911c1fcf7074153d267
5,5,0.2,RAO*,8,8.517308228802941,0.19070231978831415,1.9532457509776577,3073,259,True,d84d099493b973a63d879255d2221c1930d649aa,543f782d80ceb9555130e911c1fcf7074153d267
5,5,0.2,DARP-HILP,9,8.330533203124999,0.15553190065651704,0.695993363042362,3004,26,True,d84d099493b973a63d879255d2221c1930d649aa,543f782d80ceb9555130e911c1fcf7074153d267
5,5,0.2,RAO*,9,8.517308228802941,0.19070231978831415,1.9034629910020158,3073,259,True,d84d099493b973a63d879255d2221c1930d649aa,543f782d80ceb9555130e911c1fcf7074153d267
5,5,0.2,DARP-HILP,10,8.330533203124999,0.15553190065651704,0.6674548140726984,3004,26,True,d84d099493b973a63d879255d2221c1930d649aa,543f782d80ceb9555130e911c1fcf7074153d267
5,5,0.2,RAO*,10,8.517308228802941,0.19070231978831415,2.018336522975005,3073,259,True,d84d099493b973a63d879255d2221c1930d649aa,543f782d80ceb9555130e911c1fcf7074153d267
5,5,0.2,DARP-HILP,11,8.330533203124999,0.15553190065651704,0.6883322370704263,3004,26,True,d84d099493b973a63d879255d2221c1930d649aa,543f782d80ceb9555130e911c1fcf7074153d267
5,5,0.2,RAO*,11,8.517308228802941,0.19070231978831415,2.0277977869845927,3073,259,True,d84d099493b973a63d879255d2221c1930d649aa,543f782d80ceb9555130e911c1fcf7074153d267
5,5,0.2,DARP-HILP,12,8.330533203124999,0.15553190065651704,0.725268483045511,3004,26,True,d84d099493b973a63d879255d2221c1930d649aa,543f782d80ceb9555130e911c1fcf7074153d267
5,5,0.2,RAO*,12,8.517308228802941,0.19070231978831415,2.020934075000696,3073,259,True,d84d099493b973a63d879255d2221c1930d649aa,543f782d80ceb9555130e911c1fcf7074153d267
5,5,0.2,DARP-HILP,13,8.330533203124999,0.15553190065651704,0.6786805120063946,3004,26,True,d84d099493b973a63d879255d2221c1930d649aa,543f782d80ceb9555130e911c1fcf7074153d267
5,5,0.2,RAO*,13,8.517308228802941,0.19070231978831415,1.960395951056853,3073,259,True,d84d099493b973a63d879255d2221c1930d649aa,543f782d80ceb9555130e911c1fcf7074153d267
5,5,0.2,DARP-HILP,14,8.330533203124999,0.15553190065651704,0.6844891810324043,3004,26,True,d84d099493b973a63d879255d2221c1930d649aa,543f782d80ceb9555130e911c1fcf7074153d267
5,5,0.2,RAO*,14,8.517308228802941,0.19070231978831415,2.010379759944044,3073,259,True,d84d099493b973a63d879255d2221c1930d649aa,543f782d80ceb9555130e911c1fcf7074153d267
5,5,0.2,DARP-HILP,15,8.330533203124999,0.15553190065651704,0.682532757986337,3004,26,True,d84d099493b973a63d879255d2221c1930d649aa,543f782d80ceb9555130e911c1fcf7074153d267
5,5,0.2,RAO*,15,8.517308228802941,0.19070231978831415,1.9883689999114722,3073,259,True,d84d099493b973a63d879255d2221c1930d649aa,543f782d80ceb9555130e911c1fcf7074153d267
5,5,0.2,DARP-HILP,16,8.330533203124999,0.15553190065651704,0.7132655610330403,3004,26,True,d84d099493b973a63d879255d2221c1930d649aa,543f782d80ceb9555130e911c1fcf7074153d267
5,5,0.2,RAO*,16,8.517308228802941,0.19070231978831415,2.0381865489762276,3073,259,True,d84d099493b973a63d879255d2221c1930d649aa,543f782d80ceb9555130e911c1fcf7074153d267
5,5,0.2,DARP-HILP,17,8.330533203124999,0.15553190065651704,0.6595193619141355,3004,26,True,d84d099493b973a63d879255d2221c1930d649aa,543f782d80ceb9555130e911c1fcf7074153d267
5,5,0.2,RAO*,17,8.517308228802941,0.19070231978831415,1.9721565000945702,3073,259,True,d84d099493b973a63d879255d2221c1930d649aa,543f782d80ceb9555130e911c1fcf7074153d267
5,5,0.2,DARP-HILP,18,8.330533203124999,0.15553190065651704,0.6820167150581256,3004,26,True,d84d099493b973a63d879255d2221c1930d649aa,543f782d80ceb9555130e911c1fcf7074153d267
5,5,0.2,RAO*,18,8.517308228802941,0.19070231978831415,1.9128562120022252,3073,259,True,d84d099493b973a63d879255d2221c1930d649aa,543f782d80ceb9555130e911c1fcf7074153d267
5,5,0.2,DARP-HILP,19,8.330533203124999,0.15553190065651704,0.6573865100508556,3004,26,True,d84d099493b973a63d879255d2221c1930d649aa,543f782d80ceb9555130e911c1fcf7074153d267
5,5,0.2,RAO*,19,8.517308228802941,0.19070231978831415,1.960149614023976,3073,259,True,d84d099493b973a63d879255d2221c1930d649aa,543f782d80ceb9555130e911c1fcf7074153d267
5,5,0.2,DARP-HILP,20,8.330533203124999,0.15553190065651704,0.6739952201023698,3004,26,True,d84d099493b973a63d879255d2221c1930d649aa,543f782d80ceb9555130e911c1fcf7074153d267
5,5,0.2,RAO*,20,8.517308228802941,0.19070231978831415,2.062198668019846,3073,259,True,d84d099493b973a63d879255d2221c1930d649aa,543f782d80ceb9555130e911c1fcf7074153d267
5,5,0.2,DARP-HILP,21,8.330533203124999,0.15553190065651704,0.6726526719285175,3004,26,True,d84d099493b973a63d879255d2221c1930d649aa,543f782d80ceb9555130e911c1fcf7074153d267
5,5,0.2,RAO*,21,8.517308228802941,0.19070231978831415,2.032660347991623,3073,259,True,d84d099493b973a63d879255d2221c1930d649aa,543f782d80ceb9555130e911c1fcf7074153d267
5,5,0.2,DARP-HILP,22,8.330533203124999,0.15553190065651704,0.7743099819635972,3004,26,True,d84d099493b973a63d879255d2221c1930d649aa,543f782d80ceb9555130e911c1fcf7074153d267
5,5,0.2,RAO*,22,8.517308228802941,0.19070231978831415,2.007915255962871,3073,259,True,d84d099493b973a63d879255d2221c1930d649aa,543f782d80ceb9555130e911c1fcf7074153d267
5,5,0.2,DARP-HILP,23,8.330533203124999,0.15553190065651704,0.6639930150704458,3004,26,True,d84d099493b973a63d879255d2221c1930d649aa,543f782d80ceb9555130e911c1fcf7074153d267
5,5,0.2,RAO*,23,8.517308228802941,0.19070231978831415,2.034667441039346,3073,259,True,d84d099493b973a63d879255d2221c1930d649aa,543f782d80ceb9555130e911c1fcf7074153d267
5,5,0.2,DARP-HILP,24,8.330533203124999,0.15553190065651704,0.6753866180079058,3004,26,True,d84d099493b973a63d879255d2221c1930d649aa,543f782d80ceb9555130e911c1fcf7074153d267
5,5,0.2,RAO*,24,8.517308228802941,0.19070231978831415,2.078555271960795,3073,259,True,d84d099493b973a63d879255d2221c1930d649aa,543f782d80ceb9555130e911c1fcf7074153d267
5,5,0.2,DARP-HILP,25,8.330533203124999,0.15553190065651704,0.7340974640101194,3004,26,True,d84d099493b973a63d879255d2221c1930d649aa,543f782d80ceb9555130e911c1fcf7074153d267
5,5,0.2,RAO*,25,8.517308228802941,0.19070231978831415,2.023058859980665,3073,259,True,d84d099493b973a63d879255d2221c1930d649aa,543f782d80ceb9555130e911c1fcf7074153d267
5,5,0.3,DARP-HILP,1,8.330533203124999,0.15553190065651704,0.8412816839991137,3880,29,True,d84d099493b973a63d879255d2221c1930d649aa,543f782d80ceb9555130e911c1fcf7074153d267
5,5,0.3,RAO*,1,8.517308228802941,0.19070231978831415,2.8505157390609384,4228,353,True,d84d099493b973a63d879255d2221c1930d649aa,543f782d80ceb9555130e911c1fcf7074153d267
5,5,0.3,DARP-HILP,2,8.330533203124999,0.15553190065651704,0.8135561239905655,3880,29,True,d84d099493b973a63d879255d2221c1930d649aa,543f782d80ceb9555130e911c1fcf7074153d267
5,5,0.3,RAO*,2,8.517308228802941,0.19070231978831415,2.6280026140157133,4228,353,True,d84d099493b973a63d879255d2221c1930d649aa,543f782d80ceb9555130e911c1fcf7074153d267
5,5,0.3,DARP-HILP,3,8.330533203124999,0.15553190065651704,0.8371865350054577,3880,29,True,d84d099493b973a63d879255d2221c1930d649aa,543f782d80ceb9555130e911c1fcf7074153d267
5,5,0.3,RAO*,3,8.517308228802941,0.19070231978831415,2.820653341943398,4228,353,True,d84d099493b973a63d879255d2221c1930d649aa,543f782d80ceb9555130e911c1fcf7074153d267
5,5,0.3,DARP-HILP,4,8.330533203124999,0.15553190065651704,0.8382136659929529,3880,29,True,d84d099493b973a63d879255d2221c1930d649aa,543f782d80ceb9555130e911c1fcf7074153d267
5,5,0.3,RAO*,4,8.517308228802941,0.19070231978831415,2.521038986975327,4228,353,True,d84d099493b973a63d879255d2221c1930d649aa,543f782d80ceb9555130e911c1fcf7074153d267
5,5,0.3,DARP-HILP,5,8.330533203124999,0.15553190065651704,0.8116340740816668,3880,29,True,d84d099493b973a63d879255d2221c1930d649aa,543f782d80ceb9555130e911c1fcf7074153d267
5,5,0.3,RAO*,5,8.517308228802941,0.19070231978831415,2.6107966899871826,4228,353,True,d84d099493b973a63d879255d2221c1930d649aa,543f782d80ceb9555130e911c1fcf7074153d267
5,5,0.3,DARP-HILP,6,8.330533203124999,0.15553190065651704,0.8242820450104773,3880,29,True,d84d099493b973a63d879255d2221c1930d649aa,543f782d80ceb9555130e911c1fcf7074153d267
5,5,0.3,RAO*,6,8.517308228802941,0.19070231978831415,2.5780951080378145,4228,353,True,d84d099493b973a63d879255d2221c1930d649aa,543f782d80ceb9555130e911c1fcf7074153d267
5,5,0.3,DARP-HILP,7,8.330533203124999,0.15553190065651704,0.8147179820807651,3880,29,True,d84d099493b973a63d879255d2221c1930d649aa,543f782d80ceb9555130e911c1fcf7074153d267
5,5,0.3,RAO*,7,8.517308228802941,0.19070231978831415,2.6921759439865127,4228,353,True,d84d099493b973a63d879255d2221c1930d649aa,543f782d80ceb9555130e911c1fcf7074153d267
5,5,0.3,DARP-HILP,8,8.330533203124999,0.15553190065651704,0.9081723629496992,3880,29,True,d84d099493b973a63d879255d2221c1930d649aa,543f782d80ceb9555130e911c1fcf7074153d267
5,5,0.3,RAO*,8,8.517308228802941,0.19070231978831415,2.690739626996219,4228,353,True,d84d099493b973a63d879255d2221c1930d649aa,543f782d80ceb9555130e911c1fcf7074153d267
5,5,0.3,DARP-HILP,9,8.330533203124999,0.15553190065651704,0.8446075259707868,3880,29,True,d84d099493b973a63d879255d2221c1930d649aa,543f782d80ceb9555130e911c1fcf7074153d267
5,5,0.3,RAO*,9,8.517308228802941,0.19070231978831415,2.5611485390691087,4228,353,True,d84d099493b973a63d879255d2221c1930d649aa,543f782d80ceb9555130e911c1fcf7074153d267
5,5,0.3,DARP-HILP,10,8.330533203124999,0.15553190065651704,0.8551827640039846,3880,29,True,d84d099493b973a63d879255d2221c1930d649aa,543f782d80ceb9555130e911c1fcf7074153d267
5,5,0.3,RAO*,10,8.517308228802941,0.19070231978831415,2.5252535520121455,4228,353,True,d84d099493b973a63d879255d2221c1930d649aa,543f782d80ceb9555130e911c1fcf7074153d267
5,5,0.3,DARP-HILP,11,8.330533203124999,0.15553190065651704,0.8651745690731332,3880,29,True,d84d099493b973a63d879255d2221c1930d649aa,543f782d80ceb9555130e911c1fcf7074153d267
5,5,0.3,RAO*,11,8.517308228802941,0.19070231978831415,2.66227909992449,4228,353,True,d84d099493b973a63d879255d2221c1930d649aa,543f782d80ceb9555130e911c1fcf7074153d267
5,5,0.3,DARP-HILP,12,8.330533203124999,0.15553190065651704,0.8056804270017892,3880,29,True,d84d099493b973a63d879255d2221c1930d649aa,543f782d80ceb9555130e911c1fcf7074153d267
5,5,0.3,RAO*,12,8.517308228802941,0.19070231978831415,2.8151412790175527,4228,353,True,d84d099493b973a63d879255d2221c1930d649aa,543f782d80ceb9555130e911c1fcf7074153d267
5,5,0.3,DARP-HILP,13,8.330533203124999,0.15553190065651704,0.9442532360553741,3880,29,True,d84d099493b973a63d879255d2221c1930d649aa,543f782d80ceb9555130e911c1fcf7074153d267
5,5,0.3,RAO*,13,8.517308228802941,0.19070231978831415,2.53632810106501,4228,353,True,d84d099493b973a63d879255d2221c1930d649aa,543f782d80ceb9555130e911c1fcf7074153d267
5,5,0.3,DARP-HILP,14,8.330533203124999,0.15553190065651704,0.9053592830896378,3880,29,True,d84d099493b973a63d879255d2221c1930d649aa,543f782d80ceb9555130e911c1fcf7074153d267
5,5,0.3,RAO*,14,8.517308228802941,0.19070231978831415,2.476787501014769,4228,353,True,d84d099493b973a63d879255d2221c1930d649aa,543f782d80ceb9555130e911c1fcf7074153d267
5,5,0.3,DARP-HILP,15,8.330533203124999,0.15553190065651704,0.8317337030312046,3880,29,True,d84d099493b973a63d879255d2221c1930d649aa,543f782d80ceb9555130e911c1fcf7074153d267
5,5,0.3,RAO*,15,8.517308228802941,0.19070231978831415,2.570668886997737,4228,353,True,d84d099493b973a63d879255d2221c1930d649aa,543f782d80ceb9555130e911c1fcf7074153d267
5,5,0.3,DARP-HILP,16,8.330533203124999,0.15553190065651704,0.842200465966016,3880,29,True,d84d099493b973a63d879255d2221c1930d649aa,543f782d80ceb9555130e911c1fcf7074153d267
5,5,0.3,RAO*,16,8.517308228802941,0.19070231978831415,2.6445370849687606,4228,353,True,d84d099493b973a63d879255d2221c1930d649aa,543f782d80ceb9555130e911c1fcf7074153d267
5,5,0.3,DARP-HILP,17,8.330533203124999,0.15553190065651704,0.8700060250703245,3880,29,True,d84d099493b973a63d879255d2221c1930d649aa,543f782d80ceb9555130e911c1fcf7074153d267
5,5,0.3,RAO*,17,8.517308228802941,0.19070231978831415,2.5585994330467656,4228,353,True,d84d099493b973a63d879255d2221c1930d649aa,543f782d80ceb9555130e911c1fcf7074153d267
5,5,0.3,DARP-HILP,18,8.330533203124999,0.15553190065651704,0.8702823019120842,3880,29,True,d84d099493b973a63d879255d2221c1930d649aa,543f782d80ceb9555130e911c1fcf7074153d267
5,5,0.3,RAO*,18,8.517308228802941,0.19070231978831415,2.669624767964706,4228,353,True,d84d099493b973a63d879255d2221c1930d649aa,543f782d80ceb9555130e911c1fcf7074153d267
5,5,0.3,DARP-HILP,19,8.330533203124999,0.15553190065651704,0.8738024579361081,3880,29,True,d84d099493b973a63d879255d2221c1930d649aa,543f782d80ceb9555130e911c1fcf7074153d267
5,5,0.3,RAO*,19,8.517308228802941,0.19070231978831415,2.5868142260005698,4228,353,True,d84d099493b973a63d879255d2221c1930d649aa,543f782d80ceb9555130e911c1fcf7074153d267
5,5,0.3,DARP-HILP,20,8.330533203124999,0.15553190065651704,0.8542226440040395,3880,29,True,d84d099493b973a63d879255d2221c1930d649aa,543f782d80ceb9555130e911c1fcf7074153d267
5,5,0.3,RAO*,20,8.517308228802941,0.19070231978831415,2.6296833760570735,4228,353,True,d84d099493b973a63d879255d2221c1930d649aa,543f782d80ceb9555130e911c1fcf7074153d267
5,5,0.3,DARP-HILP,21,8.330533203124999,0.15553190065651704,0.8684546260628849,3880,29,True,d84d099493b973a63d879255d2221c1930d649aa,543f782d80ceb9555130e911c1fcf7074153d267
5,5,0.3,RAO*,21,8.517308228802941,0.19070231978831415,2.739610151038505,4228,353,True,d84d099493b973a63d879255d2221c1930d649aa,543f782d80ceb9555130e911c1fcf7074153d267
5,5,0.3,DARP-HILP,22,8.330533203124999,0.15553190065651704,0.8867759780259803,3880,29,True,d84d099493b973a63d879255d2221c1930d649aa,543f782d80ceb9555130e911c1fcf7074153d267
5,5,0.3,RAO*,22,8.517308228802941,0.19070231978831415,2.628244774066843,4228,353,True,d84d099493b973a63d879255d2221c1930d649aa,543f782d80ceb9555130e911c1fcf7074153d267
5,5,0.3,DARP-HILP,23,8.330533203124999,0.15553190065651704,0.8526383140124381,3880,29,True,d84d099493b973a63d879255d2221c1930d649aa,543f782d80ceb9555130e911c1fcf7074153d267
5,5,0.3,RAO*,23,8.517308228802941,0.19070231978831415,2.6219865509774536,4228,353,True,d84d099493b973a63d879255d2221c1930d649aa,543f782d80ceb9555130e911c1fcf7074153d267
5,5,0.3,DARP-HILP,24,8.330533203124999,0.15553190065651704,0.8415141929872334,3880,29,True,d84d099493b973a63d879255d2221c1930d649aa,543f782d80ceb9555130e911c1fcf7074153d267
5,5,0.3,RAO*,24,8.517308228802941,0.19070231978831415,2.575051811989397,4228,353,True,d84d099493b973a63d879255d2221c1930d649aa,543f782d80ceb9555130e911c1fcf7074153d267
5,5,0.3,DARP-HILP,25,8.330533203124999,0.15553190065651704,0.8266191360307857,3880,29,True,d84d099493b973a63d879255d2221c1930d649aa,543f782d80ceb9555130e911c1fcf7074153d267
5,5,0.3,RAO*,25,8.517308228802941,0.19070231978831415,2.9001391771016642,4228,353,True,d84d099493b973a63d879255d2221c1930d649aa,543f782d80ceb9555130e911c1fcf7074153d267
5,6,0.1,DARP-HILP,1,10.856434987909898,0.09999944835067112,11.338592067011632,13048,63,True,d84d099493b973a63d879255d2221c1930d649aa,543f782d80ceb9555130e911c1fcf7074153d267
5,6,0.1,RAO*,1,11.664317925302502,0.09879943551458453,34.73932871897705,25393,2196,True,d84d099493b973a63d879255d2221c1930d649aa,543f782d80ceb9555130e911c1fcf7074153d267
5,6,0.1,DARP-HILP,2,10.856434987909898,0.09999944835067112,10.568975553964265,13048,63,True,d84d099493b973a63d879255d2221c1930d649aa,543f782d80ceb9555130e911c1fcf7074153d267
5,6,0.1,RAO*,2,11.664317925302502,0.09879943551458453,33.31430182699114,25393,2196,True,d84d099493b973a63d879255d2221c1930d649aa,543f782d80ceb9555130e911c1fcf7074153d267
5,6,0.1,DARP-HILP,3,10.856434987909898,0.09999944835067112,10.312756969011389,13048,63,True,d84d099493b973a63d879255d2221c1930d649aa,543f782d80ceb9555130e911c1fcf7074153d267
5,6,0.1,RAO*,3,11.664317925302502,0.09879943551458453,34.81029002997093,25393,2196,True,d84d099493b973a63d879255d2221c1930d649aa,543f782d80ceb9555130e911c1fcf7074153d267
5,6,0.1,DARP-HILP,4,10.856434987909898,0.09999944835067112,10.91168431204278,13048,63,True,d84d099493b973a63d879255d2221c1930d649aa,543f782d80ceb9555130e911c1fcf7074153d267
5,6,0.1,RAO*,4,11.664317925302502,0.09879943551458453,33.74753553199116,25393,2196,True,d84d099493b973a63d879255d2221c1930d649aa,543f782d80ceb9555130e911c1fcf7074153d267
5,6,0.1,DARP-HILP,5,10.856434987909898,0.09999944835067112,11.177259968942963,13048,63,True,d84d099493b973a63d879255d2221c1930d649aa,543f782d80ceb9555130e911c1fcf7074153d267
5,6,0.1,RAO*,5,11.664317925302502,0.09879943551458453,34.149061116040684,25393,2196,True,d84d099493b973a63d879255d2221c1930d649aa,543f782d80ceb9555130e911c1fcf7074153d267
5,6,0.1,DARP-HILP,6,10.856434987909898,0.09999944835067112,10.56966643803753,13048,63,True,d84d099493b973a63d879255d2221c1930d649aa,543f782d80ceb9555130e911c1fcf7074153d267
5,6,0.1,RAO*,6,11.664317925302502,0.09879943551458453,33.34608838101849,25393,2196,True,d84d099493b973a63d879255d2221c1930d649aa,543f782d80ceb9555130e911c1fcf7074153d267
5,6,0.1,DARP-HILP,7,10.856434987909898,0.09999944835067112,10.54737790999934,13048,63,True,d84d099493b973a63d879255d2221c1930d649aa,543f782d80ceb9555130e911c1fcf7074153d267
5,6,0.1,RAO*,7,11.664317925302502,0.09879943551458453,33.39423407695722,25393,2196,True,d84d099493b973a63d879255d2221c1930d649aa,543f782d80ceb9555130e911c1fcf7074153d267
5,6,0.1,DARP-HILP,8,10.856434987909898,0.09999944835067112,11.024359629955143,13048,63,True,d84d099493b973a63d879255d2221c1930d649aa,543f782d80ceb9555130e911c1fcf7074153d267
5,6,0.1,RAO*,8,11.664317925302502,0.09879943551458453,33.73884269304108,25393,2196,True,d84d099493b973a63d879255d2221c1930d649aa,543f782d80ceb9555130e911c1fcf7074153d267
5,6,0.1,DARP-HILP,9,10.856434987909898,0.09999944835067112,10.625452482956462,13048,63,True,d84d099493b973a63d879255d2221c1930d649aa,543f782d80ceb9555130e911c1fcf7074153d267
5,6,0.1,RAO*,9,11.664317925302502,0.09879943551458453,33.53669917199295,25393,2196,True,d84d099493b973a63d879255d2221c1930d649aa,543f782d80ceb9555130e911c1fcf7074153d267
5,6,0.1,DARP-HILP,10,10.856434987909898,0.09999944835067112,10.646478613023646,13048,63,True,d84d099493b973a63d879255d2221c1930d649aa,543f782d80ceb9555130e911c1fcf7074153d267
5,6,0.1,RAO*,10,11.664317925302502,0.09879943551458453,35.716343184001744,25393,2196,True,d84d099493b973a63d879255d2221c1930d649aa,543f782d80ceb9555130e911c1fcf7074153d267
5,6,0.1,DARP-HILP,11,10.856434987909898,0.09999944835067112,11.132663822034374,13048,63,True,d84d099493b973a63d879255d2221c1930d649aa,543f782d80ceb9555130e911c1fcf7074153d267
5,6,0.1,RAO*,11,11.664317925302502,0.09879943551458453,35.92761321389116,25393,2196,True,d84d099493b973a63d879255d2221c1930d649aa,543f782d80ceb9555130e911c1fcf7074153d267
5,6,0.1,DARP-HILP,12,10.856434987909898,0.09999944835067112,10.521296712919138,13048,63,True,d84d099493b973a63d879255d2221c1930d649aa,543f782d80ceb9555130e911c1fcf7074153d267
5,6,0.1,RAO*,12,11.664317925302502,0.09879943551458453,33.07647322898265,25393,2196,True,d84d099493b973a63d879255d2221c1930d649aa,543f782d80ceb9555130e911c1fcf7074153d267
5,6,0.1,DARP-HILP,13,10.856434987909898,0.09999944835067112,10.840625472017564,13048,63,True,d84d099493b973a63d879255d2221c1930d649aa,543f782d80ceb9555130e911c1fcf7074153d267
5,6,0.1,RAO*,13,11.664317925302502,0.09879943551458453,33.14908329991158,25393,2196,True,d84d099493b973a63d879255d2221c1930d649aa,543f782d80ceb9555130e911c1fcf7074153d267
5,6,0.1,DARP-HILP,14,10.856434987909898,0.09999944835067112,11.2614287850447,13048,63,True,d84d099493b973a63d879255d2221c1930d649aa,543f782d80ceb9555130e911c1fcf7074153d267
5,6,0.1,RAO*,14,11.664317925302502,0.09879943551458453,33.324381242040545,25393,2196,True,d84d099493b973a63d879255d2221c1930d649aa,543f782d80ceb9555130e911c1fcf7074153d267
5,6,0.1,DARP-HILP,15,10.856434987909898,0.09999944835067112,10.609020789968781,13048,63,True,d84d099493b973a63d879255d2221c1930d649aa,543f782d80ceb9555130e911c1fcf7074153d267
5,6,0.1,RAO*,15,11.664317925302502,0.09879943551458453,33.20900375104975,25393,2196,True,d84d099493b973a63d879255d2221c1930d649aa,543f782d80ceb9555130e911c1fcf7074153d267
5,6,0.1,DARP-HILP,16,10.856434987909898,0.09999944835067112,11.342870902037248,13048,63,True,d84d099493b973a63d879255d2221c1930d649aa,543f782d80ceb9555130e911c1fcf7074153d267
5,6,0.1,RAO*,16,11.664317925302502,0.09879943551458453,34.163144664955325,25393,2196,True,d84d099493b973a63d879255d2221c1930d649aa,543f782d80ceb9555130e911c1fcf7074153d267
5,6,0.1,DARP-HILP,17,10.856434987909898,0.09999944835067112,10.701853830949403,13048,63,True,d84d099493b973a63d879255d2221c1930d649aa,543f782d80ceb9555130e911c1fcf7074153d267
5,6,0.1,RAO*,17,11.664317925302502,0.09879943551458453,33.666992156999186,25393,2196,True,d84d099493b973a63d879255d2221c1930d649aa,543f782d80ceb9555130e911c1fcf7074153d267
5,6,0.1,DARP-HILP,18,10.856434987909898,0.09999944835067112,10.914237646968104,13048,63,True,d84d099493b973a63d879255d2221c1930d649aa,543f782d80ceb9555130e911c1fcf7074153d267
5,6,0.1,RAO*,18,11.664317925302502,0.09879943551458453,33.25247371499427,25393,2196,True,d84d099493b973a63d879255d2221c1930d649aa,543f782d80ceb9555130e911c1fcf7074153d267
5,6,0.1,DARP-HILP,19,10.856434987909898,0.09999944835067112,11.031245538964868,13048,63,True,d84d099493b973a63d879255d2221c1930d649aa,543f782d80ceb9555130e911c1fcf7074153d267
5,6,0.1,RAO*,19,11.664317925302502,0.09879943551458453,33.23942040896509,25393,2196,True,d84d099493b973a63d879255d2221c1930d649aa,543f782d80ceb9555130e911c1fcf7074153d267
5,6,0.1,DARP-HILP,20,10.856434987909898,0.09999944835067112,10.841297890990973,13048,63,True,d84d099493b973a63d879255d2221c1930d649aa,543f782d80ceb9555130e911c1fcf7074153d267
5,6,0.1,RAO*,20,11.664317925302502,0.09879943551458453,34.911349541042,25393,2196,True,d84d099493b973a63d879255d2221c1930d649aa,543f782d80ceb9555130e911c1fcf7074153d267
5,6,0.1,DARP-HILP,21,10.856434987909898,0.09999944835067112,10.63340332498774,13048,63,True,d84d099493b973a63d879255d2221c1930d649aa,543f782d80ceb9555130e911c1fcf7074153d267
5,6,0.1,RAO*,21,11.664317925302502,0.09879943551458453,34.063659106963314,25393,2196,True,d84d099493b973a63d879255d2221c1930d649aa,543f782d80ceb9555130e911c1fcf7074153d267
5,6,0.1,DARP-HILP,22,10.856434987909898,0.09999944835067112,10.743599210982211,13048,63,True,d84d099493b973a63d879255d2221c1930d649aa,543f782d80ceb9555130e911c1fcf7074153d267
5,6,0.1,RAO*,22,11.664317925302502,0.09879943551458453,34.36051704699639,25393,2196,True,d84d099493b973a63d879255d2221c1930d649aa,543f782d80ceb9555130e911c1fcf7074153d267
5,6,0.1,DARP-HILP,23,10.856434987909898,0.09999944835067112,10.738994689076208,13048,63,True,d84d099493b973a63d879255d2221c1930d649aa,543f782d80ceb9555130e911c1fcf7074153d267
5,6,0.1,RAO*,23,11.664317925302502,0.09879943551458453,34.386290373979136,25393,2196,True,d84d099493b973a63d879255d2221c1930d649aa,543f782d80ceb9555130e911c1fcf7074153d267
5,6,0.1,DARP-HILP,24,10.856434987909898,0.09999944835067112,10.89039826800581,13048,63,True,d84d099493b973a63d879255d2221c1930d649aa,543f782d80ceb9555130e911c1fcf7074153d267
5,6,0.1,RAO*,24,11.664317925302502,0.09879943551458453,34.23411521199159,25393,2196,True,d84d099493b973a63d879255d2221c1930d649aa,543f782d80ceb9555130e911c1fcf7074153d267
5,6,0.1,DARP-HILP,25,10.856434987909898,0.09999944835067112,10.661369250970893,13048,63,True,d84d099493b973a63d879255d2221c1930d649aa,543f782d80ceb9555130e911c1fcf7074153d267
5,6,0.1,RAO*,25,11.664317925302502,0.09879943551458453,34.94865973095875,25393,2196,True,d84d099493b973a63d879255d2221c1930d649aa,543f782d80ceb9555130e911c1fcf7074153d267
5,6,0.2,DARP-HILP,1,8.51730822880294,0.1587357693835137,7.696188175003044,17608,49,True,d84d099493b973a63d879255d2221c1930d649aa,543f782d80ceb9555130e911c1fcf7074153d267
5,6,0.2,RAO*,1,9.454810466494346,0.1920991604288611,54.402908299001865,48844,4100,True,d84d099493b973a63d879255d2221c1930d649aa,543f782d80ceb9555130e911c1fcf7074153d267
5,6,0.2,DARP-HILP,2,8.51730822880294,0.1587357693835137,7.450404618983157,17608,49,True,d84d099493b973a63d879255d2221c1930d649aa,543f782d80ceb9555130e911c1fcf7074153d267
5,6,0.2,RAO*,2,9.454810466494346,0.1920991604288611,54.26489620201755,48844,4100,True,d84d099493b973a63d879255d2221c1930d649aa,543f782d80ceb9555130e911c1fcf7074153d267
5,6,0.2,DARP-HILP,3,8.51730822880294,0.1587357693835137,7.511666130041704,17608,49,True,d84d099493b973a63d879255d2221c1930d649aa,543f782d80ceb9555130e911c1fcf7074153d267
5,6,0.2,RAO*,3,9.454810466494346,0.1920991604288611,54.74034520692658,48844,4100,True,d84d099493b973a63d879255d2221c1930d649aa,543f782d80ceb9555130e911c1fcf7074153d267
5,6,0.2,DARP-HILP,4,8.51730822880294,0.1587357693835137,7.619598101940937,17608,49,True,d84d099493b973a63d879255d2221c1930d649aa,543f782d80ceb9555130e911c1fcf7074153d267
5,6,0.2,RAO*,4,9.454810466494346,0.1920991604288611,55.125776864006184,48844,4100,True,d84d099493b973a63d879255d2221c1930d649aa,543f782d80ceb9555130e911c1fcf7074153d267
5,6,0.2,DARP-HILP,5,8.51730822880294,0.1587357693835137,8.299715245957486,17608,49,True,d84d099493b973a63d879255d2221c1930d649aa,543f782d80ceb9555130e911c1fcf7074153d267
5,6,0.2,RAO*,5,9.454810466494346,0.1920991604288611,56.032483051065356,48844,4100,True,d84d099493b973a63d879255d2221c1930d649aa,543f782d80ceb9555130e911c1fcf7074153d267
5,6,0.2,DARP-HILP,6,8.51730822880294,0.1587357693835137,7.55319895001594,17608,49,True,d84d099493b973a63d879255d2221c1930d649aa,543f782d80ceb9555130e911c1fcf7074153d267
5,6,0.2,RAO*,6,9.454810466494346,0.1920991604288611,55.83465544099454,48844,4100,True,d84d099493b973a63d879255d2221c1930d649aa,543f782d80ceb9555130e911c1fcf7074153d267
5,6,0.2,DARP-HILP,7,8.51730822880294,0.1587357693835137,7.724486605962738,17608,49,True,d84d099493b973a63d879255d2221c1930d649aa,543f782d80ceb9555130e911c1fcf7074153d267
5,6,0.2,RAO*,7,9.454810466494346,0.1920991604288611,54.96613474097103,48844,4100,True,d84d099493b973a63d879255d2221c1930d649aa,543f782d80ceb9555130e911c1fcf7074153d267
5,6,0.2,DARP-HILP,8,8.51730822880294,0.1587357693835137,7.862673535943031,17608,49,True,d84d099493b973a63d879255d2221c1930d649aa,543f782d80ceb9555130e911c1fcf7074153d267
5,6,0.2,RAO*,8,9.454810466494346,0.1920991604288611,55.40079475706443,48844,4100,True,d84d099493b973a63d879255d2221c1930d649aa,543f782d80ceb9555130e911c1fcf7074153d267
5,6,0.2,DARP-HILP,9,8.51730822880294,0.1587357693835137,7.7663860799511895,17608,49,True,d84d099493b973a63d879255d2221c1930d649aa,543f782d80ceb9555130e911c1fcf7074153d267
5,6,0.2,RAO*,9,9.454810466494346,0.1920991604288611,55.82494419394061,48844,4100,True,d84d099493b973a63d879255d2221c1930d649aa,543f782d80ceb9555130e911c1fcf7074153d267
5,6,0.2,DARP-HILP,10,8.51730822880294,0.1587357693835137,7.775862109963782,17608,49,True,d84d099493b973a63d879255d2221c1930d649aa,543f782d80ceb9555130e911c1fcf7074153d267
5,6,0.2,RAO*,10,9.454810466494346,0.1920991604288611,54.798793858033605,48844,4100,True,d84d099493b973a63d879255d2221c1930d649aa,543f782d80ceb9555130e911c1fcf7074153d267
5,6,0.2,DARP-HILP,11,8.51730822880294,0.1587357693835137,7.666624916950241,17608,49,True,d84d099493b973a63d879255d2221c1930d649aa,543f782d80ceb9555130e911c1fcf7074153d267
5,6,0.2,RAO*,11,9.454810466494346,0.1920991604288611,54.00217749492731,48844,4100,True,d84d099493b973a63d879255d2221c1930d649aa,543f782d80ceb9555130e911c1fcf7074153d267
5,6,0.2,DARP-HILP,12,8.51730822880294,0.1587357693835137,7.8320424009580165,17608,49,True,d84d099493b973a63d879255d2221c1930d649aa,543f782d80ceb9555130e911c1fcf7074153d267
5,6,0.2,RAO*,12,9.454810466494346,0.1920991604288611,54.52817802398931,48844,4100,True,d84d099493b973a63d879255d2221c1930d649aa,543f782d80ceb9555130e911c1fcf7074153d267
5,6,0.2,DARP-HILP,13,8.51730822880294,0.1587357693835137,7.482330159982666,17608,49,True,d84d099493b973a63d879255d2221c1930d649aa,543f782d80ceb9555130e911c1fcf7074153d267
5,6,0.2,RAO*,13,9.454810466494346,0.1920991604288611,54.20410493097734,48844,4100,True,d84d099493b973a63d879255d2221c1930d649aa,543f782d80ceb9555130e911c1fcf7074153d267
5,6,0.2,DARP-HILP,14,8.51730822880294,0.1587357693835137,7.614065269939601,17608,49,True,d84d099493b973a63d879255d2221c1930d649aa,543f782d80ceb9555130e911c1fcf7074153d267
5,6,0.2,RAO*,14,9.454810466494346,0.1920991604288611,54.75627743406221,48844,4100,True,d84d099493b973a63d879255d2221c1930d649aa,543f782d80ceb9555130e911c1fcf7074153d267
5,6,0.2,DARP-HILP,15,8.51730822880294,0.1587357693835137,7.776114603038877,17608,49,True,d84d099493b973a63d879255d2221c1930d649aa,543f782d80ceb9555130e911c1fcf7074153d267
5,6,0.2,RAO*,15,9.454810466494346,0.1920991604288611,53.95577216602396,48844,4100,True,d84d099493b973a63d879255d2221c1930d649aa,543f782d80ceb9555130e911c1fcf7074153d267
5,6,0.2,DARP-HILP,16,8.51730822880294,0.1587357693835137,8.044123034924269,17608,49,True,d84d099493b973a63d879255d2221c1930d649aa,543f782d80ceb9555130e911c1fcf7074153d267
5,6,0.2,RAO*,16,9.454810466494346,0.1920991604288611,55.91380731400568,48844,4100,True,d84d099493b973a63d879255d2221c1930d649aa,543f782d80ceb9555130e911c1fcf7074153d267
5,6,0.2,DARP-HILP,17,8.51730822880294,0.1587357693835137,7.747889264021069,17608,49,True,d84d099493b973a63d879255d2221c1930d649aa,543f782d80ceb9555130e911c1fcf7074153d267
5,6,0.2,RAO*,17,9.454810466494346,0.1920991604288611,55.72266553901136,48844,4100,True,d84d099493b973a63d879255d2221c1930d649aa,543f782d80ceb9555130e911c1fcf7074153d267
5,6,0.2,DARP-HILP,18,8.51730822880294,0.1587357693835137,7.97396125306841,17608,49,True,d84d099493b973a63d879255d2221c1930d649aa,543f782d80ceb9555130e911c1fcf7074153d267
5,6,0.2,RAO*,18,9.454810466494346,0.1920991604288611,54.84363340702839,48844,4100,True,d84d099493b973a63d879255d2221c1930d649aa,543f782d80ceb9555130e911c1fcf7074153d267
5,6,0.2,DARP-HILP,19,8.51730822880294,0.1587357693835137,7.856420803931542,17608,49,True,d84d099493b973a63d879255d2221c1930d649aa,543f782d80ceb9555130e911c1fcf7074153d267
5,6,0.2,RAO*,19,9.454810466494346,0.1920991604288611,56.27648039802443,48844,4100,True,d84d099493b973a63d879255d2221c1930d649aa,543f782d80ceb9555130e911c1fcf7074153d267
5,6,0.2,DARP-HILP,20,8.51730822880294,0.1587357693835137,8.523504946031608,17608,49,True,d84d099493b973a63d879255d2221c1930d649aa,543f782d80ceb9555130e911c1fcf7074153d267
5,6,0.2,RAO*,20,9.454810466494346,0.1920991604288611,56.4709401660366,48844,4100,True,d84d099493b973a63d879255d2221c1930d649aa,543f782d80ceb9555130e911c1fcf7074153d267
5,6,0.2,DARP-HILP,21,8.51730822880294,0.1587357693835137,7.841836876003072,17608,49,True,d84d099493b973a63d879255d2221c1930d649aa,543f782d80ceb9555130e911c1fcf7074153d267
5,6,0.2,RAO*,21,9.454810466494346,0.1920991604288611,55.397909229039215,48844,4100,True,d84d099493b973a63d879255d2221c1930d649aa,543f782d80ceb9555130e911c1fcf7074153d267
5,6,0.2,DARP-HILP,22,8.51730822880294,0.1587357693835137,7.673214564914815,17608,49,True,d84d099493b973a63d879255d2221c1930d649aa,543f782d80ceb9555130e911c1fcf7074153d267
5,6,0.2,RAO*,22,9.454810466494346,0.1920991604288611,55.270527175976895,48844,4100,True,d84d099493b973a63d879255d2221c1930d649aa,543f782d80ceb9555130e911c1fcf7074153d267
5,6,0.2,DARP-HILP,23,8.51730822880294,0.1587357693835137,7.993077322025783,17608,49,True,d84d099493b973a63d879255d2221c1930d649aa,543f782d80ceb9555130e911c1fcf7074153d267
5,6,0.2,RAO*,23,9.454810466494346,0.1920991604288611,55.857321374933235,48844,4100,True,d84d099493b973a63d879255d2221c1930d649aa,543f782d80ceb9555130e911c1fcf7074153d267
5,6,0.2,DARP-HILP,24,8.51730822880294,0.1587357693835137,7.956294775009155,17608,49,True,d84d099493b973a63d879255d2221c1930d649aa,543f782d80ceb9555130e911c1fcf7074153d267
5,6,0.2,RAO*,24,9.454810466494346,0.1920991604288611,55.2436177090276,48844,4100,True,d84d099493b973a63d879255d2221c1930d649aa,543f782d80ceb9555130e911c1fcf7074153d267
5,6,0.2,DARP-HILP,25,8.51730822880294,0.1587357693835137,7.966859493055381,17608,49,True,d84d099493b973a63d879255d2221c1930d649aa,543f782d80ceb9555130e911c1fcf7074153d267
5,6,0.2,RAO*,25,9.454810466494346,0.1920991604288611,54.827531183022074,48844,4100,True,d84d099493b973a63d879255d2221c1930d649aa,543f782d80ceb9555130e911c1fcf7074153d267
5,6,0.3,DARP-HILP,1,8.51730822880294,0.1587357693835137,16.27397280698642,31048,76,True,d84d099493b973a63d879255d2221c1930d649aa,543f782d80ceb9555130e911c1fcf7074153d267
5,6,0.3,RAO*,1,9.454810466494346,0.1920991604288611,59.50460852799006,50839,4256,True,d84d099493b973a63d879255d2221c1930d649aa,543f782d80ceb9555130e911c1fcf7074153d267
5,6,0.3,DARP-HILP,2,8.51730822880294,0.1587357693835137,15.767062333994545,31048,76,True,d84d099493b973a63d879255d2221c1930d649aa,543f782d80ceb9555130e911c1fcf7074153d267
5,6,0.3,RAO*,2,9.454810466494346,0.1920991604288611,58.805224015028216,50839,4256,True,d84d099493b973a63d879255d2221c1930d649aa,543f782d80ceb9555130e911c1fcf7074153d267
5,6,0.3,DARP-HILP,3,8.51730822880294,0.1587357693835137,15.869181634043343,31048,76,True,d84d099493b973a63d879255d2221c1930d649aa,543f782d80ceb9555130e911c1fcf7074153d267
5,6,0.3,RAO*,3,9.454810466494346,0.1920991604288611,60.614587234915234,50839,4256,True,d84d099493b973a63d879255d2221c1930d649aa,543f782d80ceb9555130e911c1fcf7074153d267
5,6,0.3,DARP-HILP,4,8.51730822880294,0.1587357693835137,16.052482196944766,31048,76,True,d84d099493b973a63d879255d2221c1930d649aa,543f782d80ceb9555130e911c1fcf7074153d267
5,6,0.3,RAO*,4,9.454810466494346,0.1920991604288611,59.33174504293129,50839,4256,True,d84d099493b973a63d879255d2221c1930d649aa,543f782d80ceb9555130e911c1fcf7074153d267
5,6,0.3,DARP-HILP,5,8.51730822880294,0.1587357693835137,16.221697092987597,31048,76,True,d84d099493b973a63d879255d2221c1930d649aa,543f782d80ceb9555130e911c1fcf7074153d267
5,6,0.3,RAO*,5,9.454810466494346,0.1920991604288611,58.812468692078255,50839,4256,True,d84d099493b973a63d879255d2221c1930d649aa,543f782d80ceb9555130e911c1fcf7074153d267
5,6,0.3,DARP-HILP,6,8.51730822880294,0.1587357693835137,15.280169445904903,31048,76,True,d84d099493b973a63d879255d2221c1930d649aa,543f782d80ceb9555130e911c1fcf7074153d267
5,6,0.3,RAO*,6,9.454810466494346,0.1920991604288611,59.12741517892573,50839,4256,True,d84d099493b973a63d879255d2221c1930d649aa,543f782d80ceb9555130e911c1fcf7074153d267
5,6,0.3,DARP-HILP,7,8.51730822880294,0.1587357693835137,15.27979721990414,31048,76,True,d84d099493b973a63d879255d2221c1930d649aa,543f782d80ceb9555130e911c1fcf7074153d267
5,6,0.3,RAO*,7,9.454810466494346,0.1920991604288611,57.996315744007006,50839,4256,True,d84d099493b973a63d879255d2221c1930d649aa,543f782d80ceb9555130e911c1fcf7074153d267
5,6,0.3,DARP-HILP,8,8.51730822880294,0.1587357693835137,16.815716919954866,31048,76,True,d84d099493b973a63d879255d2221c1930d649aa,543f782d80ceb9555130e911c1fcf7074153d267
5,6,0.3,RAO*,8,9.454810466494346,0.1920991604288611,57.170120168011636,50839,4256,True,d84d099493b973a63d879255d2221c1930d649aa,543f782d80ceb9555130e911c1fcf7074153d267
5,6,0.3,DARP-HILP,9,8.51730822880294,0.1587357693835137,15.382567052030936,31048,76,True,d84d099493b973a63d879255d2221c1930d649aa,543f782d80ceb9555130e911c1fcf7074153d267
5,6,0.3,RAO*,9,9.454810466494346,0.1920991604288611,57.66419485199731,50839,4256,True,d84d099493b973a63d879255d2221c1930d649aa,543f782d80ceb9555130e911c1fcf7074153d267
5,6,0.3,DARP-HILP,10,8.51730822880294,0.1587357693835137,15.851113714976236,31048,76,True,d84d099493b973a63d879255d2221c1930d649aa,543f782d80ceb9555130e911c1fcf7074153d267
5,6,0.3,RAO*,10,9.454810466494346,0.1920991604288611,56.79439398704562,50839,4256,True,d84d099493b973a63d879255d2221c1930d649aa,543f782d80ceb9555130e911c1fcf7074153d267
5,6,0.3,DARP-HILP,11,8.51730822880294,0.1587357693835137,15.499096521991305,31048,76,True,d84d099493b973a63d879255d2221c1930d649aa,543f782d80ceb9555130e911c1fcf7074153d267
5,6,0.3,RAO*,11,9.454810466494346,0.1920991604288611,59.81276172399521,50839,4256,True,d84d099493b973a63d879255d2221c1930d649aa,543f782d80ceb9555130e911c1fcf7074153d267
5,6,0.3,DARP-HILP,12,8.51730822880294,0.1587357693835137,15.555022935965098,31048,76,True,d84d099493b973a63d879255d2221c1930d649aa,543f782d80ceb9555130e911c1fcf7074153d267
5,6,0.3,RAO*,12,9.454810466494346,0.1920991604288611,57.838959235930815,50839,4256,True,d84d099493b973a63d879255d2221c1930d649aa,543f782d80ceb9555130e911c1fcf7074153d267
5,6,0.3,DARP-HILP,13,8.51730822880294,0.1587357693835137,17.810210610041395,31048,76,True,d84d099493b973a63d879255d2221c1930d649aa,543f782d80ceb9555130e911c1fcf7074153d267
5,6,0.3,RAO*,13,9.454810466494346,0.1920991604288611,61.767044942011125,50839,4256,True,d84d099493b973a63d879255d2221c1930d649aa,543f782d80ceb9555130e911c1fcf7074153d267
5,6,0.3,DARP-HILP,14,8.51730822880294,0.1587357693835137,17.328764769947156,31048,76,True,d84d099493b973a63d879255d2221c1930d649aa,543f782d80ceb9555130e911c1fcf7074153d267
5,6,0.3,RAO*,14,9.454810466494346,0.1920991604288611,61.52446777001023,50839,4256,True,d84d099493b973a63d879255d2221c1930d649aa,543f782d80ceb9555130e911c1fcf7074153d267
5,6,0.3,DARP-HILP,15,8.51730822880294,0.1587357693835137,17.576733914087527,31048,76,True,d84d099493b973a63d879255d2221c1930d649aa,543f782d80ceb9555130e911c1fcf7074153d267
5,6,0.3,RAO*,15,9.454810466494346,0.1920991604288611,58.79654638504144,50839,4256,True,d84d099493b973a63d879255d2221c1930d649aa,543f782d80ceb9555130e911c1fcf7074153d267
5,6,0.3,DARP-HILP,16,8.51730822880294,0.1587357693835137,15.57471570407506,31048,76,True,d84d099493b973a63d879255d2221c1930d649aa,543f782d80ceb9555130e911c1fcf7074153d267
5,6,0.3,RAO*,16,9.454810466494346,0.1920991604288611,60.48386733408552,50839,4256,True,d84d099493b973a63d879255d2221c1930d649aa,543f782d80ceb9555130e911c1fcf7074153d267
5,6,0.3,DARP-HILP,17,8.51730822880294,0.1587357693835137,16.06787058606278,31048,76,True,d84d099493b973a63d879255d2221c1930d649aa,543f782d80ceb9555130e911c1fcf7074153d267
5,6,0.3,RAO*,17,9.454810466494346,0.1920991604288611,57.94790943607222,50839,4256,True,d84d099493b973a63d879255d2221c1930d649aa,543f782d80ceb9555130e911c1fcf7074153d267
5,6,0.3,DARP-HILP,18,8.51730822880294,0.1587357693835137,15.270984307047911,31048,76,True,d84d099493b973a63d879255d2221c1930d649aa,543f782d80ceb9555130e911c1fcf7074153d267
5,6,0.3,RAO*,18,9.454810466494346,0.1920991604288611,58.93773660995066,50839,4256,True,d84d099493b973a63d879255d2221c1930d649aa,543f782d80ceb9555130e911c1fcf7074153d267
5,6,0.3,DARP-HILP,19,8.51730822880294,0.1587357693835137,16.281305358046666,31048,76,True,d84d099493b973a63d879255d2221c1930d649aa,543f782d80ceb9555130e911c1fcf7074153d267
5,6,0.3,RAO*,19,9.454810466494346,0.1920991604288611,58.33850494201761,50839,4256,True,d84d099493b973a63d879255d2221c1930d649aa,543f782d80ceb9555130e911c1fcf7074153d267
5,6,0.3,DARP-HILP,20,8.51730822880294,0.1587357693835137,16.061490481020883,31048,76,True,d84d099493b973a63d879255d2221c1930d649aa,543f782d80ceb9555130e911c1fcf7074153d267
5,6,0.3,RAO*,20,9.454810466494346,0.1920991604288611,59.5304923390504,50839,4256,True,d84d099493b973a63d879255d2221c1930d649aa,543f782d80ceb9555130e911c1fcf7074153d267
5,6,0.3,DARP-HILP,21,8.51730822880294,0.1587357693835137,16.122711366042495,31048,76,True,d84d099493b973a63d879255d2221c1930d649aa,543f782d80ceb9555130e911c1fcf7074153d267
5,6,0.3,RAO*,21,9.454810466494346,0.1920991604288611,58.871848784037866,50839,4256,True,d84d099493b973a63d879255d2221c1930d649aa,543f782d80ceb9555130e911c1fcf7074153d267
5,6,0.3,DARP-HILP,22,8.51730822880294,0.1587357693835137,15.72163206001278,31048,76,True,d84d099493b973a63d879255d2221c1930d649aa,543f782d80ceb9555130e911c1fcf7074153d267
5,6,0.3,RAO*,22,9.454810466494346,0.1920991604288611,58.94080343400128,50839,4256,True,d84d099493b973a63d879255d2221c1930d649aa,543f782d80ceb9555130e911c1fcf7074153d267
5,6,0.3,DARP-HILP,23,8.51730822880294,0.1587357693835137,16.638369216932915,31048,76,True,d84d099493b973a63d879255d2221c1930d649aa,543f782d80ceb9555130e911c1fcf7074153d267
5,6,0.3,RAO*,23,9.454810466494346,0.1920991604288611,60.85100868099835,50839,4256,True,d84d099493b973a63d879255d2221c1930d649aa,543f782d80ceb9555130e911c1fcf7074153d267
5,6,0.3,DARP-HILP,24,8.51730822880294,0.1587357693835137,15.936889081029221,31048,76,True,d84d099493b973a63d879255d2221c1930d649aa,543f782d80ceb9555130e911c1fcf7074153d267
5,6,0.3,RAO*,24,9.454810466494346,0.1920991604288611,59.254132687929086,50839,4256,True,d84d099493b973a63d879255d2221c1930d649aa,543f782d80ceb9555130e911c1fcf7074153d267
5,6,0.3,DARP-HILP,25,8.51730822880294,0.1587357693835137,15.791951940977015,31048,76,True,d84d099493b973a63d879255d2221c1930d649aa,543f782d80ceb9555130e911c1fcf7074153d267
5,6,0.3,RAO*,25,9.454810466494346,0.1920991604288611,59.26383563305717,50839,4256,True,d84d099493b973a63d879255d2221c1930d649aa,543f782d80ceb9555130e911c1fcf7074153d267
100,3,0.1,DARP-HILP,1,198.9323125,0.08976562500000002,0.05218691797927022,268,12,True,d84d099493b973a63d879255d2221c1930d649aa,543f782d80ceb9555130e911c1fcf7074153d267
100,3,0.1,RAO*,1,199.74968632812502,0.08926781233710164,0.0798007280100137,337,40,True,d84d099493b973a63d879255d2221c1930d649aa,543f782d80ceb9555130e911c1fcf7074153d267
100,3,0.1,DARP-HILP,2,198.9323125,0.08976562500000002,0.05144161998759955,268,12,True,d84d099493b973a63d879255d2221c1930d649aa,543f782d80ceb9555130e911c1fcf7074153d267
100,3,0.1,RAO*,2,199.74968632812502,0.08926781233710164,0.07968982204329222,337,40,True,d84d099493b973a63d879255d2221c1930d649aa,543f782d80ceb9555130e911c1fcf7074153d267
100,3,0.1,DARP-HILP,3,198.9323125,0.08976562500000002,0.053126659942790866,268,12,True,d84d099493b973a63d879255d2221c1930d649aa,543f782d80ceb9555130e911c1fcf7074153d267
100,3,0.1,RAO*,3,199.74968632812502,0.08926781233710164,0.0791223089909181,337,40,True,d84d099493b973a63d879255d2221c1930d649aa,543f782d80ceb9555130e911c1fcf7074153d267
100,3,0.1,DARP-HILP,4,198.9323125,0.08976562500000002,0.05090287292841822,268,12,True,d84d099493b973a63d879255d2221c1930d649aa,543f782d80ceb9555130e911c1fcf7074153d267
100,3,0.1,RAO*,4,199.74968632812502,0.08926781233710164,0.07904237799812108,337,40,True,d84d099493b973a63d879255d2221c1930d649aa,543f782d80ceb9555130e911c1fcf7074153d267
100,3,0.1,DARP-HILP,5,198.9323125,0.08976562500000002,0.050861651077866554,268,12,True,d84d099493b973a63d879255d2221c1930d649aa,543f782d80ceb9555130e911c1fcf7074153d267
100,3,0.1,RAO*,5,199.74968632812502,0.08926781233710164,0.08098498196341097,337,40,True,d84d099493b973a63d879255d2221c1930d649aa,543f782d80ceb9555130e911c1fcf7074153d267
100,3,0.1,DARP-HILP,6,198.9323125,0.08976562500000002,0.051215506973676383,268,12,True,d84d099493b973a63d879255d2221c1930d649aa,543f782d80ceb9555130e911c1fcf7074153d267
100,3,0.1,RAO*,6,199.74968632812502,0.08926781233710164,0.07990933710243553,337,40,True,d84d099493b973a63d879255d2221c1930d649aa,543f782d80ceb9555130e911c1fcf7074153d267
100,3,0.1,DARP-HILP,7,198.9323125,0.08976562500000002,0.04868787701707333,268,12,True,d84d099493b973a63d879255d2221c1930d649aa,543f782d80ceb9555130e911c1fcf7074153d267
100,3,0.1,RAO*,7,199.74968632812502,0.08926781233710164,0.08963280299212784,337,40,True,d84d099493b973a63d879255d2221c1930d649aa,543f782d80ceb9555130e911c1fcf7074153d267
100,3,0.1,DARP-HILP,8,198.9323125,0.08976562500000002,0.05365377105772495,268,12,True,d84d099493b973a63d879255d2221c1930d649aa,543f782d80ceb9555130e911c1fcf7074153d267
100,3,0.1,RAO*,8,199.74968632812502,0.08926781233710164,0.08265525999013335,337,40,True,d84d099493b973a63d879255d2221c1930d649aa,543f782d80ceb9555130e911c1fcf7074153d267
100,3,0.1,DARP-HILP,9,198.9323125,0.08976562500000002,0.05226471403148025,268,12,True,d84d099493b973a63d879255d2221c1930d649aa,543f782d80ceb9555130e911c1fcf7074153d267
100,3,0.1,RAO*,9,199.74968632812502,0.08926781233710164,0.09469496109522879,337,40,True,d84d099493b973a63d879255d2221c1930d649aa,543f782d80ceb9555130e911c1fcf7074153d267
100,3,0.1,DARP-HILP,10,198.9323125,0.08976562500000002,0.05818137794267386,268,12,True,d84d099493b973a63d879255d2221c1930d649aa,543f782d80ceb9555130e911c1fcf7074153d267
100,3,0.1,RAO*,10,199.74968632812502,0.08926781233710164,0.0893854449968785,337,40,True,d84d099493b973a63d879255d2221c1930d649aa,543f782d80ceb9555130e911c1fcf7074153d267
100,3,0.1,DARP-HILP,11,198.9323125,0.08976562500000002,0.05462155200075358,268,12,True,d84d099493b973a63d879255d2221c1930d649aa,543f782d80ceb9555130e911c1fcf7074153d267
100,3,0.1,RAO*,11,199.74968632812502,0.08926781233710164,0.08766839606687427,337,40,True,d84d099493b973a63d879255d2221c1930d649aa,543f782d80ceb9555130e911c1fcf7074153d267
100,3,0.1,DARP-HILP,12,198.9323125,0.08976562500000002,0.06126109999604523,268,12,True,d84d099493b973a63d879255d2221c1930d649aa,543f782d80ceb9555130e911c1fcf7074153d267
100,3,0.1,RAO*,12,199.74968632812502,0.08926781233710164,0.0849653179757297,337,40,True,d84d099493b973a63d879255d2221c1930d649aa,543f782d80ceb9555130e911c1fcf7074153d267
100,3,0.1,DARP-HILP,13,198.9323125,0.08976562500000002,0.05555847194045782,268,12,True,d84d099493b973a63d879255d2221c1930d649aa,543f782d80ceb9555130e911c1fcf7074153d267
100,3,0.1,RAO*,13,199.74968632812502,0.08926781233710164,0.0867868090281263,337,40,True,d84d099493b973a63d879255d2221c1930d649aa,543f782d80ceb9555130e911c1fcf7074153d267
100,3,0.1,DARP-HILP,14,198.9323125,0.08976562500000002,0.05504237103741616,268,12,True,d84d099493b973a63d879255d2221c1930d649aa,543f782d80ceb9555130e911c1fcf7074153d267
100,3,0.1,RAO*,14,199.74968632812502,0.08926781233710164,0.09360432298853993,337,40,True,d84d099493b973a63d879255d2221c1930d649aa,543f782d80ceb9555130e911c1fcf7074153d267
100,3,0.1,DARP-HILP,15,198.9323125,0.08976562500000002,0.05708220903761685,268,12,True,d84d099493b973a63d879255d2221c1930d649aa,543f782d80ceb9555130e911c1fcf7074153d267
100,3,0.1,RAO*,15,199.74968632812502,0.08926781233710164,0.0876788980094716,337,40,True,d84d099493b973a63d879255d2221c1930d649aa,543f782d80ceb9555130e911c1fcf7074153d267
100,3,0.1,DARP-HILP,16,198.9323125,0.08976562500000002,0.0519361860351637,268,12,True,d84d099493b973a63d879255d2221c1930d649aa,543f782d80ceb9555130e911c1fcf7074153d267
100,3,0.1,RAO*,16,199.74968632812502,0.08926781233710164,0.10089293599594384,337,40,True,d84d099493b973a63d879255d2221c1930d649aa,543f782d80ceb9555130e911c1fcf7074153d267
100,3,0.1,DARP-HILP,17,198.9323125,0.08976562500000002,0.04920516104903072,268,12,True,d84d099493b973a63d879255d2221c1930d649aa,543f782d80ceb9555130e911c1fcf7074153d267
100,3,0.1,RAO*,17,199.74968632812502,0.08926781233710164,0.09701893595047295,337,40,True,d84d099493b973a63d879255d2221c1930d649aa,543f782d80ceb9555130e911c1fcf7074153d267
100,3,0.1,DARP-HILP,18,198.9323125,0.08976562500000002,0.0480048309545964,268,12,True,d84d099493b973a63d879255d2221c1930d649aa,543f782d80ceb9555130e911c1fcf7074153d267
100,3,0.1,RAO*,18,199.74968632812502,0.08926781233710164,0.07522733299992979,337,40,True,d84d099493b973a63d879255d2221c1930d649aa,543f782d80ceb9555130e911c1fcf7074153d267
100,3,0.1,DARP-HILP,19,198.9323125,0.08976562500000002,0.04864325001835823,268,12,True,d84d099493b973a63d879255d2221c1930d649aa,543f782d80ceb9555130e911c1fcf7074153d267
100,3,0.1,RAO*,19,199.74968632812502,0.08926781233710164,0.07818617299199104,337,40,True,d84d099493b973a63d879255d2221c1930d649aa,543f782d80ceb9555130e911c1fcf7074153d267
100,3,0.1,DARP-HILP,20,198.9323125,0.08976562500000002,0.05215590004809201,268,12,True,d84d099493b973a63d879255d2221c1930d649aa,543f782d80ceb9555130e911c1fcf7074153d267
100,3,0.1,RAO*,20,199.74968632812502,0.08926781233710164,0.07928153697866946,337,40,True,d84d099493b973a63d879255d2221c1930d649aa,543f782d80ceb9555130e911c1fcf7074153d267
100,3,0.1,DARP-HILP,21,198.9323125,0.08976562500000002,0.0496478290297091,268,12,True,d84d099493b973a63d879255d2221c1930d649aa,543f782d80ceb9555130e911c1fcf7074153d267
100,3,0.1,RAO*,21,199.74968632812502,0.08926781233710164,0.07933516893535852,337,40,True,d84d099493b973a63d879255d2221c1930d649aa,543f782d80ceb9555130e911c1fcf7074153d267
100,3,0.1,DARP-HILP,22,198.9323125,0.08976562500000002,0.05034340394195169,268,12,True,d84d099493b973a63d879255d2221c1930d649aa,543f782d80ceb9555130e911c1fcf7074153d267
100,3,0.1,RAO*,22,199.74968632812502,0.08926781233710164,0.07779603102244437,337,40,True,d84d099493b973a63d879255d2221c1930d649aa,543f782d80ceb9555130e911c1fcf7074153d267
100,3,0.1,DARP-HILP,23,198.9323125,0.08976562500000002,0.04896703897975385,268,12,True,d84d099493b973a63d879255d2221c1930d649aa,543f782d80ceb9555130e911c1fcf7074153d267
100,3,0.1,RAO*,23,199.74968632812502,0.08926781233710164,0.07704951998312026,337,40,True,d84d099493b973a63d879255d2221c1930d649aa,543f782d80ceb9555130e911c1fcf7074153d267
100,3,0.1,DARP-HILP,24,198.9323125,0.08976562500000002,0.050650698016397655,268,12,True,d84d099493b973a63d879255d2221c1930d649aa,543f782d80ceb9555130e911c1fcf7074153d267
100,3,0.1,RAO*,24,199.74968632812502,0.08926781233710164,0.07779526198282838,337,40,True,d84d099493b973a63d879255d2221c1930d649aa,543f782d80ceb9555130e911c1fcf7074153d267
100,3,0.1,DARP-HILP,25,198.9323125,0.08976562500000002,0.04928084404673427,268,12,True,d84d099493b973a63d879255d2221c1930d649aa,543f782d80ceb9555130e911c1fcf7074153d267
100,3,0.1,RAO*,25,199.74968632812502,0.08926781233710164,0.08490602893289179,337,40,True,d84d099493b973a63d879255d2221c1930d649aa,543f782d80ceb9555130e911c1fcf7074153d267
100,3,0.2,DARP-HILP,1,198.15562499999996,0.144375,0.04271272395271808,160,9,True,d84d099493b973a63d879255d2221c1930d649aa,543f782d80ceb9555130e911c1fcf7074153d267
100,3,0.2,RAO*,1,198.24103124999996,0.18432793332202302,0.028994529973715544,142,13,True,d84d099493b973a63d879255d2221c1930d649aa,543f782d80ceb9555130e911c1fcf7074153d267
100,3,0.2,DARP-HILP,2,198.15562499999996,0.144375,0.06475444789975882,160,9,True,d84d099493b973a63d879255d2221c1930d649aa,543f782d80ceb9555130e911c1fcf7074153d267
100,3,0.2,RAO*,2,198.24103124999996,0.18432793332202302,0.030810191063210368,142,13,True,d84d099493b973a63d879255d2221c1930d649aa,543f782d80ceb9555130e911c1fcf7074153d267
100,3,0.2,DARP-HILP,3,198.15562499999996,0.144375,0.04111197707243264,160,9,True,d84d099493b973a63d879255d2221c1930d649aa,543f782d80ceb9555130e911c1fcf7074153d267
100,3,0.2,RAO*,3,198.24103124999996,0.18432793332202302,0.02806903305463493,142,13,True,d84d099493b973a63d879255d2221c1930d649aa,543f782d80ceb9555130e911c1fcf7074153d267
100,3,0.2,DARP-HILP,4,198.15562499999996,0.144375,0.06293735699728131,160,9,True,d84d099493b973a63d879255d2221c1930d649aa,543f782d80ceb9555130e911c1fcf7074153d267
100,3,0.2,RAO*,4,198.24103124999996,0.18432793332202302,0.02738261001650244,142,13,True,d84d099493b973a63d879255d2221c1930d649aa,543f782d80ceb9555130e911c1fcf7074153d267
100,3,0.2,DARP-HILP,5,198.15562499999996,0.144375,0.03866856498643756,160,9,True,d84d099493b973a63d879255d2221c1930d649aa,543f782d80ceb9555130e911c1fcf7074153d267
100,3,0.2,RAO*,5,198.24103124999996,0.18432793332202302,0.028070969972759485,142,13,True,d84d099493b973a63d879255d2221c1930d649aa,543f782d80ceb9555130e911c1fcf7074153d267
100,3,0.2,DARP-HILP,6,198.15562499999996,0.144375,0.06459493492729962,160,9,True,d84d099493b973a63d879255d2221c1930d649aa,543f782d80ceb9555130e911c1fcf7074153d267
100,3,0.2,RAO*,6,198.24103124999996,0.18432793332202302,0.02825613401364535,142,13,True,d84d099493b973a63d879255d2221c1930d649aa,543f782d80ceb9555130e911c1fcf7074153d267
100,3,0.2,DARP-HILP,7,198.15562499999996,0.144375,0.03951534896623343,160,9,True,d84d099493b973a63d879255d2221c1930d649aa,543f782d80ceb9555130e911c1fcf7074153d267
100,3,0.2,RAO*,7,198.24103124999996,0.18432793332202302,0.02827385999262333,142,13,True,d84d099493b973a63d879255d2221c1930d649aa,543f782d80ceb9555130e911c1fcf7074153d267
100,3,0.2,DARP-HILP,8,198.15562499999996,0.144375,0.0630086560267955,160,9,True,d84d099493b973a63d879255d2221c1930d649aa,543f782d80ceb9555130e911c1fcf7074153d267
100,3,0.2,RAO*,8,198.24103124999996,0.18432793332202302,0.028631563996896148,142,13,True,d84d099493b973a63d879255d2221c1930d649aa,543f782d80ceb9555130e911c1fcf7074153d267
100,3,0.2,DARP-HILP,9,198.15562499999996,0.144375,0.03981337998993695,160,9,True,d84d099493b973a63d879255d2221c1930d649aa,543f782d80ceb9555130e911c1fcf7074153d267
100,3,0.2,RAO*,9,198.24103124999996,0.18432793332202302,0.028754631988704205,142,13,True,d84d099493b973a63d879255d2221c1930d649aa,543f782d80ceb9555130e911c1fcf7074153d267
100,3,0.2,DARP-HILP,10,198.15562499999996,0.144375,0.06398270302452147,160,9,True,d84d099493b973a63d879255d2221c1930d649aa,543f782d80ceb9555130e911c1fcf7074153d267
100,3,0.2,RAO*,10,198.24103124999996,0.18432793332202302,0.028351883054710925,142,13,True,d84d099493b973a63d879255d2221c1930d649aa,543f782d80ceb9555130e911c1fcf7074153d267
100,3,0.2,DARP-HILP,11,198.15562499999996,0.144375,0.03986562509089708,160,9,True,d84d099493b973a63d879255d2221c1930d649aa,543f782d80ceb9555130e911c1fcf7074153d267
100,3,0.2,RAO*,11,198.24103124999996,0.18432793332202302,0.027887654025107622,142,13,True,d84d099493b973a63d879255d2221c1930d649aa,543f782d80ceb9555130e911c1fcf7074153d267
100,3,0.2,DARP-HILP,12,198.15562499999996,0.144375,0.061361687956377864,160,9,True,d84d099493b973a63d879255d2221c1930d649aa,543f782d80ceb9555130e911c1fcf7074153d267
100,3,0.2,RAO*,12,198.24103124999996,0.18432793332202302,0.02745412802323699,142,13,True,d84d099493b973a63d879255d2221c1930d649aa,543f782d80ceb9555130e911c1fcf7074153d267
100,3,0.2,DARP-HILP,13,198.15562499999996,0.144375,0.03953447297681123,160,9,True,d84d099493b973a63d879255d2221c1930d649aa,543f782d80ceb9555130e911c1fcf7074153d267
100,3,0.2,RAO*,13,198.24103124999996,0.18432793332202302,0.02796510700136423,142,13,True,d84d099493b973a63d879255d2221c1930d649aa,543f782d80ceb9555130e911c1fcf7074153d267
100,3,0.2,DARP-HILP,14,198.15562499999996,0.144375,0.060855939984321594,160,9,True,d84d099493b973a63d879255d2221c1930d649aa,543f782d80ceb9555130e911c1fcf7074153d267
100,3,0.2,RAO*,14,198.24103124999996,0.18432793332202302,0.027854710002429783,142,13,True,d84d099493b973a63d879255d2221c1930d649aa,543f782d80ceb9555130e911c1fcf7074153d267
100,3,0.2,DARP-HILP,15,198.15562499999996,0.144375,0.03921451501082629,160,9,True,d84d099493b973a63d879255d2221c1930d649aa,543f782d80ceb9555130e911c1fcf7074153d267
100,3,0.2,RAO*,15,198.24103124999996,0.18432793332202302,0.028855737997218966,142,13,True,d84d099493b973a63d879255d2221c1930d649aa,543f782d80ceb9555130e911c1fcf7074153d267
100,3,0.2,DARP-HILP,16,198.15562499999996,0.144375,0.06289543595630676,160,9,True,d84d099493b973a63d879255d2221c1930d649aa,543f782d80ceb9555130e911c1fcf7074153d267
100,3,0.2,RAO*,16,198.24103124999996,0.18432793332202302,0.02838158397935331,142,13,True,d84d099493b973a63d879255d2221c1930d649aa,543f782d80ceb9555130e911c1fcf7074153d267
100,3,0.2,DARP-HILP,17,198.15562499999996,0.144375,0.03928525000810623,160,9,True,d84d099493b973a63d879255d2221c1930d649aa,543f782d80ceb9555130e911c1fcf7074153d267
100,3,0.2,RAO*,17,198.24103124999996,0.18432793332202302,0.02746104507241398,142,13,True,d84d099493b973a63d879255d2221c1930d649aa,543f782d80ceb9555130e911c1fcf7074153d267
100,3,0.2,DARP-HILP,18,198.15562499999996,0.144375,0.061348714982159436,160,9,True,d84d099493b973a63d879255d2221c1930d649aa,543f782d80ceb9555130e911c1fcf7074153d267
100,3,0.2,RAO*,18,198.24103124999996,0.18432793332202302,0.02847749600186944,142,13,True,d84d099493b973a63d879255d2221c1930d649aa,543f782d80ceb9555130e911c1fcf7074153d267
100,3,0.2,DARP-HILP,19,198.15562499999996,0.144375,0.03853099199477583,160,9,True,d84d099493b973a63d879255d2221c1930d649aa,543f782d80ceb9555130e911c1fcf7074153d267
100,3,0.2,RAO*,19,198.24103124999996,0.18432793332202302,0.02864253195002675,142,13,True,d84d099493b973a63d879255d2221c1930d649aa,543f782d80ceb9555130e911c1fcf7074153d267
100,3,0.2,DARP-HILP,20,198.15562499999996,0.144375,0.06329931202344596,160,9,True,d84d099493b973a63d879255d2221c1930d649aa,543f782d80ceb9555130e911c1fcf7074153d267
100,3,0.2,RAO*,20,198.24103124999996,0.18432793332202302,0.028534319950267673,142,13,True,d84d099493b973a63d879255d2221c1930d649aa,543f782d80ceb9555130e911c1fcf7074153d267
100,3,0.2,DARP-HILP,21,198.15562499999996,0.144375,0.04119180701673031,160,9,True,d84d099493b973a63d879255d2221c1930d649aa,543f782d80ceb9555130e911c1fcf7074153d267
100,3,0.2,RAO*,21,198.24103124999996,0.18432793332202302,0.028164641000330448,142,13,True,d84d099493b973a63d879255d2221c1930d649aa,543f782d80ceb9555130e911c1fcf7074153d267
100,3,0.2,DARP-HILP,22,198.15562499999996,0.144375,0.06336833292152733,160,9,True,d84d099493b973a63d879255d2221c1930d649aa,543f782d80ceb9555130e911c1fcf7074153d267
100,3,0.2,RAO*,22,198.24103124999996,0.18432793332202302,0.02802631806116551,142,13,True,d84d099493b973a63d879255d2221c1930d649aa,543f782d80ceb9555130e911c1fcf7074153d267
100,3,0.2,DARP-HILP,23,198.15562499999996,0.144375,0.03931385895702988,160,9,True,d84d099493b973a63d879255d2221c1930d649aa,543f782d80ceb9555130e911c1fcf7074153d267
100,3,0.2,RAO*,23,198.24103124999996,0.18432793332202302,0.028255695942789316,142,13,True,d84d099493b973a63d879255d2221c1930d649aa,543f782d80ceb9555130e911c1fcf7074153d267
100,3,0.2,DARP-HILP,24,198.15562499999996,0.144375,0.06308732298202813,160,9,True,d84d099493b973a63d879255d2221c1930d649aa,543f782d80ceb9555130e911c1fcf7074153d267
100,3,0.2,RAO*,24,198.24103124999996,0.18432793332202302,0.027815566980279982,142,13,True,d84d099493b973a63d879255d2221c1930d649aa,543f782d80ceb9555130e911c1fcf7074153d267
100,3,0.2,DARP-HILP,25,198.15562499999996,0.144375,0.03952542901970446,160,9,True,d84d099493b973a63d879255d2221c1930d649aa,543f782d80ceb9555130e911c1fcf7074153d267
100,3,0.2,RAO*,25,198.24103124999996,0.18432793332202302,0.030708045000210404,142,13,True,d84d099493b973a63d879255d2221c1930d649aa,543f782d80ceb9555130e911c1fcf7074153d267
100,3,0.3,DARP-HILP,1,198.15562499999996,0.144375,0.06264532904606313,172,9,True,d84d099493b973a63d879255d2221c1930d649aa,543f782d80ceb9555130e911c1fcf7074153d267
100,3,0.3,RAO*,1,198.24103124999996,0.18432793332202302,0.027479055104777217,175,15,True,d84d099493b973a63d879255d2221c1930d649aa,543f782d80ceb9555130e911c1fcf7074153d267
100,3,0.3,DARP-HILP,2,198.15562499999996,0.144375,0.04176035895943642,172,9,True,d84d099493b973a63d879255d2221c1930d649aa,543f782d80ceb9555130e911c1fcf7074153d267
100,3,0.3,RAO*,2,198.24103124999996,0.18432793332202302,0.030403238022699952,175,15,True,d84d099493b973a63d879255d2221c1930d649aa,543f782d80ceb9555130e911c1fcf7074153d267
100,3,0.3,DARP-HILP,3,198.15562499999996,0.144375,0.06882155407220125,172,9,True,d84d099493b973a63d879255d2221c1930d649aa,543f782d80ceb9555130e911c1fcf7074153d267
100,3,0.3,RAO*,3,198.24103124999996,0.18432793332202302,0.03085345891304314,175,15,True,d84d099493b973a63d879255d2221c1930d649aa,543f782d80ceb9555130e911c1fcf7074153d267
100,3,0.3,DARP-HILP,4,198.15562499999996,0.144375,0.045303513994440436,172,9,True,d84d099493b973a63d879255d2221c1930d649aa,543f782d80ceb9555130e911c1fcf7074153d267
100,3,0.3,RAO*,4,198.24103124999996,0.18432793332202302,0.03058946307282895,175,15,True,d84d099493b973a63d879255d2221c1930d649aa,543f782d80ceb9555130e911c1fcf7074153d267
100,3,0.3,DARP-HILP,5,198.15562499999996,0.144375,0.06796330097131431,172,9,True,d84d099493b973a63d879255d2221c1930d649aa,543f782d80ceb9555130e911c1fcf7074153d267
100,3,0.3,RAO*,5,198.24103124999996,0.18432793332202302,0.029038804001174867,175,15,True,d84d099493b973a63d879255d2221c1930d649aa,543f782d80ceb9555130e911c1fcf7074153d267
100,3,0.3,DARP-HILP,6,198.15562499999996,0.144375,0.03949760796967894,172,9,True,d84d099493b973a63d879255d2221c1930d649aa,543f782d80ceb9555130e911c1fcf7074153d267
100,3,0.3,RAO*,6,198.24103124999996,0.18432793332202302,0.029451432987116277,175,15,True,d84d099493b973a63d879255d2221c1930d649aa,543f782d80ceb9555130e911c1fcf7074153d267
100,3,0.3,DARP-HILP,7,198.15562499999996,0.144375,0.06895340397022665,172,9,True,d84d099493b973a63d879255d2221c1930d649aa,543f782d80ceb9555130e911c1fcf7074153d267
100,3,0.3,RAO*,7,198.24103124999996,0.18432793332202302,0.031057816930115223,175,15,True,d84d099493b973a63d879255d2221c1930d649aa,543f782d80ceb9555130e911c1fcf7074153d267
100,3,0.3,DARP-HILP,8,198.15562499999996,0.144375,0.046141742961481214,172,9,True,d84d099493b973a63d879255d2221c1930d649aa,543f782d80ceb9555130e911c1fcf7074153d267
100,3,0.3,RAO*,8,198.24103124999996,0.18432793332202302,0.029009543010033667,175,15,True,d84d099493b973a63d879255d2221c1930d649aa,543f782d80ceb9555130e911c1fcf7074153d267
100,3,0.3,DARP-HILP,9,198.15562499999996,0.144375,0.06360543600749224,172,9,True,d84d099493b973a63d879255d2221c1930d649aa,543f782d80ceb9555130e911c1fcf7074153d267
100,3,0.3,RAO*,9,198.24103124999996,0.18432793332202302,0.03618339099921286,175,15,True,d84d099493b973a63d879255d2221c1930d649aa,543f782d80ceb9555130e911c1fcf7074153d267
100,3,0.3,DARP-HILP,10,198.15562499999996,0.144375,0.05149772309232503,172,9,True,d84d099493b973a63d879255d2221c1930d649aa,543f782d80ceb9555130e911c1fcf7074153d267
100,3,0.3,RAO*,10,198.24103124999996,0.18432793332202302,0.03277135395910591,175,15,True,d84d099493b973a63d879255d2221c1930d649aa,543f782d80ceb9555130e911c1fcf7074153d267
100,3,0.3,DARP-HILP,11,198.15562499999996,0.144375,0.04186037997715175,172,9,True,d84d099493b973a63d879255d2221c1930d649aa,543f782d80ceb9555130e911c1fcf7074153d267
100,3,0.3,RAO*,11,198.24103124999996,0.18432793332202302,0.03008321300148964,175,15,True,d84d099493b973a63d879255d2221c1930d649aa,543f782d80ceb9555130e911c1fcf7074153d267
100,3,0.3,DARP-HILP,12,198.15562499999996,0.144375,0.039675711072050035,172,9,True,d84d099493b973a63d879255d2221c1930d649aa,543f782d80ceb9555130e911c1fcf7074153d267
100,3,0.3,RAO*,12,198.24103124999996,0.18432793332202302,0.03090020501986146,175,15,True,d84d099493b973a63d879255d2221c1930d649aa,543f782d80ceb9555130e911c1fcf7074153d267
100,3,0.3,DARP-HILP,13,198.15562499999996,0.144375,0.041566100087948143,172,9,True,d84d099493b973a63d879255d2221c1930d649aa,543f782d80ceb9555130e911c1fcf7074153d267
100,3,0.3,RAO*,13,198.24103124999996,0.18432793332202302,0.030388929997570813,175,15,True,d84d099493b973a63d879255d2221c1930d649aa,543f782d80ceb9555130e911c1fcf7074153d267
100,3,0.3,DARP-HILP,14,198.15562499999996,0.144375,0.0428199510788545,172,9,True,d84d099493b973a63d879255d2221c1930d649aa,543f782d80ceb9555130e911c1fcf7074153d267
100,3,0.3,RAO*,14,198.24103124999996,0.18432793332202302,0.03142130596097559,175,15,True,d84d099493b973a63d879255d2221c1930d649aa,543f782d80ceb9555130e911c1fcf7074153d267
100,3,0.3,DARP-HILP,15,198.15562499999996,0.144375,0.04079906607512385,172,9,True,d84d099493b973a63d879255d2221c1930d649aa,543f782d80ceb9555130e911c1fcf7074153d267
100,3,0.3,RAO*,15,198.24103124999996,0.18432793332202302,0.03016881598159671,175,15,True,d84d099493b973a63d879255d2221c1930d649aa,543f782d80ceb9555130e911c1fcf7074153d267
100,3,0.3,DARP-HILP,16,198.15562499999996,0.144375,0.04002556193154305,172,9,True,d84d099493b973a63d879255d2221c1930d649aa,543f782d80ceb9555130e911c1fcf7074153d267
100,3,0.3,RAO*,16,198.24103124999996,0.18432793332202302,0.03167736402247101,175,15,True,d84d099493b973a63d879255d2221c1930d649aa,543f782d80ceb9555130e911c1fcf7074153d267
100,3,0.3,DARP-HILP,17,198.15562499999996,0.144375,0.041951074032112956,172,9,True,d84d099493b973a63d879255d2221c1930d649aa,543f782d80ceb9555130e911c1fcf7074153d267
100,3,0.3,RAO*,17,198.24103124999996,0.18432793332202302,0.030489105032756925,175,15,True,d84d099493b973a63d879255d2221c1930d649aa,543f782d80ceb9555130e911c1fcf7074153d267
100,3,0.3,DARP-HILP,18,198.15562499999996,0.144375,0.03880408394616097,172,9,True,d84d099493b973a63d879255d2221c1930d649aa,543f782d80ceb9555130e911c1fcf7074153d267
100,3,0.3,RAO*,18,198.24103124999996,0.18432793332202302,0.031409977003932,175,15,True,d84d099493b973a63d879255d2221c1930d649aa,543f782d80ceb9555130e911c1fcf7074153d267
100,3,0.3,DARP-HILP,19,198.15562499999996,0.144375,0.04315425700042397,172,9,True,d84d099493b973a63d879255d2221c1930d649aa,543f782d80ceb9555130e911c1fcf7074153d267
100,3,0.3,RAO*,19,198.24103124999996,0.18432793332202302,0.03070256602950394,175,15,True,d84d099493b973a63d879255d2221c1930d649aa,543f782d80ceb9555130e911c1fcf7074153d267
100,3,0.3,DARP-HILP,20,198.15562499999996,0.144375,0.04233820899389684,172,9,True,d84d099493b973a63d879255d2221c1930d649aa,543f782d80ceb9555130e911c1fcf7074153d267
100,3,0.3,RAO*,20,198.24103124999996,0.18432793332202302,0.03407951700501144,175,15,True,d84d099493b973a63d879255d2221c1930d649aa,543f782d80ceb9555130e911c1fcf7074153d267
100,3,0.3,DARP-HILP,21,198.15562499999996,0.144375,0.041541822953149676,172,9,True,d84d099493b973a63d879255d2221c1930d649aa,543f782d80ceb9555130e911c1fcf7074153d267
100,3,0.3,RAO*,21,198.24103124999996,0.18432793332202302,0.03267001803033054,175,15,True,d84d099493b973a63d879255d2221c1930d649aa,543f782d80ceb9555130e911c1fcf7074153d267
100,3,0.3,DARP-HILP,22,198.15562499999996,0.144375,0.05058334500063211,172,9,True,d84d099493b973a63d879255d2221c1930d649aa,543f782d80ceb9555130e911c1fcf7074153d267
100,3,0.3,RAO*,22,198.24103124999996,0.18432793332202302,0.028213389916345477,175,15,True,d84d099493b973a63d879255d2221c1930d649aa,543f782d80ceb9555130e911c1fcf7074153d267
100,3,0.3,DARP-HILP,23,198.15562499999996,0.144375,0.03973549301736057,172,9,True,d84d099493b973a63d879255d2221c1930d649aa,543f782d80ceb9555130e911c1fcf7074153d267
100,3,0.3,RAO*,23,198.24103124999996,0.18432793332202302,0.028234751080162823,175,15,True,d84d099493b973a63d879255d2221c1930d649aa,543f782d80ceb9555130e911c1fcf7074153d267
100,3,0.3,DARP-HILP,24,198.15562499999996,0.144375,0.03984050499275327,172,9,True,d84d099493b973a63d879255d2221c1930d649aa,543f782d80ceb9555130e911c1fcf7074153d267
100,3,0.3,RAO*,24,198.24103124999996,0.18432793332202302,0.029882504954002798,175,15,True,d84d099493b973a63d879255d2221c1930d649aa,543f782d80ceb9555130e911c1fcf7074153d267
100,3,0.3,DARP-HILP,25,198.15562499999996,0.144375,0.04080291499849409,172,9,True,d84d099493b973a63d879255d2221c1930d649aa,543f782d80ceb9555130e911c1fcf7074153d267
100,3,0.3,RAO*,25,198.24103124999996,0.18432793332202302,0.02888297603931278,175,15,True,d84d099493b973a63d879255d2221c1930d649aa,543f782d80ceb9555130e911c1fcf7074153d267
100,4,0.1,DARP-HILP,1,199.67981026367187,0.09923649803466798,0.281654643942602,1084,22,True,d84d099493b973a63d879255d2221c1930d649aa,543f782d80ceb9555130e911c1fcf7074153d267
100,4,0.1,RAO*,1,200.7751870664673,0.06559997196793885,0.503090378944762,1309,135,True,d84d099493b973a63d879255d2221c1930d649aa,543f782d80ceb9555130e911c1fcf7074153d267
100,4,0.1,DARP-HILP,2,199.67981026367187,0.09923649803466798,0.2959014580119401,1084,22,True,d84d099493b973a63d879255d2221c1930d649aa,543f782d80ceb9555130e911c1fcf7074153d267
100,4,0.1,RAO*,2,200.7751870664673,0.06559997196793885,0.4596516799647361,1309,135,True,d84d099493b973a63d879255d2221c1930d649aa,543f782d80ceb9555130e911c1fcf7074153d267
100,4,0.1,DARP-HILP,3,199.67981026367187,0.09923649803466798,0.26882369501981884,1084,22,True,d84d099493b973a63d879255d2221c1930d649aa,543f782d80ceb9555130e911c1fcf7074153d267
100,4,0.1,RAO*,3,200.7751870664673,0.06559997196793885,0.48583635699469596,1309,135,True,d84d099493b973a63d879255d2221c1930d649aa,543f782d80ceb9555130e911c1fcf7074153d267
100,4,0.1,DARP-HILP,4,199.67981026367187,0.09923649803466798,0.2491338369436562,1084,22,True,d84d099493b973a63d879255d2221c1930d649aa,543f782d80ceb9555130e911c1fcf7074153d267
100,4,0.1,RAO*,4,200.7751870664673,0.06559997196793885,0.48997159907594323,1309,135,True,d84d099493b973a63d879255d2221c1930d649aa,543f782d80ceb9555130e911c1fcf7074153d267
100,4,0.1,DARP-HILP,5,199.67981026367187,0.09923649803466798,0.28876760392449796,1084,22,True,d84d099493b973a63d879255d2221c1930d649aa,543f782d80ceb9555130e911c1fcf7074153d267
100,4,0.1,RAO*,5,200.7751870664673,0.06559997196793885,0.5074836770072579,1309,135,True,d84d099493b973a63d879255d2221c1930d649aa,543f782d80ceb9555130e911c1fcf7074153d267
100,4,0.1,DARP-HILP,6,199.67981026367187,0.09923649803466798,0.27559590397868305,1084,22,True,d84d099493b973a63d879255d2221c1930d649aa,543f782d80ceb9555130e911c1fcf7074153d267
100,4,0.1,RAO*,6,200.7751870664673,0.06559997196793885,0.4606813050340861,1309,135,True,d84d099493b973a63d879255d2221c1930d649aa,543f782d80ceb9555130e911c1fcf7074153d267
100,4,0.1,DARP-HILP,7,199.67981026367187,0.09923649803466798,0.25847869901917875,1084,22,True,d84d099493b973a63d879255d2221c1930d649aa,543f782d80ceb9555130e911c1fcf7074153d267
100,4,0.1,RAO*,7,200.7751870664673,0.06559997196793885,0.634134604013525,1309,135,True,d84d099493b973a63d879255d2221c1930d649aa,543f782d80ceb9555130e911c1fcf7074153d267
100,4,0.1,DARP-HILP,8,199.67981026367187,0.09923649803466798,0.26052960206288844,1084,22,True,d84d099493b973a63d879255d2221c1930d649aa,543f782d80ceb9555130e911c1fcf7074153d267
100,4,0.1,RAO*,8,200.7751870664673,0.06559997196793885,0.4983398800250143,1309,135,True,d84d099493b973a63d879255d2221c1930d649aa,543f782d80ceb9555130e911c1fcf7074153d267
100,4,0.1,DARP-HILP,9,199.67981026367187,0.09923649803466798,0.28146032500080764,1084,22,True,d84d099493b973a63d879255d2221c1930d649aa,543f782d80ceb9555130e911c1fcf7074153d267
100,4,0.1,RAO*,9,200.7751870664673,0.06559997196793885,0.48903025896288455,1309,135,True,d84d099493b973a63d879255d2221c1930d649aa,543f782d80ceb9555130e911c1fcf7074153d267
100,4,0.1,DARP-HILP,10,199.67981026367187,0.09923649803466798,0.27853893395513296,1084,22,True,d84d099493b973a63d879255d2221c1930d649aa,543f782d80ceb9555130e911c1fcf7074153d267
100,4,0.1,RAO*,10,200.7751870664673,0.06559997196793885,0.5191434430889785,1309,135,True,d84d099493b973a63d879255d2221c1930d649aa,543f782d80ceb9555130e911c1fcf7074153d267
100,4,0.1,DARP-HILP,11,199.67981026367187,0.09923649803466798,0.24689320207107812,1084,22,True,d84d099493b973a63d879255d2221c1930d649aa,543f782d80ceb9555130e911c1fcf7074153d267
100,4,0.1,RAO*,11,200.7751870664673,0.06559997196793885,0.48194513202179223,1309,135,True,d84d099493b973a63d879255d2221c1930d649aa,543f782d80ceb9555130e911c1fcf7074153d267
100,4,0.1,DARP-HILP,12,199.67981026367187,0.09923649803466798,0.27262656297534704,1084,22,True,d84d099493b973a63d879255d2221c1930d649aa,543f782d80ceb9555130e911c1fcf7074153d267
100,4,0.1,RAO*,12,200.7751870664673,0.06559997196793885,0.49557563895359635,1309,135,True,d84d099493b973a63d879255d2221c1930d649aa,543f782d80ceb9555130e911c1fcf7074153d267
100,4,0.1,DARP-HILP,13,199.67981026367187,0.09923649803466798,0.2522014830028638,1084,22,True,d84d099493b973a63d879255d2221c1930d649aa,543f782d80ceb9555130e911c1fcf7074153d267
100,4,0.1,RAO*,13,200.7751870664673,0.06559997196793885,0.49512452399358153,1309,135,True,d84d099493b973a63d879255d2221c1930d649aa,543f782d80ceb9555130e911c1fcf7074153d267
100,4,0.1,DARP-HILP,14,199.67981026367187,0.09923649803466798,0.2572974379872903,1084,22,True,d84d099493b973a63d879255d2221c1930d649aa,543f782d80ceb9555130e911c1fcf7074153d267
100,4,0.1,RAO*,14,200.7751870664673,0.06559997196793885,0.5564060669858009,1309,135,True,d84d099493b973a63d879255d2221c1930d649aa,543f782d80ceb9555130e911c1fcf7074153d267
100,4,0.1,DARP-HILP,15,199.67981026367187,0.09923649803466798,0.3053447160637006,1084,22,True,d84d099493b973a63d879255d2221c1930d649aa,543f782d80ceb9555130e911c1fcf7074153d267
100,4,0.1,RAO*,15,200.7751870664673,0.06559997196793885,0.48974581703078,1309,135,True,d84d099493b973a63d879255d2221c1930d649aa,543f782d80ceb9555130e911c1fcf7074153d267
100,4,0.1,DARP-HILP,16,199.67981026367187,0.09923649803466798,0.3076646800618619,1084,22,True,d84d099493b973a63d879255d2221c1930d649aa,543f782d80ceb9555130e911c1fcf7074153d267
100,4,0.1,RAO*,16,200.7751870664673,0.06559997196793885,0.48004438693169504,1309,135,True,d84d099493b973a63d879255d2221c1930d649aa,543f782d80ceb9555130e911c1fcf7074153d267
100,4,0.1,DARP-HILP,17,199.67981026367187,0.09923649803466798,0.2810473790159449,1084,22,True,d84d099493b973a63d879255d2221c1930d649aa,543f782d80ceb9555130e911c1fcf7074153d267
100,4,0.1,RAO*,17,200.7751870664673,0.06559997196793885,0.47310256701894104,1309,135,True,d84d099493b973a63d879255d2221c1930d649aa,543f782d80ceb9555130e911c1fcf7074153d267
100,4,0.1,DARP-HILP,18,199.67981026367187,0.09923649803466798,0.25903567194473,1084,22,True,d84d099493b973a63d879255d2221c1930d649aa,543f782d80ceb9555130e911c1fcf7074153d267
100,4,0.1,RAO*,18,200.7751870664673,0.06559997196793885,0.5037738129030913,1309,135,True,d84d099493b973a63d879255d2221c1930d649aa,543f782d80ceb9555130e911c1fcf7074153d267
100,4,0.1,DARP-HILP,19,199.67981026367187,0.09923649803466798,0.2487418190576136,1084,22,True,d84d099493b973a63d879255d2221c1930d649aa,543f782d80ceb9555130e911c1fcf7074153d267
100,4,0.1,RAO*,19,200.7751870664673,0.06559997196793885,0.4737279190449044,1309,135,True,d84d099493b973a63d879255d2221c1930d649aa,543f782d80ceb9555130e911c1fcf7074153d267
100,4,0.1,DARP-HILP,20,199.67981026367187,0.09923649803466798,0.2517780519556254,1084,22,True,d84d099493b973a63d879255d2221c1930d649aa,543f782d80ceb9555130e911c1fcf7074153d267
100,4,0.1,RAO*,20,200.7751870664673,0.06559997196793885,0.47059369401540607,1309,135,True,d84d099493b973a63d879255d2221c1930d649aa,543f782d80ceb9555130e911c1fcf7074153d267
100,4,0.1,DARP-HILP,21,199.67981026367187,0.09923649803466798,0.29940826003439724,1084,22,True,d84d099493b973a63d879255d2221c1930d649aa,543f782d80ceb9555130e911c1fcf7074153d267
100,4,0.1,RAO*,21,200.7751870664673,0.06559997196793885,0.48202679108362645,1309,135,True,d84d099493b973a63d879255d2221c1930d649aa,543f782d80ceb9555130e911c1fcf7074153d267
100,4,0.1,DARP-HILP,22,199.67981026367187,0.09923649803466798,0.2511632249224931,1084,22,True,d84d099493b973a63d879255d2221c1930d649aa,543f782d80ceb9555130e911c1fcf7074153d267
100,4,0.1,RAO*,22,200.7751870664673,0.06559997196793885,0.46460164594464004,1309,135,True,d84d099493b973a63d879255d2221c1930d649aa,543f782d80ceb9555130e911c1fcf7074153d267
100,4,0.1,DARP-HILP,23,199.67981026367187,0.09923649803466798,0.26795703591778874,1084,22,True,d84d099493b973a63d879255d2221c1930d649aa,543f782d80ceb9555130e911c1fcf7074153d267
100,4,0.1,RAO*,23,200.7751870664673,0.06559997196793885,0.45626498700585216,1309,135,True,d84d099493b973a63d879255d2221c1930d649aa,543f782d80ceb9555130e911c1fcf7074153d267
100,4,0.1,DARP-HILP,24,199.67981026367187,0.09923649803466798,0.2765438010683283,1084,22,True,d84d099493b973a63d879255d2221c1930d649aa,543f782d80ceb9555130e911c1fcf7074153d267
100,4,0.1,RAO*,24,200.7751870664673,0.06559997196793885,0.4696677499450743,1309,135,True,d84d099493b973a63d879255d2221c1930d649aa,543f782d80ceb9555130e911c1fcf7074153d267
100,4,0.1,DARP-HILP,25,199.67981026367187,0.09923649803466798,0.2736334400251508,1084,22,True,d84d099493b973a63d879255d2221c1930d649aa,543f782d80ceb9555130e911c1fcf7074153d267
100,4,0.1,RAO*,25,200.7751870664673,0.06559997196793885,0.5147846610052511,1309,135,True,d84d099493b973a63d879255d2221c1930d649aa,543f782d80ceb9555130e911c1fcf7074153d267
100,4,0.2,DARP-HILP,1,198.24103125,0.15480147923583987,0.11137789604254067,592,13,True,d84d099493b973a63d879255d2221c1930d649aa,543f782d80ceb9555130e911c1fcf7074153d267
100,4,0.2,RAO*,1,198.33053320312501,0.18731641136628063,0.21267126395832747,550,48,True,d84d099493b973a63d879255d2221c1930d649aa,543f782d80ceb9555130e911c1fcf7074153d267
100,4,0.2,DARP-HILP,2,198.24103125,0.15480147923583987,0.11508979205973446,592,13,True,d84d099493b973a63d879255d2221c1930d649aa,543f782d80ceb9555130e911c1fcf7074153d267
100,4,0.2,RAO*,2,198.33053320312501,0.18731641136628063,0.1794450079323724,550,48,True,d84d099493b973a63d879255d2221c1930d649aa,543f782d80ceb9555130e911c1fcf7074153d267
100,4,0.2,DARP-HILP,3,198.24103125,0.15480147923583987,0.1443431810475886,592,13,True,d84d099493b973a63d879255d2221c1930d649aa,543f782d80ceb9555130e911c1fcf7074153d267
100,4,0.2,RAO*,3,198.33053320312501,0.18731641136628063,0.19829617603681982,550,48,True,d84d099493b973a63d879255d2221c1930d649aa,543f782d80ceb9555130e911c1fcf7074153d267
100,4,0.2,DARP-HILP,4,198.24103125,0.15480147923583987,0.12428657105192542,592,13,True,d84d099493b973a63d879255d2221c1930d649aa,543f782d80ceb9555130e911c1fcf7074153d267
100,4,0.2,RAO*,4,198.33053320312501,0.18731641136628063,0.2037067209603265,550,48,True,d84d099493b973a63d879255d2221c1930d649aa,543f782d80ceb9555130e911c1fcf7074153d267
100,4,0.2,DARP-HILP,5,198.24103125,0.15480147923583987,0.1156166159780696,592,13,True,d84d099493b973a63d879255d2221c1930d649aa,543f782d80ceb9555130e911c1fcf7074153d267
100,4,0.2,RAO*,5,198.33053320312501,0.18731641136628063,0.18284909392241389,550,48,True,d84d099493b973a63d879255d2221c1930d649aa,543f782d80ceb9555130e911c1fcf7074153d267
100,4,0.2,DARP-HILP,6,198.24103125,0.15480147923583987,0.11725115310400724,592,13,True,d84d099493b973a63d879255d2221c1930d649aa,543f782d80ceb9555130e911c1fcf7074153d267
100,4,0.2,RAO*,6,198.33053320312501,0.18731641136628063,0.18210380303207785,550,48,True,d84d099493b973a63d879255d2221c1930d649aa,543f782d80ceb9555130e911c1fcf7074153d267
100,4,0.2,DARP-HILP,7,198.24103125,0.15480147923583987,0.1409673070302233,592,13,True,d84d099493b973a63d879255d2221c1930d649aa,543f782d80ceb9555130e911c1fcf7074153d267
100,4,0.2,RAO*,7,198.33053320312501,0.18731641136628063,0.18358695495408028,550,48,True,d84d099493b973a63d879255d2221c1930d649aa,543f782d80ceb9555130e911c1fcf7074153d267
100,4,0.2,DARP-HILP,8,198.24103125,0.15480147923583987,0.11592783604282886,592,13,True,d84d099493b973a63d879255d2221c1930d649aa,543f782d80ceb9555130e911c1fcf7074153d267
100,4,0.2,RAO*,8,198.33053320312501,0.18731641136628063,0.18912725197151303,550,48,True,d84d099493b973a63d879255d2221c1930d649aa,543f782d80ceb9555130e911c1fcf7074153d267
100,4,0.2,DARP-HILP,9,198.24103125,0.15480147923583987,0.12486900307703763,592,13,True,d84d099493b973a63d879255d2221c1930d649aa,543f782d80ceb9555130e911c1fcf7074153d267
100,4,0.2,RAO*,9,198.33053320312501,0.18731641136628063,0.21413176297210157,550,48,True,d84d099493b973a63d879255d2221c1930d649aa,543f782d80ceb9555130e911c1fcf7074153d267
100,4,0.2,DARP-HILP,10,198.24103125,0.15480147923583987,0.12985222903080285,592,13,True,d84d099493b973a63d879255d2221c1930d649aa,543f782d80ceb9555130e911c1fcf7074153d267
100,4,0.2,RAO*,10,198.33053320312501,0.18731641136628063,0.1895736550213769,550,48,True,d84d099493b973a63d879255d2221c1930d649aa,543f782d80ceb9555130e911c1fcf7074153d267
100,4,0.2,DARP-HILP,11,198.24103125,0.15480147923583987,0.14368932601064444,592,13,True,d84d099493b973a63d879255d2221c1930d649aa,543f782d80ceb9555130e911c1fcf7074153d267
100,4,0.2,RAO*,11,198.33053320312501,0.18731641136628063,0.17817563097923994,550,48,True,d84d099493b973a63d879255d2221c1930d649aa,543f782d80ceb9555130e911c1fcf7074153d267
100,4,0.2,DARP-HILP,12,198.24103125,0.15480147923583987,0.11363643303047866,592,13,True,d84d099493b973a63d879255d2221c1930d649aa,543f782d80ceb9555130e911c1fcf7074153d267
100,4,0.2,RAO*,12,198.33053320312501,0.18731641136628063,0.18304714490659535,550,48,True,d84d099493b973a63d879255d2221c1930d649aa,543f782d80ceb9555130e911c1fcf7074153d267
100,4,0.2,DARP-HILP,13,198.24103125,0.15480147923583987,0.11288602103013545,592,13,True,d84d099493b973a63d879255d2221c1930d649aa,543f782d80ceb9555130e911c1fcf7074153d267
100,4,0.2,RAO*,13,198.33053320312501,0.18731641136628063,0.2135841699782759,550,48,True,d84d099493b973a63d879255d2221c1930d649aa,543f782d80ceb9555130e911c1fcf7074153d267
100,4,0.2,DARP-HILP,14,198.24103125,0.15480147923583987,0.11982132098637521,592,13,True,d84d099493b973a63d879255d2221c1930d649aa,543f782d80ceb9555130e911c1fcf7074153d267
100,4,0.2,RAO*,14,198.33053320312501,0.18731641136628063,0.1885491559514776,550,48,True,d84d099493b973a63d879255d2221c1930d649aa,543f782d80ceb9555130e911c1fcf7074153d267
100,4,0.2,DARP-HILP,15,198.24103125,0.15480147923583987,0.1397343409480527,592,13,True,d84d099493b973a63d879255d2221c1930d649aa,543f782d80ceb9555130e911c1fcf7074153d267
100,4,0.2,RAO*,15,198.33053320312501,0.18731641136628063,0.24452516506426036,550,48,True,d84d099493b973a63d879255d2221c1930d649aa,543f782d80ceb9555130e911c1fcf7074153d267
100,4,0.2,DARP-HILP,16,198.24103125,0.15480147923583987,0.15654228103812784,592,13,True,d84d099493b973a63d879255d2221c1930d649aa,543f782d80ceb9555130e911c1fcf7074153d267
100,4,0.2,RAO*,16,198.33053320312501,0.18731641136628063,0.24163690803106874,550,48,True,d84d099493b973a63d879255d2221c1930d649aa,543f782d80ceb9555130e911c1fcf7074153d267
100,4,0.2,DARP-HILP,17,198.24103125,0.15480147923583987,0.13702676491811872,592,13,True,d84d099493b973a63d879255d2221c1930d649aa,543f782d80ceb9555130e911c1fcf7074153d267
100,4,0.2,RAO*,17,198.33053320312501,0.18731641136628063,0.18582629994489253,550,48,True,d84d099493b973a63d879255d2221c1930d649aa,543f782d80ceb9555130e911c1fcf7074153d267
100,4,0.2,DARP-HILP,18,198.24103125,0.15480147923583987,0.11667657806538045,592,13,True,d84d099493b973a63d879255d2221c1930d649aa,543f782d80ceb9555130e911c1fcf7074153d267
100,4,0.2,RAO*,18,198.33053320312501,0.18731641136628063,0.17899960197973996,550,48,True,d84d099493b973a63d879255d2221c1930d649aa,543f782d80ceb9555130e911c1fcf7074153d267
100,4,0.2,DARP-HILP,19,198.24103125,0.15480147923583987,0.13484370207879692,592,13,True,d84d099493b973a63d879255d2221c1930d649aa,543f782d80ceb9555130e911c1fcf7074153d267
100,4,0.2,RAO*,19,198.33053320312501,0.18731641136628063,0.1868275230517611,550,48,True,d84d099493b973a63d879255d2221c1930d649aa,543f782d80ceb9555130e911c1fcf7074153d267
100,4,0.2,DARP-HILP,20,198.24103125,0.15480147923583987,0.11035438301041722,592,13,True,d84d099493b973a63d879255d2221c1930d649aa,543f782d80ceb9555130e911c1fcf7074153d267
100,4,0.2,RAO*,20,198.33053320312501,0.18731641136628063,0.18136878998484462,550,48,True,d84d099493b973a63d879255d2221c1930d649aa,543f782d80ceb9555130e911c1fcf7074153d267
100,4,0.2,DARP-HILP,21,198.24103125,0.15480147923583987,0.12422353297006339,592,13,True,d84d099493b973a63d879255d2221c1930d649aa,543f782d80ceb9555130e911c1fcf7074153d267
100,4,0.2,RAO*,21,198.33053320312501,0.18731641136628063,0.2223304839571938,550,48,True,d84d099493b973a63d879255d2221c1930d649aa,543f782d80ceb9555130e911c1fcf7074153d267
100,4,0.2,DARP-HILP,22,198.24103125,0.15480147923583987,0.1150872630532831,592,13,True,d84d099493b973a63d879255d2221c1930d649aa,543f782d80ceb9555130e911c1fcf7074153d267
100,4,0.2,RAO*,22,198.33053320312501,0.18731641136628063,0.18495661194901913,550,48,True,d84d099493b973a63d879255d2221c1930d649aa,543f782d80ceb9555130e911c1fcf7074153d267
100,4,0.2,DARP-HILP,23,198.24103125,0.15480147923583987,0.14105254597961903,592,13,True,d84d099493b973a63d879255d2221c1930d649aa,543f782d80ceb9555130e911c1fcf7074153d267
100,4,0.2,RAO*,23,198.33053320312501,0.18731641136628063,0.18202741397544742,550,48,True,d84d099493b973a63d879255d2221c1930d649aa,543f782d80ceb9555130e911c1fcf7074153d267
100,4,0.2,DARP-HILP,24,198.24103125,0.15480147923583987,0.11554740695282817,592,13,True,d84d099493b973a63d879255d2221c1930d649aa,543f782d80ceb9555130e911c1fcf7074153d267
100,4,0.2,RAO*,24,198.33053320312501,0.18731641136628063,0.17811171198263764,550,48,True,d84d099493b973a63d879255d2221c1930d649aa,543f782d80ceb9555130e911c1fcf7074153d267
100,4,0.2,DARP-HILP,25,198.24103125,0.15480147923583987,0.11511616804637015,592,13,True,d84d099493b973a63d879255d2221c1930d649aa,543f782d80ceb9555130e911c1fcf7074153d267
100,4,0.2,RAO*,25,198.33053320312501,0.18731641136628063,0.1842860570177436,550,48,True,d84d099493b973a63d879255d2221c1930d649aa,543f782d80ceb9555130e911c1fcf7074153d267
100,4,0.3,DARP-HILP,1,198.24103125,0.15480147923583987,0.19090575608424842,892,20,True,d84d099493b973a63d879255d2221c1930d649aa,543f782d80ceb9555130e911c1fcf7074153d267
100,4,0.3,RAO*,1,198.33053320312501,0.18731641136628063,0.21048860310111195,712,60,True,d84d099493b973a63d879255d2221c1930d649aa,543f782d80ceb9555130e911c1fcf7074153d267
100,4,0.3,DARP-HILP,2,198.24103125,0.15480147923583987,0.21968423295766115,892,20,True,d84d099493b973a63d879255d2221c1930d649aa,543f782d80ceb9555130e911c1fcf7074153d267
100,4,0.3,RAO*,2,198.33053320312501,0.18731641136628063,0.30362593196332455,712,60,True,d84d099493b973a63d879255d2221c1930d649aa,543f782d80ceb9555130e911c1fcf7074153d267
100,4,0.3,DARP-HILP,3,198.24103125,0.15480147923583987,0.21155050594825298,892,20,True,d84d099493b973a63d879255d2221c1930d649aa,543f782d80ceb9555130e911c1fcf7074153d267
100,4,0.3,RAO*,3,198.33053320312501,0.18731641136628063,0.2156944670714438,712,60,True,d84d099493b973a63d879255d2221c1930d649aa,543f782d80ceb9555130e911c1fcf7074153d267
100,4,0.3,DARP-HILP,4,198.24103125,0.15480147923583987,0.20055091299582273,892,20,True,d84d099493b973a63d879255d2221c1930d649aa,543f782d80ceb9555130e911c1fcf7074153d267
100,4,0.3,RAO*,4,198.33053320312501,0.18731641136628063,0.22028121596667916,712,60,True,d84d099493b973a63d879255d2221c1930d649aa,543f782d80ceb9555130e911c1fcf7074153d267
100,4,0.3,DARP-HILP,5,198.24103125,0.15480147923583987,0.19020267797168344,892,20,True,d84d099493b973a63d879255d2221c1930d649aa,543f782d80ceb9555130e911c1fcf7074153d267
100,4,0.3,RAO*,5,198.33053320312501,0.18731641136628063,0.21738679893314838,712,60,True,d84d099493b973a63d879255d2221c1930d649aa,543f782d80ceb9555130e911c1fcf7074153d267
100,4,0.3,DARP-HILP,6,198.24103125,0.15480147923583987,0.18825958599336445,892,20,True,d84d099493b973a63d879255d2221c1930d649aa,543f782d80ceb9555130e911c1fcf7074153d267
100,4,0.3,RAO*,6,198.33053320312501,0.18731641136628063,0.21549043897539377,712,60,True,d84d099493b973a63d879255d2221c1930d649aa,543f782d80ceb9555130e911c1fcf7074153d267
100,4,0.3,DARP-HILP,7,198.24103125,0.15480147923583987,0.1819140730658546,892,20,True,d84d099493b973a63d879255d2221c1930d649aa,543f782d80ceb9555130e911c1fcf7074153d267
100,4,0.3,RAO*,7,198.33053320312501,0.18731641136628063,0.2160161999054253,712,60,True,d84d099493b973a63d879255d2221c1930d649aa,543f782d80ceb9555130e911c1fcf7074153d267
100,4,0.3,DARP-HILP,8,198.24103125,0.15480147923583987,0.18682807707227767,892,20,True,d84d099493b973a63d879255d2221c1930d649aa,543f782d80ceb9555130e911c1fcf7074153d267
100,4,0.3,RAO*,8,198.33053320312501,0.18731641136628063,0.21499157696962357,712,60,True,d84d099493b973a63d879255d2221c1930d649aa,543f782d80ceb9555130e911c1fcf7074153d267
100,4,0.3,DARP-HILP,9,198.24103125,0.15480147923583987,0.17959782492835075,892,20,True,d84d099493b973a63d879255d2221c1930d649aa,543f782d80ceb9555130e911c1fcf7074153d267
100,4,0.3,RAO*,9,198.33053320312501,0.18731641136628063,0.21408864809200168,712,60,True,d84d099493b973a63d879255d2221c1930d649aa,543f782d80ceb9555130e911c1fcf7074153d267
100,4,0.3,DARP-HILP,10,198.24103125,0.15480147923583987,0.181453711935319,892,20,True,d84d099493b973a63d879255d2221c1930d649aa,543f782d80ceb9555130e911c1fcf7074153d267
100,4,0.3,RAO*,10,198.33053320312501,0.18731641136628063,0.21068226802162826,712,60,True,d84d099493b973a63d879255d2221c1930d649aa,543f782d80ceb9555130e911c1fcf7074153d267
100,4,0.3,DARP-HILP,11,198.24103125,0.15480147923583987,0.18182110995985568,892,20,True,d84d099493b973a63d879255d2221c1930d649aa,543f782d80ceb9555130e911c1fcf7074153d267
100,4,0.3,RAO*,11,198.33053320312501,0.18731641136628063,0.20951039204373956,712,60,True,d84d099493b973a63d879255d2221c1930d649aa,543f782d80ceb9555130e911c1fcf7074153d267
100,4,0.3,DARP-HILP,12,198.24103125,0.15480147923583987,0.18052648892626166,892,20,True,d84d099493b973a63d879255d2221c1930d649aa,543f782d80ceb9555130e911c1fcf7074153d267
100,4,0.3,RAO*,12,198.33053320312501,0.18731641136628063,0.23348269902635366,712,60,True,d84d099493b973a63d879255d2221c1930d649aa,543f782d80ceb9555130e911c1fcf7074153d267
100,4,0.3,DARP-HILP,13,198.24103125,0.15480147923583987,0.2042712930124253,892,20,True,d84d099493b973a63d879255d2221c1930d649aa,543f782d80ceb9555130e911c1fcf7074153d267
100,4,0.3,RAO*,13,198.33053320312501,0.18731641136628063,0.22684610600117594,712,60,True,d84d099493b973a63d879255d2221c1930d649aa,543f782d80ceb9555130e911c1fcf7074153d267
100,4,0.3,DARP-HILP,14,198.24103125,0.15480147923583987,0.20240053406450897,892,20,True,d84d099493b973a63d879255d2221c1930d649aa,543f782d80ceb9555130e911c1fcf7074153d267
100,4,0.3,RAO*,14,198.33053320312501,0.18731641136628063,0.23565624607726932,712,60,True,d84d099493b973a63d879255d2221c1930d649aa,543f782d80ceb9555130e911c1fcf7074153d267
100,4,0.3,DARP-HILP,15,198.24103125,0.15480147923583987,0.8772147700656205,892,20,True,d84d099493b973a63d879255d2221c1930d649aa,543f782d80ceb9555130e911c1fcf7074153d267
100,4,0.3,RAO*,15,198.33053320312501,0.18731641136628063,0.20554819190874696,712,60,True,d84d099493b973a63d879255d2221c1930d649aa,543f782d80ceb9555130e911c1fcf7074153d267
100,4,0.3,DARP-HILP,16,198.24103125,0.15480147923583987,0.1816598289879039,892,20,True,d84d099493b973a63d879255d2221c1930d649aa,543f782d80ceb9555130e911c1fcf7074153d267
100,4,0.3,RAO*,16,198.33053320312501,0.18731641136628063,0.21290506701916456,712,60,True,d84d099493b973a63d879255d2221c1930d649aa,543f782d80ceb9555130e911c1fcf7074153d267
100,4,0.3,DARP-HILP,17,198.24103125,0.15480147923583987,0.18048020103015006,892,20,True,d84d099493b973a63d879255d2221c1930d649aa,543f782d80ceb9555130e911c1fcf7074153d267
100,4,0.3,RAO*,17,198.33053320312501,0.18731641136628063,0.22039619099814445,712,60,True,d84d099493b973a63d879255d2221c1930d649aa,543f782d80ceb9555130e911c1fcf7074153d267
100,4,0.3,DARP-HILP,18,198.24103125,0.15480147923583987,0.1786370649933815,892,20,True,d84d099493b973a63d879255d2221c1930d649aa,543f782d80ceb9555130e911c1fcf7074153d267
100,4,0.3,RAO*,18,198.33053320312501,0.18731641136628063,0.20850686402991414,712,60,True,d84d099493b973a63d879255d2221c1930d649aa,543f782d80ceb9555130e911c1fcf7074153d267
100,4,0.3,DARP-HILP,19,198.24103125,0.15480147923583987,0.1837267380906269,892,20,True,d84d099493b973a63d879255d2221c1930d649aa,543f782d80ceb9555130e911c1fcf7074153d267
100,4,0.3,RAO*,19,198.33053320312501,0.18731641136628063,0.26136934105306864,712,60,True,d84d099493b973a63d879255d2221c1930d649aa,543f782d80ceb9555130e911c1fcf7074153d267
100,4,0.3,DARP-HILP,20,198.24103125,0.15480147923583987,0.23606680508237332,892,20,True,d84d099493b973a63d879255d2221c1930d649aa,543f782d80ceb9555130e911c1fcf7074153d267
100,4,0.3,RAO*,20,198.33053320312501,0.18731641136628063,0.24160075304098427,712,60,True,d84d099493b973a63d879255d2221c1930d649aa,543f782d80ceb9555130e911c1fcf7074153d267
100,4,0.3,DARP-HILP,21,198.24103125,0.15480147923583987,0.20356847799848765,892,20,True,d84d099493b973a63d879255d2221c1930d649aa,543f782d80ceb9555130e911c1fcf7074153d267
100,4,0.3,RAO*,21,198.33053320312501,0.18731641136628063,0.21239789901301265,712,60,True,d84d099493b973a63d879255d2221c1930d649aa,543f782d80ceb9555130e911c1fcf7074153d267
100,4,0.3,DARP-HILP,22,198.24103125,0.15480147923583987,0.18309696298092604,892,20,True,d84d099493b973a63d879255d2221c1930d649aa,543f782d80ceb9555130e911c1fcf7074153d267
100,4,0.3,RAO*,22,198.33053320312501,0.18731641136628063,0.23520187300164253,712,60,True,d84d099493b973a63d879255d2221c1930d649aa,543f782d80ceb9555130e911c1fcf7074153d267
100,4,0.3,DARP-HILP,23,198.24103125,0.15480147923583987,0.19106913800351322,892,20,True,d84d099493b973a63d879255d2221c1930d649aa,543f782d80ceb9555130e911c1fcf7074153d267
100,4,0.3,RAO*,23,198.33053320312501,0.18731641136628063,0.21504842001013458,712,60,True,d84d099493b973a63d879255d2221c1930d649aa,543f782d80ceb9555130e911c1fcf7074153d267
100,4,0.3,DARP-HILP,24,198.24103125,0.15480147923583987,0.19988099404145032,892,20,True,d84d099493b973a63d879255d2221c1930d649aa,543f782d80ceb9555130e911c1fcf7074153d267
100,4,0.3,RAO*,24,198.33053320312501,0.18731641136628063,0.22776911698747426,712,60,True,d84d099493b973a63d879255d2221c1930d649aa,543f782d80ceb9555130e911c1fcf7074153d267
100,4,0.3,DARP-HILP,25,198.24103125,0.15480147923583987,0.20088219305034727,892,20,True,d84d099493b973a63d879255d2221c1930d649aa,543f782d80ceb9555130e911c1fcf7074153d267
100,4,0.3,RAO*,25,198.33053320312501,0.18731641136628063,0.2274769360665232,712,60,True,d84d099493b973a63d879255d2221c1930d649aa,543f782d80ceb9555130e911c1fcf7074153d267
100,5,0.1,DARP-HILP,1,200.3580174543457,0.09444588296646883,2.505727382027544,4504,45,True,d84d099493b973a63d879255d2221c1930d649aa,543f782d80ceb9555130e911c1fcf7074153d267
100,5,0.1,RAO*,1,201.18391465950282,0.08422271686428381,3.190746163018048,4978,455,True,d84d099493b973a63d879255d2221c1930d649aa,543f782d80ceb9555130e911c1fcf7074153d267
100,5,0.1,DARP-HILP,2,200.3580174543457,0.09444588296646883,2.4357577870832756,4504,45,True,d84d099493b973a63d879255d2221c1930d649aa,543f782d80ceb9555130e911c1fcf7074153d267
100,5,0.1,RAO*,2,201.18391465950282,0.08422271686428381,3.282939995988272,4978,455,True,d84d099493b973a63d879255d2221c1930d649aa,543f782d80ceb9555130e911c1fcf7074153d267
100,5,0.1,DARP-HILP,3,200.3580174543457,0.09444588296646883,2.4806742309592664,4504,45,True,d84d099493b973a63d879255d2221c1930d649aa,543f782d80ceb9555130e911c1fcf7074153d267
100,5,0.1,RAO*,3,201.18391465950282,0.08422271686428381,3.3808516999706626,4978,455,True,d84d099493b973a63d879255d2221c1930d649aa,543f782d80ceb9555130e911c1fcf7074153d267
100,5,0.1,DARP-HILP,4,200.3580174543457,0.09444588296646883,2.407086923951283,4504,45,True,d84d099493b973a63d879255d2221c1930d649aa,543f782d80ceb9555130e911c1fcf7074153d267
100,5,0.1,RAO*,4,201.18391465950282,0.08422271686428381,3.267540211090818,4978,455,True,d84d099493b973a63d879255d2221c1930d649aa,543f782d80ceb9555130e911c1fcf7074153d267
100,5,0.1,DARP-HILP,5,200.3580174543457,0.09444588296646883,2.446427231072448,4504,45,True,d84d099493b973a63d879255d2221c1930d649aa,543f782d80ceb9555130e911c1fcf7074153d267
100,5,0.1,RAO*,5,201.18391465950282,0.08422271686428381,3.316971476073377,4978,455,True,d84d099493b973a63d879255d2221c1930d649aa,543f782d80ceb9555130e911c1fcf7074153d267
100,5,0.1,DARP-HILP,6,200.3580174543457,0.09444588296646883,2.509662918979302,4504,45,True,d84d099493b973a63d879255d2221c1930d649aa,543f782d80ceb9555130e911c1fcf7074153d267
100,5,0.1,RAO*,6,201.18391465950282,0.08422271686428381,3.2979542090324685,4978,455,True,d84d099493b973a63d879255d2221c1930d649aa,543f782d80ceb9555130e911c1fcf7074153d267
100,5,0.1,DARP-HILP,7,200.3580174543457,0.09444588296646883,2.444726513000205,4504,45,True,d84d099493b973a63d879255d2221c1930d649aa,543f782d80ceb9555130e911c1fcf7074153d267
100,5,0.1,RAO*,7,201.18391465950282,0.08422271686428381,3.4467511610127985,4978,455,True,d84d099493b973a63d879255d2221c1930d649aa,543f782d80ceb9555130e911c1fcf7074153d267
100,5,0.1,DARP-HILP,8,200.3580174543457,0.09444588296646883,2.4912218239624053,4504,45,True,d84d099493b973a63d879255d2221c1930d649aa,543f782d80ceb9555130e911c1fcf7074153d267
100,5,0.1,RAO*,8,201.18391465950282,0.08422271686428381,3.4281243750592694,4978,455,True,d84d099493b973a63d879255d2221c1930d649aa,543f782d80ceb9555130e911c1fcf7074153d267
100,5,0.1,DARP-HILP,9,200.3580174543457,0.09444588296646883,2.3560632390435785,4504,45,True,d84d099493b973a63d879255d2221c1930d649aa,543f782d80ceb9555130e911c1fcf7074153d267
100,5,0.1,RAO*,9,201.18391465950282,0.08422271686428381,3.2374106160132214,4978,455,True,d84d099493b973a63d879255d2221c1930d649aa,543f782d80ceb9555130e911c1fcf7074153d267
100,5,0.1,DARP-HILP,10,200.3580174543457,0.09444588296646883,2.475166237913072,4504,45,True,d84d099493b973a63d879255d2221c1930d649aa,543f782d80ceb9555130e911c1fcf7074153d267
100,5,0.1,RAO*,10,201.18391465950282,0.08422271686428381,3.273834199993871,4978,455,True,d84d099493b973a63d879255d2221c1930d649aa,543f782d80ceb9555130e911c1fcf7074153d267
100,5,0.1,DARP-HILP,11,200.3580174543457,0.09444588296646883,2.435306261992082,4504,45,True,d84d099493b973a63d879255d2221c1930d649aa,543f782d80ceb9555130e911c1fcf7074153d267
100,5,0.1,RAO*,11,201.18391465950282,0.08422271686428381,3.541195004945621,4978,455,True,d84d099493b973a63d879255d2221c1930d649aa,543f782d80ceb9555130e911c1fcf7074153d267
100,5,0.1,DARP-HILP,12,200.3580174543457,0.09444588296646883,2.4958487660624087,4504,45,True,d84d099493b973a63d879255d2221c1930d649aa,543f782d80ceb9555130e911c1fcf7074153d267
100,5,0.1,RAO*,12,201.18391465950282,0.08422271686428381,3.279715270968154,4978,455,True,d84d099493b973a63d879255d2221c1930d649aa,543f782d80ceb9555130e911c1fcf7074153d267
100,5,0.1,DARP-HILP,13,200.3580174543457,0.09444588296646883,2.407476769061759,4504,45,True,d84d099493b973a63d879255d2221c1930d649aa,543f782d80ceb9555130e911c1fcf7074153d267
100,5,0.1,RAO*,13,201.18391465950282,0.08422271686428381,3.574339388986118,4978,455,True,d84d099493b973a63d879255d2221c1930d649aa,543f782d80ceb9555130e911c1fcf7074153d267
100,5,0.1,DARP-HILP,14,200.3580174543457,0.09444588296646883,2.5979282499756664,4504,45,True,d84d099493b973a63d879255d2221c1930d649aa,543f782d80ceb9555130e911c1fcf7074153d267
100,5,0.1,RAO*,14,201.18391465950282,0.08422271686428381,3.551469105994329,4978,455,True,d84d099493b973a63d879255d2221c1930d649aa,543f782d80ceb9555130e911c1fcf7074153d267
100,5,0.1,DARP-HILP,15,200.3580174543457,0.09444588296646883,2.4164576469920576,4504,45,True,d84d099493b973a63d879255d2221c1930d649aa,543f782d80ceb9555130e911c1fcf7074153d267
100,5,0.1,RAO*,15,201.18391465950282,0.08422271686428381,3.4413943090476096,4978,455,True,d84d099493b973a63d879255d2221c1930d649aa,543f782d80ceb9555130e911c1fcf7074153d267
100,5,0.1,DARP-HILP,16,200.3580174543457,0.09444588296646883,2.619423458003439,4504,45,True,d84d099493b973a63d879255d2221c1930d649aa,543f782d80ceb9555130e911c1fcf7074153d267
100,5,0.1,RAO*,16,201.18391465950282,0.08422271686428381,3.2972465810598806,4978,455,True,d84d099493b973a63d879255d2221c1930d649aa,543f782d80ceb9555130e911c1fcf7074153d267
100,5,0.1,DARP-HILP,17,200.3580174543457,0.09444588296646883,2.5338853609282523,4504,45,True,d84d099493b973a63d879255d2221c1930d649aa,543f782d80ceb9555130e911c1fcf7074153d267
100,5,0.1,RAO*,17,201.18391465950282,0.08422271686428381,3.7351817849557847,4978,455,True,d84d099493b973a63d879255d2221c1930d649aa,543f782d80ceb9555130e911c1fcf7074153d267
100,5,0.1,DARP-HILP,18,200.3580174543457,0.09444588296646883,2.9992940899683163,4504,45,True,d84d099493b973a63d879255d2221c1930d649aa,543f782d80ceb9555130e911c1fcf7074153d267
100,5,0.1,RAO*,18,201.18391465950282,0.08422271686428381,3.5805228240787983,4978,455,True,d84d099493b973a63d879255d2221c1930d649aa,543f782d80ceb9555130e911c1fcf7074153d267
100,5,0.1,DARP-HILP,19,200.3580174543457,0.09444588296646883,2.465692286961712,4504,45,True,d84d099493b973a63d879255d2221c1930d649aa,543f782d80ceb9555130e911c1fcf7074153d267
100,5,0.1,RAO*,19,201.18391465950282,0.08422271686428381,3.343329997966066,4978,455,True,d84d099493b973a63d879255d2221c1930d649aa,543f782d80ceb9555130e911c1fcf7074153d267
100,5,0.1,DARP-HILP,20,200.3580174543457,0.09444588296646883,2.5511619789758697,4504,45,True,d84d099493b973a63d879255d2221c1930d649aa,543f782d80ceb9555130e911c1fcf7074153d267
100,5,0.1,RAO*,20,201.18391465950282,0.08422271686428381,3.4972584809875116,4978,455,True,d84d099493b973a63d879255d2221c1930d649aa,543f782d80ceb9555130e911c1fcf7074153d267
100,5,0.1,DARP-HILP,21,200.3580174543457,0.09444588296646883,2.413809187943116,4504,45,True,d84d099493b973a63d879255d2221c1930d649aa,543f782d80ceb9555130e911c1fcf7074153d267
100,5,0.1,RAO*,21,201.18391465950282,0.08422271686428381,3.194246636936441,4978,455,True,d84d099493b973a63d879255d2221c1930d649aa,543f782d80ceb9555130e911c1fcf7074153d267
100,5,0.1,DARP-HILP,22,200.3580174543457,0.09444588296646883,2.420781227061525,4504,45,True,d84d099493b973a63d879255d2221c1930d649aa,543f782d80ceb9555130e911c1fcf7074153d267
100,5,0.1,RAO*,22,201.18391465950282,0.08422271686428381,3.656718131969683,4978,455,True,d84d099493b973a63d879255d2221c1930d649aa,543f782d80ceb9555130e911c1fcf7074153d267
100,5,0.1,DARP-HILP,23,200.3580174543457,0.09444588296646883,2.487023742054589,4504,45,True,d84d099493b973a63d879255d2221c1930d649aa,543f782d80ceb9555130e911c1fcf7074153d267
100,5,0.1,RAO*,23,201.18391465950282,0.08422271686428381,3.3037170069292188,4978,455,True,d84d099493b973a63d879255d2221c1930d649aa,543f782d80ceb9555130e911c1fcf7074153d267
100,5,0.1,DARP-HILP,24,200.3580174543457,0.09444588296646883,2.512632980942726,4504,45,True,d84d099493b973a63d879255d2221c1930d649aa,543f782d80ceb9555130e911c1fcf7074153d267
100,5,0.1,RAO*,24,201.18391465950282,0.08422271686428381,3.4165497600333765,4978,455,True,d84d099493b973a63d879255d2221c1930d649aa,543f782d80ceb9555130e911c1fcf7074153d267
100,5,0.1,DARP-HILP,25,200.3580174543457,0.09444588296646883,2.4436502390308306,4504,45,True,d84d099493b973a63d879255d2221c1930d649aa,543f782d80ceb9555130e911c1fcf7074153d267
100,5,0.1,RAO*,25,201.18391465950282,0.08422271686428381,3.4104169679339975,4978,455,True,d84d099493b973a63d879255d2221c1930d649aa,543f782d80ceb9555130e911c1fcf7074153d267
100,5,0.2,DARP-HILP,1,198.330533203125,0.15553190065651704,0.7335924779763445,2980,26,True,d84d099493b973a63d879255d2221c1930d649aa,543f782d80ceb9555130e911c1fcf7074153d267
100,5,0.2,RAO*,1,198.42357029296878,0.1877289628116954,1.470211576903239,2104,178,True,d84d099493b973a63d879255d2221c1930d649aa,543f782d80ceb9555130e911c1fcf7074153d267
100,5,0.2,DARP-HILP,2,198.330533203125,0.15553190065651704,0.6830525549594313,2980,26,True,d84d099493b973a63d879255d2221c1930d649aa,543f782d80ceb9555130e911c1fcf7074153d267
100,5,0.2,RAO*,2,198.42357029296878,0.1877289628116954,1.484471964999102,2104,178,True,d84d099493b973a63d879255d2221c1930d649aa,543f782d80ceb9555130e911c1fcf7074153d267
100,5,0.2,DARP-HILP,3,198.330533203125,0.15553190065651704,0.7365644430974498,2980,26,True,d84d099493b973a63d879255d2221c1930d649aa,543f782d80ceb9555130e911c1fcf7074153d267
100,5,0.2,RAO*,3,198.42357029296878,0.1877289628116954,1.4406896450091153,2104,178,True,d84d099493b973a63d879255d2221c1930d649aa,543f782d80ceb9555130e911c1fcf7074153d267
100,5,0.2,DARP-HILP,4,198.330533203125,0.15553190065651704,0.6976569410180673,2980,26,True,d84d099493b973a63d879255d2221c1930d649aa,543f782d80ceb9555130e911c1fcf7074153d267
100,5,0.2,RAO*,4,198.42357029296878,0.1877289628116954,1.5773499340284616,2104,178,True,d84d099493b973a63d879255d2221c1930d649aa,543f782d80ceb9555130e911c1fcf7074153d267
100,5,0.2,DARP-HILP,5,198.330533203125,0.15553190065651704,0.7173878330504522,2980,26,True,d84d099493b973a63d879255d2221c1930d649aa,543f782d80ceb9555130e911c1fcf7074153d267
100,5,0.2,RAO*,5,198.42357029296878,0.1877289628116954,1.4010826390003785,2104,178,True,d84d099493b973a63d879255d2221c1930d649aa,543f782d80ceb9555130e911c1fcf7074153d267
100,5,0.2,DARP-HILP,6,198.330533203125,0.15553190065651704,0.6984414529288188,2980,26,True,d84d099493b973a63d879255d2221c1930d649aa,543f782d80ceb9555130e911c1fcf7074153d267
100,5,0.2,RAO*,6,198.42357029296878,0.1877289628116954,1.4763955229427665,2104,178,True,d84d099493b973a63d879255d2221c1930d649aa,543f782d80ceb9555130e911c1fcf7074153d267
100,5,0.2,DARP-HILP,7,198.330533203125,0.15553190065651704,0.7002863800153136,2980,26,True,d84d099493b973a63d879255d2221c1930d649aa,543f782d80ceb9555130e911c1fcf7074153d267
100,5,0.2,RAO*,7,198.42357029296878,0.1877289628116954,1.4479473239043728,2104,178,True,d84d099493b973a63d879255d2221c1930d649aa,543f782d80ceb9555130e911c1fcf7074153d267
100,5,0.2,DARP-HILP,8,198.330533203125,0.15553190065651704,0.6848064210498706,2980,26,True,d84d099493b973a63d879255d2221c1930d649aa,543f782d80ceb9555130e911c1fcf7074153d267
100,5,0.2,RAO*,8,198.42357029296878,0.1877289628116954,1.4875745360041037,2104,178,True,d84d099493b973a63d879255d2221c1930d649aa,543f782d80ceb9555130e911c1fcf7074153d267
100,5,0.2,DARP-HILP,9,198.330533203125,0.15553190065651704,0.687717591994442,2980,26,True,d84d099493b973a63d879255d2221c1930d649aa,543f782d80ceb9555130e911c1fcf7074153d267
100,5,0.2,RAO*,9,198.42357029296878,0.1877289628116954,1.532816483057104,2104,178,True,d84d099493b973a63d879255d2221c1930d649aa,543f782d80ceb9555130e911c1fcf7074153d267
100,5,0.2,DARP-HILP,10,198.330533203125,0.15553190065651704,0.7091626969631761,2980,26,True,d84d099493b973a63d879255d2221c1930d649aa,543f782d80ceb9555130e911c1fcf7074153d267
100,5,0.2,RAO*,10,198.42357029296878,0.1877289628116954,1.413882944965735,2104,178,True,d84d099493b973a63d879255d2221c1930d649aa,543f782d80ceb9555130e911c1fcf7074153d267
100,5,0.2,DARP-HILP,11,198.330533203125,0.15553190065651704,0.8583723420742899,2980,26,True,d84d099493b973a63d879255d2221c1930d649aa,543f782d80ceb9555130e911c1fcf7074153d267
100,5,0.2,RAO*,11,198.42357029296878,0.1877289628116954,1.5552996479673311,2104,178,True,d84d099493b973a63d879255d2221c1930d649aa,543f782d80ceb9555130e911c1fcf7074153d267
100,5,0.2,DARP-HILP,12,198.330533203125,0.15553190065651704,0.691015332005918,2980,26,True,d84d099493b973a63d879255d2221c1930d649aa,543f782d80ceb9555130e911c1fcf7074153d267
100,5,0.2,RAO*,12,198.42357029296878,0.1877289628116954,1.444198549957946,2104,178,True,d84d099493b973a63d879255d2221c1930d649aa,543f782d80ceb9555130e911c1fcf7074153d267
100,5,0.2,DARP-HILP,13,198.330533203125,0.15553190065651704,0.7175412040669471,2980,26,True,d84d099493b973a63d879255d2221c1930d649aa,543f782d80ceb9555130e911c1fcf7074153d267
100,5,0.2,RAO*,13,198.42357029296878,0.1877289628116954,1.6735616580117494,2104,178,True,d84d099493b973a63d879255d2221c1930d649aa,543f782d80ceb9555130e911c1fcf7074153d267
100,5,0.2,DARP-HILP,14,198.330533203125,0.15553190065651704,0.6957315049367025,2980,26,True,d84d099493b973a63d879255d2221c1930d649aa,543f782d80ceb9555130e911c1fcf7074153d267
100,5,0.2,RAO*,14,198.42357029296878,0.1877289628116954,1.4530339180491865,2104,178,True,d84d099493b973a63d879255d2221c1930d649aa,543f782d80ceb9555130e911c1fcf7074153d267
100,5,0.2,DARP-HILP,15,198.330533203125,0.15553190065651704,0.6754382819635794,2980,26,True,d84d099493b973a63d879255d2221c1930d649aa,543f782d80ceb9555130e911c1fcf7074153d267
100,5,0.2,RAO*,15,198.42357029296878,0.1877289628116954,1.4811614789068699,2104,178,True,d84d099493b973a63d879255d2221c1930d649aa,543f782d80ceb9555130e911c1fcf7074153d267
100,5,0.2,DARP-HILP,16,198.330533203125,0.15553190065651704,0.6918463431065902,2980,26,True,d84d099493b973a63d879255d2221c1930d649aa,543f782d80ceb9555130e911c1fcf7074153d267
100,5,0.2,RAO*,16,198.42357029296878,0.1877289628116954,1.4323221819940954,2104,178,True,d84d099493b973a63d879255d2221c1930d649aa,543f782d80ceb9555130e911c1fcf7074153d267
100,5,0.2,DARP-HILP,17,198.330533203125,0.15553190065651704,0.6910250319633633,2980,26,True,d84d099493b973a63d879255d2221c1930d649aa,543f782d80ceb9555130e911c1fcf7074153d267
100,5,0.2,RAO*,17,198.42357029296878,0.1877289628116954,1.4986008800333366,2104,178,True,d84d099493b973a63d879255d2221c1930d649aa,543f782d80ceb9555130e911c1fcf7074153d267
100,5,0.2,DARP-HILP,18,198.330533203125,0.15553190065651704,0.7219277549302205,2980,26,True,d84d099493b973a63d879255d2221c1930d649aa,543f782d80ceb9555130e911c1fcf7074153d267
100,5,0.2,RAO*,18,198.42357029296878,0.1877289628116954,1.6526759279659018,2104,178,True,d84d099493b973a63d879255d2221c1930d649aa,543f782d80ceb9555130e911c1fcf7074153d267
100,5,0.2,DARP-HILP,19,198.330533203125,0.15553190065651704,0.7256508430000395,2980,26,True,d84d099493b973a63d879255d2221c1930d649aa,543f782d80ceb9555130e911c1fcf7074153d267
100,5,0.2,RAO*,19,198.42357029296878,0.1877289628116954,1.4971800990169868,2104,178,True,d84d099493b973a63d879255d2221c1930d649aa,543f782d80ceb9555130e911c1fcf7074153d267
100,5,0.2,DARP-HILP,20,198.330533203125,0.15553190065651704,0.6827945769764483,2980,26,True,d84d099493b973a63d879255d2221c1930d649aa,543f782d80ceb9555130e911c1fcf7074153d267
100,5,0.2,RAO*,20,198.42357029296878,0.1877289628116954,1.5086087780073285,2104,178,True,d84d099493b973a63d879255d2221c1930d649aa,543f782d80ceb9555130e911c1fcf7074153d267
100,5,0.2,DARP-HILP,21,198.330533203125,0.15553190065651704,0.7487009399337694,2980,26,True,d84d099493b973a63d879255d2221c1930d649aa,543f782d80ceb9555130e911c1fcf7074153d267
100,5,0.2,RAO*,21,198.42357029296878,0.1877289628116954,1.6524128029122949,2104,178,True,d84d099493b973a63d879255d2221c1930d649aa,543f782d80ceb9555130e911c1fcf7074153d267
100,5,0.2,DARP-HILP,22,198.330533203125,0.15553190065651704,0.780539161991328,2980,26,True,d84d099493b973a63d879255d2221c1930d649aa,543f782d80ceb9555130e911c1fcf7074153d267
100,5,0.2,RAO*,22,198.42357029296878,0.1877289628116954,1.519965051091276,2104,178,True,d84d099493b973a63d879255d2221c1930d649aa,543f782d80ceb9555130e911c1fcf7074153d267
100,5,0.2,DARP-HILP,23,198.330533203125,0.15553190065651704,0.7376060660462826,2980,26,True,d84d099493b973a63d879255d2221c1930d649aa,543f782d80ceb9555130e911c1fcf7074153d267
100,5,0.2,RAO*,23,198.42357029296878,0.1877289628116954,1.5103187949862331,2104,178,True,d84d099493b973a63d879255d2221c1930d649aa,543f782d80ceb9555130e911c1fcf7074153d267
100,5,0.2,DARP-HILP,24,198.330533203125,0.15553190065651704,0.7995852249441668,2980,26,True,d84d099493b973a63d879255d2221c1930d649aa,543f782d80ceb9555130e911c1fcf7074153d267
100,5,0.2,RAO*,24,198.42357029296878,0.1877289628116954,1.5566286490065977,2104,178,True,d84d099493b973a63d879255d2221c1930d649aa,543f782d80ceb9555130e911c1fcf7074153d267
100,5,0.2,DARP-HILP,25,198.330533203125,0.15553190065651704,0.6985442640725523,2980,26,True,d84d099493b973a63d879255d2221c1930d649aa,543f782d80ceb9555130e911c1fcf7074153d267
100,5,0.2,RAO*,25,198.42357029296878,0.1877289628116954,1.6476324690738693,2104,178,True,d84d099493b973a63d879255d2221c1930d649aa,543f782d80ceb9555130e911c1fcf7074153d267
100,5,0.3,DARP-HILP,1,198.330533203125,0.15553190065651704,0.9299459899775684,3880,29,True,d84d099493b973a63d879255d2221c1930d649aa,543f782d80ceb9555130e911c1fcf7074153d267
100,5,0.3,RAO*,1,198.42357029296878,0.1877289628116954,1.801534947939217,2704,226,True,d84d099493b973a63d879255d2221c1930d649aa,543f782d80ceb9555130e911c1fcf7074153d267
100,5,0.3,DARP-HILP,2,198.330533203125,0.15553190065651704,0.8524112739833072,3880,29,True,d84d099493b973a63d879255d2221c1930d649aa,543f782d80ceb9555130e911c1fcf7074153d267
100,5,0.3,RAO*,2,198.42357029296878,0.1877289628116954,2.0355883029988036,2704,226,True,d84d099493b973a63d879255d2221c1930d649aa,543f782d80ceb9555130e911c1fcf7074153d267
100,5,0.3,DARP-HILP,3,198.330533203125,0.15553190065651704,0.8962942470097914,3880,29,True,d84d099493b973a63d879255d2221c1930d649aa,543f782d80ceb9555130e911c1fcf7074153d267
100,5,0.3,RAO*,3,198.42357029296878,0.1877289628116954,1.771633220021613,2704,226,True,d84d099493b973a63d879255d2221c1930d649aa,543f782d80ceb9555130e911c1fcf7074153d267
100,5,0.3,DARP-HILP,4,198.330533203125,0.15553190065651704,0.9027861059876159,3880,29,True,d84d099493b973a63d879255d2221c1930d649aa,543f782d80ceb9555130e911c1fcf7074153d267
100,5,0.3,RAO*,4,198.42357029296878,0.1877289628116954,1.925723419059068,2704,226,True,d84d099493b973a63d879255d2221c1930d649aa,543f782d80ceb9555130e911c1fcf7074153d267
100,5,0.3,DARP-HILP,5,198.330533203125,0.15553190065651704,0.889836857910268,3880,29,True,d84d099493b973a63d879255d2221c1930d649aa,543f782d80ceb9555130e911c1fcf7074153d267
100,5,0.3,RAO*,5,198.42357029296878,0.1877289628116954,1.8802514730487019,2704,226,True,d84d099493b973a63d879255d2221c1930d649aa,543f782d80ceb9555130e911c1fcf7074153d267
100,5,0.3,DARP-HILP,6,198.330533203125,0.15553190065651704,0.9481883380794898,3880,29,True,d84d099493b973a63d879255d2221c1930d649aa,543f782d80ceb9555130e911c1fcf7074153d267
100,5,0.3,RAO*,6,198.42357029296878,0.1877289628116954,1.954478583065793,2704,226,True,d84d099493b973a63d879255d2221c1930d649aa,543f782d80ceb9555130e911c1fcf7074153d267
100,5,0.3,DARP-HILP,7,198.330533203125,0.15553190065651704,0.921965194051154,3880,29,True,d84d099493b973a63d879255d2221c1930d649aa,543f782d80ceb9555130e911c1fcf7074153d267
100,5,0.3,RAO*,7,198.42357029296878,0.1877289628116954,1.8432260430417955,2704,226,True,d84d099493b973a63d879255d2221c1930d649aa,543f782d80ceb9555130e911c1fcf7074153d267
100,5,0.3,DARP-HILP,8,198.330533203125,0.15553190065651704,0.8643254230264574,3880,29,True,d84d099493b973a63d879255d2221c1930d649aa,543f782d80ceb9555130e911c1fcf7074153d267
100,5,0.3,RAO*,8,198.42357029296878,0.1877289628116954,1.7714860980631784,2704,226,True,d84d099493b973a63d879255d2221c1930d649aa,543f782d80ceb9555130e911c1fcf7074153d267
100,5,0.3,DARP-HILP,9,198.330533203125,0.15553190065651704,0.917948288959451,3880,29,True,d84d099493b973a63d879255d2221c1930d649aa,543f782d80ceb9555130e911c1fcf7074153d267
100,5,0.3,RAO*,9,198.42357029296878,0.1877289628116954,1.814569258945994,2704,226,True,d84d099493b973a63d879255d2221c1930d649aa,543f782d80ceb9555130e911c1fcf7074153d267
100,5,0.3,DARP-HILP,10,198.330533203125,0.15553190065651704,0.835598245030269,3880,29,True,d84d099493b973a63d879255d2221c1930d649aa,543f782d80ceb9555130e911c1fcf7074153d267
100,5,0.3,RAO*,10,198.42357029296878,0.1877289628116954,1.8121246140217409,2704,226,True,d84d099493b973a63d879255d2221c1930d649aa,543f782d80ceb9555130e911c1fcf7074153d267
100,5,0.3,DARP-HILP,11,198.330533203125,0.15553190065651704,0.9318880500504747,3880,29,True,d84d099493b973a63d879255d2221c1930d649aa,543f782d80ceb9555130e911c1fcf7074153d267
100,5,0.3,RAO*,11,198.42357029296878,0.1877289628116954,1.8261656169779599,2704,226,True,d84d099493b973a63d879255d2221c1930d649aa,543f782d80ceb9555130e911c1fcf7074153d267
100,5,0.3,DARP-HILP,12,198.330533203125,0.15553190065651704,0.8799308339366689,3880,29,True,d84d099493b973a63d879255d2221c1930d649aa,543f782d80ceb9555130e911c1fcf7074153d267
100,5,0.3,RAO*,12,198.42357029296878,0.1877289628116954,1.856673444970511,2704,226,True,d84d099493b973a63d879255d2221c1930d649aa,543f782d80ceb9555130e911c1fcf7074153d267
100,5,0.3,DARP-HILP,13,198.330533203125,0.15553190065651704,0.8543205460300669,3880,29,True,d84d099493b973a63d879255d2221c1930d649aa,543f782d80ceb9555130e911c1fcf7074153d267
100,5,0.3,RAO*,13,198.42357029296878,0.1877289628116954,1.8925464390777051,2704,226,True,d84d099493b973a63d879255d2221c1930d649aa,543f782d80ceb9555130e911c1fcf7074153d267
100,5,0.3,DARP-HILP,14,198.330533203125,0.15553190065651704,0.9480631080223247,3880,29,True,d84d099493b973a63d879255d2221c1930d649aa,543f782d80ceb9555130e911c1fcf7074153d267
100,5,0.3,RAO*,14,198.42357029296878,0.1877289628116954,1.7852309829322621,2704,226,True,d84d099493b973a63d879255d2221c1930d649aa,543f782d80ceb9555130e911c1fcf7074153d267
100,5,0.3,DARP-HILP,15,198.330533203125,0.15553190065651704,0.8725551289971918,3880,29,True,d84d099493b973a63d879255d2221c1930d649aa,543f782d80ceb9555130e911c1fcf7074153d267
100,5,0.3,RAO*,15,198.42357029296878,0.1877289628116954,1.930912686046213,2704,226,True,d84d099493b973a63d879255d2221c1930d649aa,543f782d80ceb9555130e911c1fcf7074153d267
100,5,0.3,DARP-HILP,16,198.330533203125,0.15553190065651704,0.9217808638932183,3880,29,True,d84d099493b973a63d879255d2221c1930d649aa,543f782d80ceb9555130e911c1fcf7074153d267
100,5,0.3,RAO*,16,198.42357029296878,0.1877289628116954,1.9676572070457041,2704,226,True,d84d099493b973a63d879255d2221c1930d649aa,543f782d80ceb9555130e911c1fcf7074153d267
100,5,0.3,DARP-HILP,17,198.330533203125,0.15553190065651704,0.9122506571002305,3880,29,True,d84d099493b973a63d879255d2221c1930d649aa,543f782d80ceb9555130e911c1fcf7074153d267
100,5,0.3,RAO*,17,198.42357029296878,0.1877289628116954,1.8122326539596543,2704,226,True,d84d099493b973a63d879255d2221c1930d649aa,543f782d80ceb9555130e911c1fcf7074153d267
100,5,0.3,DARP-HILP,18,198.330533203125,0.15553190065651704,0.9716234849765897,3880,29,True,d84d099493b973a63d879255d2221c1930d649aa,543f782d80ceb9555130e911c1fcf7074153d267
100,5,0.3,RAO*,18,198.42357029296878,0.1877289628116954,1.8100572070106864,2704,226,True,d84d099493b973a63d879255d2221c1930d649aa,543f782d80ceb9555130e911c1fcf7074153d267
100,5,0.3,DARP-HILP,19,198.330533203125,0.15553190065651704,0.8769849180243909,3880,29,True,d84d099493b973a63d879255d2221c1930d649aa,543f782d80ceb9555130e911c1fcf7074153d267
100,5,0.3,RAO*,19,198.42357029296878,0.1877289628116954,1.7771767870290205,2704,226,True,d84d099493b973a63d879255d2221c1930d649aa,543f782d80ceb9555130e911c1fcf7074153d267
100,5,0.3,DARP-HILP,20,198.330533203125,0.15553190065651704,0.9238463490037248,3880,29,True,d84d099493b973a63d879255d2221c1930d649aa,543f782d80ceb9555130e911c1fcf7074153d267
100,5,0.3,RAO*,20,198.42357029296878,0.1877289628116954,1.85867791401688,2704,226,True,d84d099493b973a63d879255d2221c1930d649aa,543f782d80ceb9555130e911c1fcf7074153d267
100,5,0.3,DARP-HILP,21,198.330533203125,0.15553190065651704,0.8223911479581147,3880,29,True,d84d099493b973a63d879255d2221c1930d649aa,543f782d80ceb9555130e911c1fcf7074153d267
100,5,0.3,RAO*,21,198.42357029296878,0.1877289628116954,1.8953162770485505,2704,226,True,d84d099493b973a63d879255d2221c1930d649aa,543f782d80ceb9555130e911c1fcf7074153d267
100,5,0.3,DARP-HILP,22,198.330533203125,0.15553190065651704,0.8725354939233512,3880,29,True,d84d099493b973a63d879255d2221c1930d649aa,543f782d80ceb9555130e911c1fcf7074153d267
100,5,0.3,RAO*,22,198.42357029296878,0.1877289628116954,1.7595523931086063,2704,226,True,d84d099493b973a63d879255d2221c1930d649aa,543f782d80ceb9555130e911c1fcf7074153d267
100,5,0.3,DARP-HILP,23,198.330533203125,0.15553190065651704,0.8818213579943404,3880,29,True,d84d099493b973a63d879255d2221c1930d649aa,543f782d80ceb9555130e911c1fcf7074153d267
100,5,0.3,RAO*,23,198.42357029296878,0.1877289628116954,1.8546509059378877,2704,226,True,d84d099493b973a63d879255d2221c1930d649aa,543f782d80ceb9555130e911c1fcf7074153d267
100,5,0.3,DARP-HILP,24,198.330533203125,0.15553190065651704,0.9214358229655772,3880,29,True,d84d099493b973a63d879255d2221c1930d649aa,543f782d80ceb9555130e911c1fcf7074153d267
100,5,0.3,RAO*,24,198.42357029296878,0.1877289628116954,1.7402601260691881,2704,226,True,d84d099493b973a63d879255d2221c1930d649aa,543f782d80ceb9555130e911c1fcf7074153d267
100,5,0.3,DARP-HILP,25,198.330533203125,0.15553190065651704,0.8898476589238271,3880,29,True,d84d099493b973a63d879255d2221c1930d649aa,543f782d80ceb9555130e911c1fcf7074153d267
100,5,0.3,RAO*,25,198.42357029296878,0.1877289628116954,1.8352630379376933,2704,226,True,d84d099493b973a63d879255d2221c1930d649aa,543f782d80ceb9555130e911c1fcf7074153d267
100,6,0.1,DARP-HILP,1,200.85227121724495,0.10000091638022666,7.056654894025996,12172,54,True,d84d099493b973a63d879255d2221c1930d649aa,543f782d80ceb9555130e911c1fcf7074153d267
100,6,0.1,RAO*,1,201.62587874839147,0.09973447003413732,22.009726022020914,15550,1334,True,d84d099493b973a63d879255d2221c1930d649aa,543f782d80ceb9555130e911c1fcf7074153d267
100,6,0.1,DARP-HILP,2,200.85227121724495,0.10000091638022666,6.96305764594581,12172,54,True,d84d099493b973a63d879255d2221c1930d649aa,543f782d80ceb9555130e911c1fcf7074153d267
100,6,0.1,RAO*,2,201.62587874839147,0.09973447003413732,22.010118784033693,15550,1334,True,d84d099493b973a63d879255d2221c1930d649aa,543f782d80ceb9555130e911c1fcf7074153d267
100,6,0.1,DARP-HILP,3,200.85227121724495,0.10000091638022666,6.81316478701774,12172,54,True,d84d099493b973a63d879255d2221c1930d649aa,543f782d80ceb9555130e911c1fcf7074153d267
100,6,0.1,RAO*,3,201.62587874839147,0.09973447003413732,21.7149778699968,15550,1334,True,d84d099493b973a63d879255d2221c1930d649aa,543f782d80ceb9555130e911c1fcf7074153d267
100,6,0.1,DARP-HILP,4,200.85227121724495,0.10000091638022666,7.04935614997521,12172,54,True,d84d099493b973a63d879255d2221c1930d649aa,543f782d80ceb9555130e911c1fcf7074153d267
100,6,0.1,RAO*,4,201.62587874839147,0.09973447003413732,22.26745997800026,15550,1334,True,d84d099493b973a63d879255d2221c1930d649aa,543f782d80ceb9555130e911c1fcf7074153d267
100,6,0.1,DARP-HILP,5,200.85227121724495,0.10000091638022666,7.032341298996471,12172,54,True,d84d099493b973a63d879255d2221c1930d649aa,543f782d80ceb9555130e911c1fcf7074153d267
100,6,0.1,RAO*,5,201.62587874839147,0.09973447003413732,22.765339327976108,15550,1334,True,d84d099493b973a63d879255d2221c1930d649aa,543f782d80ceb9555130e911c1fcf7074153d267
100,6,0.1,DARP-HILP,6,200.85227121724495,0.10000091638022666,7.38681454397738,12172,54,True,d84d099493b973a63d879255d2221c1930d649aa,543f782d80ceb9555130e911c1fcf7074153d267
100,6,0.1,RAO*,6,201.62587874839147,0.09973447003413732,22.480137050966732,15550,1334,True,d84d099493b973a63d879255d2221c1930d649aa,543f782d80ceb9555130e911c1fcf7074153d267
100,6,0.1,DARP-HILP,7,200.85227121724495,0.10000091638022666,7.211948501993902,12172,54,True,d84d099493b973a63d879255d2221c1930d649aa,543f782d80ceb9555130e911c1fcf7074153d267
100,6,0.1,RAO*,7,201.62587874839147,0.09973447003413732,22.500146955950186,15550,1334,True,d84d099493b973a63d879255d2221c1930d649aa,543f782d80ceb9555130e911c1fcf7074153d267
100,6,0.1,DARP-HILP,8,200.85227121724495,0.10000091638022666,7.079832723946311,12172,54,True,d84d099493b973a63d879255d2221c1930d649aa,543f782d80ceb9555130e911c1fcf7074153d267
100,6,0.1,RAO*,8,201.62587874839147,0.09973447003413732,22.665991040994413,15550,1334,True,d84d099493b973a63d879255d2221c1930d649aa,543f782d80ceb9555130e911c1fcf7074153d267
100,6,0.1,DARP-HILP,9,200.85227121724495,0.10000091638022666,7.561254231957719,12172,54,True,d84d099493b973a63d879255d2221c1930d649aa,543f782d80ceb9555130e911c1fcf7074153d267
100,6,0.1,RAO*,9,201.62587874839147,0.09973447003413732,22.928443893091753,15550,1334,True,d84d099493b973a63d879255d2221c1930d649aa,543f782d80ceb9555130e911c1fcf7074153d267
100,6,0.1,DARP-HILP,10,200.85227121724495,0.10000091638022666,7.413089187000878,12172,54,True,d84d099493b973a63d879255d2221c1930d649aa,543f782d80ceb9555130e911c1fcf7074153d267
100,6,0.1,RAO*,10,201.62587874839147,0.09973447003413732,23.52995438594371,15550,1334,True,d84d099493b973a63d879255d2221c1930d649aa,543f782d80ceb9555130e911c1fcf7074153d267
100,6,0.1,DARP-HILP,11,200.85227121724495,0.10000091638022666,7.277784556034021,12172,54,True,d84d099493b973a63d879255d2221c1930d649aa,543f782d80ceb9555130e911c1fcf7074153d267
100,6,0.1,RAO*,11,201.62587874839147,0.09973447003413732,23.494074328104034,15550,1334,True,d84d099493b973a63d879255d2221c1930d649aa,543f782d80ceb9555130e911c1fcf7074153d267
100,6,0.1,DARP-HILP,12,200.85227121724495,0.10000091638022666,7.280075563001446,12172,54,True,d84d099493b973a63d879255d2221c1930d649aa,543f782d80ceb9555130e911c1fcf7074153d267
100,6,0.1,RAO*,12,201.62587874839147,0.09973447003413732,23.211127198068425,15550,1334,True,d84d099493b973a63d879255d2221c1930d649aa,543f782d80ceb9555130e911c1fcf7074153d267
100,6,0.1,DARP-HILP,13,200.85227121724495,0.10000091638022666,6.998105110949837,12172,54,True,d84d099493b973a63d879255d2221c1930d649aa,543f782d80ceb9555130e911c1fcf7074153d267
100,6,0.1,RAO*,13,201.62587874839147,0.09973447003413732,23.05735639599152,15550,1334,True,d84d099493b973a63d879255d2221c1930d649aa,543f782d80ceb9555130e911c1fcf7074153d267
100,6,0.1,DARP-HILP,14,200.85227121724495,0.10000091638022666,7.122321749920957,12172,54,True,d84d099493b973a63d879255d2221c1930d649aa,543f782d80ceb9555130e911c1fcf7074153d267
100,6,0.1,RAO*,14,201.62587874839147,0.09973447003413732,23.61699359805789,15550,1334,True,d84d099493b973a63d879255d2221c1930d649aa,543f782d80ceb9555130e911c1fcf7074153d267
100,6,0.1,DARP-HILP,15,200.85227121724495,0.10000091638022666,7.399271729984321,12172,54,True,d84d099493b973a63d879255d2221c1930d649aa,543f782d80ceb9555130e911c1fcf7074153d267
100,6,0.1,RAO*,15,201.62587874839147,0.09973447003413732,22.62309548794292,15550,1334,True,d84d099493b973a63d879255d2221c1930d649aa,543f782d80ceb9555130e911c1fcf7074153d267
100,6,0.1,DARP-HILP,16,200.85227121724495,0.10000091638022666,6.947529542027041,12172,54,True,d84d099493b973a63d879255d2221c1930d649aa,543f782d80ceb9555130e911c1fcf7074153d267
100,6,0.1,RAO*,16,201.62587874839147,0.09973447003413732,22.47183244198095,15550,1334,True,d84d099493b973a63d879255d2221c1930d649aa,543f782d80ceb9555130e911c1fcf7074153d267
100,6,0.1,DARP-HILP,17,200.85227121724495,0.10000091638022666,7.225405537057668,12172,54,True,d84d099493b973a63d879255d2221c1930d649aa,543f782d80ceb9555130e911c1fcf7074153d267
100,6,0.1,RAO*,17,201.62587874839147,0.09973447003413732,22.815091965021566,15550,1334,True,d84d099493b973a63d879255d2221c1930d649aa,543f782d80ceb9555130e911c1fcf7074153d267
100,6,0.1,DARP-HILP,18,200.85227121724495,0.10000091638022666,7.57327100506518,12172,54,True,d84d099493b973a63d879255d2221c1930d649aa,543f782d80ceb9555130e911c1fcf7074153d267
100,6,0.1,RAO*,18,201.62587874839147,0.09973447003413732,22.988994498969987,15550,1334,True,d84d099493b973a63d879255d2221c1930d649aa,543f782d80ceb9555130e911c1fcf7074153d267
100,6,0.1,DARP-HILP,19,200.85227121724495,0.10000091638022666,7.092431125929579,12172,54,True,d84d099493b973a63d879255d2221c1930d649aa,543f782d80ceb9555130e911c1fcf7074153d267
100,6,0.1,RAO*,19,201.62587874839147,0.09973447003413732,23.38414171594195,15550,1334,True,d84d099493b973a63d879255d2221c1930d649aa,543f782d80ceb9555130e911c1fcf7074153d267
100,6,0.1,DARP-HILP,20,200.85227121724495,0.10000091638022666,7.150300383102149,12172,54,True,d84d099493b973a63d879255d2221c1930d649aa,543f782d80ceb9555130e911c1fcf7074153d267
100,6,0.1,RAO*,20,201.62587874839147,0.09973447003413732,23.243161278078333,15550,1334,True,d84d099493b973a63d879255d2221c1930d649aa,543f782d80ceb9555130e911c1fcf7074153d267
100,6,0.1,DARP-HILP,21,200.85227121724495,0.10000091638022666,7.126929195015691,12172,54,True,d84d099493b973a63d879255d2221c1930d649aa,543f782d80ceb9555130e911c1fcf7074153d267
100,6,0.1,RAO*,21,201.62587874839147,0.09973447003413732,23.127920789993368,15550,1334,True,d84d099493b973a63d879255d2221c1930d649aa,543f782d80ceb9555130e911c1fcf7074153d267
100,6,0.1,DARP-HILP,22,200.85227121724495,0.10000091638022666,7.276677399058826,12172,54,True,d84d099493b973a63d879255d2221c1930d649aa,543f782d80ceb9555130e911c1fcf7074153d267
100,6,0.1,RAO*,22,201.62587874839147,0.09973447003413732,23.432489596074447,15550,1334,True,d84d099493b973a63d879255d2221c1930d649aa,543f782d80ceb9555130e911c1fcf7074153d267
100,6,0.1,DARP-HILP,23,200.85227121724495,0.10000091638022666,7.009620659053326,12172,54,True,d84d099493b973a63d879255d2221c1930d649aa,543f782d80ceb9555130e911c1fcf7074153d267
100,6,0.1,RAO*,23,201.62587874839147,0.09973447003413732,22.363183025969192,15550,1334,True,d84d099493b973a63d879255d2221c1930d649aa,543f782d80ceb9555130e911c1fcf7074153d267
100,6,0.1,DARP-HILP,24,200.85227121724495,0.10000091638022666,7.203176273033023,12172,54,True,d84d099493b973a63d879255d2221c1930d649aa,543f782d80ceb9555130e911c1fcf7074153d267
100,6,0.1,RAO*,24,201.62587874839147,0.09973447003413732,21.75324965803884,15550,1334,True,d84d099493b973a63d879255d2221c1930d649aa,543f782d80ceb9555130e911c1fcf7074153d267
100,6,0.1,DARP-HILP,25,200.85227121724495,0.10000091638022666,7.102616886026226,12172,54,True,d84d099493b973a63d879255d2221c1930d649aa,543f782d80ceb9555130e911c1fcf7074153d267
100,6,0.1,RAO*,25,201.62587874839147,0.09973447003413732,22.706360148033127,15550,1334,True,d84d099493b973a63d879255d2221c1930d649aa,543f782d80ceb9555130e911c1fcf7074153d267
100,6,0.2,DARP-HILP,1,198.42357029296872,0.16080297653519335,4.134369659004733,13864,39,True,d84d099493b973a63d879255d2221c1930d649aa,543f782d80ceb9555130e911c1fcf7074153d267
100,6,0.2,RAO*,1,199.3485702929687,0.19028315627130452,37.841387714026496,28735,2419,True,d84d099493b973a63d879255d2221c1930d649aa,543f782d80ceb9555130e911c1fcf7074153d267
100,6,0.2,DARP-HILP,2,198.42357029296872,0.16080297653519335,4.317290619015694,13864,39,True,d84d099493b973a63d879255d2221c1930d649aa,543f782d80ceb9555130e911c1fcf7074153d267
100,6,0.2,RAO*,2,199.3485702929687,0.19028315627130452,37.194698491017334,28735,2419,True,d84d099493b973a63d879255d2221c1930d649aa,543f782d80ceb9555130e911c1fcf7074153d267
100,6,0.2,DARP-HILP,3,198.42357029296872,0.16080297653519335,4.133543887990527,13864,39,True,d84d099493b973a63d879255d2221c1930d649aa,543f782d80ceb9555130e911c1fcf7074153d267
100,6,0.2,RAO*,3,199.3485702929687,0.19028315627130452,38.27498997899238,28735,2419,True,d84d099493b973a63d879255d2221c1930d649aa,543f782d80ceb9555130e911c1fcf7074153d267
100,6,0.2,DARP-HILP,4,198.42357029296872,0.16080297653519335,4.246285737026483,13864,39,True,d84d099493b973a63d879255d2221c1930d649aa,543f782d80ceb9555130e911c1fcf7074153d267
100,6,0.2,RAO*,4,199.3485702929687,0.19028315627130452,38.16312020504847,28735,2419,True,d84d099493b973a63d879255d2221c1930d649aa,543f782d80ceb9555130e911c1fcf7074153d267
100,6,0.2,DARP-HILP,5,198.42357029296872,0.16080297653519335,4.389217142015696,13864,39,True,d84d099493b973a63d879255d2221c1930d649aa,543f782d80ceb9555130e911c1fcf7074153d267
100,6,0.2,RAO*,5,199.3485702929687,0.19028315627130452,37.38961950992234,28735,2419,True,d84d099493b973a63d879255d2221c1930d649aa,543f782d80ceb9555130e911c1fcf7074153d267
100,6,0.2,DARP-HILP,6,198.42357029296872,0.16080297653519335,4.07887586497236,13864,39,True,d84d099493b973a63d879255d2221c1930d649aa,543f782d80ceb9555130e911c1fcf7074153d267
100,6,0.2,RAO*,6,199.3485702929687,0.19028315627130452,37.790650006965734,28735,2419,True,d84d099493b973a63d879255d2221c1930d649aa,543f782d80ceb9555130e911c1fcf7074153d267
100,6,0.2,DARP-HILP,7,198.42357029296872,0.16080297653519335,4.202580768964253,13864,39,True,d84d099493b973a63d879255d2221c1930d649aa,543f782d80ceb9555130e911c1fcf7074153d267
100,6,0.2,RAO*,7,199.3485702929687,0.19028315627130452,37.09320597501937,28735,2419,True,d84d099493b973a63d879255d2221c1930d649aa,543f782d80ceb9555130e911c1fcf7074153d267
100,6,0.2,DARP-HILP,8,198.42357029296872,0.16080297653519335,4.189531727926806,13864,39,True,d84d099493b973a63d879255d2221c1930d649aa,543f782d80ceb9555130e911c1fcf7074153d267
100,6,0.2,RAO*,8,199.3485702929687,0.19028315627130452,37.364220698946156,28735,2419,True,d84d099493b973a63d879255d2221c1930d649aa,543f782d80ceb9555130e911c1fcf7074153d267
100,6,0.2,DARP-HILP,9,198.42357029296872,0.16080297653519335,4.085122534073889,13864,39,True,d84d099493b973a63d879255d2221c1930d649aa,543f782d80ceb9555130e911c1fcf7074153d267
100,6,0.2,RAO*,9,199.3485702929687,0.19028315627130452,38.319719495018944,28735,2419,True,d84d099493b973a63d879255d2221c1930d649aa,543f782d80ceb9555130e911c1fcf7074153d267
100,6,0.2,DARP-HILP,10,198.42357029296872,0.16080297653519335,4.318034969037399,13864,39,True,d84d099493b973a63d879255d2221c1930d649aa,543f782d80ceb9555130e911c1fcf7074153d267
100,6,0.2,RAO*,10,199.3485702929687,0.19028315627130452,36.983402694924735,28735,2419,True,d84d099493b973a63d879255d2221c1930d649aa,543f782d80ceb9555130e911c1fcf7074153d267
100,6,0.2,DARP-HILP,11,198.42357029296872,0.16080297653519335,3.93000855401624,13864,39,True,d84d099493b973a63d879255d2221c1930d649aa,543f782d80ceb9555130e911c1fcf7074153d267
100,6,0.2,RAO*,11,199.3485702929687,0.19028315627130452,37.06225557299331,28735,2419,True,d84d099493b973a63d879255d2221c1930d649aa,543f782d80ceb9555130e911c1fcf7074153d267
100,6,0.2,DARP-HILP,12,198.42357029296872,0.16080297653519335,4.002522805007175,13864,39,True,d84d099493b973a63d879255d2221c1930d649aa,543f782d80ceb9555130e911c1fcf7074153d267
100,6,0.2,RAO*,12,199.3485702929687,0.19028315627130452,36.86575672100298,28735,2419,True,d84d099493b973a63d879255d2221c1930d649aa,543f782d80ceb9555130e911c1fcf7074153d267
100,6,0.2,DARP-HILP,13,198.42357029296872,0.16080297653519335,4.1203701690537855,13864,39,True,d84d099493b973a63d879255d2221c1930d649aa,543f782d80ceb9555130e911c1fcf7074153d267
100,6,0.2,RAO*,13,199.3485702929687,0.19028315627130452,37.53334973391611,28735,2419,True,d84d099493b973a63d879255d2221c1930d649aa,543f782d80ceb9555130e911c1fcf7074153d267
100,6,0.2,DARP-HILP,14,198.42357029296872,0.16080297653519335,4.16297013789881,13864,39,True,d84d099493b973a63d879255d2221c1930d649aa,543f782d80ceb9555130e911c1fcf7074153d267
100,6,0.2,RAO*,14,199.3485702929687,0.19028315627130452,37.489679110003635,28735,2419,True,d84d099493b973a63d879255d2221c1930d649aa,543f782d80ceb9555130e911c1fcf7074153d267
100,6,0.2,DARP-HILP,15,198.42357029296872,0.16080297653519335,4.4166837519733235,13864,39,True,d84d099493b973a63d879255d2221c1930d649aa,543f782d80ceb9555130e911c1fcf7074153d267
100,6,0.2,RAO*,15,199.3485702929687,0.19028315627130452,37.76125287998002,28735,2419,True,d84d099493b973a63d879255d2221c1930d649aa,543f782d80ceb9555130e911c1fcf7074153d267
100,6,0.2,DARP-HILP,16,198.42357029296872,0.16080297653519335,4.11999314208515,13864,39,True,d84d099493b973a63d879255d2221c1930d649aa,543f782d80ceb9555130e911c1fcf7074153d267
100,6,0.2,RAO*,16,199.3485702929687,0.19028315627130452,37.11670868191868,28735,2419,True,d84d099493b973a63d879255d2221c1930d649aa,543f782d80ceb9555130e911c1fcf7074153d267
100,6,0.2,DARP-HILP,17,198.42357029296872,0.16080297653519335,4.174124504090287,13864,39,True,d84d099493b973a63d879255d2221c1930d649aa,543f782d80ceb9555130e911c1fcf7074153d267
100,6,0.2,RAO*,17,199.3485702929687,0.19028315627130452,37.464418530114926,28735,2419,True,d84d099493b973a63d879255d2221c1930d649aa,543f782d80ceb9555130e911c1fcf7074153d267
100,6,0.2,DARP-HILP,18,198.42357029296872,0.16080297653519335,4.175973947043531,13864,39,True,d84d099493b973a63d879255d2221c1930d649aa,543f782d80ceb9555130e911c1fcf7074153d267
100,6,0.2,RAO*,18,199.3485702929687,0.19028315627130452,36.388472595019266,28735,2419,True,d84d099493b973a63d879255d2221c1930d649aa,543f782d80ceb9555130e911c1fcf7074153d267
100,6,0.2,DARP-HILP,19,198.42357029296872,0.16080297653519335,4.005451951059513,13864,39,True,d84d099493b973a63d879255d2221c1930d649aa,543f782d80ceb9555130e911c1fcf7074153d267
100,6,0.2,RAO*,19,199.3485702929687,0.19028315627130452,37.057552251033485,28735,2419,True,d84d099493b973a63d879255d2221c1930d649aa,543f782d80ceb9555130e911c1fcf7074153d267
100,6,0.2,DARP-HILP,20,198.42357029296872,0.16080297653519335,4.108114437083714,13864,39,True,d84d099493b973a63d879255d2221c1930d649aa,543f782d80ceb9555130e911c1fcf7074153d267
100,6,0.2,RAO*,20,199.3485702929687,0.19028315627130452,36.94212165195495,28735,2419,True,d84d099493b973a63d879255d2221c1930d649aa,543f782d80ceb9555130e911c1fcf7074153d267
100,6,0.2,DARP-HILP,21,198.42357029296872,0.16080297653519335,4.075653926003724,13864,39,True,d84d099493b973a63d879255d2221c1930d649aa,543f782d80ceb9555130e911c1fcf7074153d267
100,6,0.2,RAO*,21,199.3485702929687,0.19028315627130452,37.37835162191186,28735,2419,True,d84d099493b973a63d879255d2221c1930d649aa,543f782d80ceb9555130e911c1fcf7074153d267
100,6,0.2,DARP-HILP,22,198.42357029296872,0.16080297653519335,4.2966109700500965,13864,39,True,d84d099493b973a63d879255d2221c1930d649aa,543f782d80ceb9555130e911c1fcf7074153d267
100,6,0.2,RAO*,22,199.3485702929687,0.19028315627130452,38.179867116035894,28735,2419,True,d84d099493b973a63d879255d2221c1930d649aa,543f782d80ceb9555130e911c1fcf7074153d267
100,6,0.2,DARP-HILP,23,198.42357029296872,0.16080297653519335,4.143308427068405,13864,39,True,d84d099493b973a63d879255d2221c1930d649aa,543f782d80ceb9555130e911c1fcf7074153d267
100,6,0.2,RAO*,23,199.3485702929687,0.19028315627130452,38.62391986709554,28735,2419,True,d84d099493b973a63d879255d2221c1930d649aa,543f782d80ceb9555130e911c1fcf7074153d267
100,6,0.2,DARP-HILP,24,198.42357029296872,0.16080297653519335,4.601428151014261,13864,39,True,d84d099493b973a63d879255d2221c1930d649aa,543f782d80ceb9555130e911c1fcf7074153d267
100,6,0.2,RAO*,24,199.3485702929687,0.19028315627130452,38.8346588939894,28735,2419,True,d84d099493b973a63d879255d2221c1930d649aa,543f782d80ceb9555130e911c1fcf7074153d267
100,6,0.2,DARP-HILP,25,198.42357029296872,0.16080297653519335,4.2490625670179725,13864,39,True,d84d099493b973a63d879255d2221c1930d649aa,543f782d80ceb9555130e911c1fcf7074153d267
100,6,0.2,RAO*,25,199.3485702929687,0.19028315627130452,39.171983291977085,28735,2419,True,d84d099493b973a63d879255d2221c1930d649aa,543f782d80ceb9555130e911c1fcf7074153d267
100,6,0.3,DARP-HILP,1,198.42357029296872,0.16080297653519335,6.580756465089507,17260,53,True,d84d099493b973a63d879255d2221c1930d649aa,543f782d80ceb9555130e911c1fcf7074153d267
100,6,0.3,RAO*,1,198.80460058387246,0.2999992191653617,13.73015818290878,7477,638,True,d84d099493b973a63d879255d2221c1930d649aa,543f782d80ceb9555130e911c1fcf7074153d267
100,6,0.3,DARP-HILP,2,198.42357029296872,0.16080297653519335,6.411312973010354,17260,53,True,d84d099493b973a63d879255d2221c1930d649aa,543f782d80ceb9555130e911c1fcf7074153d267
100,6,0.3,RAO*,2,198.80460058387246,0.2999992191653617,13.695120287011378,7477,638,True,d84d099493b973a63d879255d2221c1930d649aa,543f782d80ceb9555130e911c1fcf7074153d267
100,6,0.3,DARP-HILP,3,198.42357029296872,0.16080297653519335,6.612151760025881,17260,53,True,d84d099493b973a63d879255d2221c1930d649aa,543f782d80ceb9555130e911c1fcf7074153d267
100,6,0.3,RAO*,3,198.80460058387246,0.2999992191653617,13.91996275994461,7477,638,True,d84d099493b973a63d879255d2221c1930d649aa,543f782d80ceb9555130e911c1fcf7074153d267
100,6,0.3,DARP-HILP,4,198.42357029296872,0.16080297653519335,6.557320759049617,17260,53,True,d84d099493b973a63d879255d2221c1930d649aa,543f782d80ceb9555130e911c1fcf7074153d267
100,6,0.3,RAO*,4,198.80460058387246,0.2999992191653617,13.738431273028255,7477,638,True,d84d099493b973a63d879255d2221c1930d649aa,543f782d80ceb9555130e911c1fcf7074153d267
100,6,0.3,DARP-HILP,5,198.42357029296872,0.16080297653519335,6.186481207958423,17260,53,True,d84d099493b973a63d879255d2221c1930d649aa,543f782d80ceb9555130e911c1fcf7074153d267
100,6,0.3,RAO*,5,198.80460058387246,0.2999992191653617,13.696695177000947,7477,638,True,d84d099493b973a63d879255d2221c1930d649aa,543f782d80ceb9555130e911c1fcf7074153d267
100,6,0.3,DARP-HILP,6,198.42357029296872,0.16080297653519335,6.324624995002523,17260,53,True,d84d099493b973a63d879255d2221c1930d649aa,543f782d80ceb9555130e911c1fcf7074153d267
100,6,0.3,RAO*,6,198.80460058387246,0.2999992191653617,13.699937888071872,7477,638,True,d84d099493b973a63d879255d2221c1930d649aa,543f782d80ceb9555130e911c1fcf7074153d267
100,6,0.3,DARP-HILP,7,198.42357029296872,0.16080297653519335,6.724861431051977,17260,53,True,d84d099493b973a63d879255d2221c1930d649aa,543f782d80ceb9555130e911c1fcf7074153d267
100,6,0.3,RAO*,7,198.80460058387246,0.2999992191653617,13.922199774067849,7477,638,True,d84d099493b973a63d879255d2221c1930d649aa,543f782d80ceb9555130e911c1fcf7074153d267
100,6,0.3,DARP-HILP,8,198.42357029296872,0.16080297653519335,6.3655277451034635,17260,53,True,d84d099493b973a63d879255d2221c1930d649aa,543f782d80ceb9555130e911c1fcf7074153d267
100,6,0.3,RAO*,8,198.80460058387246,0.2999992191653617,14.130313596921042,7477,638,True,d84d099493b973a63d879255d2221c1930d649aa,543f782d80ceb9555130e911c1fcf7074153d267
100,6,0.3,DARP-HILP,9,198.42357029296872,0.16080297653519335,6.578097822028212,17260,53,True,d84d099493b973a63d879255d2221c1930d649aa,543f782d80ceb9555130e911c1fcf7074153d267
100,6,0.3,RAO*,9,198.80460058387246,0.2999992191653617,14.475105948979035,7477,638,True,d84d099493b973a63d879255d2221c1930d649aa,543f782d80ceb9555130e911c1fcf7074153d267
100,6,0.3,DARP-HILP,10,198.42357029296872,0.16080297653519335,6.798177466960624,17260,53,True,d84d099493b973a63d879255d2221c1930d649aa,543f782d80ceb9555130e911c1fcf7074153d267
100,6,0.3,RAO*,10,198.80460058387246,0.2999992191653617,13.81238734710496,7477,638,True,d84d099493b973a63d879255d2221c1930d649aa,543f782d80ceb9555130e911c1fcf7074153d267
100,6,0.3,DARP-HILP,11,198.42357029296872,0.16080297653519335,6.265606084023602,17260,53,True,d84d099493b973a63d879255d2221c1930d649aa,543f782d80ceb9555130e911c1fcf7074153d267
100,6,0.3,RAO*,11,198.80460058387246,0.2999992191653617,13.90595874201972,7477,638,True,d84d099493b973a63d879255d2221c1930d649aa,543f782d80ceb9555130e911c1fcf7074153d267
100,6,0.3,DARP-HILP,12,198.42357029296872,0.16080297653519335,6.471460353001021,17260,53,True,d84d099493b973a63d879255d2221c1930d649aa,543f782d80ceb9555130e911c1fcf7074153d267
100,6,0.3,RAO*,12,198.80460058387246,0.2999992191653617,14.222281434107572,7477,638,True,d84d099493b973a63d879255d2221c1930d649aa,543f782d80ceb9555130e911c1fcf7074153d267
100,6,0.3,DARP-HILP,13,198.42357029296872,0.16080297653519335,6.314369634957984,17260,53,True,d84d099493b973a63d879255d2221c1930d649aa,543f782d80ceb9555130e911c1fcf7074153d267
100,6,0.3,RAO*,13,198.80460058387246,0.2999992191653617,13.582856021006592,7477,638,True,d84d099493b973a63d879255d2221c1930d649aa,543f782d80ceb9555130e911c1fcf7074153d267
100,6,0.3,DARP-HILP,14,198.42357029296872,0.16080297653519335,6.189631648012437,17260,53,True,d84d099493b973a63d879255d2221c1930d649aa,543f782d80ceb9555130e911c1fcf7074153d267
100,6,0.3,RAO*,14,198.80460058387246,0.2999992191653617,13.682729470077902,7477,638,True,d84d099493b973a63d879255d2221c1930d649aa,543f782d80ceb9555130e911c1fcf7074153d267
100,6,0.3,DARP-HILP,15,198.42357029296872,0.16080297653519335,6.504320738953538,17260,53,True,d84d099493b973a63d879255d2221c1930d649aa,543f782d80ceb9555130e911c1fcf7074153d267
100,6,0.3,RAO*,15,198.80460058387246,0.2999992191653617,13.442610266036354,7477,638,True,d84d099493b973a63d879255d2221c1930d649aa,543f782d80ceb9555130e911c1fcf7074153d267
100,6,0.3,DARP-HILP,16,198.42357029296872,0.16080297653519335,6.250307208974846,17260,53,True,d84d099493b973a63d879255d2221c1930d649aa,543f782d80ceb9555130e911c1fcf7074153d267
100,6,0.3,RAO*,16,198.80460058387246,0.2999992191653617,14.360102699021809,7477,638,True,d84d099493b973a63d879255d2221c1930d649aa,543f782d80ceb9555130e911c1fcf7074153d267
100,6,0.3,DARP-HILP,17,198.42357029296872,0.16080297653519335,6.931924354052171,17260,53,True,d84d099493b973a63d879255d2221c1930d649aa,543f782d80ceb9555130e911c1fcf7074153d267
100,6,0.3,RAO*,17,198.80460058387246,0.2999992191653617,18.005563072045334,7477,638,True,d84d099493b973a63d879255d2221c1930d649aa,543f782d80ceb9555130e911c1fcf7074153d267
100,6,0.3,DARP-HILP,18,198.42357029296872,0.16080297653519335,6.406152304960415,17260,53,True,d84d099493b973a63d879255d2221c1930d649aa,543f782d80ceb9555130e911c1fcf7074153d267
100,6,0.3,RAO*,18,198.80460058387246,0.2999992191653617,13.330404562992044,7477,638,True,d84d099493b973a63d879255d2221c1930d649aa,543f782d80ceb9555130e911c1fcf7074153d267
100,6,0.3,DARP-HILP,19,198.42357029296872,0.16080297653519335,6.113129651057534,17260,53,True,d84d099493b973a63d879255d2221c1930d649aa,543f782d80ceb9555130e911c1fcf7074153d267
100,6,0.3,RAO*,19,198.80460058387246,0.2999992191653617,13.362529950099997,7477,638,True,d84d099493b973a63d879255d2221c1930d649aa,543f782d80ceb9555130e911c1fcf7074153d267
100,6,0.3,DARP-HILP,20,198.42357029296872,0.16080297653519335,6.409947842010297,17260,53,True,d84d099493b973a63d879255d2221c1930d649aa,543f782d80ceb9555130e911c1fcf7074153d267
100,6,0.3,RAO*,20,198.80460058387246,0.2999992191653617,13.891094545950182,7477,638,True,d84d099493b973a63d879255d2221c1930d649aa,543f782d80ceb9555130e911c1fcf7074153d267
100,6,0.3,DARP-HILP,21,198.42357029296872,0.16080297653519335,6.2591390600427985,17260,53,True,d84d099493b973a63d879255d2221c1930d649aa,543f782d80ceb9555130e911c1fcf7074153d267
100,6,0.3,RAO*,21,198.80460058387246,0.2999992191653617,13.125525781069882,7477,638,True,d84d099493b973a63d879255d2221c1930d649aa,543f782d80ceb9555130e911c1fcf7074153d267
100,6,0.3,DARP-HILP,22,198.42357029296872,0.16080297653519335,6.495068524032831,17260,53,True,d84d099493b973a63d879255d2221c1930d649aa,543f782d80ceb9555130e911c1fcf7074153d267
100,6,0.3,RAO*,22,198.80460058387246,0.2999992191653617,13.765124980011024,7477,638,True,d84d099493b973a63d879255d2221c1930d649aa,543f782d80ceb9555130e911c1fcf7074153d267
100,6,0.3,DARP-HILP,23,198.42357029296872,0.16080297653519335,6.39817448600661,17260,53,True,d84d099493b973a63d879255d2221c1930d649aa,543f782d80ceb9555130e911c1fcf7074153d267
100,6,0.3,RAO*,23,198.80460058387246,0.2999992191653617,13.119056191993877,7477,638,True,d84d099493b973a63d879255d2221c1930d649aa,543f782d80ceb9555130e911c1fcf7074153d267
100,6,0.3,DARP-HILP,24,198.42357029296872,0.16080297653519335,6.1539979099761695,17260,53,True,d84d099493b973a63d879255d2221c1930d649aa,543f782d80ceb9555130e911c1fcf7074153d267
100,6,0.3,RAO*,24,198.80460058387246,0.2999992191653617,13.198573421104811,7477,638,True,d84d099493b973a63d879255d2221c1930d649aa,543f782d80ceb9555130e911c1fcf7074153d267
100,6,0.3,DARP-HILP,25,198.42357029296872,0.16080297653519335,6.551941049983725,17260,53,True,d84d099493b973a63d879255d2221c1930d649aa,543f782d80ceb9555130e911c1fcf7074153d267
100,6,0.3,RAO*,25,198.80460058387246,0.2999992191653617,13.247102015069686,7477,638,True,d84d099493b973a63d879255d2221c1930d649aa,543f782d80ceb9555130e911c1fcf7074153d267
