version,size,horizon,delta,trial,seed,method,alpha,lambda,timeout_s,status,objective,risk,time_s,complete,histories,rank_filter_ms,gurobi_model_update_ms,gurobi_optimize_ms,rank_fallbacks,ilp_variables,full_partial_ilp_variables,partial_ilp_solves,ilp_e_sent_total,ilp_e_full_total,ilp_f_sent_total,ilp_f_full_total,episodes,risk_rate,physical_duration_mean,rollout_time_s,result_file,error
bottom-up-retention-v2,5,3,0.1,1,2023,HILP,1.0,1.0,120.0,ok,8.9323125,0.08976562500000002,0.04761425906326622,True,268.0,0.0,3.5148351453244686,7.059149676933885,0.0,268.0,268.0,12.0,149.0,149.0,1363.0,1363.0,1000,0.086,3.0,3.5504137199604884,results/pruning-comparison-raw/HILP-5-h3-d0.1-a1-l1.json,
bottom-up-retention-v2,5,3,0.1,1,2023,Rank,1.0,0.3,120.0,ok,9.855625,0.0,0.021469558007083833,False,52.0,0.6469999207183719,1.1320021003484726,1.1459211818873882,0.0,25.0,52.0,4.0,18.0,18.0,40.0,106.0,1000,0.0,3.0,3.425775059964508,results/pruning-comparison-raw/Rank-5-h3-d0.1-a1-l0.3.json,
bottom-up-retention-v2,5,3,0.1,1,2023,Rank,1.0,0.5,120.0,ok,9.7376875,0.015577734375000006,0.03130429598968476,False,64.0,1.3460300397127867,2.2851419635117054,1.9327200716361403,0.0,38.0,64.0,6.0,43.0,49.0,106.0,203.0,1000,0.019,3.0,3.418646167963743,results/pruning-comparison-raw/Rank-5-h3-d0.1-a1-l0.5.json,
bottom-up-retention-v2,5,3,0.1,1,2023,Rank,1.0,0.7,120.0,ok,9.005203125,0.09559637695312502,0.05151279293932021,False,196.0,4.175166133791208,6.894440157338977,3.710760036483407,0.0,148.0,196.0,10.0,92.0,98.0,608.0,842.0,1000,0.094,3.0,3.5056121590314433,results/pruning-comparison-raw/Rank-5-h3-d0.1-a1-l0.7.json,
bottom-up-retention-v2,5,3,0.1,1,2023,Rank,1.0,0.9,120.0,ok,9.0,0.07500000000000001,0.06443082995247096,False,268.0,7.303488091565669,11.473448015749454,8.239211165346205,0.0,224.0,268.0,12.0,144.0,152.0,1094.0,1360.0,1000,0.069,3.0,3.4789168749703094,results/pruning-comparison-raw/Rank-5-h3-d0.1-a1-l0.9.json,
bottom-up-retention-v2,5,3,0.1,2,2023,Rank,1.0,0.3,120.0,ok,9.855625,0.0,0.021981117082759738,False,52.0,0.6200149655342102,1.1405240511521697,1.0965991532430053,0.0,25.0,52.0,4.0,18.0,18.0,40.0,106.0,,,,,,
bottom-up-retention-v2,5,3,0.1,2,2023,Rank,1.0,0.5,120.0,ok,9.7376875,0.015577734375000006,0.03049415396526456,False,64.0,1.294533023610711,2.517300075851381,1.8399221589788795,0.0,38.0,64.0,6.0,43.0,49.0,106.0,203.0,,,,,,
bottom-up-retention-v2,5,3,0.1,2,2023,Rank,1.0,0.7,120.0,ok,9.005203125,0.09559637695312502,0.0514299200149253,False,196.0,4.6522688353434205,6.974724819883704,3.622917109169066,0.0,148.0,196.0,10.0,92.0,98.0,608.0,842.0,,,,,,
bottom-up-retention-v2,5,3,0.1,2,2023,Rank,1.0,0.9,120.0,ok,9.0,0.07500000000000001,0.07868582906667143,False,268.0,6.740702199749649,11.6216471651569,7.693196297623217,0.0,224.0,268.0,12.0,144.0,152.0,1094.0,1360.0,,,,,,
bottom-up-retention-v2,5,3,0.1,2,2023,HILP,1.0,1.0,120.0,ok,8.9323125,0.08976562500000002,0.04867974005173892,True,268.0,0.0,3.9738492341712117,6.9790350971743464,0.0,268.0,268.0,12.0,149.0,149.0,1363.0,1363.0,,,,,,
bottom-up-retention-v2,5,3,0.1,3,2023,Rank,1.0,0.5,120.0,ok,9.7376875,0.015577734375000006,0.03137278195936233,False,64.0,1.4890822349116206,2.2039400646463037,1.8680499633774161,0.0,38.0,64.0,6.0,43.0,49.0,106.0,203.0,,,,,,
bottom-up-retention-v2,5,3,0.1,3,2023,Rank,1.0,0.7,120.0,ok,9.005203125,0.09559637695312502,0.05126474401913583,False,196.0,4.060382139869034,6.892172037623823,3.5928209545090795,0.0,148.0,196.0,10.0,92.0,98.0,608.0,842.0,,,,,,
bottom-up-retention-v2,5,3,0.1,3,2023,Rank,1.0,0.9,120.0,ok,9.0,0.07500000000000001,0.06272845703642815,False,268.0,7.354662986472249,11.015558149665594,7.32389569748193,0.0,224.0,268.0,12.0,144.0,152.0,1094.0,1360.0,,,,,,
bottom-up-retention-v2,5,3,0.1,3,2023,HILP,1.0,1.0,120.0,ok,8.9323125,0.08976562500000002,0.07572888303548098,True,268.0,0.0,6.575803039595485,10.318167973309755,0.0,268.0,268.0,12.0,149.0,149.0,1363.0,1363.0,,,,,,
bottom-up-retention-v2,5,3,0.1,3,2023,Rank,1.0,0.3,120.0,ok,9.855625,0.0,0.02183014794718474,False,52.0,0.6379970582202077,1.183207961730659,1.1165268952026963,0.0,25.0,52.0,4.0,18.0,18.0,40.0,106.0,,,,,,
bottom-up-retention-v2,5,3,0.2,1,2023,Rank,1.0,0.3,120.0,ok,9.855625,0.0,0.021683029946871102,False,52.0,0.6269117584452033,1.1506971204653382,1.0729930363595486,0.0,25.0,52.0,4.0,18.0,18.0,40.0,106.0,1000,0.0,3.0,3.4437035920564085,results/pruning-comparison-raw/Rank-5-h3-d0.2-a1-l0.3.json,
bottom-up-retention-v2,5,3,0.2,1,2023,Rank,1.0,0.5,120.0,ok,9.90503125,0.015577734375000006,0.030521116917952895,False,64.0,1.3711010105907917,2.3753491695970297,1.8983740592375398,0.0,38.0,64.0,6.0,43.0,49.0,107.0,203.0,1000,0.019,3.0,3.489743830054067,results/pruning-comparison-raw/Rank-5-h3-d0.2-a1-l0.5.json,
bottom-up-retention-v2,5,3,0.2,1,2023,Rank,1.0,0.7,120.0,ok,9.673515625,0.020453906250000008,0.04413847508840263,False,88.0,2.6429430581629276,4.653948941268027,2.7503528399392962,0.0,64.0,88.0,9.0,88.0,98.0,323.0,454.0,1000,0.022,3.0,3.4332468170905486,results/pruning-comparison-raw/Rank-5-h3-d0.2-a1-l0.7.json,
bottom-up-retention-v2,5,3,0.2,1,2023,Rank,1.0,0.9,120.0,ok,8.155624999999999,0.144375,0.04999614099506289,False,160.0,3.0244081281125546,6.6043909173458815,3.6518590059131384,0.0,149.0,160.0,9.0,74.0,74.0,610.0,670.0,1000,0.136,3.0,3.3869993770495057,results/pruning-comparison-raw/Rank-5-h3-d0.2-a1-l0.9.json,
bottom-up-retention-v2,5,3,0.2,1,2023,HILP,1.0,1.0,120.0,ok,8.155624999999999,0.144375,0.04070312902331352,True,160.0,0.0,2.093650749884546,3.860286087729037,0.0,160.0,160.0,9.0,74.0,74.0,670.0,670.0,1000,0.136,3.0,3.3683098379988223,results/pruning-comparison-raw/HILP-5-h3-d0.2-a1-l1.json,
bottom-up-retention-v2,5,3,0.2,2,2023,Rank,1.0,0.5,120.0,ok,9.90503125,0.015577734375000006,0.02795282192528248,False,64.0,1.2852600775659084,2.0537570817396045,1.6298609552904963,0.0,38.0,64.0,6.0,43.0,49.0,107.0,203.0,,,,,,
bottom-up-retention-v2,5,3,0.2,2,2023,Rank,1.0,0.7,120.0,ok,9.673515625,0.020453906250000008,0.04141684505157173,False,88.0,2.404928090982139,4.466217244043946,2.4695489555597305,0.0,64.0,88.0,9.0,88.0,98.0,323.0,454.0,,,,,,
bottom-up-retention-v2,5,3,0.2,2,2023,Rank,1.0,0.9,120.0,ok,8.155624999999999,0.144375,0.051105967024341226,False,160.0,2.9834891902282834,6.270729703828692,3.469287883490324,0.0,149.0,160.0,9.0,74.0,74.0,610.0,670.0,,,,,,
bottom-up-retention-v2,5,3,0.2,2,2023,HILP,1.0,1.0,120.0,ok,8.155624999999999,0.144375,0.04015341110061854,True,160.0,0.0,2.173423650674522,3.8646251196041703,0.0,160.0,160.0,9.0,74.0,74.0,670.0,670.0,,,,,,
bottom-up-retention-v2,5,3,0.2,2,2023,Rank,1.0,0.3,120.0,ok,9.855625,0.0,0.0210263590561226,False,52.0,0.6063008913770318,1.0716558899730444,0.9885089239105582,0.0,25.0,52.0,4.0,18.0,18.0,40.0,106.0,,,,,,
bottom-up-retention-v2,5,3,0.2,3,2023,Rank,1.0,0.7,120.0,ok,9.673515625,0.020453906250000008,0.042610381031408906,False,88.0,2.529652090743184,4.405770101584494,2.6026370469480753,0.0,64.0,88.0,9.0,88.0,98.0,323.0,454.0,,,,,,
bottom-up-retention-v2,5,3,0.2,3,2023,Rank,1.0,0.9,120.0,ok,8.155624999999999,0.144375,0.04667698696721345,False,160.0,2.8323240112513304,6.115665193647146,3.221151069737971,0.0,149.0,160.0,9.0,74.0,74.0,610.0,670.0,,,,,,
bottom-up-retention-v2,5,3,0.2,3,2023,HILP,1.0,1.0,120.0,ok,8.155624999999999,0.144375,0.03926824708469212,True,160.0,0.0,2.0354390144348145,3.8225570460781455,0.0,160.0,160.0,9.0,74.0,74.0,670.0,670.0,,,,,,
bottom-up-retention-v2,5,3,0.2,3,2023,Rank,1.0,0.3,120.0,ok,9.855625,0.0,0.020331009989604354,False,52.0,0.5786118563264608,1.0334467515349388,0.9664270328357816,0.0,25.0,52.0,4.0,18.0,18.0,40.0,106.0,,,,,,
bottom-up-retention-v2,5,3,0.2,3,2023,Rank,1.0,0.5,120.0,ok,9.90503125,0.015577734375000006,0.02935386507306248,False,64.0,1.2571339029818773,2.1086159395053983,1.6937496839091182,0.0,38.0,64.0,6.0,43.0,49.0,107.0,203.0,,,,,,
bottom-up-retention-v2,5,3,0.3,1,2023,Rank,1.0,0.5,120.0,ok,9.855625,0.0,0.020493685035035014,False,52.0,0.57879404630512,1.1140910210087895,0.9768629679456353,0.0,33.0,52.0,4.0,18.0,18.0,57.0,106.0,1000,0.0,3.0,3.413276260951534,results/pruning-comparison-raw/Rank-5-h3-d0.3-a1-l0.5.json,
bottom-up-retention-v2,5,3,0.3,1,2023,Rank,1.0,0.7,120.0,ok,9.67871875,0.17690625000000004,0.029693459975533187,False,76.0,1.285664038732648,2.5015800492838025,1.7341832863166928,0.0,58.0,76.0,6.0,43.0,43.0,175.0,245.0,1000,0.16,3.0,3.3891280030366033,results/pruning-comparison-raw/Rank-5-h3-d0.3-a1-l0.7.json,
bottom-up-retention-v2,5,3,0.3,1,2023,Rank,1.0,0.9,120.0,ok,8.155624999999999,0.144375,0.04586913308594376,False,172.0,2.861799788661301,6.128180888481438,3.0684620141983032,0.0,160.0,172.0,9.0,73.0,73.0,634.0,695.0,1000,0.136,3.0,3.2886344220023602,results/pruning-comparison-raw/Rank-5-h3-d0.3-a1-l0.9.json,
bottom-up-retention-v2,5,3,0.3,1,2023,HILP,1.0,1.0,120.0,ok,8.155624999999999,0.144375,0.04124733991920948,True,172.0,0.0,2.352833980694413,3.864806960336864,0.0,172.0,172.0,9.0,73.0,73.0,695.0,695.0,1000,0.136,3.0,3.384434044943191,results/pruning-comparison-raw/HILP-5-h3-d0.3-a1-l1.json,
bottom-up-retention-v2,5,3,0.3,1,2023,Rank,1.0,0.3,120.0,ok,9.855625,0.0,0.022043777047656476,False,52.0,0.6114389980211854,1.127897878177464,1.1080288095399737,0.0,25.0,52.0,4.0,18.0,18.0,40.0,106.0,1000,0.0,3.0,3.409518936998211,results/pruning-comparison-raw/Rank-5-h3-d0.3-a1-l0.3.json,
bottom-up-retention-v2,5,3,0.3,2,2023,Rank,1.0,0.7,120.0,ok,9.67871875,0.17690625000000004,0.030336456024087965,False,76.0,1.3234439538791776,2.543597249314189,1.7199608264490962,0.0,58.0,76.0,6.0,43.0,43.0,175.0,245.0,,,,,,
bottom-up-retention-v2,5,3,0.3,2,2023,Rank,1.0,0.9,120.0,ok,8.155624999999999,0.144375,0.04833889100700617,False,172.0,2.9208611231297255,6.4350609900429845,3.03051492664963,0.0,160.0,172.0,9.0,73.0,73.0,634.0,695.0,,,,,,
bottom-up-retention-v2,5,3,0.3,2,2023,HILP,1.0,1.0,120.0,ok,8.155624999999999,0.144375,0.0406115329824388,True,172.0,0.0,2.230081125162542,3.7453079130500555,0.0,172.0,172.0,9.0,73.0,73.0,695.0,695.0,,,,,,
bottom-up-retention-v2,5,3,0.3,2,2023,Rank,1.0,0.3,120.0,ok,9.855625,0.0,0.021131449029780924,False,52.0,0.6064679473638535,1.0959358187392354,1.0117500787600875,0.0,25.0,52.0,4.0,18.0,18.0,40.0,106.0,,,,,,
bottom-up-retention-v2,5,3,0.3,2,2023,Rank,1.0,0.5,120.0,ok,9.855625,0.0,0.021082106046378613,False,52.0,0.6139620672911406,1.14580022636801,1.0311490623280406,0.0,33.0,52.0,4.0,18.0,18.0,57.0,106.0,,,,,,
bottom-up-retention-v2,5,3,0.3,3,2023,Rank,1.0,0.9,120.0,ok,8.155624999999999,0.144375,0.04821109096519649,False,172.0,2.9855900211259723,6.424374063499272,3.0990391969680786,0.0,160.0,172.0,9.0,73.0,73.0,634.0,695.0,,,,,,
bottom-up-retention-v2,5,3,0.3,3,2023,HILP,1.0,1.0,120.0,ok,8.155624999999999,0.144375,0.04071536590345204,True,172.0,0.0,2.2682211128994823,3.8154780631884933,0.0,172.0,172.0,9.0,73.0,73.0,695.0,695.0,,,,,,
bottom-up-retention-v2,5,3,0.3,3,2023,Rank,1.0,0.3,120.0,ok,9.855625,0.0,0.021373367053456604,False,52.0,0.616486999206245,1.129036070778966,1.0624410351738334,0.0,25.0,52.0,4.0,18.0,18.0,40.0,106.0,,,,,,
bottom-up-retention-v2,5,3,0.3,3,2023,Rank,1.0,0.5,120.0,ok,9.855625,0.0,0.021457039983943105,False,52.0,0.6134678842499852,1.197339966893196,1.1300708865746856,0.0,33.0,52.0,4.0,18.0,18.0,57.0,106.0,,,,,,
bottom-up-retention-v2,5,3,0.3,3,2023,Rank,1.0,0.7,120.0,ok,9.67871875,0.17690625000000004,0.030377123039215803,False,76.0,1.3392518740147352,2.566433046013117,1.7232049722224474,0.0,58.0,76.0,6.0,43.0,43.0,175.0,245.0,,,,,,
bottom-up-retention-v2,5,4,0.1,1,2023,Rank,1.0,0.7,120.0,ok,9.95908990234375,0.09850613688354494,0.21666262298822403,False,844.0,36.2616335041821,51.51829996611923,20.643152063712478,0.0,623.0,844.0,20.0,804.0,1022.0,5166.0,7050.0,1000,0.102,4.0,4.603583251009695,results/pruning-comparison-raw/Rank-5-h4-d0.1-a1-l0.7.json,
bottom-up-retention-v2,5,4,0.1,1,2023,Rank,1.0,0.9,120.0,ok,9.856191806640624,0.09793244653930666,0.35418096894863993,False,1180.0,61.54973723459989,99.78242486249655,50.11815472971648,0.0,1069.0,1180.0,25.0,1410.0,1535.0,11140.0,12521.0,1000,0.095,4.0,4.55128210701514,results/pruning-comparison-raw/Rank-5-h4-d0.1-a1-l0.9.json,
bottom-up-retention-v2,5,4,0.1,1,2023,HILP,1.0,1.0,120.0,ok,9.679810263671875,0.09923649803466798,0.18892202002462,True,1084.0,0.0,13.28705030027777,52.649092860519886,0.0,1084.0,1084.0,22.0,1069.0,1069.0,9327.0,9327.0,1000,0.104,4.0,4.580025566043332,results/pruning-comparison-raw/HILP-5-h4-d0.1-a1-l1.json,
bottom-up-retention-v2,5,4,0.1,1,2023,Rank,1.0,0.3,120.0,ok,10.791031250000001,0.0,0.03752189897932112,False,160.0,1.6099148197099566,2.434580121189356,1.454749028198421,0.0,76.0,160.0,5.0,58.0,58.0,124.0,334.0,1000,0.0,4.0,4.555997936986387,results/pruning-comparison-raw/Rank-5-h4-d0.1-a1-l0.3.json,
bottom-up-retention-v2,5,4,0.1,1,2023,Rank,1.0,0.5,120.0,ok,10.681131699218751,0.01074619555664063,0.060482866945676506,False,196.0,3.991897916421294,6.095615914091468,2.621461288072169,0.0,120.0,196.0,8.0,178.0,178.0,415.0,802.0,1000,0.019,4.0,4.511970035964623,results/pruning-comparison-raw/Rank-5-h4-d0.1-a1-l0.5.json,
bottom-up-retention-v2,5,4,0.1,2,2023,Rank,1.0,0.9,120.0,ok,9.856191806640624,0.09793244653930666,0.35314987308811396,False,1180.0,62.0596770895645,99.60295725613832,48.75355423428118,0.0,1069.0,1180.0,25.0,1410.0,1535.0,11140.0,12521.0,,,,,,
bottom-up-retention-v2,5,4,0.1,2,2023,HILP,1.0,1.0,120.0,ok,9.679810263671875,0.09923649803466798,0.2101575939450413,True,1084.0,0.0,13.838433660566807,54.2555347783491,0.0,1084.0,1084.0,22.0,1069.0,1069.0,9327.0,9327.0,,,,,,
bottom-up-retention-v2,5,4,0.1,2,2023,Rank,1.0,0.3,120.0,ok,10.791031250000001,0.0,0.04029596399050206,False,160.0,1.944154966622591,2.6456621708348393,1.6292609507218003,0.0,76.0,160.0,5.0,58.0,58.0,124.0,334.0,,,,,,
bottom-up-retention-v2,5,4,0.1,2,2023,Rank,1.0,0.5,120.0,ok,10.681131699218751,0.01074619555664063,0.06444163096603006,False,196.0,4.103434970602393,6.323501002043486,2.672419068403542,0.0,120.0,196.0,8.0,178.0,178.0,415.0,802.0,,,,,,
bottom-up-retention-v2,5,4,0.1,2,2023,Rank,1.0,0.7,120.0,ok,9.95908990234375,0.09850613688354494,0.2145243879640475,False,844.0,36.432561348192394,50.12283113319427,19.462984870187938,0.0,623.0,844.0,20.0,804.0,1022.0,5166.0,7050.0,,,,,,
bottom-up-retention-v2,5,4,0.1,3,2023,HILP,1.0,1.0,120.0,ok,9.679810263671875,0.09923649803466798,0.19370643293950707,True,1084.0,0.0,13.974235276691616,53.18375874776393,0.0,1084.0,1084.0,22.0,1069.0,1069.0,9327.0,9327.0,,,,,,
bottom-up-retention-v2,5,4,0.1,3,2023,Rank,1.0,0.3,120.0,ok,10.791031250000001,0.0,0.0386635500472039,False,160.0,2.371481852605939,2.509201061911881,1.4706420479342341,0.0,76.0,160.0,5.0,58.0,58.0,124.0,334.0,,,,,,
bottom-up-retention-v2,5,4,0.1,3,2023,Rank,1.0,0.5,120.0,ok,10.681131699218751,0.01074619555664063,0.06323528394568712,False,196.0,3.9777939673513174,6.137442076578736,2.5860449532046914,0.0,120.0,196.0,8.0,178.0,178.0,415.0,802.0,,,,,,
bottom-up-retention-v2,5,4,0.1,3,2023,Rank,1.0,0.7,120.0,ok,9.95908990234375,0.09850613688354494,0.21573661000002176,False,844.0,36.597058176994324,50.59268500190228,19.721703021787107,0.0,623.0,844.0,20.0,804.0,1022.0,5166.0,7050.0,,,,,,
bottom-up-retention-v2,5,4,0.1,3,2023,Rank,1.0,0.9,120.0,ok,9.856191806640624,0.09793244653930666,0.38799022196326405,False,1180.0,64.34027955401689,121.31608871277422,53.03629580885172,0.0,1069.0,1180.0,25.0,1410.0,1535.0,11140.0,12521.0,,,,,,
bottom-up-retention-v2,5,4,0.2,1,2023,Rank,1.0,0.9,120.0,ok,8.7915875390625,0.1511191234680176,0.1476876320084557,False,568.0,13.912173686549067,24.21122172381729,11.1771859228611,0.0,523.0,568.0,13.0,303.0,315.0,2535.0,2761.0,1000,0.152,4.0,4.45840203599073,results/pruning-comparison-raw/Rank-5-h4-d0.2-a1-l0.9.json,
bottom-up-retention-v2,5,4,0.2,1,2023,HILP,1.0,1.0,120.0,ok,8.241031249999999,0.15480147923583987,0.11359809304121882,True,592.0,0.0,6.914673023857176,14.39039409160614,0.0,592.0,592.0,13.0,314.0,314.0,2786.0,2786.0,1000,0.154,4.0,4.456072121975012,results/pruning-comparison-raw/HILP-5-h4-d0.2-a1-l1.json,
bottom-up-retention-v2,5,4,0.2,1,2023,Rank,1.0,0.3,120.0,ok,10.791031250000001,0.0,0.04235520993825048,False,160.0,2.260743291117251,4.021886154077947,1.7237657448276877,0.0,76.0,160.0,5.0,58.0,58.0,124.0,334.0,1000,0.0,4.0,4.5282104189973325,results/pruning-comparison-raw/Rank-5-h4-d0.2-a1-l0.3.json,
bottom-up-retention-v2,5,4,0.2,1,2023,Rank,1.0,0.5,120.0,ok,10.839988730468752,0.01074619555664063,0.06100464705377817,False,196.0,3.9601511089131236,6.080165272578597,2.4461819557473063,0.0,120.0,196.0,8.0,178.0,178.0,416.0,802.0,1000,0.019,4.0,4.666833750088699,results/pruning-comparison-raw/Rank-5-h4-d0.2-a1-l0.5.json,
bottom-up-retention-v2,5,4,0.2,1,2023,Rank,1.0,0.7,120.0,ok,10.587442724609376,0.03960103051757814,0.0998181130271405,False,328.0,8.157923934049904,12.866541044786572,4.006313974969089,0.0,244.0,328.0,10.0,267.0,279.0,1140.0,1597.0,1000,0.05,4.0,4.506142426049337,results/pruning-comparison-raw/Rank-5-h4-d0.2-a1-l0.7.json,
bottom-up-retention-v2,5,4,0.2,2,2023,HILP,1.0,1.0,120.0,ok,8.241031249999999,0.15480147923583987,0.11070350406225771,True,592.0,0.0,6.738428259268403,13.767329743131995,0.0,592.0,592.0,13.0,314.0,314.0,2786.0,2786.0,,,,,,
bottom-up-retention-v2,5,4,0.2,2,2023,Rank,1.0,0.3,120.0,ok,10.791031250000001,0.0,0.045860958052799106,False,160.0,2.1149670938029885,2.60848889593035,1.5731649473309517,0.0,76.0,160.0,5.0,58.0,58.0,124.0,334.0,,,,,,
bottom-up-retention-v2,5,4,0.2,2,2023,Rank,1.0,0.5,120.0,ok,10.839988730468752,0.01074619555664063,0.06879426701925695,False,196.0,4.039537045173347,6.206947844475508,2.8584629762917757,0.0,120.0,196.0,8.0,178.0,178.0,416.0,802.0,,,,,,
bottom-up-retention-v2,5,4,0.2,2,2023,Rank,1.0,0.7,120.0,ok,10.587442724609376,0.03960103051757814,0.09697392501402646,False,328.0,7.943680160678923,12.577612069435418,3.710480174049735,0.0,244.0,328.0,10.0,267.0,279.0,1140.0,1597.0,,,,,,
bottom-up-retention-v2,5,4,0.2,2,2023,Rank,1.0,0.9,120.0,ok,8.7915875390625,0.1511191234680176,0.14114399102982134,False,568.0,12.908593169413507,23.06749438866973,10.444041225127876,0.0,523.0,568.0,13.0,303.0,315.0,2535.0,2761.0,,,,,,
bottom-up-retention-v2,5,4,0.2,3,2023,Rank,1.0,0.3,120.0,ok,10.791031250000001,0.0,0.042027299059554935,False,160.0,2.2311770590022206,2.634208765812218,1.5143711352720857,0.0,76.0,160.0,5.0,58.0,58.0,124.0,334.0,,,,,,
bottom-up-retention-v2,5,4,0.2,3,2023,Rank,1.0,0.5,120.0,ok,10.839988730468752,0.01074619555664063,0.06182613200508058,False,196.0,4.014508216641843,5.935505963861942,2.44320509955287,0.0,120.0,196.0,8.0,178.0,178.0,416.0,802.0,,,,,,
bottom-up-retention-v2,5,4,0.2,3,2023,Rank,1.0,0.7,120.0,ok,10.587442724609376,0.03960103051757814,0.1008161639329046,False,328.0,8.501700824126601,13.22282722685486,3.901577088981867,0.0,244.0,328.0,10.0,267.0,279.0,1140.0,1597.0,,,,,,
bottom-up-retention-v2,5,4,0.2,3,2023,Rank,1.0,0.9,120.0,ok,8.7915875390625,0.1511191234680176,0.1536959910299629,False,568.0,13.109461055137217,22.479689097963274,10.184350772760808,0.0,523.0,568.0,13.0,303.0,315.0,2535.0,2761.0,,,,,,
bottom-up-retention-v2,5,4,0.2,3,2023,HILP,1.0,1.0,120.0,ok,8.241031249999999,0.15480147923583987,0.11047692992724478,True,592.0,0.0,7.123861229047179,13.262966996990144,0.0,592.0,592.0,13.0,314.0,314.0,2786.0,2786.0,,,,,,
bottom-up-retention-v2,5,4,0.3,1,2023,HILP,1.0,1.0,120.0,ok,8.241031249999999,0.15480147923583987,0.14811502792872488,True,892.0,0.0,10.661482461728156,26.895057992078364,0.0,892.0,892.0,20.0,902.0,902.0,7734.0,7734.0,1000,0.154,4.0,4.295659536961466,results/pruning-comparison-raw/HILP-5-h4-d0.3-a1-l1.json,
bottom-up-retention-v2,5,4,0.3,1,2023,Rank,1.0,0.3,120.0,ok,10.791031250000001,0.0,0.038871760945767164,False,160.0,1.787693938240409,2.5112598668783903,1.6404042253270745,0.0,76.0,160.0,5.0,58.0,58.0,124.0,334.0,1000,0.0,4.0,4.472564350930043,results/pruning-comparison-raw/Rank-5-h4-d0.3-a1-l0.3.json,
bottom-up-retention-v2,5,4,0.3,1,2023,Rank,1.0,0.5,120.0,ok,10.786191464843752,0.0007618205566406254,0.06027322402223945,False,208.0,4.376325756311417,6.266090902499855,2.576744882389903,0.0,127.0,208.0,8.0,179.0,179.0,440.0,849.0,1000,0.0,4.0,4.429987618001178,results/pruning-comparison-raw/Rank-5-h4-d0.3-a1-l0.5.json,
bottom-up-retention-v2,5,4,0.3,1,2023,Rank,1.0,0.7,120.0,ok,10.711675068359376,0.19021566137695317,0.0932770639192313,False,328.0,8.584689116105437,12.640070985071361,3.8524079136550426,0.0,249.0,328.0,10.0,268.0,268.0,1156.0,1620.0,1000,0.174,4.0,4.393081292044371,results/pruning-comparison-raw/Rank-5-h4-d0.3-a1-l0.7.json,
bottom-up-retention-v2,5,4,0.3,1,2023,Rank,1.0,0.9,120.0,ok,8.241031249999999,0.1550986694091797,0.2789632910862565,False,868.0,57.106658816337585,69.32223227340728,26.11062105279416,0.0,799.0,868.0,21.0,947.0,992.0,7562.0,8260.0,1000,0.154,4.0,4.303034496027976,results/pruning-comparison-raw/Rank-5-h4-d0.3-a1-l0.9.json,
bottom-up-retention-v2,5,4,0.3,2,2023,Rank,1.0,0.3,120.0,ok,10.791031250000001,0.0,0.036442619981244206,False,160.0,1.7164068995043635,2.3117760429158807,1.3595749624073505,0.0,76.0,160.0,5.0,58.0,58.0,124.0,334.0,,,,,,
bottom-up-retention-v2,5,4,0.3,2,2023,Rank,1.0,0.5,120.0,ok,10.786191464843752,0.0007618205566406254,0.05694095604121685,False,208.0,4.01987589430064,5.982938804663718,2.4003881262615323,0.0,127.0,208.0,8.0,179.0,179.0,440.0,849.0,,,,,,
bottom-up-retention-v2,5,4,0.3,2,2023,Rank,1.0,0.7,120.0,ok,10.711675068359376,0.19021566137695317,0.08574683894403279,False,328.0,7.187507813796401,12.192122987471521,3.370000864379108,0.0,249.0,328.0,10.0,268.0,268.0,1156.0,1620.0,,,,,,
bottom-up-retention-v2,5,4,0.3,2,2023,Rank,1.0,0.9,120.0,ok,8.241031249999999,0.1550986694091797,0.27765356400050223,False,868.0,42.21177625004202,86.06430911459029,27.031150297261775,0.0,799.0,868.0,21.0,947.0,992.0,7562.0,8260.0,,,,,,
bottom-up-retention-v2,5,4,0.3,2,2023,HILP,1.0,1.0,120.0,ok,8.241031249999999,0.15480147923583987,0.154137177974917,True,892.0,0.0,11.41663989983499,27.919734944589436,0.0,892.0,892.0,20.0,902.0,902.0,7734.0,7734.0,,,,,,
bottom-up-retention-v2,5,4,0.3,3,2023,Rank,1.0,0.5,120.0,ok,10.786191464843752,0.0007618205566406254,0.05894426989834756,False,208.0,4.256654880009592,6.171626853756607,2.4571571266278625,0.0,127.0,208.0,8.0,179.0,179.0,440.0,849.0,,,,,,
bottom-up-retention-v2,5,4,0.3,3,2023,Rank,1.0,0.7,120.0,ok,10.711675068359376,0.19021566137695317,0.08955883095040917,False,328.0,8.06769891642034,12.282384210266173,3.6675389856100082,0.0,249.0,328.0,10.0,268.0,268.0,1156.0,1620.0,,,,,,
bottom-up-retention-v2,5,4,0.3,3,2023,Rank,1.0,0.9,120.0,ok,8.241031249999999,0.1550986694091797,0.2755013220012188,False,868.0,59.337710263207555,68.25596187263727,25.941562955267727,0.0,799.0,868.0,21.0,947.0,992.0,7562.0,8260.0,,,,,,
bottom-up-retention-v2,5,4,0.3,3,2023,HILP,1.0,1.0,120.0,ok,8.241031249999999,0.15480147923583987,0.15001878305338323,True,892.0,0.0,11.35187188629061,27.5763749377802,0.0,892.0,892.0,20.0,902.0,902.0,7734.0,7734.0,,,,,,
bottom-up-retention-v2,5,4,0.3,3,2023,Rank,1.0,0.3,120.0,ok,10.791031250000001,0.0,0.03765351802576333,False,160.0,1.7463479889556766,2.3521529510617256,1.4314979780465364,0.0,76.0,160.0,5.0,58.0,58.0,124.0,334.0,,,,,,
bottom-up-retention-v2,5,5,0.1,1,2023,Rank,1.0,0.3,120.0,ok,11.729504612384034,0.0003297549697036745,0.1297387219965458,False,556.0,11.906402185559273,14.674280071631074,3.6875411169603467,0.0,257.0,556.0,9.0,544.0,544.0,783.0,2348.0,1000,0.0,5.0,5.6672647839877754,results/pruning-comparison-raw/Rank-5-h5-d0.1-a1-l0.3.json,
bottom-up-retention-v2,5,5,0.1,1,2023,Rank,1.0,0.5,120.0,ok,11.62535635175171,0.012887433588867193,0.17775259190239012,False,724.0,18.95288599189371,26.7372012604028,5.038409028202295,0.0,439.0,724.0,11.0,807.0,807.0,2007.0,3881.0,1000,0.02,5.0,5.569157180027105,results/pruning-comparison-raw/Rank-5-h5-d0.1-a1-l0.5.json,
bottom-up-retention-v2,5,5,0.1,1,2023,Rank,1.0,0.7,120.0,ok,11.16415051813965,0.05492889492504502,0.6238216110505164,False,2236.0,128.77618509810418,195.1991234673187,34.7509483108297,0.0,1691.0,2236.0,25.0,2673.0,2849.0,16776.0,22907.0,1000,0.046,5.0,5.656492018024437,results/pruning-comparison-raw/Rank-5-h5-d0.1-a1-l0.7.json,
bottom-up-retention-v2,5,5,0.1,1,2023,Rank,1.0,0.9,120.0,ok,10.427159029260254,0.0999890286491318,0.7082202340243384,False,2524.0,111.13164515700191,199.56420513335615,81.81597699876875,0.0,2302.0,2524.0,26.0,2371.0,2503.0,20175.0,22381.0,1000,0.106,5.0,5.5983843359863386,results/pruning-comparison-raw/Rank-5-h5-d0.1-a1-l0.9.json,
bottom-up-retention-v2,5,5,0.1,1,2023,HILP,1.0,1.0,120.0,ok,10.358017454345704,0.09444588296646883,1.8223646190017462,True,4504.0,0.0,93.94649451132864,1218.7480898573995,0.0,4504.0,4504.0,45.0,10678.0,10678.0,89846.0,89846.0,1000,0.088,5.0,5.813312668004073,results/pruning-comparison-raw/HILP-5-h5-d0.1-a1-l1.json,
bottom-up-retention-v2,5,5,0.1,2,2023,Rank,1.0,0.5,120.0,ok,11.62535635175171,0.012887433588867193,0.18378825893159956,False,724.0,21.05026924982667,28.037615003995597,5.603639758192003,0.0,439.0,724.0,11.0,807.0,807.0,2007.0,3881.0,,,,,,
bottom-up-retention-v2,5,5,0.1,2,2023,Rank,1.0,0.7,120.0,ok,11.16415051813965,0.05492889492504502,0.6222664540400729,False,2236.0,143.75006302725524,192.0430260943249,34.0087020304054,0.0,1691.0,2236.0,25.0,2673.0,2849.0,16776.0,22907.0,,,,,,
bottom-up-retention-v2,5,5,0.1,2,2023,Rank,1.0,0.9,120.0,ok,10.427159029260254,0.0999890286491318,0.7126392460195348,False,2524.0,112.00437822844833,200.38491499144584,78.03058926947415,0.0,2302.0,2524.0,26.0,2371.0,2503.0,20175.0,22381.0,,,,,,
bottom-up-retention-v2,5,5,0.1,2,2023,HILP,1.0,1.0,120.0,ok,10.358017454345704,0.09444588296646883,1.8234407539712265,True,4504.0,0.0,72.17331393621862,1222.0988187473267,0.0,4504.0,4504.0,45.0,10678.0,10678.0,89846.0,89846.0,,,,,,
bottom-up-retention-v2,5,5,0.1,2,2023,Rank,1.0,0.3,120.0,ok,11.729504612384034,0.0003297549697036745,0.12717064504977316,False,556.0,12.655484955757856,14.630242134444416,3.663219860754907,0.0,257.0,556.0,9.0,544.0,544.0,783.0,2348.0,,,,,,
bottom-up-retention-v2,5,5,0.1,3,2023,Rank,1.0,0.7,120.0,ok,11.16415051813965,0.05492889492504502,0.5814190040109679,False,2236.0,122.47216398827732,163.94864965695888,33.27073389664292,0.0,1691.0,2236.0,25.0,2673.0,2849.0,16776.0,22907.0,,,,,,
bottom-up-retention-v2,5,5,0.1,3,2023,Rank,1.0,0.9,120.0,ok,10.427159029260254,0.0999890286491318,0.767715657944791,False,2524.0,122.1315850270912,204.0973867988214,81.53215132188052,0.0,2302.0,2524.0,26.0,2371.0,2503.0,20175.0,22381.0,,,,,,
bottom-up-retention-v2,5,5,0.1,3,2023,HILP,1.0,1.0,120.0,ok,10.358017454345704,0.09444588296646883,1.8254700188990682,True,4504.0,0.0,75.12308785226196,1227.4637683294713,0.0,4504.0,4504.0,45.0,10678.0,10678.0,89846.0,89846.0,,,,,,
bottom-up-retention-v2,5,5,0.1,3,2023,Rank,1.0,0.3,120.0,ok,11.729504612384034,0.0003297549697036745,0.1303303960012272,False,556.0,12.77069200295955,14.394851168617606,3.5912879975512624,0.0,257.0,556.0,9.0,544.0,544.0,783.0,2348.0,,,,,,
bottom-up-retention-v2,5,5,0.1,3,2023,Rank,1.0,0.5,120.0,ok,11.62535635175171,0.012887433588867193,0.19605214707553387,False,724.0,22.082155104726553,39.08151714131236,6.435588002204895,0.0,439.0,724.0,11.0,807.0,807.0,2007.0,3881.0,,,,,,
bottom-up-retention-v2,5,5,0.2,1,2023,Rank,1.0,0.5,120.0,ok,11.777657308447267,0.012164754384613043,0.1982104000635445,False,724.0,24.305092287249863,31.614118837751448,6.218159105628729,0.0,436.0,724.0,12.0,939.0,951.0,2239.0,4353.0,1000,0.021,5.0,5.95585059793666,results/pruning-comparison-raw/Rank-5-h5-d0.2-a1-l0.5.json,
bottom-up-retention-v2,5,5,0.2,1,2023,Rank,1.0,0.7,120.0,ok,11.459549408184815,0.03543103035104372,0.3804976100800559,False,1384.0,76.99380489066243,81.20352518744767,11.216331040486693,0.0,1024.0,1384.0,17.0,1725.0,1916.0,8144.0,11244.0,1000,0.033,5.0,5.941151821985841,results/pruning-comparison-raw/Rank-5-h5-d0.2-a1-l0.7.json,
bottom-up-retention-v2,5,5,0.2,1,2023,Rank,1.0,0.9,120.0,ok,9.336185924951172,0.15301462866670992,1.234530522953719,False,3508.0,267.3026118427515,367.3992163967341,108.17430098541081,0.0,3194.0,3508.0,32.0,4828.0,5252.0,41662.0,45720.0,1000,0.172,5.0,6.1145374740008265,results/pruning-comparison-raw/Rank-5-h5-d0.2-a1-l0.9.json,
bottom-up-retention-v2,5,5,0.2,1,2023,HILP,1.0,1.0,120.0,ok,8.330533203125,0.15553190065651704,0.49857800104655325,True,3004.0,0.0,39.3985080299899,104.17391336522996,0.0,3004.0,3004.0,26.0,3774.0,3774.0,32978.0,32978.0,1000,0.172,5.0,5.522484023007564,results/pruning-comparison-raw/HILP-5-h5-d0.2-a1-l1.json,
bottom-up-retention-v2,5,5,0.2,1,2023,Rank,1.0,0.3,120.0,ok,11.729504612384034,0.0003297549697036745,0.13879589398857206,False,556.0,11.833168799057603,14.59770102519542,3.6782959941774607,0.0,257.0,556.0,9.0,544.0,544.0,783.0,2348.0,1000,0.0,5.0,5.582545359036885,results/pruning-comparison-raw/Rank-5-h5-d0.2-a1-l0.3.json,
bottom-up-retention-v2,5,5,0.2,2,2023,Rank,1.0,0.7,120.0,ok,11.459549408184815,0.03543103035104372,0.36625892692245543,False,1384.0,60.200253617949784,81.57828007824719,11.69486518483609,0.0,1024.0,1384.0,17.0,1725.0,1916.0,8144.0,11244.0,,,,,,
bottom-up-retention-v2,5,5,0.2,2,2023,Rank,1.0,0.9,120.0,ok,9.336185924951172,0.15301462866670992,1.1946086039533839,False,3508.0,256.9931139005348,393.838873016648,105.85540812462568,0.0,3194.0,3508.0,32.0,4828.0,5252.0,41662.0,45720.0,,,,,,
bottom-up-retention-v2,5,5,0.2,2,2023,HILP,1.0,1.0,120.0,ok,8.330533203125,0.15553190065651704,0.5130648210179061,True,3004.0,0.0,37.99982788041234,101.32749401964247,0.0,3004.0,3004.0,26.0,3774.0,3774.0,32978.0,32978.0,,,,,,
bottom-up-retention-v2,5,5,0.2,2,2023,Rank,1.0,0.3,120.0,ok,11.729504612384034,0.0003297549697036745,0.13305995392147452,False,556.0,13.27800506260246,14.822306111454964,3.874274785630405,0.0,257.0,556.0,9.0,544.0,544.0,783.0,2348.0,,,,,,
bottom-up-retention-v2,5,5,0.2,2,2023,Rank,1.0,0.5,120.0,ok,11.777657308447267,0.012164754384613043,0.18733590689953417,False,724.0,23.497842135839164,30.5585969472304,6.119836121797562,0.0,436.0,724.0,12.0,939.0,951.0,2239.0,4353.0,,,,,,
bottom-up-retention-v2,5,5,0.2,3,2023,Rank,1.0,0.9,120.0,ok,9.336185924951172,0.15301462866670992,1.208069899934344,False,3508.0,265.57452871929854,356.61638784222305,105.92772904783487,0.0,3194.0,3508.0,32.0,4828.0,5252.0,41662.0,45720.0,,,,,,
bottom-up-retention-v2,5,5,0.2,3,2023,HILP,1.0,1.0,120.0,ok,8.330533203125,0.15553190065651704,0.4970001329202205,True,3004.0,0.0,38.26452058274299,101.90575302112848,0.0,3004.0,3004.0,26.0,3774.0,3774.0,32978.0,32978.0,,,,,,
bottom-up-retention-v2,5,5,0.2,3,2023,Rank,1.0,0.3,120.0,ok,11.729504612384034,0.0003297549697036745,0.14559190103318542,False,556.0,12.695392593741417,32.749954727478325,3.7669790908694267,0.0,257.0,556.0,9.0,544.0,544.0,783.0,2348.0,,,,,,
bottom-up-retention-v2,5,5,0.2,3,2023,Rank,1.0,0.5,120.0,ok,11.777657308447267,0.012164754384613043,0.18752356607001275,False,724.0,24.716983316466212,30.107042868621647,6.164091173559427,0.0,436.0,724.0,12.0,939.0,951.0,2239.0,4353.0,,,,,,
bottom-up-retention-v2,5,5,0.2,3,2023,Rank,1.0,0.7,120.0,ok,11.459549408184815,0.03543103035104372,0.40086246002465487,False,1384.0,67.34383408911526,102.57591772824526,12.393644894473255,0.0,1024.0,1384.0,17.0,1725.0,1916.0,8144.0,11244.0,,,,,,
bottom-up-retention-v2,5,5,0.3,1,2023,Rank,1.0,0.7,120.0,ok,11.61023188956299,0.1308868910515938,0.3117245970061049,False,1168.0,46.22680100146681,68.15681396983564,10.169415967538953,0.0,878.0,1168.0,15.0,1394.0,1469.0,6237.0,8659.0,1000,0.122,5.0,5.73454530001618,results/pruning-comparison-raw/Rank-5-h5-d0.3-a1-l0.7.json,
bottom-up-retention-v2,5,5,0.3,1,2023,Rank,1.0,0.9,120.0,ok,8.767726799340819,0.19483977791285706,0.8059334460413083,False,2860.0,144.5709140971303,236.80341290310025,62.771317549049854,0.0,2646.0,2860.0,25.0,2898.0,2933.0,24979.0,27251.0,1000,0.21,5.0,5.542003441019915,results/pruning-comparison-raw/Rank-5-h5-d0.3-a1-l0.9.json,
bottom-up-retention-v2,5,5,0.3,1,2023,HILP,1.0,1.0,120.0,ok,8.330533203125,0.15553190065651704,0.6163750459672883,True,3880.0,0.0,69.04207449406385,117.84677114337683,0.0,3880.0,3880.0,29.0,4517.0,4517.0,43539.0,43539.0,1000,0.172,5.0,6.002022668952122,results/pruning-comparison-raw/HILP-5-h5-d0.3-a1-l1.json,
bottom-up-retention-v2,5,5,0.3,1,2023,Rank,1.0,0.3,120.0,ok,11.729504612384034,0.0003297549697036745,0.18437053600791842,False,556.0,16.108536045067012,23.821502807550132,4.672481212764978,0.0,257.0,556.0,9.0,544.0,544.0,783.0,2348.0,1000,0.0,5.0,6.024539454025216,results/pruning-comparison-raw/Rank-5-h5-d0.3-a1-l0.3.json,
bottom-up-retention-v2,5,5,0.3,1,2023,Rank,1.0,0.5,120.0,ok,11.728457985498048,0.0013379237416076667,0.19115505903027952,False,772.0,24.592144996859133,32.43659692816436,6.188377970829606,0.0,465.0,772.0,12.0,939.0,951.0,2366.0,4569.0,1000,0.006,5.0,5.999879242037423,results/pruning-comparison-raw/Rank-5-h5-d0.3-a1-l0.5.json,
bottom-up-retention-v2,5,5,0.3,2,2023,Rank,1.0,0.9,120.0,ok,8.767726799340819,0.19483977791285706,0.9468057309277356,False,2860.0,217.8454000968486,264.7941770264879,71.6687390813604,0.0,2646.0,2860.0,25.0,2898.0,2933.0,24979.0,27251.0,,,,,,
bottom-up-retention-v2,5,5,0.3,2,2023,HILP,1.0,1.0,120.0,ok,8.330533203125,0.15553190065651704,0.748909475049004,True,3880.0,0.0,82.28889480233192,137.77367305010557,0.0,3880.0,3880.0,29.0,4517.0,4517.0,43539.0,43539.0,,,,,,
bottom-up-retention-v2,5,5,0.3,2,2023,Rank,1.0,0.3,120.0,ok,11.729504612384034,0.0003297549697036745,0.16001716500613838,False,556.0,15.144017874263227,20.06746386177838,4.638692946173251,0.0,257.0,556.0,9.0,544.0,544.0,783.0,2348.0,,,,,,
bottom-up-retention-v2,5,5,0.3,2,2023,Rank,1.0,0.5,120.0,ok,11.728457985498048,0.0013379237416076667,0.2196063509909436,False,772.0,30.49938997719437,39.224055712111294,6.848502671346068,0.0,465.0,772.0,12.0,939.0,951.0,2366.0,4569.0,,,,,,
bottom-up-retention-v2,5,5,0.3,2,2023,Rank,1.0,0.7,120.0,ok,11.61023188956299,0.1308868910515938,0.3730704369954765,False,1168.0,65.39656000677496,64.96632529888302,10.251666069962084,0.0,878.0,1168.0,15.0,1394.0,1469.0,6237.0,8659.0,,,,,,
bottom-up-retention-v2,5,5,0.3,3,2023,HILP,1.0,1.0,120.0,ok,8.330533203125,0.15553190065651704,0.6325870599830523,True,3880.0,0.0,49.586867447942495,121.227414929308,0.0,3880.0,3880.0,29.0,4517.0,4517.0,43539.0,43539.0,,,,,,
bottom-up-retention-v2,5,5,0.3,3,2023,Rank,1.0,0.3,120.0,ok,11.729504612384034,0.0003297549697036745,0.15466630598530173,False,556.0,12.62078678701073,18.276003072969615,4.168824874795973,0.0,257.0,556.0,9.0,544.0,544.0,783.0,2348.0,,,,,,
bottom-up-retention-v2,5,5,0.3,3,2023,Rank,1.0,0.5,120.0,ok,11.728457985498048,0.0013379237416076667,0.20291223004460335,False,772.0,24.977093213237822,31.910660793073475,5.732902907766402,0.0,465.0,772.0,12.0,939.0,951.0,2366.0,4569.0,,,,,,
bottom-up-retention-v2,5,5,0.3,3,2023,Rank,1.0,0.7,120.0,ok,11.61023188956299,0.1308868910515938,0.32842436502687633,False,1168.0,49.4319899007678,69.2438631085679,10.62211615499109,0.0,878.0,1168.0,15.0,1394.0,1469.0,6237.0,8659.0,,,,,,
bottom-up-retention-v2,5,5,0.3,3,2023,Rank,1.0,0.9,120.0,ok,8.767726799340819,0.19483977791285706,0.9799665489699692,False,2860.0,227.32016700319946,291.3037908729166,68.85695201344788,0.0,2646.0,2860.0,25.0,2898.0,2933.0,24979.0,27251.0,,,,,,
bottom-up-retention-v2,5,6,0.1,1,2023,Rank,1.0,0.9,120.0,ok,11.162873673619867,0.10000020646465395,6.2335919719189405,False,10624.0,1178.598088095896,1919.4464557804167,1381.8322601728141,0.0,9676.0,10624.0,46.0,21558.0,23461.0,167904.0,184287.0,1000,0.106,6.0,7.0464267790084705,results/pruning-comparison-raw/Rank-5-h6-d0.1-a1-l0.9.json,
bottom-up-retention-v2,5,6,0.1,1,2023,HILP,1.0,1.0,120.0,ok,10.856434987909898,0.09999944835067112,8.013870540075004,True,13048.0,0.0,254.06203628517687,5710.747425095178,0.0,13048.0,13048.0,63.0,48076.0,48076.0,371048.0,371048.0,1000,0.097,6.0,6.565740210935473,results/pruning-comparison-raw/HILP-5-h6-d0.1-a1-l1.json,
bottom-up-retention-v2,5,6,0.1,1,2023,Rank,1.0,0.3,120.0,ok,12.673340800178838,4.838342970142368e-05,0.40427671698853374,False,1864.0,77.06580590456724,78.93062301445752,9.24054579809308,0.0,850.0,1864.0,15.0,3564.0,3591.0,4643.0,14433.0,1000,0.0,6.0,6.88964102009777,results/pruning-comparison-raw/Rank-5-h6-d0.1-a1-l0.3.json,
bottom-up-retention-v2,5,6,0.1,1,2023,Rank,1.0,0.5,120.0,ok,12.573418088794858,0.013816124215822512,0.8454139329260215,False,2548.0,202.8371801134199,169.7758121881634,17.35033094882965,0.0,1490.0,2548.0,18.0,5002.0,5396.0,12487.0,24076.0,1000,0.016,6.0,6.946073814993724,results/pruning-comparison-raw/Rank-5-h6-d0.1-a1-l0.5.json,
bottom-up-retention-v2,5,6,0.1,1,2023,Rank,1.0,0.7,120.0,ok,12.65565259715637,0.09048215827012272,2.4479602760402486,False,7732.0,593.231416773051,705.1600081613287,128.01939295604825,0.0,5745.0,7732.0,33.0,10578.0,12927.0,68113.0,93273.0,1000,0.08,6.0,7.044804068049416,results/pruning-comparison-raw/Rank-5-h6-d0.1-a1-l0.7.json,
bottom-up-retention-v2,5,6,0.1,2,2023,HILP,1.0,1.0,120.0,ok,10.856434987909898,0.09999944835067112,7.65369034500327,True,13048.0,0.0,254.43298241589218,5318.378096213564,0.0,13048.0,13048.0,63.0,48076.0,48076.0,371048.0,371048.0,,,,,,
bottom-up-retention-v2,5,6,0.1,2,2023,Rank,1.0,0.3,120.0,ok,12.673340800178838,4.838342970142368e-05,0.4444830931024626,False,1864.0,83.92725768499076,107.17022803146392,10.473084053955972,0.0,850.0,1864.0,15.0,3564.0,3591.0,4643.0,14433.0,,,,,,
bottom-up-retention-v2,5,6,0.1,2,2023,Rank,1.0,0.5,120.0,ok,12.573418088794858,0.013816124215822512,0.7331169419921935,False,2548.0,137.54213508218527,181.14793428685516,16.690978314727545,0.0,1490.0,2548.0,18.0,5002.0,5396.0,12487.0,24076.0,,,,,,
bottom-up-retention-v2,5,6,0.1,2,2023,Rank,1.0,0.7,120.0,ok,12.65565259715637,0.09048215827012272,2.9509117080597207,False,7732.0,565.7638562843204,782.1225071093068,594.1195099148899,0.0,5745.0,7732.0,33.0,10578.0,12927.0,68113.0,93273.0,,,,,,
bottom-up-retention-v2,5,6,0.1,2,2023,Rank,1.0,0.9,120.0,ok,11.162873673619867,0.10000020646465395,5.888381100958213,False,10624.0,1087.488926248625,1721.0621112026274,1374.609621008858,0.0,9676.0,10624.0,46.0,21558.0,23461.0,167904.0,184287.0,,,,,,
bottom-up-retention-v2,5,6,0.1,3,2023,Rank,1.0,0.3,120.0,ok,12.673340800178838,4.838342970142368e-05,0.4158263719873503,False,1864.0,81.54451998416334,83.9252551086247,9.960386785678566,0.0,850.0,1864.0,15.0,3564.0,3591.0,4643.0,14433.0,,,,,,
bottom-up-retention-v2,5,6,0.1,3,2023,Rank,1.0,0.5,120.0,ok,12.573418088794858,0.013816124215822512,0.7596274859970436,False,2548.0,138.61027045641094,184.8756632534787,16.521774465218186,0.0,1490.0,2548.0,18.0,5002.0,5396.0,12487.0,24076.0,,,,,,
bottom-up-retention-v2,5,6,0.1,3,2023,Rank,1.0,0.7,120.0,ok,12.65565259715637,0.09048215827012272,2.417092025047168,False,7732.0,553.6739388480783,755.1672870758921,125.46459748409688,0.0,5745.0,7732.0,33.0,10578.0,12927.0,68113.0,93273.0,,,,,,
bottom-up-retention-v2,5,6,0.1,3,2023,Rank,1.0,0.9,120.0,ok,11.162873673619867,0.10000020646465395,5.86067127797287,False,10624.0,1107.4261728208512,1797.981589450501,1359.2859972268343,0.0,9676.0,10624.0,46.0,21558.0,23461.0,167904.0,184287.0,,,,,,
bottom-up-retention-v2,5,6,0.1,3,2023,HILP,1.0,1.0,120.0,ok,10.856434987909898,0.09999944835067112,7.602883954998106,True,13048.0,0.0,266.0049768164754,5327.491875505075,0.0,13048.0,13048.0,63.0,48076.0,48076.0,371048.0,371048.0,,,,,,
bottom-up-retention-v2,5,6,0.2,1,2023,HILP,1.0,1.0,120.0,ok,8.51730822880294,0.1587357693835137,5.10876764007844,True,17608.0,0.0,283.8956674095243,1954.175383783877,0.0,17608.0,17608.0,49.0,41593.0,41593.0,366351.0,366351.0,1000,0.156,6.0,6.589748524012975,results/pruning-comparison-raw/HILP-5-h6-d0.2-a1-l1.json,
bottom-up-retention-v2,5,6,0.2,1,2023,Rank,1.0,0.3,120.0,ok,12.673340800178838,4.838342970142368e-05,0.4108746190322563,False,1864.0,80.11048077605665,82.9839032376185,9.884585859254003,0.0,850.0,1864.0,15.0,3564.0,3591.0,4643.0,14433.0,1000,0.0,6.0,6.83605237910524,results/pruning-comparison-raw/Rank-5-h6-d0.2-a1-l0.3.json,
bottom-up-retention-v2,5,6,0.2,1,2023,Rank,1.0,0.5,120.0,ok,12.71703595268522,0.011759779597314718,0.699059022939764,False,2512.0,129.27737890277058,171.4185019955039,15.538823208771646,0.0,1469.0,2512.0,18.0,4992.0,5385.0,12327.0,23775.0,1000,0.015,6.0,6.856146277976222,results/pruning-comparison-raw/Rank-5-h6-d0.2-a1-l0.5.json,
bottom-up-retention-v2,5,6,0.2,1,2023,Rank,1.0,0.7,120.0,ok,12.376329127457948,0.0543933795499318,1.6999111670302227,False,5044.0,384.18481789994985,488.6037529213354,41.66779213119298,0.0,3745.0,5044.0,25.0,8767.0,10054.0,44408.0,61230.0,1000,0.045,6.0,6.592291570035741,results/pruning-comparison-raw/Rank-5-h6-d0.2-a1-l0.7.json,
bottom-up-retention-v2,5,6,0.2,1,2023,Rank,1.0,0.9,120.0,ok,9.455387994203239,0.1625878537209571,7.0827788970200345,False,15088.0,1658.5693828528747,2220.0089338002726,869.2962299101055,0.0,13834.0,15088.0,48.0,24661.0,26179.0,227746.0,249461.0,1000,0.159,6.0,6.455188305000775,results/pruning-comparison-raw/Rank-5-h6-d0.2-a1-l0.9.json,
bottom-up-retention-v2,5,6,0.2,2,2023,Rank,1.0,0.3,120.0,ok,12.673340800178838,4.838342970142368e-05,0.42906804103404284,False,1864.0,80.16995678190142,83.41465087141842,9.939421899616718,0.0,850.0,1864.0,15.0,3564.0,3591.0,4643.0,14433.0,,,,,,
bottom-up-retention-v2,5,6,0.2,2,2023,Rank,1.0,0.5,120.0,ok,12.71703595268522,0.011759779597314718,0.7279245140962303,False,2512.0,160.11550498660654,161.3068049773574,16.265272861346602,0.0,1469.0,2512.0,18.0,4992.0,5385.0,12327.0,23775.0,,,,,,
bottom-up-retention-v2,5,6,0.2,2,2023,Rank,1.0,0.7,120.0,ok,12.376329127457948,0.0543933795499318,1.6604668219806626,False,5044.0,364.8161399178207,482.649736921303,41.50933015625924,0.0,3745.0,5044.0,25.0,8767.0,10054.0,44408.0,61230.0,,,,,,
bottom-up-retention-v2,5,6,0.2,2,2023,Rank,1.0,0.9,120.0,ok,9.455387994203239,0.1625878537209571,6.94012002798263,False,15088.0,1649.7312425635755,2150.8458759635687,851.047444739379,0.0,13834.0,15088.0,48.0,24661.0,26179.0,227746.0,249461.0,,,,,,
bottom-up-retention-v2,5,6,0.2,2,2023,HILP,1.0,1.0,120.0,ok,8.51730822880294,0.1587357693835137,5.123371221008711,True,17608.0,0.0,284.0293294284493,1986.4163156598806,0.0,17608.0,17608.0,49.0,41593.0,41593.0,366351.0,366351.0,,,,,,
bottom-up-retention-v2,5,6,0.2,3,2023,Rank,1.0,0.5,120.0,ok,12.71703595268522,0.011759779597314718,0.74175347504206,False,2512.0,148.00032682251185,172.80849895905703,15.717787318862975,0.0,1469.0,2512.0,18.0,4992.0,5385.0,12327.0,23775.0,,,,,,
bottom-up-retention-v2,5,6,0.2,3,2023,Rank,1.0,0.7,120.0,ok,12.376329127457948,0.0543933795499318,1.6223774139070883,False,5044.0,391.1975841037929,458.5652459645644,40.2449001558125,0.0,3745.0,5044.0,25.0,8767.0,10054.0,44408.0,61230.0,,,,,,
bottom-up-retention-v2,5,6,0.2,3,2023,Rank,1.0,0.9,120.0,ok,9.455387994203239,0.1625878537209571,7.0849168840795755,False,15088.0,1736.8275767657906,2230.4398105479777,867.8416755283251,0.0,13834.0,15088.0,48.0,24661.0,26179.0,227746.0,249461.0,,,,,,
bottom-up-retention-v2,5,6,0.2,3,2023,HILP,1.0,1.0,120.0,ok,8.51730822880294,0.1587357693835137,5.008943745051511,True,17608.0,0.0,269.9550987454131,1940.3428797377273,0.0,17608.0,17608.0,49.0,41593.0,41593.0,366351.0,366351.0,,,,,,
bottom-up-retention-v2,5,6,0.2,3,2023,Rank,1.0,0.3,120.0,ok,12.673340800178838,4.838342970142368e-05,0.41851145995315164,False,1864.0,82.00129470787942,84.66826914809644,10.160688310861588,0.0,850.0,1864.0,15.0,3564.0,3591.0,4643.0,14433.0,,,,,,
bottom-up-retention-v2,5,6,0.3,1,2023,Rank,1.0,0.3,120.0,ok,12.673340800178838,4.838342970142368e-05,0.4256531910505146,False,1864.0,81.48539299145341,83.19255302194506,9.74374485667795,0.0,850.0,1864.0,15.0,3564.0,3591.0,4643.0,14433.0,1000,0.0,6.0,6.879264272050932,results/pruning-comparison-raw/Rank-5-h6-d0.3-a1-l0.3.json,
bottom-up-retention-v2,5,6,0.3,1,2023,Rank,1.0,0.5,120.0,ok,12.661357508766294,0.005346098836563051,0.6644209719961509,False,2560.0,124.94738411623985,162.47010219376534,14.79762652888894,0.0,1522.0,2560.0,17.0,4532.0,4669.0,11834.0,22627.0,1000,0.007,6.0,6.703497289912775,results/pruning-comparison-raw/Rank-5-h6-d0.3-a1-l0.5.json,
bottom-up-retention-v2,5,6,0.3,1,2023,Rank,1.0,0.7,120.0,ok,12.496226515444262,0.19468013587376615,1.6285275570116937,False,5152.0,359.47350587230176,490.7282672356814,39.821327198296785,0.0,3742.0,5152.0,24.0,8541.0,10990.0,42770.0,58958.0,1000,0.184,6.0,6.682025859947316,results/pruning-comparison-raw/Rank-5-h6-d0.3-a1-l0.7.json,
bottom-up-retention-v2,5,6,0.3,1,2023,Rank,1.0,0.9,120.0,ok,8.908182789620875,0.26736236172498096,6.560567507985979,False,13528.0,1746.8369976850227,2157.203039037995,504.23515832517296,0.0,12403.0,13528.0,47.0,25216.0,27060.0,223655.0,244352.0,1000,0.248,6.0,6.820933124981821,results/pruning-comparison-raw/Rank-5-h6-d0.3-a1-l0.9.json,
bottom-up-retention-v2,5,6,0.3,1,2023,HILP,1.0,1.0,120.0,ok,8.51730822880294,0.1587357693835137,9.442462507053278,True,31048.0,0.0,639.4936189753935,2898.224438773468,0.0,31048.0,31048.0,76.0,100576.0,100576.0,1015416.0,1015416.0,1000,0.156,6.0,6.442545917001553,results/pruning-comparison-raw/HILP-5-h6-d0.3-a1-l1.json,
bottom-up-retention-v2,5,6,0.3,2,2023,Rank,1.0,0.5,120.0,ok,12.661357508766294,0.005346098836563051,0.6400880579603836,False,2560.0,120.85992516949773,160.2607718668878,14.377683983184397,0.0,1522.0,2560.0,17.0,4532.0,4669.0,11834.0,22627.0,,,,,,
bottom-up-retention-v2,5,6,0.3,2,2023,Rank,1.0,0.7,120.0,ok,12.496226515444262,0.19468013587376615,1.6440695599885657,False,5152.0,362.6513689523563,462.7432139823213,40.266988100484014,0.0,3742.0,5152.0,24.0,8541.0,10990.0,42770.0,58958.0,,,,,,
bottom-up-retention-v2,5,6,0.3,2,2023,Rank,1.0,0.9,120.0,ok,8.908182789620875,0.26736236172498096,6.292686779983342,False,13528.0,1651.3205389492214,2135.6197375571355,486.8718043435365,0.0,12403.0,13528.0,47.0,25216.0,27060.0,223655.0,244352.0,,,,,,
bottom-up-retention-v2,5,6,0.3,2,2023,HILP,1.0,1.0,120.0,ok,8.51730822880294,0.1587357693835137,9.393811079091392,True,31048.0,0.0,681.1693736817688,2849.2956755217165,0.0,31048.0,31048.0,76.0,100576.0,100576.0,1015416.0,1015416.0,,,,,,
bottom-up-retention-v2,5,6,0.3,2,2023,Rank,1.0,0.3,120.0,ok,12.673340800178838,4.838342970142368e-05,0.42000665701925755,False,1864.0,79.34137713164091,99.2760299704969,9.49246995151043,0.0,850.0,1864.0,15.0,3564.0,3591.0,4643.0,14433.0,,,,,,
bottom-up-retention-v2,5,6,0.3,3,2023,Rank,1.0,0.7,120.0,ok,12.496226515444262,0.19468013587376615,1.6435155790532008,False,5152.0,386.91682112403214,421.53780173975974,40.498482063412666,0.0,3742.0,5152.0,24.0,8541.0,10990.0,42770.0,58958.0,,,,,,
bottom-up-retention-v2,5,6,0.3,3,2023,Rank,1.0,0.9,120.0,ok,8.908182789620875,0.26736236172498096,6.28834092093166,False,13528.0,1576.361252227798,2144.3412887165323,492.5560044357553,0.0,12403.0,13528.0,47.0,25216.0,27060.0,223655.0,244352.0,,,,,,
bottom-up-retention-v2,5,6,0.3,3,2023,HILP,1.0,1.0,120.0,ok,8.51730822880294,0.1587357693835137,9.479629001929425,True,31048.0,0.0,601.8210920738056,2903.7653581472114,0.0,31048.0,31048.0,76.0,100576.0,100576.0,1015416.0,1015416.0,,,,,,
bottom-up-retention-v2,5,6,0.3,3,2023,Rank,1.0,0.3,120.0,ok,12.673340800178838,4.838342970142368e-05,0.4256075390148908,False,1864.0,80.81227377988398,102.19952010083944,9.873408824205399,0.0,850.0,1864.0,15.0,3564.0,3591.0,4643.0,14433.0,,,,,,
bottom-up-retention-v2,5,6,0.3,3,2023,Rank,1.0,0.5,120.0,ok,12.661357508766294,0.005346098836563051,0.652816895977594,False,2560.0,143.93435197416693,144.177163252607,15.072995563969016,0.0,1522.0,2560.0,17.0,4532.0,4669.0,11834.0,22627.0,,,,,,
bottom-up-retention-v2,100,3,0.1,1,2023,Rank,1.0,0.5,120.0,ok,199.73768750000002,0.015577734375000006,0.028926944942213595,False,64.0,1.2828737962991,2.0568970357999206,1.7021058592945337,0.0,38.0,64.0,6.0,43.0,49.0,106.0,203.0,1000,0.019,3.0,3.3725003179861233,results/pruning-comparison-raw/Rank-100-h3-d0.1-a1-l0.5.json,
bottom-up-retention-v2,100,3,0.1,1,2023,Rank,1.0,0.7,120.0,ok,199.005203125,0.09559637695312502,0.052033461979590356,False,196.0,4.210092942230403,7.22083100117743,3.9120008004829288,0.0,148.0,196.0,10.0,92.0,98.0,608.0,842.0,1000,0.094,3.0,3.4803023119457066,results/pruning-comparison-raw/Rank-100-h3-d0.1-a1-l0.7.json,
bottom-up-retention-v2,100,3,0.1,1,2023,Rank,1.0,0.9,120.0,ok,199.0,0.07500000000000001,0.06467481493018568,False,268.0,6.9385700626298785,11.331347282975912,8.715498843230307,0.0,224.0,268.0,12.0,144.0,152.0,1090.0,1360.0,1000,0.069,3.0,3.4051119199721143,results/pruning-comparison-raw/Rank-100-h3-d0.1-a1-l0.9.json,
bottom-up-retention-v2,100,3,0.1,1,2023,HILP,1.0,1.0,120.0,ok,198.9323125,0.08976562500000002,0.045508814975619316,True,268.0,0.0,3.4219848457723856,6.337792961858213,0.0,268.0,268.0,12.0,149.0,149.0,1363.0,1363.0,1000,0.086,3.0,3.42519949702546,results/pruning-comparison-raw/HILP-100-h3-d0.1-a1-l1.json,
bottom-up-retention-v2,100,3,0.1,1,2023,Rank,1.0,0.3,120.0,ok,199.855625,0.0,0.03711411799304187,False,52.0,0.6058409344404936,1.1963570723310113,1.1566760949790478,0.0,25.0,52.0,4.0,18.0,18.0,40.0,106.0,1000,0.0,3.0,3.4281273799715564,results/pruning-comparison-raw/Rank-100-h3-d0.1-a1-l0.3.json,
bottom-up-retention-v2,100,3,0.1,2,2023,Rank,1.0,0.7,120.0,ok,199.005203125,0.09559637695312502,0.05502688104752451,False,196.0,4.333577700890601,7.374349748715758,4.379470366984606,0.0,148.0,196.0,10.0,92.0,98.0,608.0,842.0,,,,,,
bottom-up-retention-v2,100,3,0.1,2,2023,Rank,1.0,0.9,120.0,ok,199.0,0.07500000000000001,0.06400061398744583,False,268.0,6.904217065311968,11.43864297773689,8.023872971534729,0.0,224.0,268.0,12.0,144.0,152.0,1090.0,1360.0,,,,,,
bottom-up-retention-v2,100,3,0.1,2,2023,HILP,1.0,1.0,120.0,ok,198.9323125,0.08976562500000002,0.04800599708687514,True,268.0,0.0,3.6144877085462213,7.003861246630549,0.0,268.0,268.0,12.0,149.0,149.0,1363.0,1363.0,,,,,,
bottom-up-retention-v2,100,3,0.1,2,2023,Rank,1.0,0.3,120.0,ok,199.855625,0.0,0.021650717011652887,False,52.0,0.6246439879760146,1.1636319104582071,1.1077870149165392,0.0,25.0,52.0,4.0,18.0,18.0,40.0,106.0,,,,,,
bottom-up-retention-v2,100,3,0.1,2,2023,Rank,1.0,0.5,120.0,ok,199.73768750000002,0.015577734375000006,0.030179493012838066,False,64.0,1.3364580227062106,2.142008044756949,1.7133960500359535,0.0,38.0,64.0,6.0,43.0,49.0,106.0,203.0,,,,,,
bottom-up-retention-v2,100,3,0.1,3,2023,Rank,1.0,0.9,120.0,ok,199.0,0.07500000000000001,0.06168108095880598,False,268.0,7.292166817933321,11.026422842405736,7.31016811914742,0.0,224.0,268.0,12.0,144.0,152.0,1090.0,1360.0,,,,,,
bottom-up-retention-v2,100,3,0.1,3,2023,HILP,1.0,1.0,120.0,ok,198.9323125,0.08976562500000002,0.04689776699524373,True,268.0,0.0,3.4939120523631573,6.919122184626758,0.0,268.0,268.0,12.0,149.0,149.0,1363.0,1363.0,,,,,,
bottom-up-retention-v2,100,3,0.1,3,2023,Rank,1.0,0.3,120.0,ok,199.855625,0.0,0.02132123801857233,False,52.0,0.6051219534128904,1.0953618912026286,1.118481857702136,0.0,25.0,52.0,4.0,18.0,18.0,40.0,106.0,,,,,,
bottom-up-retention-v2,100,3,0.1,3,2023,Rank,1.0,0.5,120.0,ok,199.73768750000002,0.015577734375000006,0.031121184001676738,False,64.0,1.7464919947087765,2.1266929106786847,1.7085730796679854,0.0,38.0,64.0,6.0,43.0,49.0,106.0,203.0,,,,,,
bottom-up-retention-v2,100,3,0.1,3,2023,Rank,1.0,0.7,120.0,ok,199.005203125,0.09559637695312502,0.050675710081122816,False,196.0,4.17001114692539,6.75339880399406,3.704866860061884,0.0,148.0,196.0,10.0,92.0,98.0,608.0,842.0,,,,,,
bottom-up-retention-v2,100,3,0.2,1,2023,Rank,1.0,0.7,120.0,ok,199.67351562500002,0.020453906250000008,0.03880663705058396,False,88.0,2.208452788181603,3.865364007651806,2.489434089511633,0.0,65.0,88.0,8.0,72.0,78.0,275.0,386.0,1000,0.022,3.0,3.493474642978981,results/pruning-comparison-raw/Rank-100-h3-d0.2-a1-l0.7.json,
bottom-up-retention-v2,100,3,0.2,1,2023,Rank,1.0,0.9,120.0,ok,198.155625,0.144375,0.047175460029393435,False,160.0,2.845335751771927,6.186893908306956,3.3639910398051143,0.0,149.0,160.0,9.0,74.0,74.0,610.0,670.0,1000,0.136,3.0,3.268616441055201,results/pruning-comparison-raw/Rank-100-h3-d0.2-a1-l0.9.json,
bottom-up-retention-v2,100,3,0.2,1,2023,HILP,1.0,1.0,120.0,ok,198.155625,0.144375,0.03894722508266568,True,160.0,0.0,2.245247014798224,3.835790907032788,0.0,160.0,160.0,9.0,74.0,74.0,670.0,670.0,1000,0.136,3.0,3.278224050067365,results/pruning-comparison-raw/HILP-100-h3-d0.2-a1-l1.json,
bottom-up-retention-v2,100,3,0.2,1,2023,Rank,1.0,0.3,120.0,ok,199.855625,0.0,0.02248582395259291,False,52.0,0.5674068816006184,1.167678041383624,1.1192001402378082,0.0,25.0,52.0,4.0,18.0,18.0,40.0,106.0,1000,0.0,3.0,3.390158655005507,results/pruning-comparison-raw/Rank-100-h3-d0.2-a1-l0.3.json,
bottom-up-retention-v2,100,3,0.2,1,2023,Rank,1.0,0.5,120.0,ok,199.90503125,0.015577734375000006,0.029113612021319568,False,64.0,1.2590050464496017,2.1336321951821446,1.650380901992321,0.0,38.0,64.0,6.0,43.0,49.0,107.0,203.0,1000,0.019,3.0,3.640457895002328,results/pruning-comparison-raw/Rank-100-h3-d0.2-a1-l0.5.json,
bottom-up-retention-v2,100,3,0.2,2,2023,Rank,1.0,0.9,120.0,ok,198.155625,0.144375,0.053495435975492,False,160.0,3.636221750639379,6.5154420444741845,3.7683958653360605,0.0,149.0,160.0,9.0,74.0,74.0,610.0,670.0,,,,,,
bottom-up-retention-v2,100,3,0.2,2,2023,HILP,1.0,1.0,120.0,ok,198.155625,0.144375,0.04354428197257221,True,160.0,0.0,2.598215010948479,4.659359809011221,0.0,160.0,160.0,9.0,74.0,74.0,670.0,670.0,,,,,,
bottom-up-retention-v2,100,3,0.2,2,2023,Rank,1.0,0.3,120.0,ok,199.855625,0.0,0.025692504015751183,False,52.0,0.6586967501789331,1.3048540567979217,1.255545881576836,0.0,25.0,52.0,4.0,18.0,18.0,40.0,106.0,,,,,,
bottom-up-retention-v2,100,3,0.2,2,2023,Rank,1.0,0.5,120.0,ok,199.90503125,0.015577734375000006,0.042963367071934044,False,64.0,1.8234048038721085,2.903321059420705,2.050499082542956,0.0,38.0,64.0,6.0,43.0,49.0,107.0,203.0,,,,,,
bottom-up-retention-v2,100,3,0.2,2,2023,Rank,1.0,0.7,120.0,ok,199.67351562500002,0.020453906250000008,0.04802930599544197,False,88.0,2.972395159304142,5.570594919845462,3.212953917682171,0.0,65.0,88.0,8.0,72.0,78.0,275.0,386.0,,,,,,
bottom-up-retention-v2,100,3,0.2,3,2023,HILP,1.0,1.0,120.0,ok,198.155625,0.144375,0.043789680930785835,True,160.0,0.0,2.522994065657258,4.574820050038397,0.0,160.0,160.0,9.0,74.0,74.0,670.0,670.0,,,,,,
bottom-up-retention-v2,100,3,0.2,3,2023,Rank,1.0,0.3,120.0,ok,199.855625,0.0,0.02348770690150559,False,52.0,0.7044250378385186,1.458986895158887,1.4013620093464851,0.0,25.0,52.0,4.0,18.0,18.0,40.0,106.0,,,,,,
bottom-up-retention-v2,100,3,0.2,3,2023,Rank,1.0,0.5,120.0,ok,199.90503125,0.015577734375000006,0.03710740408860147,False,64.0,1.384556177072227,2.479896997101605,2.0426668925210834,0.0,38.0,64.0,6.0,43.0,49.0,107.0,203.0,,,,,,
bottom-up-retention-v2,100,3,0.2,3,2023,Rank,1.0,0.7,120.0,ok,199.67351562500002,0.020453906250000008,0.043170748045668006,False,88.0,2.4635399458929896,4.35707822907716,2.8518913313746452,0.0,65.0,88.0,8.0,72.0,78.0,275.0,386.0,,,,,,
bottom-up-retention-v2,100,3,0.2,3,2023,Rank,1.0,0.9,120.0,ok,198.155625,0.144375,0.051737455069087446,False,160.0,3.0767801217734814,6.979473284445703,3.943241201341152,0.0,149.0,160.0,9.0,74.0,74.0,610.0,670.0,,,,,,
bottom-up-retention-v2,100,3,0.3,1,2023,Rank,1.0,0.9,120.0,ok,198.155625,0.144375,0.05923775595147163,False,172.0,3.1890039099380374,7.39665050059557,4.085893160663545,0.0,160.0,172.0,9.0,73.0,73.0,633.0,695.0,1000,0.136,3.0,3.518058134941384,results/pruning-comparison-raw/Rank-100-h3-d0.3-a1-l0.9.json,
bottom-up-retention-v2,100,3,0.3,1,2023,HILP,1.0,1.0,120.0,ok,198.155625,0.144375,0.06742649502120912,True,172.0,0.0,2.5587130803614855,4.416348063386977,0.0,172.0,172.0,9.0,73.0,73.0,695.0,695.0,1000,0.136,3.0,3.4690329680452123,results/pruning-comparison-raw/HILP-100-h3-d0.3-a1-l1.json,
bottom-up-retention-v2,100,3,0.3,1,2023,Rank,1.0,0.3,120.0,ok,199.855625,0.0,0.02256727998610586,False,52.0,0.6310280878096819,1.1819528881460428,1.1276759905740619,0.0,25.0,52.0,4.0,18.0,18.0,40.0,106.0,1000,0.0,3.0,3.517115980037488,results/pruning-comparison-raw/Rank-100-h3-d0.3-a1-l0.3.json,
bottom-up-retention-v2,100,3,0.3,1,2023,Rank,1.0,0.5,120.0,ok,199.855625,0.0,0.027532081003300846,False,52.0,0.915415002964437,1.5725420089438558,1.5067050699144602,0.0,33.0,52.0,4.0,18.0,18.0,58.0,106.0,1000,0.0,3.0,3.556506208027713,results/pruning-comparison-raw/Rank-100-h3-d0.3-a1-l0.5.json,
bottom-up-retention-v2,100,3,0.3,1,2023,Rank,1.0,0.7,120.0,ok,199.67871875,0.17690625000000004,0.03225921606644988,False,76.0,1.3958679046481848,2.8905129292979836,1.948308083228767,0.0,58.0,76.0,6.0,43.0,43.0,175.0,245.0,1000,0.16,3.0,3.4475897670490667,results/pruning-comparison-raw/Rank-100-h3-d0.3-a1-l0.7.json,
bottom-up-retention-v2,100,3,0.3,2,2023,HILP,1.0,1.0,120.0,ok,198.155625,0.144375,0.04213915392756462,True,172.0,0.0,2.3724540369585156,4.134210990741849,0.0,172.0,172.0,9.0,73.0,73.0,695.0,695.0,,,,,,
bottom-up-retention-v2,100,3,0.3,2,2023,Rank,1.0,0.3,120.0,ok,199.855625,0.0,0.02223329502157867,False,52.0,1.028912840411067,1.1787000112235546,1.144731999374926,0.0,25.0,52.0,4.0,18.0,18.0,40.0,106.0,,,,,,
bottom-up-retention-v2,100,3,0.3,2,2023,Rank,1.0,0.5,120.0,ok,199.855625,0.0,0.02172344201244414,False,52.0,0.6172920111566782,1.2652591103687882,1.1170458747074008,0.0,33.0,52.0,4.0,18.0,18.0,58.0,106.0,,,,,,
bottom-up-retention-v2,100,3,0.3,2,2023,Rank,1.0,0.7,120.0,ok,199.67871875,0.17690625000000004,0.03137978201266378,False,76.0,1.7355509335175157,2.98188382294029,1.9622680265456438,0.0,58.0,76.0,6.0,43.0,43.0,175.0,245.0,,,,,,
bottom-up-retention-v2,100,3,0.3,2,2023,Rank,1.0,0.9,120.0,ok,198.155625,0.144375,0.050629950943402946,False,172.0,2.9281320748850703,6.456988048739731,3.5308600636199117,0.0,160.0,172.0,9.0,73.0,73.0,633.0,695.0,,,,,,
bottom-up-retention-v2,100,3,0.3,3,2023,Rank,1.0,0.3,120.0,ok,199.855625,0.0,0.021804449963383377,False,52.0,0.6217788904905319,1.1456110514700413,1.1672312393784523,0.0,25.0,52.0,4.0,18.0,18.0,40.0,106.0,,,,,,
bottom-up-retention-v2,100,3,0.3,3,2023,Rank,1.0,0.5,120.0,ok,199.855625,0.0,0.02164216700475663,False,52.0,0.6224639946594834,1.2284379918128252,1.122281071729958,0.0,33.0,52.0,4.0,18.0,18.0,58.0,106.0,,,,,,
bottom-up-retention-v2,100,3,0.3,3,2023,Rank,1.0,0.7,120.0,ok,199.67871875,0.17690625000000004,0.030306373024359345,False,76.0,1.3302430743351579,2.562336972914636,1.8536800052970648,0.0,58.0,76.0,6.0,43.0,43.0,175.0,245.0,,,,,,
bottom-up-retention-v2,100,3,0.3,3,2023,Rank,1.0,0.9,120.0,ok,198.155625,0.144375,0.048678411985747516,False,172.0,3.0160131864249706,6.489919265732169,3.3385391579940915,0.0,160.0,172.0,9.0,73.0,73.0,633.0,695.0,,,,,,
bottom-up-retention-v2,100,3,0.3,3,2023,HILP,1.0,1.0,120.0,ok,198.155625,0.144375,0.04160188196692616,True,172.0,0.0,2.4091460509225726,4.050384857691824,0.0,172.0,172.0,9.0,73.0,73.0,695.0,695.0,,,,,,
bottom-up-retention-v2,100,4,0.1,1,2023,HILP,1.0,1.0,120.0,ok,199.67981026367184,0.09923649803466798,0.22697052301373333,True,1084.0,0.0,31.786847044713795,68.32478172145784,0.0,1084.0,1084.0,22.0,1076.0,1076.0,9332.0,9332.0,1000,0.104,4.0,4.694738265010528,results/pruning-comparison-raw/HILP-100-h4-d0.1-a1-l1.json,
bottom-up-retention-v2,100,4,0.1,1,2023,Rank,1.0,0.3,120.0,ok,200.79103125000003,0.0,0.038309742929413915,False,160.0,1.7926139989867806,2.468115999363363,1.54082290828228,0.0,76.0,160.0,5.0,58.0,58.0,124.0,334.0,1000,0.0,4.0,4.530635241069831,results/pruning-comparison-raw/Rank-100-h4-d0.1-a1-l0.3.json,
bottom-up-retention-v2,100,4,0.1,1,2023,Rank,1.0,0.5,120.0,ok,200.68113169921878,0.01074619555664063,0.06452096893917769,False,196.0,4.074858035892248,6.251106038689613,2.729346859268844,0.0,120.0,196.0,8.0,178.0,178.0,415.0,802.0,1000,0.019,4.0,4.5613651250023395,results/pruning-comparison-raw/Rank-100-h4-d0.1-a1-l0.5.json,
bottom-up-retention-v2,100,4,0.1,1,2023,Rank,1.0,0.7,120.0,ok,199.95908990234375,0.09850613688354494,0.22433262201957405,False,844.0,39.08992395736277,52.21422715112567,20.498859114013612,0.0,623.0,844.0,20.0,804.0,1022.0,5170.0,7050.0,1000,0.102,4.0,4.692872134037316,results/pruning-comparison-raw/Rank-100-h4-d0.1-a1-l0.7.json,
bottom-up-retention-v2,100,4,0.1,1,2023,Rank,1.0,0.9,120.0,ok,199.85116575195312,0.09985152020874025,0.3780360670061782,False,1168.0,81.35129103902727,97.29482955299318,48.25163562782109,0.0,1058.0,1168.0,24.0,1291.0,1401.0,10169.0,11439.0,1000,0.097,4.0,4.740654728957452,results/pruning-comparison-raw/Rank-100-h4-d0.1-a1-l0.9.json,
bottom-up-retention-v2,100,4,0.1,2,2023,Rank,1.0,0.3,120.0,ok,200.79103125000003,0.0,0.03883034992031753,False,160.0,1.784724066965282,2.6945199351757765,1.5636829193681479,0.0,76.0,160.0,5.0,58.0,58.0,124.0,334.0,,,,,,
bottom-up-retention-v2,100,4,0.1,2,2023,Rank,1.0,0.5,120.0,ok,200.68113169921878,0.01074619555664063,0.06639940105378628,False,196.0,4.0850500809028745,6.23331603128463,2.9051409801468253,0.0,120.0,196.0,8.0,178.0,178.0,415.0,802.0,,,,,,
bottom-up-retention-v2,100,4,0.1,2,2023,Rank,1.0,0.7,120.0,ok,199.95908990234375,0.09850613688354494,0.23715951794292778,False,844.0,54.90112735424191,51.487866207025945,20.22820699494332,0.0,623.0,844.0,20.0,804.0,1022.0,5170.0,7050.0,,,,,,
bottom-up-retention-v2,100,4,0.1,2,2023,Rank,1.0,0.9,120.0,ok,199.85116575195312,0.09985152020874025,0.34456039196811616,False,1168.0,59.43826586008072,93.01786322612315,45.97258404828608,0.0,1058.0,1168.0,24.0,1291.0,1401.0,10169.0,11439.0,,,,,,
bottom-up-retention-v2,100,4,0.1,2,2023,HILP,1.0,1.0,120.0,ok,199.67981026367184,0.09923649803466798,0.22572398406919092,True,1084.0,0.0,15.114325913600624,71.01526344195008,0.0,1084.0,1084.0,22.0,1076.0,1076.0,9332.0,9332.0,,,,,,
bottom-up-retention-v2,100,4,0.1,3,2023,Rank,1.0,0.5,120.0,ok,200.68113169921878,0.01074619555664063,0.08292140800040215,False,196.0,4.184046993032098,6.535704946145415,2.9490801971405745,0.0,120.0,196.0,8.0,178.0,178.0,415.0,802.0,,,,,,
bottom-up-retention-v2,100,4,0.1,3,2023,Rank,1.0,0.7,120.0,ok,199.95908990234375,0.09850613688354494,0.22477119299583137,False,844.0,38.638113997876644,52.5984822306782,20.21726919338107,0.0,623.0,844.0,20.0,804.0,1022.0,5170.0,7050.0,,,,,,
bottom-up-retention-v2,100,4,0.1,3,2023,Rank,1.0,0.9,120.0,ok,199.85116575195312,0.09985152020874025,0.37140013510361314,False,1168.0,78.7957840366289,95.2883210266009,46.79880605544895,0.0,1058.0,1168.0,24.0,1291.0,1401.0,10169.0,11439.0,,,,,,
bottom-up-retention-v2,100,4,0.1,3,2023,HILP,1.0,1.0,120.0,ok,199.67981026367184,0.09923649803466798,0.21691683703102171,True,1084.0,0.0,14.971042983233929,70.63488278072327,0.0,1084.0,1084.0,22.0,1076.0,1076.0,9332.0,9332.0,,,,,,
bottom-up-retention-v2,100,4,0.1,3,2023,Rank,1.0,0.3,120.0,ok,200.79103125000003,0.0,0.03915759001392871,False,160.0,2.2231179755181074,2.5178241776302457,1.589744002558291,0.0,76.0,160.0,5.0,58.0,58.0,124.0,334.0,,,,,,
bottom-up-retention-v2,100,4,0.2,1,2023,Rank,1.0,0.3,120.0,ok,200.79103125000003,0.0,0.04086677904706448,False,160.0,1.6830818494781852,2.7203301433473825,1.6653010388836265,0.0,76.0,160.0,5.0,58.0,58.0,124.0,334.0,1000,0.0,4.0,4.646076020086184,results/pruning-comparison-raw/Rank-100-h4-d0.2-a1-l0.3.json,
bottom-up-retention-v2,100,4,0.2,1,2023,Rank,1.0,0.5,120.0,ok,200.83998873046878,0.01074619555664063,0.06464948295615613,False,196.0,4.053093958646059,6.321507855318487,2.8562791412696242,0.0,120.0,196.0,8.0,178.0,178.0,416.0,802.0,1000,0.019,4.0,4.791989871999249,results/pruning-comparison-raw/Rank-100-h4-d0.2-a1-l0.5.json,
bottom-up-retention-v2,100,4,0.2,1,2023,Rank,1.0,0.7,120.0,ok,200.58711102539067,0.02862823974609376,0.09270947799086571,False,304.0,6.809681886807084,11.269202921539545,3.9094940293580294,0.0,232.0,304.0,9.0,218.0,218.0,943.0,1318.0,1000,0.04,4.0,4.670774060999975,results/pruning-comparison-raw/Rank-100-h4-d0.2-a1-l0.7.json,
bottom-up-retention-v2,100,4,0.2,1,2023,Rank,1.0,0.9,120.0,ok,198.79158753906248,0.15106082957153322,0.13986076996661723,False,544.0,12.887539342045784,23.270324687473476,10.607445845380425,0.0,504.0,544.0,13.0,302.0,308.0,2461.0,2684.0,1000,0.152,4.0,4.521304146037437,results/pruning-comparison-raw/Rank-100-h4-d0.2-a1-l0.9.json,
bottom-up-retention-v2,100,4,0.2,1,2023,HILP,1.0,1.0,120.0,ok,198.24103125,0.15480147923583987,0.1367332460358739,True,592.0,0.0,7.188266143202782,15.755584929138422,0.0,592.0,592.0,13.0,314.0,314.0,2786.0,2786.0,1000,0.154,4.0,4.5388899319805205,results/pruning-comparison-raw/HILP-100-h4-d0.2-a1-l1.json,
bottom-up-retention-v2,100,4,0.2,2,2023,Rank,1.0,0.5,120.0,ok,200.83998873046878,0.01074619555664063,0.06443498900625855,False,196.0,4.071716219186783,6.317105959169567,2.746245008893311,0.0,120.0,196.0,8.0,178.0,178.0,416.0,802.0,,,,,,
bottom-up-retention-v2,100,4,0.2,2,2023,Rank,1.0,0.7,120.0,ok,200.58711102539067,0.02862823974609376,0.08806590095628053,False,304.0,6.3165269093587995,10.602310998365283,3.6664928775280714,0.0,232.0,304.0,9.0,218.0,218.0,943.0,1318.0,,,,,,
bottom-up-retention-v2,100,4,0.2,2,2023,Rank,1.0,0.9,120.0,ok,198.79158753906248,0.15106082957153322,0.13997627096250653,False,544.0,13.01949704065919,22.971034049987793,10.573742911219597,0.0,504.0,544.0,13.0,302.0,308.0,2461.0,2684.0,,,,,,
bottom-up-retention-v2,100,4,0.2,2,2023,HILP,1.0,1.0,120.0,ok,198.24103125,0.15480147923583987,0.11464849603362381,True,592.0,0.0,7.669456885196269,13.967127189971507,0.0,592.0,592.0,13.0,314.0,314.0,2786.0,2786.0,,,,,,
bottom-up-retention-v2,100,4,0.2,2,2023,Rank,1.0,0.3,120.0,ok,200.79103125000003,0.0,0.038466618047095835,False,160.0,1.8311032326892018,2.5546670658513904,1.5301977982744575,0.0,76.0,160.0,5.0,58.0,58.0,124.0,334.0,,,,,,
bottom-up-retention-v2,100,4,0.2,3,2023,Rank,1.0,0.7,120.0,ok,200.58711102539067,0.02862823974609376,0.08697808103170246,False,304.0,6.301304209046066,10.45269111637026,3.6716239992529154,0.0,232.0,304.0,9.0,218.0,218.0,943.0,1318.0,,,,,,
bottom-up-retention-v2,100,4,0.2,3,2023,Rank,1.0,0.9,120.0,ok,198.79158753906248,0.15106082957153322,0.16330368409398943,False,544.0,13.609050191007555,39.95527618099004,10.658322018571198,0.0,504.0,544.0,13.0,302.0,308.0,2461.0,2684.0,,,,,,
bottom-up-retention-v2,100,4,0.2,3,2023,HILP,1.0,1.0,120.0,ok,198.24103125,0.15480147923583987,0.11393826699350029,True,592.0,0.0,7.672375068068504,13.965336373075843,0.0,592.0,592.0,13.0,314.0,314.0,2786.0,2786.0,,,,,,
bottom-up-retention-v2,100,4,0.2,3,2023,Rank,1.0,0.3,120.0,ok,200.79103125000003,0.0,0.03854920098092407,False,160.0,1.8276729388162494,2.5122432271018624,1.5291781164705753,0.0,76.0,160.0,5.0,58.0,58.0,124.0,334.0,,,,,,
bottom-up-retention-v2,100,4,0.2,3,2023,Rank,1.0,0.5,120.0,ok,200.83998873046878,0.01074619555664063,0.06451589905191213,False,196.0,4.145993967540562,6.402492988854647,2.809136058203876,0.0,120.0,196.0,8.0,178.0,178.0,416.0,802.0,,,,,,
bottom-up-retention-v2,100,4,0.3,1,2023,Rank,1.0,0.5,120.0,ok,200.7861914648438,0.0007618205566406254,0.0612487270263955,False,208.0,4.403947968967259,6.559375207871199,2.804744988679886,0.0,126.0,208.0,8.0,179.0,179.0,440.0,849.0,1000,0.0,4.0,4.615813137963414,results/pruning-comparison-raw/Rank-100-h4-d0.3-a1-l0.5.json,
bottom-up-retention-v2,100,4,0.3,1,2023,Rank,1.0,0.7,120.0,ok,200.7116750683594,0.19021566137695317,0.09358727396465838,False,328.0,8.04396707098931,13.23013729415834,4.016637220047414,0.0,248.0,328.0,10.0,268.0,268.0,1152.0,1620.0,1000,0.174,4.0,4.627094184979796,results/pruning-comparison-raw/Rank-100-h4-d0.3-a1-l0.7.json,
bottom-up-retention-v2,100,4,0.3,1,2023,Rank,1.0,0.9,120.0,ok,198.79158753906248,0.1510913212463379,0.24625557207036763,False,844.0,52.16469487641007,53.26467449776828,19.948387634940445,0.0,773.0,844.0,18.0,681.0,702.0,5740.0,6270.0,1000,0.152,4.0,4.554803670034744,results/pruning-comparison-raw/Rank-100-h4-d0.3-a1-l0.9.json,
bottom-up-retention-v2,100,4,0.3,1,2023,HILP,1.0,1.0,120.0,ok,198.24103125,0.15480147923583987,0.15367962897289544,True,892.0,0.0,11.655907146632671,28.9627198362723,0.0,892.0,892.0,20.0,902.0,902.0,7734.0,7734.0,1000,0.154,4.0,4.62415880500339,results/pruning-comparison-raw/HILP-100-h4-d0.3-a1-l1.json,
bottom-up-retention-v2,100,4,0.3,1,2023,Rank,1.0,0.3,120.0,ok,200.79103125000003,0.0,0.03864233195781708,False,160.0,1.809244160540402,2.489206148311496,1.5493419487029314,0.0,76.0,160.0,5.0,58.0,58.0,124.0,334.0,1000,0.0,4.0,4.664751440053806,results/pruning-comparison-raw/Rank-100-h4-d0.3-a1-l0.3.json,
bottom-up-retention-v2,100,4,0.3,2,2023,Rank,1.0,0.7,120.0,ok,200.7116750683594,0.19021566137695317,0.09735038701910526,False,328.0,8.14918102696538,12.881105882115662,4.140592995099723,0.0,248.0,328.0,10.0,268.0,268.0,1152.0,1620.0,,,,,,
bottom-up-retention-v2,100,4,0.3,2,2023,Rank,1.0,0.9,120.0,ok,198.79158753906248,0.1510913212463379,0.2160351339261979,False,844.0,31.621874892152846,52.0305831450969,18.8164230203256,0.0,773.0,844.0,18.0,681.0,702.0,5740.0,6270.0,,,,,,
bottom-up-retention-v2,100,4,0.3,2,2023,HILP,1.0,1.0,120.0,ok,198.24103125,0.15480147923583987,0.16377567301969975,True,892.0,0.0,11.114607215858996,26.899810880422592,0.0,892.0,892.0,20.0,902.0,902.0,7734.0,7734.0,,,,,,
bottom-up-retention-v2,100,4,0.3,2,2023,Rank,1.0,0.3,120.0,ok,200.79103125000003,0.0,0.03721451398450881,False,160.0,1.7223788890987635,2.3929878370836377,1.4320170739665627,0.0,76.0,160.0,5.0,58.0,58.0,124.0,334.0,,,,,,
bottom-up-retention-v2,100,4,0.3,2,2023,Rank,1.0,0.5,120.0,ok,200.7861914648438,0.0007618205566406254,0.05960329493973404,False,208.0,4.202516982331872,6.261209957301617,2.5885971263051033,0.0,126.0,208.0,8.0,179.0,179.0,440.0,849.0,,,,,,
bottom-up-retention-v2,100,4,0.3,3,2023,Rank,1.0,0.9,120.0,ok,198.79158753906248,0.1510913212463379,0.21198587794788182,False,844.0,30.967893078923225,50.565797835588455,18.301806296221912,0.0,773.0,844.0,18.0,681.0,702.0,5740.0,6270.0,,,,,,
bottom-up-retention-v2,100,4,0.3,3,2023,HILP,1.0,1.0,120.0,ok,198.24103125,0.15480147923583987,0.14892747404519469,True,892.0,0.0,11.154261999763548,27.27549592964351,0.0,892.0,892.0,20.0,902.0,902.0,7734.0,7734.0,,,,,,
bottom-up-retention-v2,100,4,0.3,3,2023,Rank,1.0,0.3,120.0,ok,200.79103125000003,0.0,0.0381577619118616,False,160.0,1.7542848363518715,2.4172639241442084,1.466678106226027,0.0,76.0,160.0,5.0,58.0,58.0,124.0,334.0,,,,,,
bottom-up-retention-v2,100,4,0.3,3,2023,Rank,1.0,0.5,120.0,ok,200.7861914648438,0.0007618205566406254,0.05957257898990065,False,208.0,4.33525419794023,6.346682086586952,2.6253348914906383,0.0,126.0,208.0,8.0,179.0,179.0,440.0,849.0,,,,,,
bottom-up-retention-v2,100,4,0.3,3,2023,Rank,1.0,0.7,120.0,ok,200.7116750683594,0.19021566137695317,0.10547867300920188,False,328.0,7.969383150339127,12.660755077376962,3.7555809831246734,0.0,248.0,328.0,10.0,268.0,268.0,1152.0,1620.0,,,,,,
bottom-up-retention-v2,100,5,0.1,1,2023,Rank,1.0,0.7,120.0,ok,201.17443081823734,0.05461750368835831,0.5634699669899419,False,2056.0,122.23529885523021,173.91658131964505,29.069463023915887,0.0,1556.0,2056.0,25.0,2701.0,2909.0,16271.0,22271.0,1000,0.046,5.0,5.618325799936429,results/pruning-comparison-raw/Rank-100-h5-d0.1-a1-l0.7.json,
bottom-up-retention-v2,100,5,0.1,1,2023,Rank,1.0,0.9,120.0,ok,200.42585478671265,0.0999813948990784,0.679130112985149,False,2512.0,128.47539805807173,171.41353676561266,86.88030566554517,0.0,2300.0,2512.0,26.0,2295.0,2367.0,19986.0,22181.0,1000,0.106,5.0,5.7281121159903705,results/pruning-comparison-raw/Rank-100-h5-d0.1-a1-l0.9.json,
bottom-up-retention-v2,100,5,0.1,1,2023,HILP,1.0,1.0,120.0,ok,200.35801745434574,0.09444588296646883,1.71438698109705,True,4504.0,0.0,72.11340626236051,1111.5618979092687,0.0,4504.0,4504.0,45.0,10660.0,10660.0,89648.0,89648.0,1000,0.088,5.0,5.787655535968952,results/pruning-comparison-raw/HILP-100-h5-d0.1-a1-l1.json,
bottom-up-retention-v2,100,5,0.1,1,2023,Rank,1.0,0.3,120.0,ok,201.72953198745734,0.0006906283840942386,0.12596574204508215,False,544.0,12.421551859006286,16.219030949287117,3.6881230771541595,0.0,252.0,544.0,9.0,543.0,543.0,766.0,2301.0,1000,0.001,5.0,5.99211702006869,results/pruning-comparison-raw/Rank-100-h5-d0.1-a1-l0.3.json,
bottom-up-retention-v2,100,5,0.1,1,2023,Rank,1.0,0.5,120.0,ok,201.62540735396732,0.013589883866271978,0.19188371498603374,False,712.0,19.387002917937934,25.904240203090012,5.235810880549252,0.0,431.0,712.0,11.0,806.0,806.0,1979.0,3834.0,1000,0.022,5.0,5.762979644932784,results/pruning-comparison-raw/Rank-100-h5-d0.1-a1-l0.5.json,
bottom-up-retention-v2,100,5,0.1,2,2023,Rank,1.0,0.9,120.0,ok,200.42585478671265,0.0999813948990784,0.7065354209626094,False,2512.0,137.29339721612632,177.8268899070099,89.86310590989888,0.0,2300.0,2512.0,26.0,2295.0,2367.0,19986.0,22181.0,,,,,,
bottom-up-retention-v2,100,5,0.1,2,2023,HILP,1.0,1.0,120.0,ok,200.35801745434574,0.09444588296646883,1.7286552800796926,True,4504.0,0.0,74.57027153577656,1111.235074000433,0.0,4504.0,4504.0,45.0,10660.0,10660.0,89648.0,89648.0,,,,,,
bottom-up-retention-v2,100,5,0.1,2,2023,Rank,1.0,0.3,120.0,ok,201.72953198745734,0.0006906283840942386,0.12304237997159362,False,544.0,12.047129916027188,14.270827872678638,3.589184838347137,0.0,252.0,544.0,9.0,543.0,543.0,766.0,2301.0,,,,,,
bottom-up-retention-v2,100,5,0.1,2,2023,Rank,1.0,0.5,120.0,ok,201.62540735396732,0.013589883866271978,0.1830139469821006,False,712.0,20.211001043207943,26.837339042685926,5.397175904363394,0.0,431.0,712.0,11.0,806.0,806.0,1979.0,3834.0,,,,,,
bottom-up-retention-v2,100,5,0.1,2,2023,Rank,1.0,0.7,120.0,ok,201.17443081823734,0.05461750368835831,0.5793662900105119,False,2056.0,122.10657470859587,180.07198115810752,29.970113653689623,0.0,1556.0,2056.0,25.0,2701.0,2909.0,16271.0,22271.0,,,,,,
bottom-up-retention-v2,100,5,0.1,3,2023,HILP,1.0,1.0,120.0,ok,200.35801745434574,0.09444588296646883,1.7286323419539258,True,4504.0,0.0,74.13598184939474,1123.3924332773313,0.0,4504.0,4504.0,45.0,10660.0,10660.0,89648.0,89648.0,,,,,,
bottom-up-retention-v2,100,5,0.1,3,2023,Rank,1.0,0.3,120.0,ok,201.72953198745734,0.0006906283840942386,0.13775022409390658,False,544.0,12.362259672954679,14.053245075047016,3.5658380948007107,0.0,252.0,544.0,9.0,543.0,543.0,766.0,2301.0,,,,,,
bottom-up-retention-v2,100,5,0.1,3,2023,Rank,1.0,0.5,120.0,ok,201.62540735396732,0.013589883866271978,0.18453306809533387,False,712.0,19.46791191585362,26.230531046167016,5.272881011478603,0.0,431.0,712.0,11.0,806.0,806.0,1979.0,3834.0,,,,,,
bottom-up-retention-v2,100,5,0.1,3,2023,Rank,1.0,0.7,120.0,ok,201.17443081823734,0.05461750368835831,0.5698679300257936,False,2056.0,123.30500362440944,163.9365099836141,29.996623285114765,0.0,1556.0,2056.0,25.0,2701.0,2909.0,16271.0,22271.0,,,,,,
bottom-up-retention-v2,100,5,0.1,3,2023,Rank,1.0,0.9,120.0,ok,200.42585478671265,0.0999813948990784,0.7261897720163688,False,2512.0,112.33010329306126,202.98842492047697,89.22682784032077,0.0,2300.0,2512.0,26.0,2295.0,2367.0,19986.0,22181.0,,,,,,
bottom-up-retention-v2,100,5,0.2,1,2023,Rank,1.0,0.9,120.0,ok,199.72730698950195,0.15374607759742356,1.6362497969530523,False,3940.0,371.36549956630915,576.5154083492234,150.38867376279086,0.0,3566.0,3940.0,37.0,7227.0,7950.0,57707.0,63334.0,1000,0.174,5.0,5.515117180068046,results/pruning-comparison-raw/Rank-100-h5-d0.2-a1-l0.9.json,
bottom-up-retention-v2,100,5,0.2,1,2023,HILP,1.0,1.0,120.0,ok,198.330533203125,0.15553190065651704,0.5174987550126389,True,2980.0,0.0,37.7604168606922,101.52316268067807,0.0,2980.0,2980.0,26.0,3815.0,3815.0,32637.0,32637.0,1000,0.172,5.0,5.459119815030135,results/pruning-comparison-raw/HILP-100-h5-d0.2-a1-l1.json,
bottom-up-retention-v2,100,5,0.2,1,2023,Rank,1.0,0.3,120.0,ok,201.72953198745734,0.0006906283840942386,0.12318515300285071,False,544.0,11.78083405829966,14.407242997549474,3.758145961910486,0.0,252.0,544.0,9.0,543.0,543.0,766.0,2301.0,1000,0.001,5.0,5.7995701029431075,results/pruning-comparison-raw/Rank-100-h5-d0.2-a1-l0.3.json,
bottom-up-retention-v2,100,5,0.2,1,2023,Rank,1.0,0.5,120.0,ok,201.77765730844732,0.012164754384613043,0.18731813598424196,False,724.0,23.22799211833626,30.023291357792914,6.0603676829487085,0.0,435.0,724.0,12.0,939.0,951.0,2236.0,4353.0,1000,0.021,5.0,5.702275445917621,results/pruning-comparison-raw/Rank-100-h5-d0.2-a1-l0.5.json,
bottom-up-retention-v2,100,5,0.2,1,2023,Rank,1.0,0.7,120.0,ok,201.47269276961674,0.03884454320663453,0.42102969193365425,False,1348.0,70.36607514601201,95.03467963077128,13.053578324615955,0.0,991.0,1348.0,19.0,2062.0,2335.0,9383.0,12945.0,1000,0.038,5.0,5.764574493980035,results/pruning-comparison-raw/Rank-100-h5-d0.2-a1-l0.7.json,
bottom-up-retention-v2,100,5,0.2,2,2023,HILP,1.0,1.0,120.0,ok,198.330533203125,0.15553190065651704,0.5057417859788984,True,2980.0,0.0,36.36665700469166,98.64988119807094,0.0,2980.0,2980.0,26.0,3815.0,3815.0,32637.0,32637.0,,,,,,
bottom-up-retention-v2,100,5,0.2,2,2023,Rank,1.0,0.3,120.0,ok,201.72953198745734,0.0006906283840942386,0.11887889797799289,False,544.0,11.914151138626039,14.18151194229722,3.427639021538198,0.0,252.0,544.0,9.0,543.0,543.0,766.0,2301.0,,,,,,
bottom-up-retention-v2,100,5,0.2,2,2023,Rank,1.0,0.5,120.0,ok,201.77765730844732,0.012164754384613043,0.17881478602066636,False,724.0,22.841535741463304,29.182396829128265,5.776159814558923,0.0,435.0,724.0,12.0,939.0,951.0,2236.0,4353.0,,,,,,
bottom-up-retention-v2,100,5,0.2,2,2023,Rank,1.0,0.7,120.0,ok,201.47269276961674,0.03884454320663453,0.40995328896678984,False,1348.0,85.0090382155031,94.60591443348676,12.705241795629263,0.0,991.0,1348.0,19.0,2062.0,2335.0,9383.0,12945.0,,,,,,
bottom-up-retention-v2,100,5,0.2,2,2023,Rank,1.0,0.9,120.0,ok,199.72730698950195,0.15374607759742356,1.5699577130144462,False,3940.0,358.5361682344228,541.8969772290438,146.42311190254986,0.0,3566.0,3940.0,37.0,7227.0,7950.0,57707.0,63334.0,,,,,,
bottom-up-retention-v2,100,5,0.2,3,2023,Rank,1.0,0.3,120.0,ok,201.72953198745734,0.0006906283840942386,0.11781952797900885,False,544.0,11.489365948364139,13.644925900734961,3.4930421970784664,0.0,252.0,544.0,9.0,543.0,543.0,766.0,2301.0,,,,,,
bottom-up-retention-v2,100,5,0.2,3,2023,Rank,1.0,0.5,120.0,ok,201.77765730844732,0.012164754384613043,0.17789238900877535,False,724.0,22.28064020164311,27.95745595358312,5.27508498635143,0.0,435.0,724.0,12.0,939.0,951.0,2236.0,4353.0,,,,,,
bottom-up-retention-v2,100,5,0.2,3,2023,Rank,1.0,0.7,120.0,ok,201.47269276961674,0.03884454320663453,0.41488532593939453,False,1348.0,84.90740228444338,93.88842491898686,13.098537572659552,0.0,991.0,1348.0,19.0,2062.0,2335.0,9383.0,12945.0,,,,,,
bottom-up-retention-v2,100,5,0.2,3,2023,Rank,1.0,0.9,120.0,ok,199.72730698950195,0.15374607759742356,1.587631261907518,False,3940.0,349.9526330269873,549.4850568939,149.43215681705624,0.0,3566.0,3940.0,37.0,7227.0,7950.0,57707.0,63334.0,,,,,,
bottom-up-retention-v2,100,5,0.2,3,2023,HILP,1.0,1.0,120.0,ok,198.330533203125,0.15553190065651704,0.5023176859831437,True,2980.0,0.0,36.40672715846449,101.317189168185,0.0,2980.0,2980.0,26.0,3815.0,3815.0,32637.0,32637.0,,,,,,
bottom-up-retention-v2,100,5,0.3,1,2023,HILP,1.0,1.0,120.0,ok,198.330533203125,0.15553190065651704,0.6018220559926704,True,3880.0,0.0,46.661397092975676,113.42498264275491,0.0,3880.0,3880.0,29.0,4517.0,4517.0,43539.0,43539.0,1000,0.172,5.0,5.421353556914255,results/pruning-comparison-raw/HILP-100-h5-d0.3-a1-l1.json,
bottom-up-retention-v2,100,5,0.3,1,2023,Rank,1.0,0.3,120.0,ok,201.72953198745734,0.0006906283840942386,0.11444282298907638,False,544.0,11.14586228504777,13.416071073152125,3.1797292176634073,0.0,252.0,544.0,9.0,543.0,543.0,766.0,2301.0,1000,0.001,5.0,5.669026444084011,results/pruning-comparison-raw/Rank-100-h5-d0.3-a1-l0.3.json,
bottom-up-retention-v2,100,5,0.3,1,2023,Rank,1.0,0.5,120.0,ok,201.7284579854981,0.0013379237416076667,0.20642677298747003,False,772.0,24.08111689146608,32.72982581984252,6.397995050065219,0.0,464.0,772.0,12.0,939.0,951.0,2366.0,4569.0,1000,0.006,5.0,5.561968868016265,results/pruning-comparison-raw/Rank-100-h5-d0.3-a1-l0.5.json,
bottom-up-retention-v2,100,5,0.3,1,2023,Rank,1.0,0.7,120.0,ok,201.60544422310795,0.1359442304630127,0.3374211270129308,False,1228.0,50.397117040120065,72.39374739583582,10.754204005934298,0.0,926.0,1228.0,16.0,1555.0,1655.0,6995.0,9701.0,1000,0.127,5.0,5.547118593938649,results/pruning-comparison-raw/Rank-100-h5-d0.3-a1-l0.7.json,
bottom-up-retention-v2,100,5,0.3,1,2023,Rank,1.0,0.9,120.0,ok,199.6579988001831,0.2607167820702782,1.8834765470819548,False,4732.0,439.3342121038586,706.4784633694217,174.5631870580837,0.0,4305.0,4732.0,41.0,8478.0,9239.0,75095.0,82353.0,1000,0.278,5.0,5.379075806005858,results/pruning-comparison-raw/Rank-100-h5-d0.3-a1-l0.9.json,
bottom-up-retention-v2,100,5,0.3,2,2023,Rank,1.0,0.3,120.0,ok,201.72953198745734,0.0006906283840942386,0.11922438396140933,False,544.0,11.381095857359469,13.778478023596108,3.2816248713061213,0.0,252.0,544.0,9.0,543.0,543.0,766.0,2301.0,,,,,,
bottom-up-retention-v2,100,5,0.3,2,2023,Rank,1.0,0.5,120.0,ok,201.7284579854981,0.0013379237416076667,0.17502730910200626,False,772.0,23.42575299553573,29.19752709567547,5.394977983087301,0.0,464.0,772.0,12.0,939.0,951.0,2366.0,4569.0,,,,,,
bottom-up-retention-v2,100,5,0.3,2,2023,Rank,1.0,0.7,120.0,ok,201.60544422310795,0.1359442304630127,0.327522836974822,False,1228.0,66.71453185845166,68.15936521161348,10.140733094885945,0.0,926.0,1228.0,16.0,1555.0,1655.0,6995.0,9701.0,,,,,,
bottom-up-retention-v2,100,5,0.3,2,2023,Rank,1.0,0.9,120.0,ok,199.6579988001831,0.2607167820702782,1.9018864349927753,False,4732.0,493.06106427684426,672.4113684613258,174.78719458449632,0.0,4305.0,4732.0,41.0,8478.0,9239.0,75095.0,82353.0,,,,,,
bottom-up-retention-v2,100,5,0.3,2,2023,HILP,1.0,1.0,120.0,ok,198.330533203125,0.15553190065651704,0.5767227109754458,True,3880.0,0.0,46.553693944588304,112.26743191946298,0.0,3880.0,3880.0,29.0,4517.0,4517.0,43539.0,43539.0,,,,,,
bottom-up-retention-v2,100,5,0.3,3,2023,Rank,1.0,0.5,120.0,ok,201.7284579854981,0.0013379237416076667,0.17639209097251296,False,772.0,23.076355806551874,29.13800033275038,5.34974061883986,0.0,464.0,772.0,12.0,939.0,951.0,2366.0,4569.0,,,,,,
bottom-up-retention-v2,100,5,0.3,3,2023,Rank,1.0,0.7,120.0,ok,201.60544422310795,0.1359442304630127,0.3094996629515663,False,1228.0,49.387286766432226,69.87734977155924,10.37682977039367,0.0,926.0,1228.0,16.0,1555.0,1655.0,6995.0,9701.0,,,,,,
bottom-up-retention-v2,100,5,0.3,3,2023,Rank,1.0,0.9,120.0,ok,199.6579988001831,0.2607167820702782,1.890305049950257,False,4732.0,459.5714524621144,696.7364957090467,174.2921358672902,0.0,4305.0,4732.0,41.0,8478.0,9239.0,75095.0,82353.0,,,,,,
bottom-up-retention-v2,100,5,0.3,3,2023,HILP,1.0,1.0,120.0,ok,198.330533203125,0.15553190065651704,0.5718609730247408,True,3880.0,0.0,45.712402439676225,111.3393020350486,0.0,3880.0,3880.0,29.0,4517.0,4517.0,43539.0,43539.0,,,,,,
bottom-up-retention-v2,100,5,0.3,3,2023,Rank,1.0,0.3,120.0,ok,201.72953198745734,0.0006906283840942386,0.1288540669484064,False,544.0,11.143462965264916,13.804736780002713,3.3172809053212404,0.0,252.0,544.0,9.0,543.0,543.0,766.0,2301.0,,,,,,
bottom-up-retention-v2,100,6,0.1,1,2023,Rank,1.0,0.3,120.0,ok,202.67324466957237,0.00012032700618953713,0.3620763960061595,False,1732.0,52.41982010193169,57.4918279889971,7.411700091324747,0.0,794.0,1732.0,12.0,2381.0,2381.0,3152.0,9715.0,1000,0.0,6.0,6.634028301923536,results/pruning-comparison-raw/Rank-100-h6-d0.1-a1-l0.3.json,
bottom-up-retention-v2,100,6,0.1,1,2023,Rank,1.0,0.5,120.0,ok,202.57337464050661,0.011740611571369141,0.6576828359393403,False,2488.0,127.78941122815013,124.46677859406918,13.494661776348948,0.0,1475.0,2488.0,16.0,4105.0,4304.0,10352.0,19940.0,1000,0.015,6.0,6.650895409984514,results/pruning-comparison-raw/Rank-100-h6-d0.1-a1-l0.5.json,
bottom-up-retention-v2,100,6,0.1,1,2023,Rank,1.0,0.7,120.0,ok,202.5569899042124,0.0960062099602486,2.354993668035604,False,7144.0,587.9012357909232,722.1045979531482,124.63296414352953,0.0,5294.0,7144.0,34.0,11532.0,13966.0,71908.0,98694.0,1000,0.089,6.0,6.601578442961909,results/pruning-comparison-raw/Rank-100-h6-d0.1-a1-l0.7.json,
bottom-up-retention-v2,100,6,0.1,1,2023,Rank,1.0,0.9,120.0,ok,201.16829752737578,0.09940287350968341,12.269953799899668,False,12208.0,3212.776731699705,4111.3507875707,2737.816515378654,0.0,11109.0,12208.0,75.0,57304.0,63292.0,426568.0,468344.0,1000,0.093,6.0,6.600734370062128,results/pruning-comparison-raw/Rank-100-h6-d0.1-a1-l0.9.json,
bottom-up-retention-v2,100,6,0.1,1,2023,HILP,1.0,1.0,120.0,ok,200.85227121724492,0.10000091638022666,4.998291812953539,True,12172.0,0.0,193.07789916638285,2992.7331168437377,0.0,12172.0,12172.0,54.0,33629.0,33629.0,266959.0,266959.0,1000,0.098,6.0,6.569530175067484,results/pruning-comparison-raw/HILP-100-h6-d0.1-a1-l1.json,
bottom-up-retention-v2,100,6,0.1,2,2023,Rank,1.0,0.5,120.0,ok,202.57337464050661,0.011740611571369141,0.6446871199877933,False,2488.0,104.78553408756852,145.07308905012906,13.351418892852962,0.0,1475.0,2488.0,16.0,4105.0,4304.0,10352.0,19940.0,,,,,,
bottom-up-retention-v2,100,6,0.1,2,2023,Rank,1.0,0.7,120.0,ok,202.5569899042124,0.0960062099602486,2.3965617780340835,False,7144.0,623.950524139218,729.999425006099,124.34562866110355,0.0,5294.0,7144.0,34.0,11532.0,13966.0,71908.0,98694.0,,,,,,
bottom-up-retention-v2,100,6,0.1,2,2023,Rank,1.0,0.9,120.0,ok,201.16829752737578,0.09940287350968341,12.35681583697442,False,12208.0,3170.994352782145,4125.512290862389,2746.007194160484,0.0,11109.0,12208.0,75.0,57304.0,63292.0,426568.0,468344.0,,,,,,
bottom-up-retention-v2,100,6,0.1,2,2023,HILP,1.0,1.0,120.0,ok,200.85227121724492,0.10000091638022666,5.017723356955685,True,12172.0,0.0,196.46953453775495,2995.155821205117,0.0,12172.0,12172.0,54.0,33629.0,33629.0,266959.0,266959.0,,,,,,
bottom-up-retention-v2,100,6,0.1,2,2023,Rank,1.0,0.3,120.0,ok,202.67324466957237,0.00012032700618953713,0.3655212438898161,False,1732.0,49.61006517987698,72.64370622579008,7.144941249862313,0.0,794.0,1732.0,12.0,2381.0,2381.0,3152.0,9715.0,,,,,,
bottom-up-retention-v2,100,6,0.1,3,2023,Rank,1.0,0.7,120.0,ok,202.5569899042124,0.0960062099602486,2.3646128670079634,False,7144.0,593.3491338510066,742.543906904757,124.64537215419114,0.0,5294.0,7144.0,34.0,11532.0,13966.0,71908.0,98694.0,,,,,,
bottom-up-retention-v2,100,6,0.1,3,2023,Rank,1.0,0.9,120.0,ok,201.16829752737578,0.09940287350968341,12.04950885195285,False,12208.0,3055.6077122455463,4065.9245384158567,2676.9248535856605,0.0,11109.0,12208.0,75.0,57304.0,63292.0,426568.0,468344.0,,,,,,
bottom-up-retention-v2,100,6,0.1,3,2023,HILP,1.0,1.0,120.0,ok,200.85227121724492,0.10000091638022666,5.040230424958281,True,12172.0,0.0,238.02611872088164,3035.7123385183513,0.0,12172.0,12172.0,54.0,33629.0,33629.0,266959.0,266959.0,,,,,,
bottom-up-retention-v2,100,6,0.1,3,2023,Rank,1.0,0.3,120.0,ok,202.67324466957237,0.00012032700618953713,0.36438682104926556,False,1732.0,49.22895703930408,55.7090921793133,6.998007069341838,0.0,794.0,1732.0,12.0,2381.0,2381.0,3152.0,9715.0,,,,,,
bottom-up-retention-v2,100,6,0.1,3,2023,Rank,1.0,0.5,120.0,ok,202.57337464050661,0.011740611571369141,0.6509666789788753,False,2488.0,125.70831493940204,128.52575816214085,13.795290025882423,0.0,1475.0,2488.0,16.0,4105.0,4304.0,10352.0,19940.0,,,,,,
bottom-up-retention-v2,100,6,0.2,1,2023,Rank,1.0,0.5,120.0,ok,202.7175628843402,0.012056717879514954,0.6823482579784468,False,2464.0,137.5882978318259,152.3745940066874,14.857657137326896,0.0,1459.0,2464.0,17.0,4534.0,4742.0,11189.0,21594.0,1000,0.015,6.0,6.7877802540315315,results/pruning-comparison-raw/Rank-100-h6-d0.2-a1-l0.5.json,
bottom-up-retention-v2,100,6,0.2,1,2023,Rank,1.0,0.7,120.0,ok,202.38285920168983,0.04588175782546267,2.144355062977411,False,4708.0,322.5996920373291,458.49329547490925,612.2603096300736,0.0,3500.0,4708.0,25.0,8727.0,9511.0,43108.0,59577.0,1000,0.044,6.0,6.696927689015865,results/pruning-comparison-raw/Rank-100-h6-d0.2-a1-l0.7.json,
bottom-up-retention-v2,100,6,0.2,1,2023,Rank,1.0,0.9,120.0,ok,199.94352225461205,0.17149215599217768,4.473534567048773,False,12016.0,950.2047970890999,1349.894909420982,349.8985319165513,0.0,10996.0,12016.0,41.0,15949.0,17297.0,143735.0,157395.0,1000,0.168,6.0,6.577936908928677,results/pruning-comparison-raw/Rank-100-h6-d0.2-a1-l0.9.json,
bottom-up-retention-v2,100,6,0.2,1,2023,HILP,1.0,1.0,120.0,ok,198.42357029296872,0.16080297653519335,2.8407372978981584,True,13864.0,0.0,183.18701686803252,592.8931154776365,0.0,13864.0,13864.0,39.0,22472.0,22472.0,207136.0,207136.0,1000,0.161,6.0,6.6426047190325335,results/pruning-comparison-raw/HILP-100-h6-d0.2-a1-l1.json,
bottom-up-retention-v2,100,6,0.2,1,2023,Rank,1.0,0.3,120.0,ok,202.67324466957237,0.00012032700618953713,0.36270486004650593,False,1732.0,69.12665988784283,55.495176115073264,7.029488915577531,0.0,794.0,1732.0,12.0,2381.0,2381.0,3152.0,9715.0,1000,0.0,6.0,6.797086042934097,results/pruning-comparison-raw/Rank-100-h6-d0.2-a1-l0.3.json,
bottom-up-retention-v2,100,6,0.2,2,2023,Rank,1.0,0.7,120.0,ok,202.38285920168983,0.04588175782546267,1.6299897650023922,False,4708.0,336.89087408129126,514.4750642357394,39.43377174437046,0.0,3500.0,4708.0,25.0,8727.0,9511.0,43108.0,59577.0,,,,,,
bottom-up-retention-v2,100,6,0.2,2,2023,Rank,1.0,0.9,120.0,ok,199.94352225461205,0.17149215599217768,4.441044642939232,False,12016.0,933.6548806168139,1377.958083176054,349.0361523581669,0.0,10996.0,12016.0,41.0,15949.0,17297.0,143735.0,157395.0,,,,,,
bottom-up-retention-v2,100,6,0.2,2,2023,HILP,1.0,1.0,120.0,ok,198.42357029296872,0.16080297653519335,2.877253158017993,True,13864.0,0.0,214.99763848260045,595.9706482244655,0.0,13864.0,13864.0,39.0,22472.0,22472.0,207136.0,207136.0,,,,,,
bottom-up-retention-v2,100,6,0.2,2,2023,Rank,1.0,0.3,120.0,ok,202.67324466957237,0.00012032700618953713,0.3605544780148193,False,1732.0,65.87133510038257,53.81389684043825,6.8512685829773545,0.0,794.0,1732.0,12.0,2381.0,2381.0,3152.0,9715.0,,,,,,
bottom-up-retention-v2,100,6,0.2,2,2023,Rank,1.0,0.5,120.0,ok,202.7175628843402,0.012056717879514954,0.6642949699889868,False,2464.0,116.61455780267715,156.6544200759381,14.624950126744807,0.0,1459.0,2464.0,17.0,4534.0,4742.0,11189.0,21594.0,,,,,,
bottom-up-retention-v2,100,6,0.2,3,2023,Rank,1.0,0.9,120.0,ok,199.94352225461205,0.17149215599217768,4.615556520991959,False,12016.0,985.5469330213964,1391.8093349784613,356.98921990115196,0.0,10996.0,12016.0,41.0,15949.0,17297.0,143735.0,157395.0,,,,,,
bottom-up-retention-v2,100,6,0.2,3,2023,HILP,1.0,1.0,120.0,ok,198.42357029296872,0.16080297653519335,2.830345640075393,True,13864.0,0.0,218.38433190714568,588.1590226199478,0.0,13864.0,13864.0,39.0,22472.0,22472.0,207136.0,207136.0,,,,,,
bottom-up-retention-v2,100,6,0.2,3,2023,Rank,1.0,0.3,120.0,ok,202.67324466957237,0.00012032700618953713,0.3661419430281967,False,1732.0,49.768200842663646,74.56594612449408,6.825809134170413,0.0,794.0,1732.0,12.0,2381.0,2381.0,3152.0,9715.0,,,,,,
bottom-up-retention-v2,100,6,0.2,3,2023,Rank,1.0,0.5,120.0,ok,202.7175628843402,0.012056717879514954,0.6656165850581601,False,2464.0,117.13299504481256,159.20790715608746,14.897398883476853,0.0,1459.0,2464.0,17.0,4534.0,4742.0,11189.0,21594.0,,,,,,
bottom-up-retention-v2,100,6,0.2,3,2023,Rank,1.0,0.7,120.0,ok,202.38285920168983,0.04588175782546267,1.6468996019102633,False,4708.0,376.1565218446776,418.4092846699059,39.07382325269282,0.0,3500.0,4708.0,25.0,8727.0,9511.0,43108.0,59577.0,,,,,,
bottom-up-retention-v2,100,6,0.3,1,2023,Rank,1.0,0.7,120.0,ok,202.47624946698235,0.2105143237068893,1.8144503829535097,False,4984.0,366.6587157640606,510.5753735406324,41.24402510933578,0.0,3603.0,4984.0,25.0,9521.0,12671.0,44696.0,61541.0,1000,0.193,6.0,6.686429883004166,results/pruning-comparison-raw/Rank-100-h6-d0.3-a1-l0.7.json,
bottom-up-retention-v2,100,6,0.3,1,2023,Rank,1.0,0.9,120.0,ok,199.75577087456324,0.2729704289274216,5.992641776916571,False,12856.0,1443.1812497787178,1962.6239698845893,484.15143648162484,0.0,11748.0,12856.0,48.0,24103.0,26372.0,209549.0,228976.0,1000,0.261,6.0,6.578426172025502,results/pruning-comparison-raw/Rank-100-h6-d0.3-a1-l0.9.json,
bottom-up-retention-v2,100,6,0.3,1,2023,HILP,1.0,1.0,120.0,ok,198.42357029296872,0.16080297653519335,3.767911800998263,True,17260.0,0.0,262.0589506113902,823.0930338613689,0.0,17260.0,17260.0,53.0,37299.0,37299.0,372089.0,372089.0,1000,0.161,6.0,6.5856563850538805,results/pruning-comparison-raw/HILP-100-h6-d0.3-a1-l1.json,
bottom-up-retention-v2,100,6,0.3,1,2023,Rank,1.0,0.3,120.0,ok,202.67324466957237,0.00012032700618953713,0.3661105840001255,False,1732.0,49.217040883377194,55.01478270161897,7.078610244207084,0.0,794.0,1732.0,12.0,2381.0,2381.0,3152.0,9715.0,1000,0.0,6.0,6.714908836060204,results/pruning-comparison-raw/Rank-100-h6-d0.3-a1-l0.3.json,
bottom-up-retention-v2,100,6,0.3,1,2023,Rank,1.0,0.5,120.0,ok,202.66863781301504,0.004692293121407421,0.5577647209865972,False,2536.0,89.74160510115325,103.70284004602581,11.394156026653945,0.0,1534.0,2536.0,14.0,3186.0,3193.0,8664.0,16531.0,1000,0.006,6.0,6.67686251597479,results/pruning-comparison-raw/Rank-100-h6-d0.3-a1-l0.5.json,
bottom-up-retention-v2,100,6,0.3,2,2023,Rank,1.0,0.9,120.0,ok,199.75577087456324,0.2729704289274216,6.167214800952934,False,12856.0,1520.4419700894505,2052.322096657008,493.91402944456786,0.0,11748.0,12856.0,48.0,24103.0,26372.0,209549.0,228976.0,,,,,,
bottom-up-retention-v2,100,6,0.3,2,2023,HILP,1.0,1.0,120.0,ok,198.42357029296872,0.16080297653519335,3.747604961041361,True,17260.0,0.0,276.6863467404619,816.1521448055282,0.0,17260.0,17260.0,53.0,37299.0,37299.0,372089.0,372089.0,,,,,,
bottom-up-retention-v2,100,6,0.3,2,2023,Rank,1.0,0.3,120.0,ok,202.67324466957237,0.00012032700618953713,0.35705933906137943,False,1732.0,47.46363312005997,53.930397843942046,6.913302815519273,0.0,794.0,1732.0,12.0,2381.0,2381.0,3152.0,9715.0,,,,,,
bottom-up-retention-v2,100,6,0.3,2,2023,Rank,1.0,0.5,120.0,ok,202.66863781301504,0.004692293121407421,0.5499224050436169,False,2536.0,88.54328910820186,102.13902534451336,11.706065153703094,0.0,1534.0,2536.0,14.0,3186.0,3193.0,8664.0,16531.0,,,,,,
bottom-up-retention-v2,100,6,0.3,2,2023,Rank,1.0,0.7,120.0,ok,202.47624946698235,0.2105143237068893,1.7935696250060573,False,4984.0,385.54526667576283,487.3164308955893,40.581843350082636,0.0,3603.0,4984.0,25.0,9521.0,12671.0,44696.0,61541.0,,,,,,
bottom-up-retention-v2,100,6,0.3,3,2023,HILP,1.0,1.0,120.0,ok,198.42357029296872,0.16080297653519335,3.738268794026226,True,17260.0,0.0,283.8812671834603,815.9747294848785,0.0,17260.0,17260.0,53.0,37299.0,37299.0,372089.0,372089.0,,,,,,
bottom-up-retention-v2,100,6,0.3,3,2023,Rank,1.0,0.3,120.0,ok,202.67324466957237,0.00012032700618953713,0.3417095079785213,False,1732.0,46.92536115180701,54.24765998031944,6.865734932944179,0.0,794.0,1732.0,12.0,2381.0,2381.0,3152.0,9715.0,,,,,,
bottom-up-retention-v2,100,6,0.3,3,2023,Rank,1.0,0.5,120.0,ok,202.66863781301504,0.004692293121407421,0.5588423279114068,False,2536.0,89.1431299969554,123.85912984609604,11.666056816466153,0.0,1534.0,2536.0,14.0,3186.0,3193.0,8664.0,16531.0,,,,,,
bottom-up-retention-v2,100,6,0.3,3,2023,Rank,1.0,0.7,120.0,ok,202.47624946698235,0.2105143237068893,1.7752278950065374,False,4984.0,390.883935848251,460.7421479886398,41.488208109512925,0.0,3603.0,4984.0,25.0,9521.0,12671.0,44696.0,61541.0,,,,,,
bottom-up-retention-v2,100,6,0.3,3,2023,Rank,1.0,0.9,120.0,ok,199.75577087456324,0.2729704289274216,5.947671841015108,False,12856.0,1513.0715596023947,1920.3016688115895,478.0793198151514,0.0,11748.0,12856.0,48.0,24103.0,26372.0,209549.0,228976.0,,,,,,
bottom-up-retention-v2,5,3,0.1,1,2023,F-only,1.0,0.3,120.0,ok,9.855625,0.0,0.021505499025806785,False,52.0,0.6189919076859951,1.1409600265324116,1.119363005273044,0.0,25.0,52.0,4.0,18.0,18.0,40.0,106.0,1000,0.0,3.0,3.3867358620045707,results/pruning-comparison-raw/F-only-5-h3-d0.1-a1-l0.3.json,
bottom-up-retention-v2,5,3,0.1,1,2023,F-only,1.0,0.5,120.0,ok,9.7376875,0.009984375000000004,0.029553403961472213,False,64.0,0.7819868624210358,1.700218883343041,1.4609481440857053,0.0,39.0,64.0,5.0,32.0,32.0,82.0,156.0,1000,0.01,3.0,3.3462738359812647,results/pruning-comparison-raw/F-only-5-h3-d0.1-a1-l0.5.json,
bottom-up-retention-v2,5,3,0.1,1,2023,F-only,1.0,0.7,120.0,ok,8.9323125,0.08976562500000002,0.04926445707678795,False,196.0,4.045053967274725,7.1216493379324675,3.9728081319481134,0.0,149.0,196.0,10.0,96.0,96.0,607.0,844.0,1000,0.086,3.0,3.3947743120370433,results/pruning-comparison-raw/F-only-5-h3-d0.1-a1-l0.7.json,
bottom-up-retention-v2,5,3,0.1,1,2023,F-only,1.0,0.9,120.0,ok,8.9323125,0.08976562500000002,0.05941666895523667,False,268.0,5.115157109685242,11.297293123789132,6.52011192869395,0.0,226.0,268.0,12.0,149.0,149.0,1093.0,1363.0,1000,0.086,3.0,3.3993990450398996,results/pruning-comparison-raw/F-only-5-h3-d0.1-a1-l0.9.json,
bottom-up-retention-v2,5,3,0.1,2,2023,F-only,1.0,0.3,120.0,ok,9.855625,0.0,0.021820461959578097,False,52.0,0.5895780632272363,1.1443690164014697,1.113779959268868,0.0,25.0,52.0,4.0,18.0,18.0,40.0,106.0,,,,,,
bottom-up-retention-v2,5,3,0.1,2,2023,F-only,1.0,0.5,120.0,ok,9.7376875,0.009984375000000004,0.02960811392404139,False,64.0,0.986481667496264,1.8664869712665677,1.6425781650468707,0.0,39.0,64.0,5.0,32.0,32.0,82.0,156.0,,,,,,
bottom-up-retention-v2,5,3,0.1,2,2023,F-only,1.0,0.7,120.0,ok,8.9323125,0.08976562500000002,0.04851536999922246,False,196.0,3.9685190422460437,7.0112349931150675,3.544218954630196,0.0,149.0,196.0,10.0,96.0,96.0,607.0,844.0,,,,,,
bottom-up-retention-v2,5,3,0.1,2,2023,F-only,1.0,0.9,120.0,ok,8.9323125,0.08976562500000002,0.0599187669577077,False,268.0,5.668777623213828,11.232285294681787,6.081684259697795,0.0,226.0,268.0,12.0,149.0,149.0,1093.0,1363.0,,,,,,
bottom-up-retention-v2,5,3,0.1,3,2023,F-only,1.0,0.3,120.0,ok,9.855625,0.0,0.021691864007152617,False,52.0,1.0915790917351842,1.1018281802535057,1.0529339779168367,0.0,25.0,52.0,4.0,18.0,18.0,40.0,106.0,,,,,,
bottom-up-retention-v2,5,3,0.1,3,2023,F-only,1.0,0.5,120.0,ok,9.7376875,0.009984375000000004,0.02714866294991225,False,64.0,0.7901908829808235,1.6462840139865875,1.4017581706866622,0.0,39.0,64.0,5.0,32.0,32.0,82.0,156.0,,,,,,
bottom-up-retention-v2,5,3,0.1,3,2023,F-only,1.0,0.7,120.0,ok,8.9323125,0.08976562500000002,0.04706225101836026,False,196.0,3.3123166067525744,6.873367237858474,3.4315139055252075,0.0,149.0,196.0,10.0,96.0,96.0,607.0,844.0,,,,,,
bottom-up-retention-v2,5,3,0.1,3,2023,F-only,1.0,0.9,120.0,ok,8.9323125,0.08976562500000002,0.058359432965517044,False,268.0,5.046368925832212,10.850849212147295,5.777563899755478,0.0,226.0,268.0,12.0,149.0,149.0,1093.0,1363.0,,,,,,
bottom-up-retention-v2,5,3,0.2,1,2023,F-only,1.0,0.3,120.0,ok,9.855625,0.0,0.021049096016213298,False,52.0,0.5225979257375002,1.1102791177108884,1.0554669424891472,0.0,25.0,52.0,4.0,18.0,18.0,40.0,106.0,1000,0.0,3.0,3.34099423000589,results/pruning-comparison-raw/F-only-5-h3-d0.2-a1-l0.3.json,
bottom-up-retention-v2,5,3,0.2,1,2023,F-only,1.0,0.5,120.0,ok,9.90503125,0.009984375000000004,0.02653644501697272,False,64.0,0.7390810642391443,1.637569977901876,1.3606770662590861,0.0,39.0,64.0,5.0,32.0,32.0,83.0,156.0,1000,0.01,3.0,3.3258873539743945,results/pruning-comparison-raw/F-only-5-h3-d0.2-a1-l0.5.json,
bottom-up-retention-v2,5,3,0.2,1,2023,F-only,1.0,0.7,120.0,ok,9.673515625,0.015609375000000005,0.03217968507669866,False,88.0,1.4229059452190995,3.1145830871537328,2.077762968838215,0.0,67.0,88.0,7.0,59.0,59.0,226.0,317.0,1000,0.013,3.0,3.3649194680619985,results/pruning-comparison-raw/F-only-5-h3-d0.2-a1-l0.7.json,
bottom-up-retention-v2,5,3,0.2,1,2023,F-only,1.0,0.9,120.0,ok,8.155624999999999,0.144375,0.04705572605598718,False,160.0,2.7870660414919257,6.211425992660224,3.29579901881516,0.0,149.0,160.0,9.0,74.0,74.0,610.0,670.0,1000,0.136,3.0,3.4513933659764007,results/pruning-comparison-raw/F-only-5-h3-d0.2-a1-l0.9.json,
bottom-up-retention-v2,5,3,0.2,2,2023,F-only,1.0,0.3,120.0,ok,9.855625,0.0,0.02210392791312188,False,52.0,0.6040118169039488,1.1667130747810006,1.1717710876837373,0.0,25.0,52.0,4.0,18.0,18.0,40.0,106.0,,,,,,
bottom-up-retention-v2,5,3,0.2,2,2023,F-only,1.0,0.5,120.0,ok,9.90503125,0.009984375000000004,0.02678091498091817,False,64.0,0.8743940852582455,1.6998781356960535,1.415915205143392,0.0,39.0,64.0,5.0,32.0,32.0,83.0,156.0,,,,,,
bottom-up-retention-v2,5,3,0.2,2,2023,F-only,1.0,0.7,120.0,ok,9.673515625,0.015609375000000005,0.03287453402299434,False,88.0,1.9227940356358886,3.1848829239606857,2.05620308406651,0.0,67.0,88.0,7.0,59.0,59.0,226.0,317.0,,,,,,
bottom-up-retention-v2,5,3,0.2,2,2023,F-only,1.0,0.9,120.0,ok,8.155624999999999,0.144375,0.046527125989086926,False,160.0,2.7675421442836523,6.206178921274841,3.298513242043555,0.0,149.0,160.0,9.0,74.0,74.0,610.0,670.0,,,,,,
bottom-up-retention-v2,5,3,0.2,3,2023,F-only,1.0,0.3,120.0,ok,9.855625,0.0,0.020992890931665897,False,52.0,0.5759240593761206,1.1054889764636755,1.0555379558354616,0.0,25.0,52.0,4.0,18.0,18.0,40.0,106.0,,,,,,
bottom-up-retention-v2,5,3,0.2,3,2023,F-only,1.0,0.5,120.0,ok,9.90503125,0.009984375000000004,0.026912275003269315,False,64.0,0.7406341610476375,1.6590941231697798,1.4216338749974966,0.0,39.0,64.0,5.0,32.0,32.0,83.0,156.0,,,,,,
bottom-up-retention-v2,5,3,0.2,3,2023,F-only,1.0,0.7,120.0,ok,9.673515625,0.015609375000000005,0.03224001999478787,False,88.0,1.42675603274256,3.1672510085627437,2.1353388438001275,0.0,67.0,88.0,7.0,59.0,59.0,226.0,317.0,,,,,,
bottom-up-retention-v2,5,3,0.2,3,2023,F-only,1.0,0.9,120.0,ok,8.155624999999999,0.144375,0.04807516606524587,False,160.0,2.9172449139878154,6.394699099473655,3.448489587754011,0.0,149.0,160.0,9.0,74.0,74.0,610.0,670.0,,,,,,
bottom-up-retention-v2,5,3,0.3,1,2023,F-only,1.0,0.3,120.0,ok,9.855625,0.0,0.021312169963493943,False,52.0,0.534991966560483,1.1823611566796899,1.0831101099029183,0.0,25.0,52.0,4.0,18.0,18.0,40.0,106.0,1000,0.0,3.0,3.34068224101793,results/pruning-comparison-raw/F-only-5-h3-d0.3-a1-l0.3.json,
bottom-up-retention-v2,5,3,0.3,1,2023,F-only,1.0,0.5,120.0,ok,9.855625,0.0,0.02248748193960637,False,52.0,0.6314751226454973,1.3069401029497385,1.144732115790248,0.0,33.0,52.0,4.0,18.0,18.0,57.0,106.0,1000,0.0,3.0,3.3539016681024805,results/pruning-comparison-raw/F-only-5-h3-d0.3-a1-l0.5.json,
bottom-up-retention-v2,5,3,0.3,1,2023,F-only,1.0,0.7,120.0,ok,9.67871875,0.17690625000000004,0.02947081602178514,False,76.0,1.1773878941312432,2.5251589249819517,1.708787982352078,0.0,58.0,76.0,6.0,43.0,43.0,175.0,245.0,1000,0.16,3.0,3.3645684119546786,results/pruning-comparison-raw/F-only-5-h3-d0.3-a1-l0.7.json,
bottom-up-retention-v2,5,3,0.3,1,2023,F-only,1.0,0.9,120.0,ok,8.155624999999999,0.144375,0.04595911304932088,False,172.0,2.859200700186193,6.299947970546782,2.9761689947918057,0.0,160.0,172.0,9.0,73.0,73.0,634.0,695.0,1000,0.136,3.0,3.3125839369604364,results/pruning-comparison-raw/F-only-5-h3-d0.3-a1-l0.9.json,
bottom-up-retention-v2,5,3,0.3,2,2023,F-only,1.0,0.3,120.0,ok,9.855625,0.0,0.022070006001740694,False,52.0,0.63292495906353,1.2829378247261047,1.2298589572310448,0.0,25.0,52.0,4.0,18.0,18.0,40.0,106.0,,,,,,
bottom-up-retention-v2,5,3,0.3,2,2023,F-only,1.0,0.5,120.0,ok,9.855625,0.0,0.022165399976074696,False,52.0,1.0606831638142467,1.2590039987117052,1.0886151576414704,0.0,33.0,52.0,4.0,18.0,18.0,57.0,106.0,,,,,,
bottom-up-retention-v2,5,3,0.3,2,2023,F-only,1.0,0.7,120.0,ok,9.67871875,0.17690625000000004,0.029355374979786575,False,76.0,1.1301799677312374,2.463325159624219,1.6984270187094808,0.0,58.0,76.0,6.0,43.0,43.0,175.0,245.0,,,,,,
bottom-up-retention-v2,5,3,0.3,2,2023,F-only,1.0,0.9,120.0,ok,8.155624999999999,0.144375,0.05004716303665191,False,172.0,2.8243762208148837,6.989383022300899,3.3145910128951073,0.0,160.0,172.0,9.0,73.0,73.0,634.0,695.0,,,,,,
bottom-up-retention-v2,5,3,0.3,3,2023,F-only,1.0,0.3,120.0,ok,9.855625,0.0,0.021846269024536014,False,52.0,1.06240704189986,1.0951061267405748,1.0568989673629403,0.0,25.0,52.0,4.0,18.0,18.0,40.0,106.0,,,,,,
bottom-up-retention-v2,5,3,0.3,3,2023,F-only,1.0,0.5,120.0,ok,9.855625,0.0,0.021575204096734524,False,52.0,0.5803720559924841,1.18765898514539,1.108319847844541,0.0,33.0,52.0,4.0,18.0,18.0,57.0,106.0,,,,,,
bottom-up-retention-v2,5,3,0.3,3,2023,F-only,1.0,0.7,120.0,ok,9.67871875,0.17690625000000004,0.030393489985726774,False,76.0,1.1013959301635623,2.529280027374625,1.7192949308082461,0.0,58.0,76.0,6.0,43.0,43.0,175.0,245.0,,,,,,
bottom-up-retention-v2,5,3,0.3,3,2023,F-only,1.0,0.9,120.0,ok,8.155624999999999,0.144375,0.04760373302269727,False,172.0,3.521184087730944,6.405628868378699,3.052998217754066,0.0,160.0,172.0,9.0,73.0,73.0,634.0,695.0,,,,,,
bottom-up-retention-v2,5,4,0.1,1,2023,F-only,1.0,0.3,120.0,ok,10.791031250000001,0.0,0.03772976202890277,False,160.0,1.3860920444130898,2.460043993778527,1.4574250672012568,0.0,76.0,160.0,5.0,58.0,58.0,124.0,334.0,1000,0.0,4.0,4.4921523270895705,results/pruning-comparison-raw/F-only-5-h4-d0.1-a1-l0.3.json,
bottom-up-retention-v2,5,4,0.1,1,2023,F-only,1.0,0.5,120.0,ok,10.681131699218751,0.01074619555664063,0.06614992010872811,False,196.0,3.9023859426379204,6.551824044436216,2.8035587165504694,0.0,120.0,196.0,8.0,178.0,178.0,415.0,802.0,1000,0.019,4.0,4.5839424590813,results/pruning-comparison-raw/F-only-5-h4-d0.1-a1-l0.5.json,
bottom-up-retention-v2,5,4,0.1,1,2023,F-only,1.0,0.7,120.0,ok,9.777517099609375,0.09538847145996095,0.1285466719418764,False,472.0,10.692899813875556,21.263187052682042,8.605157025158405,0.0,367.0,472.0,14.0,342.0,342.0,2005.0,2738.0,1000,0.098,4.0,4.905440159956925,results/pruning-comparison-raw/F-only-5-h4-d0.1-a1-l0.7.json,
bottom-up-retention-v2,5,4,0.1,1,2023,F-only,1.0,0.9,120.0,ok,9.679810263671875,0.09923649803466798,0.30739065597299486,False,1084.0,35.27664497960359,97.89491828996688,45.24412495084107,0.0,993.0,1084.0,22.0,1069.0,1069.0,8237.0,9327.0,1000,0.104,4.0,4.554373776074499,results/pruning-comparison-raw/F-only-5-h4-d0.1-a1-l0.9.json,
bottom-up-retention-v2,5,4,0.1,2,2023,F-only,1.0,0.3,120.0,ok,10.791031250000001,0.0,0.03768055897671729,False,160.0,1.38766597956419,2.3700029123574495,1.440536929294467,0.0,76.0,160.0,5.0,58.0,58.0,124.0,334.0,,,,,,
bottom-up-retention-v2,5,4,0.1,2,2023,F-only,1.0,0.5,120.0,ok,10.681131699218751,0.01074619555664063,0.06169711390975863,False,196.0,3.2699699513614178,6.090341135859489,2.494811196811497,0.0,120.0,196.0,8.0,178.0,178.0,415.0,802.0,,,,,,
bottom-up-retention-v2,5,4,0.1,2,2023,F-only,1.0,0.7,120.0,ok,9.777517099609375,0.09538847145996095,0.12579429894685745,False,472.0,11.093293665908277,21.377830766141415,8.390111033804715,0.0,367.0,472.0,14.0,342.0,342.0,2005.0,2738.0,,,,,,
bottom-up-retention-v2,5,4,0.1,2,2023,F-only,1.0,0.9,120.0,ok,9.679810263671875,0.09923649803466798,0.3299349891021848,False,1084.0,38.75621280167252,103.89961395412683,44.542103074491024,0.0,993.0,1084.0,22.0,1069.0,1069.0,8237.0,9327.0,,,,,,
bottom-up-retention-v2,5,4,0.1,3,2023,F-only,1.0,0.3,120.0,ok,10.791031250000001,0.0,0.03814469394274056,False,160.0,1.408630982041359,2.3910540621727705,1.465424196794629,0.0,76.0,160.0,5.0,58.0,58.0,124.0,334.0,,,,,,
bottom-up-retention-v2,5,4,0.1,3,2023,F-only,1.0,0.5,120.0,ok,10.681131699218751,0.01074619555664063,0.0639392000157386,False,196.0,3.3985909540206194,6.51280302554369,2.7081588050350547,0.0,120.0,196.0,8.0,178.0,178.0,415.0,802.0,,,,,,
bottom-up-retention-v2,5,4,0.1,3,2023,F-only,1.0,0.7,120.0,ok,9.777517099609375,0.09538847145996095,0.12538797699380666,False,472.0,11.141695082187653,21.05649805162102,8.385263849049807,0.0,367.0,472.0,14.0,342.0,342.0,2005.0,2738.0,,,,,,
bottom-up-retention-v2,5,4,0.1,3,2023,F-only,1.0,0.9,120.0,ok,9.679810263671875,0.09923649803466798,0.2804282010765746,False,1084.0,34.8601610166952,73.40299268253148,43.10143308248371,0.0,993.0,1084.0,22.0,1069.0,1069.0,8237.0,9327.0,,,,,,
bottom-up-retention-v2,5,4,0.2,1,2023,F-only,1.0,0.3,120.0,ok,10.791031250000001,0.0,0.03698726196307689,False,160.0,1.3695850502699614,2.3517669178545475,1.4279360184445977,0.0,76.0,160.0,5.0,58.0,58.0,124.0,334.0,1000,0.0,4.0,4.493466058978811,results/pruning-comparison-raw/F-only-5-h4-d0.2-a1-l0.3.json,
bottom-up-retention-v2,5,4,0.2,1,2023,F-only,1.0,0.5,120.0,ok,10.839988730468752,0.01074619555664063,0.06267449900042266,False,196.0,3.4696627408266068,6.252014078199863,2.6599320117384195,0.0,120.0,196.0,8.0,178.0,178.0,416.0,802.0,1000,0.019,4.0,4.467260910896584,results/pruning-comparison-raw/F-only-5-h4-d0.2-a1-l0.5.json,
bottom-up-retention-v2,5,4,0.2,1,2023,F-only,1.0,0.7,120.0,ok,10.587442724609376,0.035489052246093764,0.08818445901852101,False,328.0,6.632659351453185,12.299221009016037,3.7178341299295425,0.0,248.0,328.0,10.0,273.0,273.0,1142.0,1603.0,1000,0.044,4.0,4.431499896105379,results/pruning-comparison-raw/F-only-5-h4-d0.2-a1-l0.7.json,
bottom-up-retention-v2,5,4,0.2,1,2023,F-only,1.0,0.9,120.0,ok,8.7915875390625,0.15077686814575197,0.14659985702019185,False,568.0,10.898883803747594,24.26120697055012,11.759575689211488,0.0,529.0,568.0,13.0,309.0,309.0,2541.0,2767.0,1000,0.152,4.0,4.383689558017068,results/pruning-comparison-raw/F-only-5-h4-d0.2-a1-l0.9.json,
bottom-up-retention-v2,5,4,0.2,2,2023,F-only,1.0,0.3,120.0,ok,10.791031250000001,0.0,0.036530061974190176,False,160.0,1.3292570365592837,2.3080010432749987,1.4541720738634467,0.0,76.0,160.0,5.0,58.0,58.0,124.0,334.0,,,,,,
bottom-up-retention-v2,5,4,0.2,2,2023,F-only,1.0,0.5,120.0,ok,10.839988730468752,0.01074619555664063,0.061829886049963534,False,196.0,3.4837358398362994,6.132527953013778,2.5153682800009847,0.0,120.0,196.0,8.0,178.0,178.0,416.0,802.0,,,,,,
bottom-up-retention-v2,5,4,0.2,2,2023,F-only,1.0,0.7,120.0,ok,10.587442724609376,0.035489052246093764,0.09048223902937025,False,328.0,7.0709597785025835,12.389099807478487,3.8487479323521256,0.0,248.0,328.0,10.0,273.0,273.0,1142.0,1603.0,,,,,,
bottom-up-retention-v2,5,4,0.2,2,2023,F-only,1.0,0.9,120.0,ok,8.7915875390625,0.15077686814575197,0.15700869006104767,False,568.0,10.915339225903153,23.68255122564733,10.717943194322288,0.0,529.0,568.0,13.0,309.0,309.0,2541.0,2767.0,,,,,,
bottom-up-retention-v2,5,4,0.2,3,2023,F-only,1.0,0.5,120.0,ok,10.839988730468752,0.01074619555664063,0.06228815100621432,False,196.0,3.379556117579341,6.131366943009198,2.5652118492871523,0.0,120.0,196.0,8.0,178.0,178.0,416.0,802.0,,,,,,
bottom-up-retention-v2,5,4,0.2,3,2023,F-only,1.0,0.7,120.0,ok,10.587442724609376,0.035489052246093764,0.0896354919532314,False,328.0,6.733678048476577,12.309254030697048,3.7727392045781016,0.0,248.0,328.0,10.0,273.0,273.0,1142.0,1603.0,,,,,,
bottom-up-retention-v2,5,4,0.2,3,2023,F-only,1.0,0.9,120.0,ok,8.7915875390625,0.15077686814575197,0.13524115597829223,False,568.0,10.143552091903985,22.867882158607244,10.315697873011231,0.0,529.0,568.0,13.0,309.0,309.0,2541.0,2767.0,,,,,,
bottom-up-retention-v2,5,4,0.2,3,2023,F-only,1.0,0.3,120.0,ok,10.791031250000001,0.0,0.037265992956236005,False,160.0,1.3407771475613117,2.3485771380364895,1.426293863914907,0.0,76.0,160.0,5.0,58.0,58.0,124.0,334.0,,,,,,
bottom-up-retention-v2,5,4,0.3,1,2023,F-only,1.0,0.3,120.0,ok,10.791031250000001,0.0,0.03798525803722441,False,160.0,1.4367270050570369,2.3709338856860995,1.4428520807996392,0.0,76.0,160.0,5.0,58.0,58.0,124.0,334.0,1000,0.0,4.0,4.518963027046993,results/pruning-comparison-raw/F-only-5-h4-d0.3-a1-l0.3.json,
bottom-up-retention-v2,5,4,0.3,1,2023,F-only,1.0,0.5,120.0,ok,10.786191464843752,0.0007618205566406254,0.05911759799346328,False,208.0,3.659598878584802,6.633010925725102,2.5390780065208673,0.0,127.0,208.0,8.0,179.0,179.0,440.0,849.0,1000,0.0,4.0,4.517255368991755,results/pruning-comparison-raw/F-only-5-h4-d0.3-a1-l0.5.json,
bottom-up-retention-v2,5,4,0.3,1,2023,F-only,1.0,0.7,120.0,ok,10.711675068359376,0.19021566137695317,0.10872403800021857,False,328.0,6.594932754524052,31.423676875419915,3.8117789663374424,0.0,249.0,328.0,10.0,268.0,268.0,1156.0,1620.0,1000,0.174,4.0,4.518335268017836,results/pruning-comparison-raw/F-only-5-h4-d0.3-a1-l0.7.json,
bottom-up-retention-v2,5,4,0.3,1,2023,F-only,1.0,0.9,120.0,ok,8.241031249999999,0.15480147923583987,0.2279125569621101,False,868.0,29.930089018307626,61.740443925373256,24.1098030237481,0.0,809.0,868.0,20.0,887.0,887.0,6903.0,7497.0,1000,0.154,4.0,4.44581656891387,results/pruning-comparison-raw/F-only-5-h4-d0.3-a1-l0.9.json,
bottom-up-retention-v2,5,4,0.3,2,2023,F-only,1.0,0.5,120.0,ok,10.786191464843752,0.0007618205566406254,0.057445682934485376,False,208.0,3.575011156499386,6.232548970729113,2.4788747541606426,0.0,127.0,208.0,8.0,179.0,179.0,440.0,849.0,,,,,,
bottom-up-retention-v2,5,4,0.3,2,2023,F-only,1.0,0.7,120.0,ok,10.711675068359376,0.19021566137695317,0.09174730500672013,False,328.0,7.224213099107146,12.916550156660378,3.8320450112223625,0.0,249.0,328.0,10.0,268.0,268.0,1156.0,1620.0,,,,,,
bottom-up-retention-v2,5,4,0.3,2,2023,F-only,1.0,0.9,120.0,ok,8.241031249999999,0.15480147923583987,0.24581464694347233,False,868.0,50.180066376924515,61.38146331068128,23.742881254293025,0.0,809.0,868.0,20.0,887.0,887.0,6903.0,7497.0,,,,,,
bottom-up-retention-v2,5,4,0.3,2,2023,F-only,1.0,0.3,120.0,ok,10.791031250000001,0.0,0.03690386505331844,False,160.0,1.3715479290112853,2.3675640113651752,1.428784104064107,0.0,76.0,160.0,5.0,58.0,58.0,124.0,334.0,,,,,,
bottom-up-retention-v2,5,4,0.3,3,2023,F-only,1.0,0.7,120.0,ok,10.711675068359376,0.19021566137695317,0.09756582300178707,False,328.0,7.220603758469224,15.136882662773132,4.412831156514585,0.0,249.0,328.0,10.0,268.0,268.0,1156.0,1620.0,,,,,,
bottom-up-retention-v2,5,4,0.3,3,2023,F-only,1.0,0.9,120.0,ok,8.241031249999999,0.15480147923583987,0.23473680403549224,False,868.0,28.95716775674373,64.05405886471272,25.497782276943326,0.0,809.0,868.0,20.0,887.0,887.0,6903.0,7497.0,,,,,,
bottom-up-retention-v2,5,4,0.3,3,2023,F-only,1.0,0.3,120.0,ok,10.791031250000001,0.0,0.03818215196952224,False,160.0,1.3925550738349557,2.6614367961883545,1.4787339605391026,0.0,76.0,160.0,5.0,58.0,58.0,124.0,334.0,,,,,,
bottom-up-retention-v2,5,4,0.3,3,2023,F-only,1.0,0.5,120.0,ok,10.786191464843752,0.0007618205566406254,0.05891649704426527,False,208.0,3.6150949308648705,6.216025096364319,2.509717713110149,0.0,127.0,208.0,8.0,179.0,179.0,440.0,849.0,,,,,,
bottom-up-retention-v2,5,5,0.1,1,2023,F-only,1.0,0.5,120.0,ok,11.62535635175171,0.012887433588867193,0.17376655305270106,False,724.0,16.134337056428194,26.887277839705348,5.140789085999131,0.0,439.0,724.0,11.0,807.0,807.0,2007.0,3881.0,1000,0.02,5.0,5.616218328010291,results/pruning-comparison-raw/F-only-5-h5-d0.1-a1-l0.5.json,
bottom-up-retention-v2,5,5,0.1,1,2023,F-only,1.0,0.7,120.0,ok,10.640214456347657,0.09996350263152697,0.486905136029236,False,1492.0,61.06667686253786,141.10190386418253,53.72348625678569,0.0,1157.0,1492.0,23.0,2081.0,2081.0,11116.0,15099.0,1000,0.103,5.0,5.702660873066634,results/pruning-comparison-raw/F-only-5-h5-d0.1-a1-l0.7.json,
bottom-up-retention-v2,5,5,0.1,1,2023,F-only,1.0,0.9,120.0,ok,10.42516637290039,0.09997335736212161,0.7990024440223351,False,2692.0,125.95135532319546,240.46120792627335,119.62371121626347,0.0,2479.0,2692.0,28.0,2998.0,2998.0,24524.0,27186.0,1000,0.106,5.0,5.714587875059806,results/pruning-comparison-raw/F-only-5-h5-d0.1-a1-l0.9.json,
bottom-up-retention-v2,5,5,0.1,1,2023,F-only,1.0,0.3,120.0,ok,11.729504612384034,0.0003297549697036745,0.14973720500711352,False,556.0,10.281886090524495,14.762119972147048,4.148276057094336,0.0,257.0,556.0,9.0,544.0,544.0,783.0,2348.0,1000,0.0,5.0,5.725458170985803,results/pruning-comparison-raw/F-only-5-h5-d0.1-a1-l0.3.json,
bottom-up-retention-v2,5,5,0.1,2,2023,F-only,1.0,0.7,120.0,ok,10.640214456347657,0.09996350263152697,0.492006863001734,False,1492.0,61.5175700513646,145.12545033358037,55.259914603084326,0.0,1157.0,1492.0,23.0,2081.0,2081.0,11116.0,15099.0,,,,,,
bottom-up-retention-v2,5,5,0.1,2,2023,F-only,1.0,0.9,120.0,ok,10.42516637290039,0.09997335736212161,0.8400995759293437,False,2692.0,140.17549715936184,238.8806843664497,123.47285612486303,0.0,2479.0,2692.0,28.0,2998.0,2998.0,24524.0,27186.0,,,,,,
bottom-up-retention-v2,5,5,0.1,2,2023,F-only,1.0,0.3,120.0,ok,11.729504612384034,0.0003297549697036745,0.12687858298886567,False,556.0,10.45654178597033,14.796397997997701,3.699282184243202,0.0,257.0,556.0,9.0,544.0,544.0,783.0,2348.0,,,,,,
bottom-up-retention-v2,5,5,0.1,2,2023,F-only,1.0,0.5,120.0,ok,11.62535635175171,0.012887433588867193,0.17806426098104566,False,724.0,16.31006901152432,26.448171120136976,5.289992899633944,0.0,439.0,724.0,11.0,807.0,807.0,2007.0,3881.0,,,,,,
bottom-up-retention-v2,5,5,0.1,3,2023,F-only,1.0,0.9,120.0,ok,10.42516637290039,0.09997335736212161,0.8340593430912122,False,2692.0,109.59696664940566,280.55907611269504,122.33132112305611,0.0,2479.0,2692.0,28.0,2998.0,2998.0,24524.0,27186.0,,,,,,
bottom-up-retention-v2,5,5,0.1,3,2023,F-only,1.0,0.3,120.0,ok,11.729504612384034,0.0003297549697036745,0.13831505097914487,False,556.0,10.924865026026964,15.452543855644763,4.121878766454756,0.0,257.0,556.0,9.0,544.0,544.0,783.0,2348.0,,,,,,
bottom-up-retention-v2,5,5,0.1,3,2023,F-only,1.0,0.5,120.0,ok,11.62535635175171,0.012887433588867193,0.1774146790849045,False,724.0,16.510133049450815,27.624948997981846,5.501721985638142,0.0,439.0,724.0,11.0,807.0,807.0,2007.0,3881.0,,,,,,
bottom-up-retention-v2,5,5,0.1,3,2023,F-only,1.0,0.7,120.0,ok,10.640214456347657,0.09996350263152697,0.49536134395748377,False,1492.0,90.73749498929828,115.07514002732933,54.269193788059056,0.0,1157.0,1492.0,23.0,2081.0,2081.0,11116.0,15099.0,,,,,,
bottom-up-retention-v2,5,5,0.2,1,2023,F-only,1.0,0.7,120.0,ok,11.47349336781006,0.03515087593872072,0.27308538008946925,False,1132.0,29.9296488519758,51.718100206926465,8.317261002957821,0.0,870.0,1132.0,13.0,1036.0,1036.0,4799.0,6624.0,1000,0.032,5.0,6.031713593984023,results/pruning-comparison-raw/F-only-5-h5-d0.2-a1-l0.7.json,
bottom-up-retention-v2,5,5,0.2,1,2023,F-only,1.0,0.9,120.0,ok,9.336185924951172,0.1527184580636902,0.7047749720513821,False,2824.0,91.24902496114373,192.2417440218851,59.762532473541796,0.0,2621.0,2824.0,24.0,2533.0,2533.0,21897.0,23855.0,1000,0.172,5.0,5.63302486599423,results/pruning-comparison-raw/F-only-5-h5-d0.2-a1-l0.9.json,
bottom-up-retention-v2,5,5,0.2,1,2023,F-only,1.0,0.3,120.0,ok,11.729504612384034,0.0003297549697036745,0.12124087999109179,False,556.0,9.504130925051868,14.071417041122913,3.42762831132859,0.0,257.0,556.0,9.0,544.0,544.0,783.0,2348.0,1000,0.0,5.0,5.739028675016016,results/pruning-comparison-raw/F-only-5-h5-d0.2-a1-l0.3.json,
bottom-up-retention-v2,5,5,0.2,1,2023,F-only,1.0,0.5,120.0,ok,11.777657308447267,0.012164754384613043,0.20193092501722276,False,724.0,42.035303078591824,29.33545014820993,5.6717360857874155,0.0,438.0,724.0,12.0,951.0,951.0,2235.0,4353.0,1000,0.021,5.0,7.648420962039381,results/pruning-comparison-raw/F-only-5-h5-d0.2-a1-l0.5.json,
bottom-up-retention-v2,5,5,0.2,2,2023,F-only,1.0,0.9,120.0,ok,9.336185924951172,0.1527184580636902,1.1736972100334242,False,2824.0,184.79381396900862,339.07342865131795,88.30605912953615,0.0,2621.0,2824.0,24.0,2533.0,2533.0,21897.0,23855.0,,,,,,
bottom-up-retention-v2,5,5,0.2,2,2023,F-only,1.0,0.3,120.0,ok,11.729504612384034,0.0003297549697036745,0.2902771480148658,False,556.0,16.645508934743702,32.09155995864421,6.234875996597111,0.0,257.0,556.0,9.0,544.0,544.0,783.0,2348.0,,,,,,
bottom-up-retention-v2,5,5,0.2,2,2023,F-only,1.0,0.5,120.0,ok,11.777657308447267,0.012164754384613043,0.21541622804943472,False,724.0,21.53035590890795,34.359681769274175,6.875615916214883,0.0,438.0,724.0,12.0,951.0,951.0,2235.0,4353.0,,,,,,
bottom-up-retention-v2,5,5,0.2,2,2023,F-only,1.0,0.7,120.0,ok,11.47349336781006,0.03515087593872072,0.3278997549787164,False,1132.0,34.23778701107949,65.57862681802362,9.486931376159191,0.0,870.0,1132.0,13.0,1036.0,1036.0,4799.0,6624.0,,,,,,
bottom-up-retention-v2,5,5,0.2,3,2023,F-only,1.0,0.3,120.0,ok,11.729504612384034,0.0003297549697036745,0.171026105992496,False,556.0,14.854925335384905,20.55917284451425,4.470600048080087,0.0,257.0,556.0,9.0,544.0,544.0,783.0,2348.0,,,,,,
bottom-up-retention-v2,5,5,0.2,3,2023,F-only,1.0,0.5,120.0,ok,11.777657308447267,0.012164754384613043,0.2546736110234633,False,724.0,24.359624017961323,41.43265658058226,7.067782920785248,0.0,438.0,724.0,12.0,951.0,951.0,2235.0,4353.0,,,,,,
bottom-up-retention-v2,5,5,0.2,3,2023,F-only,1.0,0.7,120.0,ok,11.47349336781006,0.03515087593872072,0.3433097730157897,False,1132.0,35.67020909395069,64.93627885356545,9.931953973136842,0.0,870.0,1132.0,13.0,1036.0,1036.0,4799.0,6624.0,,,,,,
bottom-up-retention-v2,5,5,0.2,3,2023,F-only,1.0,0.9,120.0,ok,9.336185924951172,0.1527184580636902,0.772319971001707,False,2824.0,93.67968351580203,233.33788744639605,64.22378763090819,0.0,2621.0,2824.0,24.0,2533.0,2533.0,21897.0,23855.0,,,,,,
bottom-up-retention-v2,5,5,0.3,1,2023,F-only,1.0,0.9,120.0,ok,8.767726799340819,0.19483977791285706,0.960894824936986,False,2860.0,181.12349754665047,303.45665803179145,70.38984471000731,0.0,2658.0,2860.0,25.0,2933.0,2933.0,25084.0,27251.0,1000,0.21,5.0,6.915004380978644,results/pruning-comparison-raw/F-only-5-h5-d0.3-a1-l0.9.json,
bottom-up-retention-v2,5,5,0.3,1,2023,F-only,1.0,0.3,120.0,ok,11.729504612384034,0.0003297549697036745,0.15468805597629398,False,556.0,10.4853700613603,15.639361925423145,4.289406118914485,0.0,257.0,556.0,9.0,544.0,544.0,783.0,2348.0,1000,0.0,5.0,6.813059768057428,results/pruning-comparison-raw/F-only-5-h5-d0.3-a1-l0.3.json,
bottom-up-retention-v2,5,5,0.3,1,2023,F-only,1.0,0.5,120.0,ok,11.728457985498048,0.0013379237416076667,0.21532856894191355,False,772.0,25.635145022533834,38.07296312879771,6.701288395561278,0.0,467.0,772.0,12.0,951.0,951.0,2362.0,4569.0,1000,0.006,5.0,6.049663063953631,results/pruning-comparison-raw/F-only-5-h5-d0.3-a1-l0.5.json,
bottom-up-retention-v2,5,5,0.3,1,2023,F-only,1.0,0.7,120.0,ok,11.641601392382814,0.13062487515060428,0.3069875870132819,False,1156.0,61.195319052785635,59.61986293550581,9.33689740486443,0.0,885.0,1156.0,14.0,1229.0,1229.0,5544.0,7683.0,1000,0.122,5.0,6.118103895103559,results/pruning-comparison-raw/F-only-5-h5-d0.3-a1-l0.7.json,
bottom-up-retention-v2,5,5,0.3,2,2023,F-only,1.0,0.3,120.0,ok,11.729504612384034,0.0003297549697036745,0.13674699689727277,False,556.0,10.372578050009906,15.387240913696587,4.084431799128652,0.0,257.0,556.0,9.0,544.0,544.0,783.0,2348.0,,,,,,
bottom-up-retention-v2,5,5,0.3,2,2023,F-only,1.0,0.5,120.0,ok,11.728457985498048,0.0013379237416076667,0.19198321690782905,False,772.0,20.929655991494656,32.380690798163414,6.735656992532313,0.0,467.0,772.0,12.0,951.0,951.0,2362.0,4569.0,,,,,,
bottom-up-retention-v2,5,5,0.3,2,2023,F-only,1.0,0.7,120.0,ok,11.641601392382814,0.13062487515060428,0.3930126930354163,False,1156.0,66.78803998511285,85.22157568950206,11.322809848934412,0.0,885.0,1156.0,14.0,1229.0,1229.0,5544.0,7683.0,,,,,,
bottom-up-retention-v2,5,5,0.3,2,2023,F-only,1.0,0.9,120.0,ok,8.767726799340819,0.19483977791285706,0.8410359600093216,False,2860.0,135.36562398076057,262.24043092224747,65.76316896826029,0.0,2658.0,2860.0,25.0,2933.0,2933.0,25084.0,27251.0,,,,,,
bottom-up-retention-v2,5,5,0.3,3,2023,F-only,1.0,0.3,120.0,ok,11.729504612384034,0.0003297549697036745,0.12830120301805437,False,556.0,9.448332944884896,15.683401026763022,3.9426129078492522,0.0,257.0,556.0,9.0,544.0,544.0,783.0,2348.0,,,,,,
bottom-up-retention-v2,5,5,0.3,3,2023,F-only,1.0,0.5,120.0,ok,11.728457985498048,0.0013379237416076667,0.1830961420200765,False,772.0,18.377175088971853,32.67780924215913,6.174450973048806,0.0,467.0,772.0,12.0,951.0,951.0,2362.0,4569.0,,,,,,
bottom-up-retention-v2,5,5,0.3,3,2023,F-only,1.0,0.7,120.0,ok,11.641601392382814,0.13062487515060428,0.3053056449862197,False,1156.0,61.2340762745589,57.61055834591389,9.3356529250741,0.0,885.0,1156.0,14.0,1229.0,1229.0,5544.0,7683.0,,,,,,
bottom-up-retention-v2,5,5,0.3,3,2023,F-only,1.0,0.9,120.0,ok,8.767726799340819,0.19483977791285706,0.789385276963003,False,2860.0,108.82371617481112,253.5124240675941,67.77861912269145,0.0,2658.0,2860.0,25.0,2933.0,2933.0,25084.0,27251.0,,,,,,
bottom-up-retention-v2,5,6,0.1,1,2023,F-only,1.0,0.3,120.0,ok,12.673340800178838,4.0970163897314105e-05,0.4530539030674845,False,1864.0,65.57730317581445,91.46245010197163,10.835009976290166,0.0,853.0,1864.0,15.0,3582.0,3582.0,4640.0,14442.0,1000,0.0,6.0,7.145259662996978,results/pruning-comparison-raw/F-only-5-h6-d0.1-a1-l0.3.json,
bottom-up-retention-v2,5,6,0.1,1,2023,F-only,1.0,0.5,120.0,ok,12.575662159210516,0.010227609756759742,0.575539886020124,False,2416.0,71.63667306303978,147.9197721928358,13.023773208260536,0.0,1461.0,2416.0,15.0,3676.0,3676.0,9346.0,17996.0,1000,0.012,6.0,7.0511458771070465,results/pruning-comparison-raw/F-only-5-h6-d0.1-a1-l0.5.json,
bottom-up-retention-v2,5,6,0.1,1,2023,F-only,1.0,0.7,120.0,ok,11.627250496687077,0.09999994076280956,2.2148077310994267,False,5284.0,337.4021501513198,588.5294270701706,399.59433674812317,0.0,4115.0,5284.0,33.0,10521.0,10521.0,55500.0,75003.0,1000,0.094,6.0,7.063604596070945,results/pruning-comparison-raw/F-only-5-h6-d0.1-a1-l0.7.json,
bottom-up-retention-v2,5,6,0.1,1,2023,F-only,1.0,0.9,120.0,ok,11.112606886740384,0.09998379798851334,4.683009780012071,False,9124.0,756.7013339139521,1349.7173531213775,1203.4698653733358,0.0,8421.0,9124.0,43.0,17609.0,17609.0,134300.0,147467.0,1000,0.092,6.0,7.051083439961076,results/pruning-comparison-raw/F-only-5-h6-d0.1-a1-l0.9.json,
bottom-up-retention-v2,5,6,0.1,2,2023,F-only,1.0,0.3,120.0,ok,12.673340800178838,4.0970163897314105e-05,0.400683001964353,False,1864.0,63.26599000021815,86.4475698908791,10.515446891076863,0.0,853.0,1864.0,15.0,3582.0,3582.0,4640.0,14442.0,,,,,,
bottom-up-retention-v2,5,6,0.1,2,2023,F-only,1.0,0.5,120.0,ok,12.575662159210516,0.010227609756759742,0.5791306840255857,False,2416.0,71.84661587234586,146.5442740591243,13.730513048358262,0.0,1461.0,2416.0,15.0,3676.0,3676.0,9346.0,17996.0,,,,,,
bottom-up-retention-v2,5,6,0.1,2,2023,F-only,1.0,0.7,120.0,ok,11.627250496687077,0.09999994076280956,2.264521487057209,False,5284.0,345.7926990231499,686.5862981649116,404.37610377557576,0.0,4115.0,5284.0,33.0,10521.0,10521.0,55500.0,75003.0,,,,,,
bottom-up-retention-v2,5,6,0.1,2,2023,F-only,1.0,0.9,120.0,ok,11.112606886740384,0.09998379798851334,4.697395868017338,False,9124.0,703.5636487416923,1439.4421689212322,1189.8098537931219,0.0,8421.0,9124.0,43.0,17609.0,17609.0,134300.0,147467.0,,,,,,
bottom-up-retention-v2,5,6,0.1,3,2023,F-only,1.0,0.3,120.0,ok,12.673340800178838,4.0970163897314105e-05,0.4688050509430468,False,1864.0,58.63440199755132,88.04562280420214,10.427703731693327,0.0,853.0,1864.0,15.0,3582.0,3582.0,4640.0,14442.0,,,,,,
bottom-up-retention-v2,5,6,0.1,3,2023,F-only,1.0,0.5,120.0,ok,12.575662159210516,0.010227609756759742,0.5680960000026971,False,2416.0,73.97732883691788,117.76143196038902,13.123324140906334,0.0,1461.0,2416.0,15.0,3676.0,3676.0,9346.0,17996.0,,,,,,
bottom-up-retention-v2,5,6,0.1,3,2023,F-only,1.0,0.7,120.0,ok,11.627250496687077,0.09999994076280956,2.242799732950516,False,5284.0,417.76231676340103,599.9169388087466,401.61198284476995,0.0,4115.0,5284.0,33.0,10521.0,10521.0,55500.0,75003.0,,,,,,
bottom-up-retention-v2,5,6,0.1,3,2023,F-only,1.0,0.9,120.0,ok,11.112606886740384,0.09998379798851334,4.791903069010004,False,9124.0,719.6612420957536,1369.9724863981828,1211.0953400842845,0.0,8421.0,9124.0,43.0,17609.0,17609.0,134300.0,147467.0,,,,,,
bottom-up-retention-v2,5,6,0.2,1,2023,F-only,1.0,0.3,120.0,ok,12.673340800178838,4.0970163897314105e-05,0.4613121129805222,False,1864.0,59.41555532626808,144.60036100354046,10.070982156321406,0.0,853.0,1864.0,15.0,3582.0,3582.0,4640.0,14442.0,1000,0.0,6.0,6.953354062978178,results/pruning-comparison-raw/F-only-5-h6-d0.2-a1-l0.3.json,
bottom-up-retention-v2,5,6,0.2,1,2023,F-only,1.0,0.5,120.0,ok,12.719299950320154,0.0105973579374733,0.6044024520087987,False,2380.0,102.04211226664484,158.37103535886854,14.39523184671998,0.0,1442.0,2380.0,16.0,4117.0,4117.0,10239.0,19731.0,1000,0.012,6.0,7.000161102972925,results/pruning-comparison-raw/F-only-5-h6-d0.2-a1-l0.5.json,
bottom-up-retention-v2,5,6,0.2,1,2023,F-only,1.0,0.7,120.0,ok,12.412295120797937,0.04934857696617452,1.4227611719397828,False,4876.0,273.81491125561297,425.8999110898003,36.61038156133145,0.0,3758.0,4876.0,23.0,7710.0,7710.0,38670.0,52898.0,1000,0.043,6.0,7.031975336023606,results/pruning-comparison-raw/F-only-5-h6-d0.2-a1-l0.7.json,
bottom-up-retention-v2,5,6,0.2,1,2023,F-only,1.0,0.9,120.0,ok,9.834752531308222,0.1561213127247468,5.632769806077704,False,12712.0,1000.4491842119023,1693.7236035009846,971.426795469597,0.0,11798.0,12712.0,40.0,19435.0,19435.0,169312.0,184245.0,1000,0.153,6.0,6.769774028100073,results/pruning-comparison-raw/F-only-5-h6-d0.2-a1-l0.9.json,
bottom-up-retention-v2,5,6,0.2,2,2023,F-only,1.0,0.3,120.0,ok,12.673340800178838,4.0970163897314105e-05,0.40601013402920216,False,1864.0,62.76712636463344,90.3435880318284,10.559835936874151,0.0,853.0,1864.0,15.0,3582.0,3582.0,4640.0,14442.0,,,,,,
bottom-up-retention-v2,5,6,0.2,2,2023,F-only,1.0,0.5,120.0,ok,12.719299950320154,0.0105973579374733,0.6558946160366759,False,2380.0,83.37577013298869,217.15316257905215,14.717794139869511,0.0,1442.0,2380.0,16.0,4117.0,4117.0,10239.0,19731.0,,,,,,
bottom-up-retention-v2,5,6,0.2,2,2023,F-only,1.0,0.7,120.0,ok,12.412295120797937,0.04934857696617452,1.428260426968336,False,4876.0,210.49911179579794,489.38480915967375,36.850110278464854,0.0,3758.0,4876.0,23.0,7710.0,7710.0,38670.0,52898.0,,,,,,
bottom-up-retention-v2,5,6,0.2,2,2023,F-only,1.0,0.9,120.0,ok,9.834752531308222,0.1561213127247468,4.995861393050291,False,12712.0,1000.090145971626,1694.0269492333755,374.76967996917665,0.0,11798.0,12712.0,40.0,19435.0,19435.0,169312.0,184245.0,,,,,,
bottom-up-retention-v2,5,6,0.2,3,2023,F-only,1.0,0.3,120.0,ok,12.673340800178838,4.0970163897314105e-05,0.48008310596924275,False,1864.0,61.20529386680573,167.02764318324625,10.64007100649178,0.0,853.0,1864.0,15.0,3582.0,3582.0,4640.0,14442.0,,,,,,
bottom-up-retention-v2,5,6,0.2,3,2023,F-only,1.0,0.5,120.0,ok,12.719299950320154,0.0105973579374733,0.5896272660465911,False,2380.0,83.7650450412184,160.99634382408112,14.326412929221988,0.0,1442.0,2380.0,16.0,4117.0,4117.0,10239.0,19731.0,,,,,,
bottom-up-retention-v2,5,6,0.2,3,2023,F-only,1.0,0.7,120.0,ok,12.412295120797937,0.04934857696617452,1.4175252059940249,False,4876.0,271.6018920764327,436.2725099781528,36.98388475459069,0.0,3758.0,4876.0,23.0,7710.0,7710.0,38670.0,52898.0,,,,,,
bottom-up-retention-v2,5,6,0.2,3,2023,F-only,1.0,0.9,120.0,ok,9.834752531308222,0.1561213127247468,5.087381301098503,False,12712.0,927.7996115852147,1819.7427146369591,376.69589556753635,0.0,11798.0,12712.0,40.0,19435.0,19435.0,169312.0,184245.0,,,,,,
bottom-up-retention-v2,5,6,0.3,1,2023,F-only,1.0,0.3,120.0,ok,12.673340800178838,4.0970163897314105e-05,0.40064944908954203,False,1864.0,61.427223845385015,86.76695416215807,10.647514835000038,0.0,853.0,1864.0,15.0,3582.0,3582.0,4640.0,14442.0,1000,0.0,6.0,6.917557530920021,results/pruning-comparison-raw/F-only-5-h6-d0.3-a1-l0.3.json,
bottom-up-retention-v2,5,6,0.3,1,2023,F-only,1.0,0.5,120.0,ok,12.66882118499212,0.0026402369811844837,0.6035915240645409,False,2476.0,98.17120525985956,116.67621927335858,12.906003859825432,0.0,1501.0,2476.0,15.0,3642.0,3642.0,9587.0,18306.0,1000,0.004,6.0,6.803247421048582,results/pruning-comparison-raw/F-only-5-h6-d0.3-a1-l0.5.json,
bottom-up-retention-v2,5,6,0.3,1,2023,F-only,1.0,0.7,120.0,ok,12.576658499723035,0.20693862775890337,1.1580504920566455,False,4348.0,200.75466309208423,355.58556811884046,30.618992168456316,0.0,3336.0,4348.0,21.0,6689.0,6689.0,32113.0,44215.0,1000,0.188,6.0,6.841241630958393,results/pruning-comparison-raw/F-only-5-h6-d0.3-a1-l0.7.json,
bottom-up-retention-v2,5,6,0.3,1,2023,F-only,1.0,0.9,120.0,ok,9.297727830708517,0.26122511035434626,6.792092649033293,False,13408.0,1382.3994047706947,2547.7505383314565,567.1053281985223,0.0,12441.0,13408.0,48.0,26949.0,26949.0,232742.0,253179.0,1000,0.247,6.0,6.871848464012146,results/pruning-comparison-raw/F-only-5-h6-d0.3-a1-l0.9.json,
bottom-up-retention-v2,5,6,0.3,2,2023,F-only,1.0,0.3,120.0,ok,12.673340800178838,4.0970163897314105e-05,0.39670196594670415,False,1864.0,58.559476980008185,86.32594312075526,10.586750111542642,0.0,853.0,1864.0,15.0,3582.0,3582.0,4640.0,14442.0,,,,,,
bottom-up-retention-v2,5,6,0.3,2,2023,F-only,1.0,0.5,120.0,ok,12.66882118499212,0.0026402369811844837,0.6261098219547421,False,2476.0,71.88341673463583,146.30523906089365,13.187463046051562,0.0,1501.0,2476.0,15.0,3642.0,3642.0,9587.0,18306.0,,,,,,
bottom-up-retention-v2,5,6,0.3,2,2023,F-only,1.0,0.7,120.0,ok,12.576658499723035,0.20693862775890337,1.2022259570658207,False,4348.0,214.5289556356147,357.5290907174349,31.199797056615353,0.0,3336.0,4348.0,21.0,6689.0,6689.0,32113.0,44215.0,,,,,,
bottom-up-retention-v2,5,6,0.3,2,2023,F-only,1.0,0.9,120.0,ok,9.297727830708517,0.26122511035434626,6.186888238997199,False,13408.0,1202.9696740210056,2356.188489939086,513.0544023122638,0.0,12441.0,13408.0,48.0,26949.0,26949.0,232742.0,253179.0,,,,,,
bottom-up-retention-v2,5,6,0.3,3,2023,F-only,1.0,0.3,120.0,ok,12.673340800178838,4.0970163897314105e-05,0.38315217895433307,False,1864.0,58.62076464109123,82.6029769377783,9.79737110901624,0.0,853.0,1864.0,15.0,3582.0,3582.0,4640.0,14442.0,,,,,,
bottom-up-retention-v2,5,6,0.3,3,2023,F-only,1.0,0.5,120.0,ok,12.66882118499212,0.0026402369811844837,0.6012133429758251,False,2476.0,71.44771597813815,217.89358905516565,13.138536247424781,0.0,1501.0,2476.0,15.0,3642.0,3642.0,9587.0,18306.0,,,,,,
bottom-up-retention-v2,5,6,0.3,3,2023,F-only,1.0,0.7,120.0,ok,12.576658499723035,0.20693862775890337,1.1727925729937851,False,4348.0,202.14705204125494,341.48984495550394,29.93579546455294,0.0,3336.0,4348.0,21.0,6689.0,6689.0,32113.0,44215.0,,,,,,
bottom-up-retention-v2,5,6,0.3,3,2023,F-only,1.0,0.9,120.0,ok,9.297727830708517,0.26122511035434626,6.251422704895958,False,13408.0,1382.8274408588186,2258.4680010331795,518.2843350339681,0.0,12441.0,13408.0,48.0,26949.0,26949.0,232742.0,253179.0,,,,,,
bottom-up-retention-v2,100,3,0.1,1,2023,F-only,1.0,0.3,120.0,ok,199.855625,0.0,0.02140801807399839,False,52.0,0.5875740898773074,1.1410540901124477,1.1142940493300557,0.0,25.0,52.0,4.0,18.0,18.0,40.0,106.0,1000,0.0,3.0,3.6823848319472745,results/pruning-comparison-raw/F-only-100-h3-d0.1-a1-l0.3.json,
bottom-up-retention-v2,100,3,0.1,1,2023,F-only,1.0,0.5,120.0,ok,199.73768750000002,0.009984375000000004,0.027814699918963015,False,64.0,0.7634098874405026,1.7239407170563936,1.4774058945477009,0.0,39.0,64.0,5.0,32.0,32.0,82.0,156.0,1000,0.01,3.0,3.4259537030011415,results/pruning-comparison-raw/F-only-100-h3-d0.1-a1-l0.5.json,
bottom-up-retention-v2,100,3,0.1,1,2023,F-only,1.0,0.7,120.0,ok,198.9323125,0.08976562500000002,0.05210120207630098,False,196.0,3.7284550489857793,7.529604714363813,4.096829914487898,0.0,149.0,196.0,10.0,96.0,96.0,607.0,844.0,1000,0.086,3.0,3.747165548033081,results/pruning-comparison-raw/F-only-100-h3-d0.1-a1-l0.7.json,
bottom-up-retention-v2,100,3,0.1,1,2023,F-only,1.0,0.9,120.0,ok,198.9323125,0.08976562500000002,0.06269403302576393,False,268.0,5.797361955046654,11.680844938382506,6.31802121642977,0.0,226.0,268.0,12.0,149.0,149.0,1093.0,1363.0,1000,0.086,3.0,3.7038526269607246,results/pruning-comparison-raw/F-only-100-h3-d0.1-a1-l0.9.json,
bottom-up-retention-v2,100,3,0.1,2,2023,F-only,1.0,0.3,120.0,ok,199.855625,0.0,0.022066017030738294,False,52.0,0.6277799839153886,1.2122660409659147,1.1300320038571954,0.0,25.0,52.0,4.0,18.0,18.0,40.0,106.0,,,,,,
bottom-up-retention-v2,100,3,0.1,2,2023,F-only,1.0,0.5,120.0,ok,199.73768750000002,0.009984375000000004,0.02945520495995879,False,64.0,0.778309884481132,1.7364360392093658,1.5000731218606234,0.0,39.0,64.0,5.0,32.0,32.0,82.0,156.0,,,,,,
bottom-up-retention-v2,100,3,0.1,2,2023,F-only,1.0,0.7,120.0,ok,198.9323125,0.08976562500000002,0.05274844297673553,False,196.0,4.59878786932677,7.637594826519489,4.0692141046747565,0.0,149.0,196.0,10.0,96.0,96.0,607.0,844.0,,,,,,
bottom-up-retention-v2,100,3,0.1,2,2023,F-only,1.0,0.9,120.0,ok,198.9323125,0.08976562500000002,0.06764370098244399,False,268.0,5.885319202207029,13.02496693097055,7.213339675217867,0.0,226.0,268.0,12.0,149.0,149.0,1093.0,1363.0,,,,,,
bottom-up-retention-v2,100,3,0.1,3,2023,F-only,1.0,0.3,120.0,ok,199.855625,0.0,0.023882239940576255,False,52.0,0.6593469297513366,1.3368700165301561,1.3443641364574432,0.0,25.0,52.0,4.0,18.0,18.0,40.0,106.0,,,,,,
bottom-up-retention-v2,100,3,0.1,3,2023,F-only,1.0,0.5,120.0,ok,199.73768750000002,0.009984375000000004,0.029205944971181452,False,64.0,0.9015960386022925,1.796762109734118,1.5236918115988374,0.0,39.0,64.0,5.0,32.0,32.0,82.0,156.0,,,,,,
bottom-up-retention-v2,100,3,0.1,3,2023,F-only,1.0,0.7,120.0,ok,198.9323125,0.08976562500000002,0.05922357994131744,False,196.0,4.049561219289899,9.668829035945237,4.665892105549574,0.0,149.0,196.0,10.0,96.0,96.0,607.0,844.0,,,,,,
bottom-up-retention-v2,100,3,0.1,3,2023,F-only,1.0,0.9,120.0,ok,198.9323125,0.08976562500000002,0.06302913802210242,False,268.0,5.699742119759321,12.544479337520897,6.568747921846807,0.0,226.0,268.0,12.0,149.0,149.0,1093.0,1363.0,,,,,,
bottom-up-retention-v2,100,3,0.2,1,2023,F-only,1.0,0.3,120.0,ok,199.855625,0.0,0.024165402981452644,False,52.0,0.6477220449596643,1.355527900159359,1.3156580971553922,0.0,25.0,52.0,4.0,18.0,18.0,40.0,106.0,1000,0.0,3.0,3.565755636082031,results/pruning-comparison-raw/F-only-100-h3-d0.2-a1-l0.3.json,
bottom-up-retention-v2,100,3,0.2,1,2023,F-only,1.0,0.5,120.0,ok,199.90503125,0.009984375000000004,0.026867534033954144,False,64.0,0.7693979423493147,1.663090893998742,1.4089400647208095,0.0,39.0,64.0,5.0,32.0,32.0,83.0,156.0,1000,0.01,3.0,3.411433181958273,results/pruning-comparison-raw/F-only-100-h3-d0.2-a1-l0.5.json,
bottom-up-retention-v2,100,3,0.2,1,2023,F-only,1.0,0.7,120.0,ok,199.67351562500002,0.015609375000000005,0.032240552944131196,False,88.0,1.4684709021821618,3.1490250257775187,2.1288240095600486,0.0,67.0,88.0,7.0,59.0,59.0,226.0,317.0,1000,0.013,3.0,3.4062367290025577,results/pruning-comparison-raw/F-only-100-h3-d0.2-a1-l0.7.json,
bottom-up-retention-v2,100,3,0.2,1,2023,F-only,1.0,0.9,120.0,ok,198.155625,0.144375,0.047436897992156446,False,160.0,2.800796995870769,6.201217998750508,3.4436709247529507,0.0,149.0,160.0,9.0,74.0,74.0,610.0,670.0,1000,0.136,3.0,3.331232530064881,results/pruning-comparison-raw/F-only-100-h3-d0.2-a1-l0.9.json,
bottom-up-retention-v2,100,3,0.2,2,2023,F-only,1.0,0.3,120.0,ok,199.855625,0.0,0.021318931016139686,False,52.0,0.562419998459518,1.1310949921607971,1.0776499984785914,0.0,25.0,52.0,4.0,18.0,18.0,40.0,106.0,,,,,,
bottom-up-retention-v2,100,3,0.2,2,2023,F-only,1.0,0.5,120.0,ok,199.90503125,0.009984375000000004,0.02681366796605289,False,64.0,0.8736229501664639,1.7612559022381902,1.4597749104723334,0.0,39.0,64.0,5.0,32.0,32.0,83.0,156.0,,,,,,
bottom-up-retention-v2,100,3,0.2,2,2023,F-only,1.0,0.7,120.0,ok,199.67351562500002,0.015609375000000005,0.1263956860639155,False,88.0,2.0455208141356707,3.3229399705305696,2.1889780182391405,0.0,67.0,88.0,7.0,59.0,59.0,226.0,317.0,,,,,,
bottom-up-retention-v2,100,3,0.2,2,2023,F-only,1.0,0.9,120.0,ok,198.155625,0.144375,0.050943408976309,False,160.0,3.252267953939736,6.6760709742084146,3.653476946055889,0.0,149.0,160.0,9.0,74.0,74.0,610.0,670.0,,,,,,
bottom-up-retention-v2,100,3,0.2,3,2023,F-only,1.0,0.5,120.0,ok,199.90503125,0.009984375000000004,0.02706566301640123,False,64.0,0.7633048808202147,1.6779099823907018,1.8666329560801387,0.0,39.0,64.0,5.0,32.0,32.0,83.0,156.0,,,,,,
bottom-up-retention-v2,100,3,0.2,3,2023,F-only,1.0,0.7,120.0,ok,199.67351562500002,0.015609375000000005,0.0325884249759838,False,88.0,1.407439005561173,3.239898127503693,2.0881309174001217,0.0,67.0,88.0,7.0,59.0,59.0,226.0,317.0,,,,,,
bottom-up-retention-v2,100,3,0.2,3,2023,F-only,1.0,0.9,120.0,ok,198.155625,0.144375,0.04707651399075985,False,160.0,3.2768360106274486,6.187991821207106,3.327293903566897,0.0,149.0,160.0,9.0,74.0,74.0,610.0,670.0,,,,,,
bottom-up-retention-v2,100,3,0.2,3,2023,F-only,1.0,0.3,120.0,ok,199.855625,0.0,0.021431455039419234,False,52.0,0.5180338630452752,1.1077140225097537,1.167304813861847,0.0,25.0,52.0,4.0,18.0,18.0,40.0,106.0,,,,,,
bottom-up-retention-v2,100,3,0.3,1,2023,F-only,1.0,0.3,120.0,ok,199.855625,0.0,0.021368228015489876,False,52.0,0.5779488710686564,1.1560202110558748,1.1714849388226867,0.0,25.0,52.0,4.0,18.0,18.0,40.0,106.0,1000,0.0,3.0,3.422060451004654,results/pruning-comparison-raw/F-only-100-h3-d0.3-a1-l0.3.json,
bottom-up-retention-v2,100,3,0.3,1,2023,F-only,1.0,0.5,120.0,ok,199.855625,0.0,0.021178300958126783,False,52.0,0.559641164727509,1.1930940672755241,1.0758900316432118,0.0,33.0,52.0,4.0,18.0,18.0,58.0,106.0,1000,0.0,3.0,3.4544038970489055,results/pruning-comparison-raw/F-only-100-h3-d0.3-a1-l0.5.json,
bottom-up-retention-v2,100,3,0.3,1,2023,F-only,1.0,0.7,120.0,ok,199.67871875,0.17690625000000004,0.0304696710081771,False,76.0,1.1767861433327198,2.602171036414802,1.818664837628603,0.0,58.0,76.0,6.0,43.0,43.0,175.0,245.0,1000,0.16,3.0,3.574239494977519,results/pruning-comparison-raw/F-only-100-h3-d0.3-a1-l0.7.json,
bottom-up-retention-v2,100,3,0.3,1,2023,F-only,1.0,0.9,120.0,ok,198.155625,0.144375,0.04991416307166219,False,172.0,3.607091959565878,6.7162319319322705,3.5309300292283297,0.0,160.0,172.0,9.0,73.0,73.0,633.0,695.0,1000,0.136,3.0,3.6917417549993843,results/pruning-comparison-raw/F-only-100-h3-d0.3-a1-l0.9.json,
bottom-up-retention-v2,100,3,0.3,2,2023,F-only,1.0,0.5,120.0,ok,199.855625,0.0,0.022181947017088532,False,52.0,0.6221660878509283,1.2755069183185697,1.1791229480877519,0.0,33.0,52.0,4.0,18.0,18.0,58.0,106.0,,,,,,
bottom-up-retention-v2,100,3,0.3,2,2023,F-only,1.0,0.7,120.0,ok,199.67871875,0.17690625000000004,0.031447221990674734,False,76.0,1.242319936864078,2.752944827079773,1.9013448618352413,0.0,58.0,76.0,6.0,43.0,43.0,175.0,245.0,,,,,,
bottom-up-retention-v2,100,3,0.3,2,2023,F-only,1.0,0.9,120.0,ok,198.155625,0.144375,0.056473052012734115,False,172.0,3.074295003898442,7.646716781891882,3.590328968130052,0.0,160.0,172.0,9.0,73.0,73.0,633.0,695.0,,,,,,
bottom-up-retention-v2,100,3,0.3,2,2023,F-only,1.0,0.3,120.0,ok,199.855625,0.0,0.03114795801229775,False,52.0,0.6859779823571444,1.3765658950433135,1.267682178877294,0.0,25.0,52.0,4.0,18.0,18.0,40.0,106.0,,,,,,
bottom-up-retention-v2,100,3,0.3,3,2023,F-only,1.0,0.7,120.0,ok,199.67871875,0.17690625000000004,0.0330281030619517,False,76.0,1.1904421262443066,3.313894849270582,1.9354330142959952,0.0,58.0,76.0,6.0,43.0,43.0,175.0,245.0,,,,,,
bottom-up-retention-v2,100,3,0.3,3,2023,F-only,1.0,0.9,120.0,ok,198.155625,0.144375,0.05212319700513035,False,172.0,2.8163151582702994,6.756123970262706,3.3911080099642277,0.0,160.0,172.0,9.0,73.0,73.0,633.0,695.0,,,,,,
bottom-up-retention-v2,100,3,0.3,3,2023,F-only,1.0,0.3,120.0,ok,199.855625,0.0,0.02220580994617194,False,52.0,0.6341640837490559,1.1607579654082656,1.1729799443855882,0.0,25.0,52.0,4.0,18.0,18.0,40.0,106.0,,,,,,
bottom-up-retention-v2,100,3,0.3,3,2023,F-only,1.0,0.5,120.0,ok,199.855625,0.0,0.02305891807191074,False,52.0,1.1184769682586193,1.2964110355824232,1.198223908431828,0.0,33.0,52.0,4.0,18.0,18.0,58.0,106.0,,,,,,
bottom-up-retention-v2,100,4,0.1,1,2023,F-only,1.0,0.5,120.0,ok,200.68113169921878,0.01074619555664063,0.081162353977561,False,196.0,4.315407015383244,6.360284285619855,2.8140201466158032,0.0,120.0,196.0,8.0,178.0,178.0,415.0,802.0,1000,0.019,4.0,5.784137321985327,results/pruning-comparison-raw/F-only-100-h4-d0.1-a1-l0.5.json,
bottom-up-retention-v2,100,4,0.1,1,2023,F-only,1.0,0.7,120.0,ok,199.77751709960936,0.09538847145996095,0.3130551549838856,False,472.0,26.501422049477696,51.3967388542369,32.960419077426195,0.0,366.0,472.0,14.0,342.0,342.0,2004.0,2738.0,1000,0.098,4.0,5.145335778943263,results/pruning-comparison-raw/F-only-100-h4-d0.1-a1-l0.7.json,
bottom-up-retention-v2,100,4,0.1,1,2023,F-only,1.0,0.9,120.0,ok,199.67981026367184,0.09923649803466798,0.32732213905546814,False,1084.0,39.11712486296892,99.76313868537545,54.15811249986291,0.0,993.0,1084.0,22.0,1069.0,1069.0,8237.0,9327.0,1000,0.104,4.0,4.78623319498729,results/pruning-comparison-raw/F-only-100-h4-d0.1-a1-l0.9.json,
bottom-up-retention-v2,100,4,0.1,1,2023,F-only,1.0,0.3,120.0,ok,200.79103125000003,0.0,0.03995409200433642,False,160.0,1.5744928969070315,2.688902080990374,1.7401049844920635,0.0,76.0,160.0,5.0,58.0,58.0,124.0,334.0,1000,0.0,4.0,4.85856258997228,results/pruning-comparison-raw/F-only-100-h4-d0.1-a1-l0.3.json,
bottom-up-retention-v2,100,4,0.1,2,2023,F-only,1.0,0.7,120.0,ok,199.77751709960936,0.09538847145996095,0.13809939695056528,False,472.0,12.549056089483202,23.43655109871179,9.371584746986628,0.0,366.0,472.0,14.0,342.0,342.0,2004.0,2738.0,,,,,,
bottom-up-retention-v2,100,4,0.1,2,2023,F-only,1.0,0.9,120.0,ok,199.67981026367184,0.09923649803466798,0.34729526995215565,False,1084.0,37.98652999103069,111.23596038669348,56.07572291046381,0.0,993.0,1084.0,22.0,1069.0,1069.0,8237.0,9327.0,,,,,,
bottom-up-retention-v2,100,4,0.1,2,2023,F-only,1.0,0.3,120.0,ok,200.79103125000003,0.0,0.045325859915465117,False,160.0,1.7563289729878306,3.0757389031350613,2.195115899667144,0.0,76.0,160.0,5.0,58.0,58.0,124.0,334.0,,,,,,
bottom-up-retention-v2,100,4,0.1,2,2023,F-only,1.0,0.5,120.0,ok,200.68113169921878,0.01074619555664063,0.07598411699291319,False,196.0,4.003916052170098,7.713444996625185,3.9170419331640005,0.0,120.0,196.0,8.0,178.0,178.0,415.0,802.0,,,,,,
bottom-up-retention-v2,100,4,0.1,3,2023,F-only,1.0,0.9,120.0,ok,199.67981026367184,0.09923649803466798,0.3346473609562963,False,1084.0,39.201855077408254,88.7438002973795,58.35120286792517,0.0,993.0,1084.0,22.0,1069.0,1069.0,8237.0,9327.0,,,,,,
bottom-up-retention-v2,100,4,0.1,3,2023,F-only,1.0,0.3,120.0,ok,200.79103125000003,0.0,0.041786874062381685,False,160.0,1.6157228965312243,2.8410099912434816,1.958430977538228,0.0,76.0,160.0,5.0,58.0,58.0,124.0,334.0,,,,,,
bottom-up-retention-v2,100,4,0.1,3,2023,F-only,1.0,0.5,120.0,ok,200.68113169921878,0.01074619555664063,0.06972095498349518,False,196.0,3.7857251008972526,7.582991966046393,3.2453378662467003,0.0,120.0,196.0,8.0,178.0,178.0,415.0,802.0,,,,,,
bottom-up-retention-v2,100,4,0.1,3,2023,F-only,1.0,0.7,120.0,ok,199.77751709960936,0.09538847145996095,0.16496421792544425,False,472.0,40.86232802364975,22.417321568354964,9.303282131440938,0.0,366.0,472.0,14.0,342.0,342.0,2004.0,2738.0,,,,,,
bottom-up-retention-v2,100,4,0.2,1,2023,F-only,1.0,0.7,120.0,ok,200.58711102539067,0.02862823974609376,0.09339552989695221,False,304.0,6.715245195664465,11.39060000423342,4.052843200042844,0.0,232.0,304.0,9.0,218.0,218.0,943.0,1318.0,1000,0.04,4.0,4.774775180034339,results/pruning-comparison-raw/F-only-100-h4-d0.2-a1-l0.7.json,
bottom-up-retention-v2,100,4,0.2,1,2023,F-only,1.0,0.9,120.0,ok,198.79158753906248,0.15077686814575197,0.14031739300116897,False,544.0,11.18345488794148,23.495557135902345,10.826003854162991,0.0,506.0,544.0,13.0,305.0,305.0,2463.0,2687.0,1000,0.152,4.0,4.635614225990139,results/pruning-comparison-raw/F-only-100-h4-d0.2-a1-l0.9.json,
bottom-up-retention-v2,100,4,0.2,1,2023,F-only,1.0,0.3,120.0,ok,200.79103125000003,0.0,0.039616157999262214,False,160.0,1.504806918092072,2.712429966777563,1.6801620367914438,0.0,76.0,160.0,5.0,58.0,58.0,124.0,334.0,1000,0.0,4.0,4.712098879972473,results/pruning-comparison-raw/F-only-100-h4-d0.2-a1-l0.3.json,
bottom-up-retention-v2,100,4,0.2,1,2023,F-only,1.0,0.5,120.0,ok,200.83998873046878,0.01074619555664063,0.06568147800862789,False,196.0,3.681077854707837,6.646334775723517,2.9722281033173203,0.0,120.0,196.0,8.0,178.0,178.0,416.0,802.0,1000,0.019,4.0,4.707658190978691,results/pruning-comparison-raw/F-only-100-h4-d0.2-a1-l0.5.json,
bottom-up-retention-v2,100,4,0.2,2,2023,F-only,1.0,0.9,120.0,ok,198.79158753906248,0.15077686814575197,0.1435257599223405,False,544.0,11.42773509491235,23.879487765952945,11.101744370535016,0.0,506.0,544.0,13.0,305.0,305.0,2463.0,2687.0,,,,,,
bottom-up-retention-v2,100,4,0.2,2,2023,F-only,1.0,0.3,120.0,ok,200.79103125000003,0.0,0.06378748395945877,False,160.0,1.471515977755189,2.6045370614156127,1.6544029349461198,0.0,76.0,160.0,5.0,58.0,58.0,124.0,334.0,,,,,,
bottom-up-retention-v2,100,4,0.2,2,2023,F-only,1.0,0.5,120.0,ok,200.83998873046878,0.01074619555664063,0.0654531120089814,False,196.0,3.6442808341234922,6.465414073318243,2.938284887932241,0.0,120.0,196.0,8.0,178.0,178.0,416.0,802.0,,,,,,
bottom-up-retention-v2,100,4,0.2,2,2023,F-only,1.0,0.7,120.0,ok,200.58711102539067,0.02862823974609376,0.08913472399581224,False,304.0,5.5551722180098295,10.974895092658699,3.827899810858071,0.0,232.0,304.0,9.0,218.0,218.0,943.0,1318.0,,,,,,
bottom-up-retention-v2,100,4,0.2,3,2023,F-only,1.0,0.3,120.0,ok,200.79103125000003,0.0,0.03910969791468233,False,160.0,1.5503739705309272,2.616568934172392,1.7162940930575132,0.0,76.0,160.0,5.0,58.0,58.0,124.0,334.0,,,,,,
bottom-up-retention-v2,100,4,0.2,3,2023,F-only,1.0,0.5,120.0,ok,200.83998873046878,0.01074619555664063,0.06754510395694524,False,196.0,3.7200729129835963,6.854432867839932,3.067891695536673,0.0,120.0,196.0,8.0,178.0,178.0,416.0,802.0,,,,,,
bottom-up-retention-v2,100,4,0.2,3,2023,F-only,1.0,0.7,120.0,ok,200.58711102539067,0.02862823974609376,0.08961663604713976,False,304.0,5.567612242884934,10.9453258337453,3.889840911142528,0.0,232.0,304.0,9.0,218.0,218.0,943.0,1318.0,,,,,,
bottom-up-retention-v2,100,4,0.2,3,2023,F-only,1.0,0.9,120.0,ok,198.79158753906248,0.15077686814575197,0.14148108498193324,False,544.0,10.840922011993825,24.358062190003693,10.892324848100543,0.0,506.0,544.0,13.0,305.0,305.0,2463.0,2687.0,,,,,,
bottom-up-retention-v2,100,4,0.3,1,2023,F-only,1.0,0.9,120.0,ok,198.79158753906248,0.15077686814575197,0.23010865692049265,False,844.0,22.772112162783742,48.90737007372081,18.612517276778817,0.0,784.0,844.0,17.0,598.0,598.0,5081.0,5530.0,1000,0.152,4.0,4.596979212015867,results/pruning-comparison-raw/F-only-100-h4-d0.3-a1-l0.9.json,
bottom-up-retention-v2,100,4,0.3,1,2023,F-only,1.0,0.3,120.0,ok,200.79103125000003,0.0,0.03918223001528531,False,160.0,1.5129080275073647,2.6366220554336905,1.6272749053314328,0.0,76.0,160.0,5.0,58.0,58.0,124.0,334.0,1000,0.0,4.0,4.72670520900283,results/pruning-comparison-raw/F-only-100-h4-d0.3-a1-l0.3.json,
bottom-up-retention-v2,100,4,0.3,1,2023,F-only,1.0,0.5,120.0,ok,200.7861914648438,0.0007618205566406254,0.06337152200285345,False,208.0,4.690966918133199,6.902641034685075,3.079602844081819,0.0,126.0,208.0,8.0,179.0,179.0,440.0,849.0,1000,0.0,4.0,4.749714776990004,results/pruning-comparison-raw/F-only-100-h4-d0.3-a1-l0.5.json,
bottom-up-retention-v2,100,4,0.3,1,2023,F-only,1.0,0.7,120.0,ok,200.7116750683594,0.19021566137695317,0.09383155801333487,False,328.0,6.599541986361146,13.279534061439335,4.246226861141622,0.0,248.0,328.0,10.0,268.0,268.0,1152.0,1620.0,1000,0.174,4.0,4.692035484942608,results/pruning-comparison-raw/F-only-100-h4-d0.3-a1-l0.7.json,
bottom-up-retention-v2,100,4,0.3,2,2023,F-only,1.0,0.3,120.0,ok,200.79103125000003,0.0,0.04220284300390631,False,160.0,1.5094701666384935,2.7375760255381465,1.8803381826728582,0.0,76.0,160.0,5.0,58.0,58.0,124.0,334.0,,,,,,
bottom-up-retention-v2,100,4,0.3,2,2023,F-only,1.0,0.5,120.0,ok,200.7861914648438,0.0007618205566406254,0.0631920020096004,False,208.0,4.766200087033212,6.87939883209765,3.00278898794204,0.0,126.0,208.0,8.0,179.0,179.0,440.0,849.0,,,,,,
bottom-up-retention-v2,100,4,0.3,2,2023,F-only,1.0,0.7,120.0,ok,200.7116750683594,0.19021566137695317,0.0941272460622713,False,328.0,7.396926055662334,13.194597908295691,4.2007771553471684,0.0,248.0,328.0,10.0,268.0,268.0,1152.0,1620.0,,,,,,
bottom-up-retention-v2,100,4,0.3,2,2023,F-only,1.0,0.9,120.0,ok,198.79158753906248,0.15077686814575197,0.2283349479548633,False,844.0,22.556958603672683,72.28953612502664,18.38578935712576,0.0,784.0,844.0,17.0,598.0,598.0,5081.0,5530.0,,,,,,
bottom-up-retention-v2,100,4,0.3,3,2023,F-only,1.0,0.3,120.0,ok,200.79103125000003,0.0,0.0406430889852345,False,160.0,1.5160340117290616,2.795244916342199,1.8134720157831907,0.0,76.0,160.0,5.0,58.0,58.0,124.0,334.0,,,,,,
bottom-up-retention-v2,100,4,0.3,3,2023,F-only,1.0,0.5,120.0,ok,200.7861914648438,0.0007618205566406254,0.06243226502556354,False,208.0,3.9385888958349824,6.871965946629643,3.003855934366584,0.0,126.0,208.0,8.0,179.0,179.0,440.0,849.0,,,,,,
bottom-up-retention-v2,100,4,0.3,3,2023,F-only,1.0,0.7,120.0,ok,200.7116750683594,0.19021566137695317,0.09429997997358441,False,328.0,6.686429027467966,13.932099216617644,4.202183103188872,0.0,248.0,328.0,10.0,268.0,268.0,1152.0,1620.0,,,,,,
bottom-up-retention-v2,100,4,0.3,3,2023,F-only,1.0,0.9,120.0,ok,198.79158753906248,0.15077686814575197,0.20229462499264628,False,844.0,23.126954794861376,47.49367164913565,17.95498770661652,0.0,784.0,844.0,17.0,598.0,598.0,5081.0,5530.0,,,,,,
bottom-up-retention-v2,100,5,0.1,1,2023,F-only,1.0,0.3,120.0,ok,201.72953198745734,0.0006906283840942386,0.14874967595096678,False,544.0,9.715712862089276,15.133162960410118,3.73194576241076,0.0,252.0,544.0,9.0,543.0,543.0,766.0,2301.0,1000,0.001,5.0,5.8951435999479145,results/pruning-comparison-raw/F-only-100-h5-d0.1-a1-l0.3.json,
bottom-up-retention-v2,100,5,0.1,1,2023,F-only,1.0,0.5,120.0,ok,201.62540735396732,0.013589883866271978,0.18287751101888716,False,712.0,15.754134859889746,27.834472013637424,5.674551939591765,0.0,431.0,712.0,11.0,806.0,806.0,1979.0,3834.0,1000,0.022,5.0,5.915623225970194,results/pruning-comparison-raw/F-only-100-h5-d0.1-a1-l0.5.json,
bottom-up-retention-v2,100,5,0.1,1,2023,F-only,1.0,0.7,120.0,ok,200.68326316468506,0.09952260393553163,0.48133790504653007,False,1624.0,59.200079762376845,113.25110914185643,38.51389302872121,0.0,1261.0,1624.0,22.0,1892.0,1892.0,10657.0,14456.0,1000,0.103,5.0,5.989265642943792,results/pruning-comparison-raw/F-only-100-h5-d0.1-a1-l0.7.json,
bottom-up-retention-v2,100,5,0.1,1,2023,F-only,1.0,0.9,120.0,ok,200.4251663729004,0.09997335736212161,0.9529002320487052,False,2692.0,138.92539869993925,260.95072156749666,224.383381777443,0.0,2482.0,2692.0,28.0,2969.0,2969.0,24578.0,27227.0,1000,0.106,5.0,5.89367881603539,results/pruning-comparison-raw/F-only-100-h5-d0.1-a1-l0.9.json,
bottom-up-retention-v2,100,5,0.1,2,2023,F-only,1.0,0.3,120.0,ok,201.72953198745734,0.0006906283840942386,0.1203533539082855,False,544.0,9.568440029397607,15.333986841142178,3.8730480009689927,0.0,252.0,544.0,9.0,543.0,543.0,766.0,2301.0,,,,,,
bottom-up-retention-v2,100,5,0.1,2,2023,F-only,1.0,0.5,120.0,ok,201.62540735396732,0.013589883866271978,0.18052976299077272,False,712.0,15.712843276560307,28.13979669008404,5.707764765247703,0.0,431.0,712.0,11.0,806.0,806.0,1979.0,3834.0,,,,,,
bottom-up-retention-v2,100,5,0.1,2,2023,F-only,1.0,0.7,120.0,ok,200.68326316468506,0.09952260393553163,0.4903483500238508,False,1624.0,98.30078203231096,109.54167298041284,39.397984277457,0.0,1261.0,1624.0,22.0,1892.0,1892.0,10657.0,14456.0,,,,,,
bottom-up-retention-v2,100,5,0.1,2,2023,F-only,1.0,0.9,120.0,ok,200.4251663729004,0.09997335736212161,0.9450315110152587,False,2692.0,141.0710852360353,256.54375716112554,218.65262335631996,0.0,2482.0,2692.0,28.0,2969.0,2969.0,24578.0,27227.0,,,,,,
bottom-up-retention-v2,100,5,0.1,3,2023,F-only,1.0,0.3,120.0,ok,201.72953198745734,0.0006906283840942386,0.127314820070751,False,544.0,9.631858323700726,15.522105153650045,3.97005514241755,0.0,252.0,544.0,9.0,543.0,543.0,766.0,2301.0,,,,,,
bottom-up-retention-v2,100,5,0.1,3,2023,F-only,1.0,0.5,120.0,ok,201.62540735396732,0.013589883866271978,0.18105518305674195,False,712.0,17.227674019522965,27.336052036844194,5.698879715055227,0.0,431.0,712.0,11.0,806.0,806.0,1979.0,3834.0,,,,,,
bottom-up-retention-v2,100,5,0.1,3,2023,F-only,1.0,0.7,120.0,ok,200.68326316468506,0.09952260393553163,0.49416213389486074,False,1624.0,97.23636251874268,110.95613322686404,39.15204433724284,0.0,1261.0,1624.0,22.0,1892.0,1892.0,10657.0,14456.0,,,,,,
bottom-up-retention-v2,100,5,0.1,3,2023,F-only,1.0,0.9,120.0,ok,200.4251663729004,0.09997335736212161,0.9489242790732533,False,2692.0,169.17446115985513,232.25437302608043,217.36242109909654,0.0,2482.0,2692.0,28.0,2969.0,2969.0,24578.0,27227.0,,,,,,
bottom-up-retention-v2,100,5,0.2,1,2023,F-only,1.0,0.3,120.0,ok,201.72953198745734,0.0006906283840942386,0.12290635600220412,False,544.0,10.34353906288743,14.989966992288828,3.8686901098117232,0.0,252.0,544.0,9.0,543.0,543.0,766.0,2301.0,1000,0.001,5.0,5.835727846017107,results/pruning-comparison-raw/F-only-100-h5-d0.2-a1-l0.3.json,
bottom-up-retention-v2,100,5,0.2,1,2023,F-only,1.0,0.5,120.0,ok,201.77765730844732,0.012164754384613043,0.18417097302153707,False,724.0,18.45459989272058,30.936837079934776,6.230946048162878,0.0,437.0,724.0,12.0,951.0,951.0,2232.0,4353.0,1000,0.021,5.0,5.83712037303485,results/pruning-comparison-raw/F-only-100-h5-d0.2-a1-l0.5.json,
bottom-up-retention-v2,100,5,0.2,1,2023,F-only,1.0,0.7,120.0,ok,201.4885916647034,0.03791015301544191,0.43142321496270597,False,1312.0,60.15479483176023,146.90453431103379,15.446535311639309,0.0,1007.0,1312.0,20.0,2263.0,2263.0,9818.0,13525.0,1000,0.036,5.0,6.09705960098654,results/pruning-comparison-raw/F-only-100-h5-d0.2-a1-l0.7.json,
bottom-up-retention-v2,100,5,0.2,1,2023,F-only,1.0,0.9,120.0,ok,199.6467597865112,0.15246779394007876,0.6984191689407453,False,2752.0,81.26694953534752,193.7102514784783,55.506398901343346,0.0,2551.0,2752.0,23.0,2161.0,2161.0,18190.0,19867.0,1000,0.172,5.0,5.681589224957861,results/pruning-comparison-raw/F-only-100-h5-d0.2-a1-l0.9.json,
bottom-up-retention-v2,100,5,0.2,2,2023,F-only,1.0,0.3,120.0,ok,201.72953198745734,0.0006906283840942386,0.12114254897460341,False,544.0,9.458034997805953,15.589567716233432,3.8818801986053586,0.0,252.0,544.0,9.0,543.0,543.0,766.0,2301.0,,,,,,
bottom-up-retention-v2,100,5,0.2,2,2023,F-only,1.0,0.5,120.0,ok,201.77765730844732,0.012164754384613043,0.18518196197692305,False,724.0,17.79272418934852,31.740269856527448,6.195373949594796,0.0,437.0,724.0,12.0,951.0,951.0,2232.0,4353.0,,,,,,
bottom-up-retention-v2,100,5,0.2,2,2023,F-only,1.0,0.7,120.0,ok,201.4885916647034,0.03791015301544191,0.4179579960182309,False,1312.0,89.68817198183388,105.33683595713228,15.030688722617924,0.0,1007.0,1312.0,20.0,2263.0,2263.0,9818.0,13525.0,,,,,,
bottom-up-retention-v2,100,5,0.2,2,2023,F-only,1.0,0.9,120.0,ok,199.6467597865112,0.15246779394007876,0.6813275530003011,False,2752.0,80.60636697337031,169.29417196661234,55.99210725631565,0.0,2551.0,2752.0,23.0,2161.0,2161.0,18190.0,19867.0,,,,,,
bottom-up-retention-v2,100,5,0.2,3,2023,F-only,1.0,0.3,120.0,ok,201.72953198745734,0.0006906283840942386,0.12220138893462718,False,544.0,10.537522961385548,14.948306139558554,3.906139056198299,0.0,252.0,544.0,9.0,543.0,543.0,766.0,2301.0,,,,,,
bottom-up-retention-v2,100,5,0.2,3,2023,F-only,1.0,0.5,120.0,ok,201.77765730844732,0.012164754384613043,0.21152996097225696,False,724.0,18.60082393977791,30.94472794327885,6.1478340066969395,0.0,437.0,724.0,12.0,951.0,951.0,2232.0,4353.0,,,,,,
bottom-up-retention-v2,100,5,0.2,3,2023,F-only,1.0,0.7,120.0,ok,201.4885916647034,0.03791015301544191,0.4077483050059527,False,1312.0,55.339723941870034,106.63119109813124,15.05181286484003,0.0,1007.0,1312.0,20.0,2263.0,2263.0,9818.0,13525.0,,,,,,
bottom-up-retention-v2,100,5,0.2,3,2023,F-only,1.0,0.9,120.0,ok,199.6467597865112,0.15246779394007876,0.6788520730333403,False,2752.0,79.77162906900048,201.8376791384071,55.37498672492802,0.0,2551.0,2752.0,23.0,2161.0,2161.0,18190.0,19867.0,,,,,,
bottom-up-retention-v2,100,5,0.3,1,2023,F-only,1.0,0.3,120.0,ok,201.72953198745734,0.0006906283840942386,0.12233217502944171,False,544.0,9.546315181069076,15.47983381897211,4.0054479613900185,0.0,252.0,544.0,9.0,543.0,543.0,766.0,2301.0,1000,0.001,5.0,5.845438462914899,results/pruning-comparison-raw/F-only-100-h5-d0.3-a1-l0.3.json,
bottom-up-retention-v2,100,5,0.3,1,2023,F-only,1.0,0.5,120.0,ok,201.7284579854981,0.0013379237416076667,0.1884927280480042,False,772.0,19.74229735787958,32.40880090743303,6.340574123896658,0.0,466.0,772.0,12.0,951.0,951.0,2362.0,4569.0,1000,0.006,5.0,5.855092448997311,results/pruning-comparison-raw/F-only-100-h5-d0.3-a1-l0.5.json,
bottom-up-retention-v2,100,5,0.3,1,2023,F-only,1.0,0.7,120.0,ok,201.65049455561527,0.13515564095626834,0.3442380368942395,False,1204.0,40.369054302573204,74.66396410018206,11.622775928117335,0.0,922.0,1204.0,16.0,1573.0,1573.0,6958.0,9639.0,1000,0.126,5.0,5.896746763959527,results/pruning-comparison-raw/F-only-100-h5-d0.3-a1-l0.7.json,
bottom-up-retention-v2,100,5,0.3,1,2023,F-only,1.0,0.9,120.0,ok,199.65928200111082,0.19181494525815584,1.201794970082119,False,3580.0,276.7116642789915,377.98849411774427,108.35028800647706,0.0,3316.0,3580.0,32.0,4764.0,4764.0,40852.0,44576.0,1000,0.211,5.0,5.89737114100717,results/pruning-comparison-raw/F-only-100-h5-d0.3-a1-l0.9.json,
bottom-up-retention-v2,100,5,0.3,2,2023,F-only,1.0,0.3,120.0,ok,201.72953198745734,0.0006906283840942386,0.12307872308883816,False,544.0,9.947938960976899,14.719144906848669,3.9606631034985185,0.0,252.0,544.0,9.0,543.0,543.0,766.0,2301.0,,,,,,
bottom-up-retention-v2,100,5,0.3,2,2023,F-only,1.0,0.5,120.0,ok,201.7284579854981,0.0013379237416076667,0.19049031101167202,False,772.0,20.32673475332558,33.44881196971983,6.509290193207562,0.0,466.0,772.0,12.0,951.0,951.0,2362.0,4569.0,,,,,,
bottom-up-retention-v2,100,5,0.3,2,2023,F-only,1.0,0.7,120.0,ok,201.65049455561527,0.13515564095626834,0.3485203629825264,False,1204.0,79.71258531324565,74.39806766342372,11.750322650186718,0.0,922.0,1204.0,16.0,1573.0,1573.0,6958.0,9639.0,,,,,,
bottom-up-retention-v2,100,5,0.3,2,2023,F-only,1.0,0.9,120.0,ok,199.65928200111082,0.19181494525815584,1.7952160289278254,False,3580.0,273.72109808493406,378.8659932324663,698.9125981926918,0.0,3316.0,3580.0,32.0,4764.0,4764.0,40852.0,44576.0,,,,,,
bottom-up-retention-v2,100,5,0.3,3,2023,F-only,1.0,0.3,120.0,ok,201.72953198745734,0.0006906283840942386,0.11985984200146049,False,544.0,10.422616149298847,14.297598041594028,3.7468698574230075,0.0,252.0,544.0,9.0,543.0,543.0,766.0,2301.0,,,,,,
bottom-up-retention-v2,100,5,0.3,3,2023,F-only,1.0,0.5,120.0,ok,201.7284579854981,0.0013379237416076667,0.1830228070029989,False,772.0,18.626754987053573,32.693838234990835,6.206836900673807,0.0,466.0,772.0,12.0,951.0,951.0,2362.0,4569.0,,,,,,
bottom-up-retention-v2,100,5,0.3,3,2023,F-only,1.0,0.7,120.0,ok,201.65049455561527,0.13515564095626834,0.3774288750719279,False,1204.0,88.45454594120383,79.38751706387848,11.653842055238783,0.0,922.0,1204.0,16.0,1573.0,1573.0,6958.0,9639.0,,,,,,
bottom-up-retention-v2,100,5,0.3,3,2023,F-only,1.0,0.9,120.0,ok,199.65928200111082,0.19181494525815584,1.2662791149923578,False,3580.0,192.13916023727506,472.0274320570752,115.94188679009676,0.0,3316.0,3580.0,32.0,4764.0,4764.0,40852.0,44576.0,,,,,,
bottom-up-retention-v2,100,6,0.1,1,2023,F-only,1.0,0.3,120.0,ok,202.67324466957237,0.00012032700618953713,0.38860863691661507,False,1732.0,41.08458512928337,57.372825453057885,7.73941189981997,0.0,794.0,1732.0,12.0,2381.0,2381.0,3152.0,9715.0,1000,0.0,6.0,6.878206908004358,results/pruning-comparison-raw/F-only-100-h6-d0.1-a1-l0.3.json,
bottom-up-retention-v2,100,6,0.1,1,2023,F-only,1.0,0.5,120.0,ok,202.57563860487903,0.010210671422526631,0.5570069749373943,False,2404.0,69.93908481672406,139.41819698084146,12.601705035194755,0.0,1455.0,2404.0,15.0,3672.0,3672.0,9308.0,17916.0,1000,0.012,6.0,6.81247121701017,results/pruning-comparison-raw/F-only-100-h6-d0.1-a1-l0.5.json,
bottom-up-retention-v2,100,6,0.1,1,2023,F-only,1.0,0.7,120.0,ok,201.66174134301548,0.09999434053651696,2.197233112063259,False,5056.0,395.94194281380624,634.922118159011,234.7848298959434,0.0,3913.0,5056.0,29.0,7291.0,7291.0,40263.0,54685.0,1000,0.093,6.0,9.867980470997281,results/pruning-comparison-raw/F-only-100-h6-d0.1-a1-l0.7.json,
bottom-up-retention-v2,100,6,0.1,1,2023,F-only,1.0,0.9,120.0,ok,201.13545630676566,0.09953924278575219,9.55710044503212,False,9784.0,1616.549321799539,2956.407681456767,3102.17677091714,0.0,9026.0,9784.0,59.0,34342.0,34342.0,257929.0,282994.0,1000,0.093,6.0,7.305221640970558,results/pruning-comparison-raw/F-only-100-h6-d0.1-a1-l0.9.json,
bottom-up-retention-v2,100,6,0.1,2,2023,F-only,1.0,0.3,120.0,ok,202.67324466957237,0.00012032700618953713,0.40410891897045076,False,1732.0,43.605957995168865,58.56450891587883,8.029556949622929,0.0,794.0,1732.0,12.0,2381.0,2381.0,3152.0,9715.0,,,,,,
bottom-up-retention-v2,100,6,0.1,2,2023,F-only,1.0,0.5,120.0,ok,202.57563860487903,0.010210671422526631,0.6635637560393661,False,2404.0,76.48294419050217,119.77946886327118,13.107824022881687,0.0,1455.0,2404.0,15.0,3672.0,3672.0,9308.0,17916.0,,,,,,
bottom-up-retention-v2,100,6,0.1,2,2023,F-only,1.0,0.7,120.0,ok,201.66174134301548,0.09999434053651696,1.7562155909836292,False,5056.0,263.94730689935386,516.2170679541305,194.30736696813256,0.0,3913.0,5056.0,29.0,7291.0,7291.0,40263.0,54685.0,,,,,,
bottom-up-retention-v2,100,6,0.1,2,2023,F-only,1.0,0.9,120.0,ok,201.13545630676566,0.09953924278575219,9.213202369981445,False,9784.0,1615.6271654181182,2766.5085369953886,3085.5781680438668,0.0,9026.0,9784.0,59.0,34342.0,34342.0,257929.0,282994.0,,,,,,
bottom-up-retention-v2,100,6,0.1,3,2023,F-only,1.0,0.3,120.0,ok,202.67324466957237,0.00012032700618953713,0.35861836199183017,False,1732.0,43.89141616411507,60.27273507788777,7.801880012266338,0.0,794.0,1732.0,12.0,2381.0,2381.0,3152.0,9715.0,,,,,,
bottom-up-retention-v2,100,6,0.1,3,2023,F-only,1.0,0.5,120.0,ok,202.57563860487903,0.010210671422526631,0.8224322060123086,False,2404.0,213.61816278658807,141.01056905929,15.479805180802941,0.0,1455.0,2404.0,15.0,3672.0,3672.0,9308.0,17916.0,,,,,,
bottom-up-retention-v2,100,6,0.1,3,2023,F-only,1.0,0.7,120.0,ok,201.66174134301548,0.09999434053651696,1.6792449880158529,False,5056.0,286.8175455369055,437.1768870623782,180.3332574199885,0.0,3913.0,5056.0,29.0,7291.0,7291.0,40263.0,54685.0,,,,,,
bottom-up-retention-v2,100,6,0.1,3,2023,F-only,1.0,0.9,120.0,ok,201.13545630676566,0.09953924278575219,8.706915931892581,False,9784.0,1477.592674898915,2567.6385960541666,2954.5499548548833,0.0,9026.0,9784.0,59.0,34342.0,34342.0,257929.0,282994.0,,,,,,
bottom-up-retention-v2,100,6,0.2,1,2023,F-only,1.0,0.3,120.0,ok,202.67324466957237,0.00012032700618953713,0.45695213798899204,False,1732.0,141.08119788579643,56.675217230804265,7.784351822920144,0.0,794.0,1732.0,12.0,2381.0,2381.0,3152.0,9715.0,1000,0.0,6.0,6.913005740032531,results/pruning-comparison-raw/F-only-100-h6-d0.2-a1-l0.3.json,
bottom-up-retention-v2,100,6,0.2,1,2023,F-only,1.0,0.5,120.0,ok,202.71982684871261,0.010526777730672444,0.6130754170008004,False,2356.0,110.00854370649904,134.97441727668047,14.004880096763372,0.0,1426.0,2356.0,16.0,4106.0,4106.0,10128.0,19538.0,1000,0.012,6.0,7.015234368038364,results/pruning-comparison-raw/F-only-100-h6-d0.2-a1-l0.5.json,
bottom-up-retention-v2,100,6,0.2,1,2023,F-only,1.0,0.7,120.0,ok,202.42421868761218,0.04309776033359899,1.533888170029968,False,4540.0,275.497246067971,452.3419899633154,39.701923029497266,0.0,3490.0,4540.0,24.0,8316.0,8316.0,40395.0,55392.0,1000,0.041,6.0,6.846403258037753,results/pruning-comparison-raw/F-only-100-h6-d0.2-a1-l0.7.json,
bottom-up-retention-v2,100,6,0.2,1,2023,F-only,1.0,0.9,120.0,ok,200.30491319912784,0.19588474922233906,4.482766540022567,False,10108.0,850.2111341804266,1676.6400372143835,391.2491394439712,0.0,9367.0,10108.0,44.0,20093.0,20093.0,160861.0,175479.0,1000,0.191,6.0,6.728414439945482,results/pruning-comparison-raw/F-only-100-h6-d0.2-a1-l0.9.json,
bottom-up-retention-v2,100,6,0.2,2,2023,F-only,1.0,0.3,120.0,ok,202.67324466957237,0.00012032700618953713,0.34625042299740016,False,1732.0,39.67551980167627,57.787016965448856,7.406964083202183,0.0,794.0,1732.0,12.0,2381.0,2381.0,3152.0,9715.0,,,,,,
bottom-up-retention-v2,100,6,0.2,2,2023,F-only,1.0,0.5,120.0,ok,202.71982684871261,0.010526777730672444,0.65685788996052,False,2356.0,150.75661521404982,154.02529120910913,13.378873118199408,0.0,1426.0,2356.0,16.0,4106.0,4106.0,10128.0,19538.0,,,,,,
bottom-up-retention-v2,100,6,0.2,2,2023,F-only,1.0,0.7,120.0,ok,202.42421868761218,0.04309776033359899,1.4210031899856403,False,4540.0,292.2715226886794,403.4709637053311,38.08711806777865,0.0,3490.0,4540.0,24.0,8316.0,8316.0,40395.0,55392.0,,,,,,
bottom-up-retention-v2,100,6,0.2,2,2023,F-only,1.0,0.9,120.0,ok,200.30491319912784,0.19588474922233906,4.430855744984001,False,10108.0,806.0851114569232,1689.823854365386,390.56318218354136,0.0,9367.0,10108.0,44.0,20093.0,20093.0,160861.0,175479.0,,,,,,
bottom-up-retention-v2,100,6,0.2,3,2023,F-only,1.0,0.5,120.0,ok,202.71982684871261,0.010526777730672444,0.6920104760210961,False,2356.0,90.82649811170995,228.1601111171767,13.729141093790531,0.0,1426.0,2356.0,16.0,4106.0,4106.0,10128.0,19538.0,,,,,,
bottom-up-retention-v2,100,6,0.2,3,2023,F-only,1.0,0.7,120.0,ok,202.42421868761218,0.04309776033359899,1.4283485440537333,False,4540.0,242.9421761771664,468.73460221104324,39.11435813643038,0.0,3490.0,4540.0,24.0,8316.0,8316.0,40395.0,55392.0,,,,,,
bottom-up-retention-v2,100,6,0.2,3,2023,F-only,1.0,0.9,120.0,ok,200.30491319912784,0.19588474922233906,4.395522770937532,False,10108.0,831.4366391859949,1531.3857739092782,388.26914597302675,0.0,9367.0,10108.0,44.0,20093.0,20093.0,160861.0,175479.0,,,,,,
bottom-up-retention-v2,100,6,0.2,3,2023,F-only,1.0,0.3,120.0,ok,202.67324466957237,0.00012032700618953713,0.40775325696449727,False,1732.0,109.41834992263466,55.219075991772115,7.082112017087638,0.0,794.0,1732.0,12.0,2381.0,2381.0,3152.0,9715.0,,,,,,
bottom-up-retention-v2,100,6,0.3,1,2023,F-only,1.0,0.3,120.0,ok,202.67324466957237,0.00012032700618953713,0.3348990340018645,False,1732.0,37.97279647551477,54.90146391093731,6.990698049776256,0.0,794.0,1732.0,12.0,2381.0,2381.0,3152.0,9715.0,1000,0.0,6.0,6.707427222048864,results/pruning-comparison-raw/F-only-100-h6-d0.3-a1-l0.3.json,
bottom-up-retention-v2,100,6,0.3,1,2023,F-only,1.0,0.5,120.0,ok,202.669874909845,0.0030961163610718073,0.534237114014104,False,2488.0,87.02448103576899,102.77683415915817,11.531112133525312,0.0,1508.0,2488.0,14.0,3196.0,3196.0,8569.0,16348.0,1000,0.003,6.0,6.7362653450109065,results/pruning-comparison-raw/F-only-100-h6-d0.3-a1-l0.5.json,
bottom-up-retention-v2,100,6,0.3,1,2023,F-only,1.0,0.7,120.0,ok,202.5751052652246,0.2032412769094081,1.1790631799958646,False,4240.0,233.3844811655581,323.09644506312907,30.184820760041475,0.0,3249.0,4240.0,21.0,6658.0,6658.0,31636.0,43622.0,1000,0.185,6.0,6.763948131003417,results/pruning-comparison-raw/F-only-100-h6-d0.3-a1-l0.7.json,
bottom-up-retention-v2,100,6,0.3,1,2023,F-only,1.0,0.9,120.0,ok,200.26907030403052,0.2703029472447411,6.044768241001293,False,12364.0,1306.9204828934744,2246.0023078601807,520.1980777783319,0.0,11465.0,12364.0,50.0,26858.0,26858.0,226654.0,246930.0,1000,0.249,6.0,6.552407075068913,results/pruning-comparison-raw/F-only-100-h6-d0.3-a1-l0.9.json,
bottom-up-retention-v2,100,6,0.3,2,2023,F-only,1.0,0.5,120.0,ok,202.669874909845,0.0030961163610718073,0.49307673203293234,False,2488.0,63.535235123708844,105.76409508939832,11.639199801720679,0.0,1508.0,2488.0,14.0,3196.0,3196.0,8569.0,16348.0,,,,,,
bottom-up-retention-v2,100,6,0.3,2,2023,F-only,1.0,0.7,120.0,ok,202.5751052652246,0.2032412769094081,1.270178224076517,False,4240.0,204.2147209867835,452.5271402671933,30.121153220534325,0.0,3249.0,4240.0,21.0,6658.0,6658.0,31636.0,43622.0,,,,,,
bottom-up-retention-v2,100,6,0.3,2,2023,F-only,1.0,0.9,120.0,ok,200.26907030403052,0.2703029472447411,6.104920136043802,False,12364.0,1323.4853158937767,2230.7066448265687,516.976430779323,0.0,11465.0,12364.0,50.0,26858.0,26858.0,226654.0,246930.0,,,,,,
bottom-up-retention-v2,100,6,0.3,2,2023,F-only,1.0,0.3,120.0,ok,202.67324466957237,0.00012032700618953713,0.33702974196057767,False,1732.0,38.41077396646142,55.142579949460924,7.11500714533031,0.0,794.0,1732.0,12.0,2381.0,2381.0,3152.0,9715.0,,,,,,
bottom-up-retention-v2,100,6,0.3,3,2023,F-only,1.0,0.7,120.0,ok,202.5751052652246,0.2032412769094081,1.2348264569882303,False,4240.0,270.4534004442394,345.98354378249496,30.094717163592577,0.0,3249.0,4240.0,21.0,6658.0,6658.0,31636.0,43622.0,,,,,,
bottom-up-retention-v2,100,6,0.3,3,2023,F-only,1.0,0.9,120.0,ok,200.26907030403052,0.2703029472447411,5.959596100030467,False,12364.0,1319.0514290472493,2152.517318027094,514.6345683606341,0.0,11465.0,12364.0,50.0,26858.0,26858.0,226654.0,246930.0,,,,,,
bottom-up-retention-v2,100,6,0.3,3,2023,F-only,1.0,0.3,120.0,ok,202.67324466957237,0.00012032700618953713,0.4417267180979252,False,1732.0,40.458491188474,55.61948718968779,7.483122171834111,0.0,794.0,1732.0,12.0,2381.0,2381.0,3152.0,9715.0,,,,,,
bottom-up-retention-v2,100,6,0.3,3,2023,F-only,1.0,0.5,120.0,ok,202.669874909845,0.0030961163610718073,0.5429538370808586,False,2488.0,68.54825816117227,108.8305008597672,12.034081853926182,0.0,1508.0,2488.0,14.0,3196.0,3196.0,8569.0,16348.0,,,,,,
