version,size,horizon,delta,trial,seed,method,alpha,lambda,timeout_s,status,objective,risk,time_s,complete,histories,rank_filter_ms,gurobi_model_update_ms,gurobi_optimize_ms,rank_fallbacks,ilp_variables,full_partial_ilp_variables,partial_ilp_solves,ilp_e_sent_total,ilp_e_full_total,ilp_f_sent_total,ilp_f_full_total,episodes,risk_rate,physical_duration_mean,rollout_time_s,result_file,error,case,input_digest,domain,instance,algorithm
bottom-up-retention-v2,5,3,0.1,1,2023,F-only,1.0,0.3,120.0,ok,9.855625,0.0,0.021505499025806785,False,52.0,0.6189919076859951,1.1409600265324116,1.119363005273044,0.0,25.0,52.0,4.0,18.0,18.0,40.0,106.0,1000,0.0,3.0,3.3867358620045707,policies/F-only-5-h3-d0.1-a1-l0.3.json,,grid-5x5-h3-d1-r1-b0.1,2dd4c818c32f51f28cb82c2c44ed9a65eb5ae10f13481483026f20a393ef47bd,benchmarks/grid/fixed-duration/domain.rddl,benchmarks/grid/fixed-duration/grid-5x5-h3-d1-r1-b0.1.rddl,pruningF
bottom-up-retention-v2,5,3,0.1,1,2023,F-only,1.0,0.5,120.0,ok,9.7376875,0.009984375000000004,0.029553403961472213,False,64.0,0.7819868624210358,1.700218883343041,1.4609481440857053,0.0,39.0,64.0,5.0,32.0,32.0,82.0,156.0,1000,0.01,3.0,3.3462738359812647,policies/F-only-5-h3-d0.1-a1-l0.5.json,,grid-5x5-h3-d1-r1-b0.1,2dd4c818c32f51f28cb82c2c44ed9a65eb5ae10f13481483026f20a393ef47bd,benchmarks/grid/fixed-duration/domain.rddl,benchmarks/grid/fixed-duration/grid-5x5-h3-d1-r1-b0.1.rddl,pruningF
bottom-up-retention-v2,5,3,0.1,1,2023,F-only,1.0,0.7,120.0,ok,8.9323125,0.08976562500000002,0.04926445707678795,False,196.0,4.045053967274725,7.1216493379324675,3.9728081319481134,0.0,149.0,196.0,10.0,96.0,96.0,607.0,844.0,1000,0.086,3.0,3.3947743120370433,policies/F-only-5-h3-d0.1-a1-l0.7.json,,grid-5x5-h3-d1-r1-b0.1,2dd4c818c32f51f28cb82c2c44ed9a65eb5ae10f13481483026f20a393ef47bd,benchmarks/grid/fixed-duration/domain.rddl,benchmarks/grid/fixed-duration/grid-5x5-h3-d1-r1-b0.1.rddl,pruningF
bottom-up-retention-v2,5,3,0.1,1,2023,F-only,1.0,0.9,120.0,ok,8.9323125,0.08976562500000002,0.05941666895523667,False,268.0,5.115157109685242,11.297293123789132,6.52011192869395,0.0,226.0,268.0,12.0,149.0,149.0,1093.0,1363.0,1000,0.086,3.0,3.3993990450398996,policies/F-only-5-h3-d0.1-a1-l0.9.json,,grid-5x5-h3-d1-r1-b0.1,2dd4c818c32f51f28cb82c2c44ed9a65eb5ae10f13481483026f20a393ef47bd,benchmarks/grid/fixed-duration/domain.rddl,benchmarks/grid/fixed-duration/grid-5x5-h3-d1-r1-b0.1.rddl,pruningF
bottom-up-retention-v2,5,3,0.1,2,2023,F-only,1.0,0.3,120.0,ok,9.855625,0.0,0.021820461959578097,False,52.0,0.5895780632272363,1.1443690164014697,1.113779959268868,0.0,25.0,52.0,4.0,18.0,18.0,40.0,106.0,,,,,,,grid-5x5-h3-d1-r1-b0.1,2dd4c818c32f51f28cb82c2c44ed9a65eb5ae10f13481483026f20a393ef47bd,benchmarks/grid/fixed-duration/domain.rddl,benchmarks/grid/fixed-duration/grid-5x5-h3-d1-r1-b0.1.rddl,pruningF
bottom-up-retention-v2,5,3,0.1,2,2023,F-only,1.0,0.5,120.0,ok,9.7376875,0.009984375000000004,0.02960811392404139,False,64.0,0.986481667496264,1.8664869712665677,1.6425781650468707,0.0,39.0,64.0,5.0,32.0,32.0,82.0,156.0,,,,,,,grid-5x5-h3-d1-r1-b0.1,2dd4c818c32f51f28cb82c2c44ed9a65eb5ae10f13481483026f20a393ef47bd,benchmarks/grid/fixed-duration/domain.rddl,benchmarks/grid/fixed-duration/grid-5x5-h3-d1-r1-b0.1.rddl,pruningF
bottom-up-retention-v2,5,3,0.1,2,2023,F-only,1.0,0.7,120.0,ok,8.9323125,0.08976562500000002,0.04851536999922246,False,196.0,3.9685190422460437,7.0112349931150675,3.544218954630196,0.0,149.0,196.0,10.0,96.0,96.0,607.0,844.0,,,,,,,grid-5x5-h3-d1-r1-b0.1,2dd4c818c32f51f28cb82c2c44ed9a65eb5ae10f13481483026f20a393ef47bd,benchmarks/grid/fixed-duration/domain.rddl,benchmarks/grid/fixed-duration/grid-5x5-h3-d1-r1-b0.1.rddl,pruningF
bottom-up-retention-v2,5,3,0.1,2,2023,F-only,1.0,0.9,120.0,ok,8.9323125,0.08976562500000002,0.0599187669577077,False,268.0,5.668777623213828,11.232285294681787,6.081684259697795,0.0,226.0,268.0,12.0,149.0,149.0,1093.0,1363.0,,,,,,,grid-5x5-h3-d1-r1-b0.1,2dd4c818c32f51f28cb82c2c44ed9a65eb5ae10f13481483026f20a393ef47bd,benchmarks/grid/fixed-duration/domain.rddl,benchmarks/grid/fixed-duration/grid-5x5-h3-d1-r1-b0.1.rddl,pruningF
bottom-up-retention-v2,5,3,0.1,3,2023,F-only,1.0,0.3,120.0,ok,9.855625,0.0,0.021691864007152617,False,52.0,1.0915790917351842,1.1018281802535057,1.0529339779168367,0.0,25.0,52.0,4.0,18.0,18.0,40.0,106.0,,,,,,,grid-5x5-h3-d1-r1-b0.1,2dd4c818c32f51f28cb82c2c44ed9a65eb5ae10f13481483026f20a393ef47bd,benchmarks/grid/fixed-duration/domain.rddl,benchmarks/grid/fixed-duration/grid-5x5-h3-d1-r1-b0.1.rddl,pruningF
bottom-up-retention-v2,5,3,0.1,3,2023,F-only,1.0,0.5,120.0,ok,9.7376875,0.009984375000000004,0.02714866294991225,False,64.0,0.7901908829808235,1.6462840139865875,1.4017581706866622,0.0,39.0,64.0,5.0,32.0,32.0,82.0,156.0,,,,,,,grid-5x5-h3-d1-r1-b0.1,2dd4c818c32f51f28cb82c2c44ed9a65eb5ae10f13481483026f20a393ef47bd,benchmarks/grid/fixed-duration/domain.rddl,benchmarks/grid/fixed-duration/grid-5x5-h3-d1-r1-b0.1.rddl,pruningF
bottom-up-retention-v2,5,3,0.1,3,2023,F-only,1.0,0.7,120.0,ok,8.9323125,0.08976562500000002,0.04706225101836026,False,196.0,3.3123166067525744,6.873367237858474,3.4315139055252075,0.0,149.0,196.0,10.0,96.0,96.0,607.0,844.0,,,,,,,grid-5x5-h3-d1-r1-b0.1,2dd4c818c32f51f28cb82c2c44ed9a65eb5ae10f13481483026f20a393ef47bd,benchmarks/grid/fixed-duration/domain.rddl,benchmarks/grid/fixed-duration/grid-5x5-h3-d1-r1-b0.1.rddl,pruningF
bottom-up-retention-v2,5,3,0.1,3,2023,F-only,1.0,0.9,120.0,ok,8.9323125,0.08976562500000002,0.058359432965517044,False,268.0,5.046368925832212,10.850849212147295,5.777563899755478,0.0,226.0,268.0,12.0,149.0,149.0,1093.0,1363.0,,,,,,,grid-5x5-h3-d1-r1-b0.1,2dd4c818c32f51f28cb82c2c44ed9a65eb5ae10f13481483026f20a393ef47bd,benchmarks/grid/fixed-duration/domain.rddl,benchmarks/grid/fixed-duration/grid-5x5-h3-d1-r1-b0.1.rddl,pruningF
bottom-up-retention-v2,5,3,0.2,1,2023,F-only,1.0,0.3,120.0,ok,9.855625,0.0,0.021049096016213298,False,52.0,0.5225979257375002,1.1102791177108884,1.0554669424891472,0.0,25.0,52.0,4.0,18.0,18.0,40.0,106.0,1000,0.0,3.0,3.34099423000589,policies/F-only-5-h3-d0.2-a1-l0.3.json,,grid-5x5-h3-d1-r1-b0.2,0c952fd7fb709ebd44038661f64d3016ca754a476eb7d971243a1a15a55c2b49,benchmarks/grid/fixed-duration/domain.rddl,benchmarks/grid/fixed-duration/grid-5x5-h3-d1-r1-b0.2.rddl,pruningF
bottom-up-retention-v2,5,3,0.2,1,2023,F-only,1.0,0.5,120.0,ok,9.90503125,0.009984375000000004,0.02653644501697272,False,64.0,0.7390810642391443,1.637569977901876,1.3606770662590861,0.0,39.0,64.0,5.0,32.0,32.0,83.0,156.0,1000,0.01,3.0,3.3258873539743945,policies/F-only-5-h3-d0.2-a1-l0.5.json,,grid-5x5-h3-d1-r1-b0.2,0c952fd7fb709ebd44038661f64d3016ca754a476eb7d971243a1a15a55c2b49,benchmarks/grid/fixed-duration/domain.rddl,benchmarks/grid/fixed-duration/grid-5x5-h3-d1-r1-b0.2.rddl,pruningF
bottom-up-retention-v2,5,3,0.2,1,2023,F-only,1.0,0.7,120.0,ok,9.673515625,0.015609375000000005,0.03217968507669866,False,88.0,1.4229059452190995,3.1145830871537328,2.077762968838215,0.0,67.0,88.0,7.0,59.0,59.0,226.0,317.0,1000,0.013,3.0,3.3649194680619985,policies/F-only-5-h3-d0.2-a1-l0.7.json,,grid-5x5-h3-d1-r1-b0.2,0c952fd7fb709ebd44038661f64d3016ca754a476eb7d971243a1a15a55c2b49,benchmarks/grid/fixed-duration/domain.rddl,benchmarks/grid/fixed-duration/grid-5x5-h3-d1-r1-b0.2.rddl,pruningF
bottom-up-retention-v2,5,3,0.2,1,2023,F-only,1.0,0.9,120.0,ok,8.155624999999999,0.144375,0.04705572605598718,False,160.0,2.7870660414919257,6.211425992660224,3.29579901881516,0.0,149.0,160.0,9.0,74.0,74.0,610.0,670.0,1000,0.136,3.0,3.4513933659764007,policies/F-only-5-h3-d0.2-a1-l0.9.json,,grid-5x5-h3-d1-r1-b0.2,0c952fd7fb709ebd44038661f64d3016ca754a476eb7d971243a1a15a55c2b49,benchmarks/grid/fixed-duration/domain.rddl,benchmarks/grid/fixed-duration/grid-5x5-h3-d1-r1-b0.2.rddl,pruningF
bottom-up-retention-v2,5,3,0.2,2,2023,F-only,1.0,0.3,120.0,ok,9.855625,0.0,0.02210392791312188,False,52.0,0.6040118169039488,1.1667130747810006,1.1717710876837373,0.0,25.0,52.0,4.0,18.0,18.0,40.0,106.0,,,,,,,grid-5x5-h3-d1-r1-b0.2,0c952fd7fb709ebd44038661f64d3016ca754a476eb7d971243a1a15a55c2b49,benchmarks/grid/fixed-duration/domain.rddl,benchmarks/grid/fixed-duration/grid-5x5-h3-d1-r1-b0.2.rddl,pruningF
bottom-up-retention-v2,5,3,0.2,2,2023,F-only,1.0,0.5,120.0,ok,9.90503125,0.009984375000000004,0.02678091498091817,False,64.0,0.8743940852582455,1.6998781356960535,1.415915205143392,0.0,39.0,64.0,5.0,32.0,32.0,83.0,156.0,,,,,,,grid-5x5-h3-d1-r1-b0.2,0c952fd7fb709ebd44038661f64d3016ca754a476eb7d971243a1a15a55c2b49,benchmarks/grid/fixed-duration/domain.rddl,benchmarks/grid/fixed-duration/grid-5x5-h3-d1-r1-b0.2.rddl,pruningF
bottom-up-retention-v2,5,3,0.2,2,2023,F-only,1.0,0.7,120.0,ok,9.673515625,0.015609375000000005,0.03287453402299434,False,88.0,1.9227940356358886,3.1848829239606857,2.05620308406651,0.0,67.0,88.0,7.0,59.0,59.0,226.0,317.0,,,,,,,grid-5x5-h3-d1-r1-b0.2,0c952fd7fb709ebd44038661f64d3016ca754a476eb7d971243a1a15a55c2b49,benchmarks/grid/fixed-duration/domain.rddl,benchmarks/grid/fixed-duration/grid-5x5-h3-d1-r1-b0.2.rddl,pruningF
bottom-up-retention-v2,5,3,0.2,2,2023,F-only,1.0,0.9,120.0,ok,8.155624999999999,0.144375,0.046527125989086926,False,160.0,2.7675421442836523,6.206178921274841,3.298513242043555,0.0,149.0,160.0,9.0,74.0,74.0,610.0,670.0,,,,,,,grid-5x5-h3-d1-r1-b0.2,0c952fd7fb709ebd44038661f64d3016ca754a476eb7d971243a1a15a55c2b49,benchmarks/grid/fixed-duration/domain.rddl,benchmarks/grid/fixed-duration/grid-5x5-h3-d1-r1-b0.2.rddl,pruningF
bottom-up-retention-v2,5,3,0.2,3,2023,F-only,1.0,0.3,120.0,ok,9.855625,0.0,0.020992890931665897,False,52.0,0.5759240593761206,1.1054889764636755,1.0555379558354616,0.0,25.0,52.0,4.0,18.0,18.0,40.0,106.0,,,,,,,grid-5x5-h3-d1-r1-b0.2,0c952fd7fb709ebd44038661f64d3016ca754a476eb7d971243a1a15a55c2b49,benchmarks/grid/fixed-duration/domain.rddl,benchmarks/grid/fixed-duration/grid-5x5-h3-d1-r1-b0.2.rddl,pruningF
bottom-up-retention-v2,5,3,0.2,3,2023,F-only,1.0,0.5,120.0,ok,9.90503125,0.009984375000000004,0.026912275003269315,False,64.0,0.7406341610476375,1.6590941231697798,1.4216338749974966,0.0,39.0,64.0,5.0,32.0,32.0,83.0,156.0,,,,,,,grid-5x5-h3-d1-r1-b0.2,0c952fd7fb709ebd44038661f64d3016ca754a476eb7d971243a1a15a55c2b49,benchmarks/grid/fixed-duration/domain.rddl,benchmarks/grid/fixed-duration/grid-5x5-h3-d1-r1-b0.2.rddl,pruningF
bottom-up-retention-v2,5,3,0.2,3,2023,F-only,1.0,0.7,120.0,ok,9.673515625,0.015609375000000005,0.03224001999478787,False,88.0,1.42675603274256,3.1672510085627437,2.1353388438001275,0.0,67.0,88.0,7.0,59.0,59.0,226.0,317.0,,,,,,,grid-5x5-h3-d1-r1-b0.2,0c952fd7fb709ebd44038661f64d3016ca754a476eb7d971243a1a15a55c2b49,benchmarks/grid/fixed-duration/domain.rddl,benchmarks/grid/fixed-duration/grid-5x5-h3-d1-r1-b0.2.rddl,pruningF
bottom-up-retention-v2,5,3,0.2,3,2023,F-only,1.0,0.9,120.0,ok,8.155624999999999,0.144375,0.04807516606524587,False,160.0,2.9172449139878154,6.394699099473655,3.448489587754011,0.0,149.0,160.0,9.0,74.0,74.0,610.0,670.0,,,,,,,grid-5x5-h3-d1-r1-b0.2,0c952fd7fb709ebd44038661f64d3016ca754a476eb7d971243a1a15a55c2b49,benchmarks/grid/fixed-duration/domain.rddl,benchmarks/grid/fixed-duration/grid-5x5-h3-d1-r1-b0.2.rddl,pruningF
bottom-up-retention-v2,5,3,0.3,1,2023,F-only,1.0,0.3,120.0,ok,9.855625,0.0,0.021312169963493943,False,52.0,0.534991966560483,1.1823611566796899,1.0831101099029183,0.0,25.0,52.0,4.0,18.0,18.0,40.0,106.0,1000,0.0,3.0,3.34068224101793,policies/F-only-5-h3-d0.3-a1-l0.3.json,,grid-5x5-h3-d1-r1-b0.3,22e089a008c49f646205b835e0f58d5518d958d6552b2cb62930b6c89c2c9c22,benchmarks/grid/fixed-duration/domain.rddl,benchmarks/grid/fixed-duration/grid-5x5-h3-d1-r1-b0.3.rddl,pruningF
bottom-up-retention-v2,5,3,0.3,1,2023,F-only,1.0,0.5,120.0,ok,9.855625,0.0,0.02248748193960637,False,52.0,0.6314751226454973,1.3069401029497385,1.144732115790248,0.0,33.0,52.0,4.0,18.0,18.0,57.0,106.0,1000,0.0,3.0,3.3539016681024805,policies/F-only-5-h3-d0.3-a1-l0.5.json,,grid-5x5-h3-d1-r1-b0.3,22e089a008c49f646205b835e0f58d5518d958d6552b2cb62930b6c89c2c9c22,benchmarks/grid/fixed-duration/domain.rddl,benchmarks/grid/fixed-duration/grid-5x5-h3-d1-r1-b0.3.rddl,pruningF
bottom-up-retention-v2,5,3,0.3,1,2023,F-only,1.0,0.7,120.0,ok,9.67871875,0.17690625000000004,0.02947081602178514,False,76.0,1.1773878941312432,2.5251589249819517,1.708787982352078,0.0,58.0,76.0,6.0,43.0,43.0,175.0,245.0,1000,0.16,3.0,3.3645684119546786,policies/F-only-5-h3-d0.3-a1-l0.7.json,,grid-5x5-h3-d1-r1-b0.3,22e089a008c49f646205b835e0f58d5518d958d6552b2cb62930b6c89c2c9c22,benchmarks/grid/fixed-duration/domain.rddl,benchmarks/grid/fixed-duration/grid-5x5-h3-d1-r1-b0.3.rddl,pruningF
bottom-up-retention-v2,5,3,0.3,1,2023,F-only,1.0,0.9,120.0,ok,8.155624999999999,0.144375,0.04595911304932088,False,172.0,2.859200700186193,6.299947970546782,2.9761689947918057,0.0,160.0,172.0,9.0,73.0,73.0,634.0,695.0,1000,0.136,3.0,3.3125839369604364,policies/F-only-5-h3-d0.3-a1-l0.9.json,,grid-5x5-h3-d1-r1-b0.3,22e089a008c49f646205b835e0f58d5518d958d6552b2cb62930b6c89c2c9c22,benchmarks/grid/fixed-duration/domain.rddl,benchmarks/grid/fixed-duration/grid-5x5-h3-d1-r1-b0.3.rddl,pruningF
bottom-up-retention-v2,5,3,0.3,2,2023,F-only,1.0,0.3,120.0,ok,9.855625,0.0,0.022070006001740694,False,52.0,0.63292495906353,1.2829378247261047,1.2298589572310448,0.0,25.0,52.0,4.0,18.0,18.0,40.0,106.0,,,,,,,grid-5x5-h3-d1-r1-b0.3,22e089a008c49f646205b835e0f58d5518d958d6552b2cb62930b6c89c2c9c22,benchmarks/grid/fixed-duration/domain.rddl,benchmarks/grid/fixed-duration/grid-5x5-h3-d1-r1-b0.3.rddl,pruningF
bottom-up-retention-v2,5,3,0.3,2,2023,F-only,1.0,0.5,120.0,ok,9.855625,0.0,0.022165399976074696,False,52.0,1.0606831638142467,1.2590039987117052,1.0886151576414704,0.0,33.0,52.0,4.0,18.0,18.0,57.0,106.0,,,,,,,grid-5x5-h3-d1-r1-b0.3,22e089a008c49f646205b835e0f58d5518d958d6552b2cb62930b6c89c2c9c22,benchmarks/grid/fixed-duration/domain.rddl,benchmarks/grid/fixed-duration/grid-5x5-h3-d1-r1-b0.3.rddl,pruningF
bottom-up-retention-v2,5,3,0.3,2,2023,F-only,1.0,0.7,120.0,ok,9.67871875,0.17690625000000004,0.029355374979786575,False,76.0,1.1301799677312374,2.463325159624219,1.6984270187094808,0.0,58.0,76.0,6.0,43.0,43.0,175.0,245.0,,,,,,,grid-5x5-h3-d1-r1-b0.3,22e089a008c49f646205b835e0f58d5518d958d6552b2cb62930b6c89c2c9c22,benchmarks/grid/fixed-duration/domain.rddl,benchmarks/grid/fixed-duration/grid-5x5-h3-d1-r1-b0.3.rddl,pruningF
bottom-up-retention-v2,5,3,0.3,2,2023,F-only,1.0,0.9,120.0,ok,8.155624999999999,0.144375,0.05004716303665191,False,172.0,2.8243762208148837,6.989383022300899,3.3145910128951073,0.0,160.0,172.0,9.0,73.0,73.0,634.0,695.0,,,,,,,grid-5x5-h3-d1-r1-b0.3,22e089a008c49f646205b835e0f58d5518d958d6552b2cb62930b6c89c2c9c22,benchmarks/grid/fixed-duration/domain.rddl,benchmarks/grid/fixed-duration/grid-5x5-h3-d1-r1-b0.3.rddl,pruningF
bottom-up-retention-v2,5,3,0.3,3,2023,F-only,1.0,0.3,120.0,ok,9.855625,0.0,0.021846269024536014,False,52.0,1.06240704189986,1.0951061267405748,1.0568989673629403,0.0,25.0,52.0,4.0,18.0,18.0,40.0,106.0,,,,,,,grid-5x5-h3-d1-r1-b0.3,22e089a008c49f646205b835e0f58d5518d958d6552b2cb62930b6c89c2c9c22,benchmarks/grid/fixed-duration/domain.rddl,benchmarks/grid/fixed-duration/grid-5x5-h3-d1-r1-b0.3.rddl,pruningF
bottom-up-retention-v2,5,3,0.3,3,2023,F-only,1.0,0.5,120.0,ok,9.855625,0.0,0.021575204096734524,False,52.0,0.5803720559924841,1.18765898514539,1.108319847844541,0.0,33.0,52.0,4.0,18.0,18.0,57.0,106.0,,,,,,,grid-5x5-h3-d1-r1-b0.3,22e089a008c49f646205b835e0f58d5518d958d6552b2cb62930b6c89c2c9c22,benchmarks/grid/fixed-duration/domain.rddl,benchmarks/grid/fixed-duration/grid-5x5-h3-d1-r1-b0.3.rddl,pruningF
bottom-up-retention-v2,5,3,0.3,3,2023,F-only,1.0,0.7,120.0,ok,9.67871875,0.17690625000000004,0.030393489985726774,False,76.0,1.1013959301635623,2.529280027374625,1.7192949308082461,0.0,58.0,76.0,6.0,43.0,43.0,175.0,245.0,,,,,,,grid-5x5-h3-d1-r1-b0.3,22e089a008c49f646205b835e0f58d5518d958d6552b2cb62930b6c89c2c9c22,benchmarks/grid/fixed-duration/domain.rddl,benchmarks/grid/fixed-duration/grid-5x5-h3-d1-r1-b0.3.rddl,pruningF
bottom-up-retention-v2,5,3,0.3,3,2023,F-only,1.0,0.9,120.0,ok,8.155624999999999,0.144375,0.04760373302269727,False,172.0,3.521184087730944,6.405628868378699,3.052998217754066,0.0,160.0,172.0,9.0,73.0,73.0,634.0,695.0,,,,,,,grid-5x5-h3-d1-r1-b0.3,22e089a008c49f646205b835e0f58d5518d958d6552b2cb62930b6c89c2c9c22,benchmarks/grid/fixed-duration/domain.rddl,benchmarks/grid/fixed-duration/grid-5x5-h3-d1-r1-b0.3.rddl,pruningF
bottom-up-retention-v2,5,4,0.1,1,2023,F-only,1.0,0.3,120.0,ok,10.791031250000001,0.0,0.03772976202890277,False,160.0,1.3860920444130898,2.460043993778527,1.4574250672012568,0.0,76.0,160.0,5.0,58.0,58.0,124.0,334.0,1000,0.0,4.0,4.4921523270895705,policies/F-only-5-h4-d0.1-a1-l0.3.json,,grid-5x5-h4-d1-r1-b0.1,1908d944b6414c2ca44181e62d668caeb6e065c3eb0a7215a35a13067ca0891d,benchmarks/grid/fixed-duration/domain.rddl,benchmarks/grid/fixed-duration/grid-5x5-h4-d1-r1-b0.1.rddl,pruningF
bottom-up-retention-v2,5,4,0.1,1,2023,F-only,1.0,0.5,120.0,ok,10.681131699218751,0.01074619555664063,0.06614992010872811,False,196.0,3.9023859426379204,6.551824044436216,2.8035587165504694,0.0,120.0,196.0,8.0,178.0,178.0,415.0,802.0,1000,0.019,4.0,4.5839424590813,policies/F-only-5-h4-d0.1-a1-l0.5.json,,grid-5x5-h4-d1-r1-b0.1,1908d944b6414c2ca44181e62d668caeb6e065c3eb0a7215a35a13067ca0891d,benchmarks/grid/fixed-duration/domain.rddl,benchmarks/grid/fixed-duration/grid-5x5-h4-d1-r1-b0.1.rddl,pruningF
bottom-up-retention-v2,5,4,0.1,1,2023,F-only,1.0,0.7,120.0,ok,9.777517099609375,0.09538847145996095,0.1285466719418764,False,472.0,10.692899813875556,21.263187052682042,8.605157025158405,0.0,367.0,472.0,14.0,342.0,342.0,2005.0,2738.0,1000,0.098,4.0,4.905440159956925,policies/F-only-5-h4-d0.1-a1-l0.7.json,,grid-5x5-h4-d1-r1-b0.1,1908d944b6414c2ca44181e62d668caeb6e065c3eb0a7215a35a13067ca0891d,benchmarks/grid/fixed-duration/domain.rddl,benchmarks/grid/fixed-duration/grid-5x5-h4-d1-r1-b0.1.rddl,pruningF
bottom-up-retention-v2,5,4,0.1,1,2023,F-only,1.0,0.9,120.0,ok,9.679810263671875,0.09923649803466798,0.30739065597299486,False,1084.0,35.27664497960359,97.89491828996688,45.24412495084107,0.0,993.0,1084.0,22.0,1069.0,1069.0,8237.0,9327.0,1000,0.104,4.0,4.554373776074499,policies/F-only-5-h4-d0.1-a1-l0.9.json,,grid-5x5-h4-d1-r1-b0.1,1908d944b6414c2ca44181e62d668caeb6e065c3eb0a7215a35a13067ca0891d,benchmarks/grid/fixed-duration/domain.rddl,benchmarks/grid/fixed-duration/grid-5x5-h4-d1-r1-b0.1.rddl,pruningF
bottom-up-retention-v2,5,4,0.1,2,2023,F-only,1.0,0.3,120.0,ok,10.791031250000001,0.0,0.03768055897671729,False,160.0,1.38766597956419,2.3700029123574495,1.440536929294467,0.0,76.0,160.0,5.0,58.0,58.0,124.0,334.0,,,,,,,grid-5x5-h4-d1-r1-b0.1,1908d944b6414c2ca44181e62d668caeb6e065c3eb0a7215a35a13067ca0891d,benchmarks/grid/fixed-duration/domain.rddl,benchmarks/grid/fixed-duration/grid-5x5-h4-d1-r1-b0.1.rddl,pruningF
bottom-up-retention-v2,5,4,0.1,2,2023,F-only,1.0,0.5,120.0,ok,10.681131699218751,0.01074619555664063,0.06169711390975863,False,196.0,3.2699699513614178,6.090341135859489,2.494811196811497,0.0,120.0,196.0,8.0,178.0,178.0,415.0,802.0,,,,,,,grid-5x5-h4-d1-r1-b0.1,1908d944b6414c2ca44181e62d668caeb6e065c3eb0a7215a35a13067ca0891d,benchmarks/grid/fixed-duration/domain.rddl,benchmarks/grid/fixed-duration/grid-5x5-h4-d1-r1-b0.1.rddl,pruningF
bottom-up-retention-v2,5,4,0.1,2,2023,F-only,1.0,0.7,120.0,ok,9.777517099609375,0.09538847145996095,0.12579429894685745,False,472.0,11.093293665908277,21.377830766141415,8.390111033804715,0.0,367.0,472.0,14.0,342.0,342.0,2005.0,2738.0,,,,,,,grid-5x5-h4-d1-r1-b0.1,1908d944b6414c2ca44181e62d668caeb6e065c3eb0a7215a35a13067ca0891d,benchmarks/grid/fixed-duration/domain.rddl,benchmarks/grid/fixed-duration/grid-5x5-h4-d1-r1-b0.1.rddl,pruningF
bottom-up-retention-v2,5,4,0.1,2,2023,F-only,1.0,0.9,120.0,ok,9.679810263671875,0.09923649803466798,0.3299349891021848,False,1084.0,38.75621280167252,103.89961395412683,44.542103074491024,0.0,993.0,1084.0,22.0,1069.0,1069.0,8237.0,9327.0,,,,,,,grid-5x5-h4-d1-r1-b0.1,1908d944b6414c2ca44181e62d668caeb6e065c3eb0a7215a35a13067ca0891d,benchmarks/grid/fixed-duration/domain.rddl,benchmarks/grid/fixed-duration/grid-5x5-h4-d1-r1-b0.1.rddl,pruningF
bottom-up-retention-v2,5,4,0.1,3,2023,F-only,1.0,0.3,120.0,ok,10.791031250000001,0.0,0.03814469394274056,False,160.0,1.408630982041359,2.3910540621727705,1.465424196794629,0.0,76.0,160.0,5.0,58.0,58.0,124.0,334.0,,,,,,,grid-5x5-h4-d1-r1-b0.1,1908d944b6414c2ca44181e62d668caeb6e065c3eb0a7215a35a13067ca0891d,benchmarks/grid/fixed-duration/domain.rddl,benchmarks/grid/fixed-duration/grid-5x5-h4-d1-r1-b0.1.rddl,pruningF
bottom-up-retention-v2,5,4,0.1,3,2023,F-only,1.0,0.5,120.0,ok,10.681131699218751,0.01074619555664063,0.0639392000157386,False,196.0,3.3985909540206194,6.51280302554369,2.7081588050350547,0.0,120.0,196.0,8.0,178.0,178.0,415.0,802.0,,,,,,,grid-5x5-h4-d1-r1-b0.1,1908d944b6414c2ca44181e62d668caeb6e065c3eb0a7215a35a13067ca0891d,benchmarks/grid/fixed-duration/domain.rddl,benchmarks/grid/fixed-duration/grid-5x5-h4-d1-r1-b0.1.rddl,pruningF
bottom-up-retention-v2,5,4,0.1,3,2023,F-only,1.0,0.7,120.0,ok,9.777517099609375,0.09538847145996095,0.12538797699380666,False,472.0,11.141695082187653,21.05649805162102,8.385263849049807,0.0,367.0,472.0,14.0,342.0,342.0,2005.0,2738.0,,,,,,,grid-5x5-h4-d1-r1-b0.1,1908d944b6414c2ca44181e62d668caeb6e065c3eb0a7215a35a13067ca0891d,benchmarks/grid/fixed-duration/domain.rddl,benchmarks/grid/fixed-duration/grid-5x5-h4-d1-r1-b0.1.rddl,pruningF
bottom-up-retention-v2,5,4,0.1,3,2023,F-only,1.0,0.9,120.0,ok,9.679810263671875,0.09923649803466798,0.2804282010765746,False,1084.0,34.8601610166952,73.40299268253148,43.10143308248371,0.0,993.0,1084.0,22.0,1069.0,1069.0,8237.0,9327.0,,,,,,,grid-5x5-h4-d1-r1-b0.1,1908d944b6414c2ca44181e62d668caeb6e065c3eb0a7215a35a13067ca0891d,benchmarks/grid/fixed-duration/domain.rddl,benchmarks/grid/fixed-duration/grid-5x5-h4-d1-r1-b0.1.rddl,pruningF
bottom-up-retention-v2,5,4,0.2,1,2023,F-only,1.0,0.3,120.0,ok,10.791031250000001,0.0,0.03698726196307689,False,160.0,1.3695850502699614,2.3517669178545475,1.4279360184445977,0.0,76.0,160.0,5.0,58.0,58.0,124.0,334.0,1000,0.0,4.0,4.493466058978811,policies/F-only-5-h4-d0.2-a1-l0.3.json,,grid-5x5-h4-d1-r1-b0.2,48d1800adc3241e68e2bd399602b82183aded8fdacd64f217363b84eb7d178d4,benchmarks/grid/fixed-duration/domain.rddl,benchmarks/grid/fixed-duration/grid-5x5-h4-d1-r1-b0.2.rddl,pruningF
bottom-up-retention-v2,5,4,0.2,1,2023,F-only,1.0,0.5,120.0,ok,10.839988730468752,0.01074619555664063,0.06267449900042266,False,196.0,3.4696627408266068,6.252014078199863,2.6599320117384195,0.0,120.0,196.0,8.0,178.0,178.0,416.0,802.0,1000,0.019,4.0,4.467260910896584,policies/F-only-5-h4-d0.2-a1-l0.5.json,,grid-5x5-h4-d1-r1-b0.2,48d1800adc3241e68e2bd399602b82183aded8fdacd64f217363b84eb7d178d4,benchmarks/grid/fixed-duration/domain.rddl,benchmarks/grid/fixed-duration/grid-5x5-h4-d1-r1-b0.2.rddl,pruningF
bottom-up-retention-v2,5,4,0.2,1,2023,F-only,1.0,0.7,120.0,ok,10.587442724609376,0.035489052246093764,0.08818445901852101,False,328.0,6.632659351453185,12.299221009016037,3.7178341299295425,0.0,248.0,328.0,10.0,273.0,273.0,1142.0,1603.0,1000,0.044,4.0,4.431499896105379,policies/F-only-5-h4-d0.2-a1-l0.7.json,,grid-5x5-h4-d1-r1-b0.2,48d1800adc3241e68e2bd399602b82183aded8fdacd64f217363b84eb7d178d4,benchmarks/grid/fixed-duration/domain.rddl,benchmarks/grid/fixed-duration/grid-5x5-h4-d1-r1-b0.2.rddl,pruningF
bottom-up-retention-v2,5,4,0.2,1,2023,F-only,1.0,0.9,120.0,ok,8.7915875390625,0.15077686814575197,0.14659985702019185,False,568.0,10.898883803747594,24.26120697055012,11.759575689211488,0.0,529.0,568.0,13.0,309.0,309.0,2541.0,2767.0,1000,0.152,4.0,4.383689558017068,policies/F-only-5-h4-d0.2-a1-l0.9.json,,grid-5x5-h4-d1-r1-b0.2,48d1800adc3241e68e2bd399602b82183aded8fdacd64f217363b84eb7d178d4,benchmarks/grid/fixed-duration/domain.rddl,benchmarks/grid/fixed-duration/grid-5x5-h4-d1-r1-b0.2.rddl,pruningF
bottom-up-retention-v2,5,4,0.2,2,2023,F-only,1.0,0.3,120.0,ok,10.791031250000001,0.0,0.036530061974190176,False,160.0,1.3292570365592837,2.3080010432749987,1.4541720738634467,0.0,76.0,160.0,5.0,58.0,58.0,124.0,334.0,,,,,,,grid-5x5-h4-d1-r1-b0.2,48d1800adc3241e68e2bd399602b82183aded8fdacd64f217363b84eb7d178d4,benchmarks/grid/fixed-duration/domain.rddl,benchmarks/grid/fixed-duration/grid-5x5-h4-d1-r1-b0.2.rddl,pruningF
bottom-up-retention-v2,5,4,0.2,2,2023,F-only,1.0,0.5,120.0,ok,10.839988730468752,0.01074619555664063,0.061829886049963534,False,196.0,3.4837358398362994,6.132527953013778,2.5153682800009847,0.0,120.0,196.0,8.0,178.0,178.0,416.0,802.0,,,,,,,grid-5x5-h4-d1-r1-b0.2,48d1800adc3241e68e2bd399602b82183aded8fdacd64f217363b84eb7d178d4,benchmarks/grid/fixed-duration/domain.rddl,benchmarks/grid/fixed-duration/grid-5x5-h4-d1-r1-b0.2.rddl,pruningF
bottom-up-retention-v2,5,4,0.2,2,2023,F-only,1.0,0.7,120.0,ok,10.587442724609376,0.035489052246093764,0.09048223902937025,False,328.0,7.0709597785025835,12.389099807478487,3.8487479323521256,0.0,248.0,328.0,10.0,273.0,273.0,1142.0,1603.0,,,,,,,grid-5x5-h4-d1-r1-b0.2,48d1800adc3241e68e2bd399602b82183aded8fdacd64f217363b84eb7d178d4,benchmarks/grid/fixed-duration/domain.rddl,benchmarks/grid/fixed-duration/grid-5x5-h4-d1-r1-b0.2.rddl,pruningF
bottom-up-retention-v2,5,4,0.2,2,2023,F-only,1.0,0.9,120.0,ok,8.7915875390625,0.15077686814575197,0.15700869006104767,False,568.0,10.915339225903153,23.68255122564733,10.717943194322288,0.0,529.0,568.0,13.0,309.0,309.0,2541.0,2767.0,,,,,,,grid-5x5-h4-d1-r1-b0.2,48d1800adc3241e68e2bd399602b82183aded8fdacd64f217363b84eb7d178d4,benchmarks/grid/fixed-duration/domain.rddl,benchmarks/grid/fixed-duration/grid-5x5-h4-d1-r1-b0.2.rddl,pruningF
bottom-up-retention-v2,5,4,0.2,3,2023,F-only,1.0,0.5,120.0,ok,10.839988730468752,0.01074619555664063,0.06228815100621432,False,196.0,3.379556117579341,6.131366943009198,2.5652118492871523,0.0,120.0,196.0,8.0,178.0,178.0,416.0,802.0,,,,,,,grid-5x5-h4-d1-r1-b0.2,48d1800adc3241e68e2bd399602b82183aded8fdacd64f217363b84eb7d178d4,benchmarks/grid/fixed-duration/domain.rddl,benchmarks/grid/fixed-duration/grid-5x5-h4-d1-r1-b0.2.rddl,pruningF
bottom-up-retention-v2,5,4,0.2,3,2023,F-only,1.0,0.7,120.0,ok,10.587442724609376,0.035489052246093764,0.0896354919532314,False,328.0,6.733678048476577,12.309254030697048,3.7727392045781016,0.0,248.0,328.0,10.0,273.0,273.0,1142.0,1603.0,,,,,,,grid-5x5-h4-d1-r1-b0.2,48d1800adc3241e68e2bd399602b82183aded8fdacd64f217363b84eb7d178d4,benchmarks/grid/fixed-duration/domain.rddl,benchmarks/grid/fixed-duration/grid-5x5-h4-d1-r1-b0.2.rddl,pruningF
bottom-up-retention-v2,5,4,0.2,3,2023,F-only,1.0,0.9,120.0,ok,8.7915875390625,0.15077686814575197,0.13524115597829223,False,568.0,10.143552091903985,22.867882158607244,10.315697873011231,0.0,529.0,568.0,13.0,309.0,309.0,2541.0,2767.0,,,,,,,grid-5x5-h4-d1-r1-b0.2,48d1800adc3241e68e2bd399602b82183aded8fdacd64f217363b84eb7d178d4,benchmarks/grid/fixed-duration/domain.rddl,benchmarks/grid/fixed-duration/grid-5x5-h4-d1-r1-b0.2.rddl,pruningF
bottom-up-retention-v2,5,4,0.2,3,2023,F-only,1.0,0.3,120.0,ok,10.791031250000001,0.0,0.037265992956236005,False,160.0,1.3407771475613117,2.3485771380364895,1.426293863914907,0.0,76.0,160.0,5.0,58.0,58.0,124.0,334.0,,,,,,,grid-5x5-h4-d1-r1-b0.2,48d1800adc3241e68e2bd399602b82183aded8fdacd64f217363b84eb7d178d4,benchmarks/grid/fixed-duration/domain.rddl,benchmarks/grid/fixed-duration/grid-5x5-h4-d1-r1-b0.2.rddl,pruningF
bottom-up-retention-v2,5,4,0.3,1,2023,F-only,1.0,0.3,120.0,ok,10.791031250000001,0.0,0.03798525803722441,False,160.0,1.4367270050570369,2.3709338856860995,1.4428520807996392,0.0,76.0,160.0,5.0,58.0,58.0,124.0,334.0,1000,0.0,4.0,4.518963027046993,policies/F-only-5-h4-d0.3-a1-l0.3.json,,grid-5x5-h4-d1-r1-b0.3,ab6f51b97e4aebc3bc2f3935bce339d5433906f3a3580f79e8a7f1c385603898,benchmarks/grid/fixed-duration/domain.rddl,benchmarks/grid/fixed-duration/grid-5x5-h4-d1-r1-b0.3.rddl,pruningF
bottom-up-retention-v2,5,4,0.3,1,2023,F-only,1.0,0.5,120.0,ok,10.786191464843752,0.0007618205566406254,0.05911759799346328,False,208.0,3.659598878584802,6.633010925725102,2.5390780065208673,0.0,127.0,208.0,8.0,179.0,179.0,440.0,849.0,1000,0.0,4.0,4.517255368991755,policies/F-only-5-h4-d0.3-a1-l0.5.json,,grid-5x5-h4-d1-r1-b0.3,ab6f51b97e4aebc3bc2f3935bce339d5433906f3a3580f79e8a7f1c385603898,benchmarks/grid/fixed-duration/domain.rddl,benchmarks/grid/fixed-duration/grid-5x5-h4-d1-r1-b0.3.rddl,pruningF
bottom-up-retention-v2,5,4,0.3,1,2023,F-only,1.0,0.7,120.0,ok,10.711675068359376,0.19021566137695317,0.10872403800021857,False,328.0,6.594932754524052,31.423676875419915,3.8117789663374424,0.0,249.0,328.0,10.0,268.0,268.0,1156.0,1620.0,1000,0.174,4.0,4.518335268017836,policies/F-only-5-h4-d0.3-a1-l0.7.json,,grid-5x5-h4-d1-r1-b0.3,ab6f51b97e4aebc3bc2f3935bce339d5433906f3a3580f79e8a7f1c385603898,benchmarks/grid/fixed-duration/domain.rddl,benchmarks/grid/fixed-duration/grid-5x5-h4-d1-r1-b0.3.rddl,pruningF
bottom-up-retention-v2,5,4,0.3,1,2023,F-only,1.0,0.9,120.0,ok,8.241031249999999,0.15480147923583987,0.2279125569621101,False,868.0,29.930089018307626,61.740443925373256,24.1098030237481,0.0,809.0,868.0,20.0,887.0,887.0,6903.0,7497.0,1000,0.154,4.0,4.44581656891387,policies/F-only-5-h4-d0.3-a1-l0.9.json,,grid-5x5-h4-d1-r1-b0.3,ab6f51b97e4aebc3bc2f3935bce339d5433906f3a3580f79e8a7f1c385603898,benchmarks/grid/fixed-duration/domain.rddl,benchmarks/grid/fixed-duration/grid-5x5-h4-d1-r1-b0.3.rddl,pruningF
bottom-up-retention-v2,5,4,0.3,2,2023,F-only,1.0,0.5,120.0,ok,10.786191464843752,0.0007618205566406254,0.057445682934485376,False,208.0,3.575011156499386,6.232548970729113,2.4788747541606426,0.0,127.0,208.0,8.0,179.0,179.0,440.0,849.0,,,,,,,grid-5x5-h4-d1-r1-b0.3,ab6f51b97e4aebc3bc2f3935bce339d5433906f3a3580f79e8a7f1c385603898,benchmarks/grid/fixed-duration/domain.rddl,benchmarks/grid/fixed-duration/grid-5x5-h4-d1-r1-b0.3.rddl,pruningF
bottom-up-retention-v2,5,4,0.3,2,2023,F-only,1.0,0.7,120.0,ok,10.711675068359376,0.19021566137695317,0.09174730500672013,False,328.0,7.224213099107146,12.916550156660378,3.8320450112223625,0.0,249.0,328.0,10.0,268.0,268.0,1156.0,1620.0,,,,,,,grid-5x5-h4-d1-r1-b0.3,ab6f51b97e4aebc3bc2f3935bce339d5433906f3a3580f79e8a7f1c385603898,benchmarks/grid/fixed-duration/domain.rddl,benchmarks/grid/fixed-duration/grid-5x5-h4-d1-r1-b0.3.rddl,pruningF
bottom-up-retention-v2,5,4,0.3,2,2023,F-only,1.0,0.9,120.0,ok,8.241031249999999,0.15480147923583987,0.24581464694347233,False,868.0,50.180066376924515,61.38146331068128,23.742881254293025,0.0,809.0,868.0,20.0,887.0,887.0,6903.0,7497.0,,,,,,,grid-5x5-h4-d1-r1-b0.3,ab6f51b97e4aebc3bc2f3935bce339d5433906f3a3580f79e8a7f1c385603898,benchmarks/grid/fixed-duration/domain.rddl,benchmarks/grid/fixed-duration/grid-5x5-h4-d1-r1-b0.3.rddl,pruningF
bottom-up-retention-v2,5,4,0.3,2,2023,F-only,1.0,0.3,120.0,ok,10.791031250000001,0.0,0.03690386505331844,False,160.0,1.3715479290112853,2.3675640113651752,1.428784104064107,0.0,76.0,160.0,5.0,58.0,58.0,124.0,334.0,,,,,,,grid-5x5-h4-d1-r1-b0.3,ab6f51b97e4aebc3bc2f3935bce339d5433906f3a3580f79e8a7f1c385603898,benchmarks/grid/fixed-duration/domain.rddl,benchmarks/grid/fixed-duration/grid-5x5-h4-d1-r1-b0.3.rddl,pruningF
bottom-up-retention-v2,5,4,0.3,3,2023,F-only,1.0,0.7,120.0,ok,10.711675068359376,0.19021566137695317,0.09756582300178707,False,328.0,7.220603758469224,15.136882662773132,4.412831156514585,0.0,249.0,328.0,10.0,268.0,268.0,1156.0,1620.0,,,,,,,grid-5x5-h4-d1-r1-b0.3,ab6f51b97e4aebc3bc2f3935bce339d5433906f3a3580f79e8a7f1c385603898,benchmarks/grid/fixed-duration/domain.rddl,benchmarks/grid/fixed-duration/grid-5x5-h4-d1-r1-b0.3.rddl,pruningF
bottom-up-retention-v2,5,4,0.3,3,2023,F-only,1.0,0.9,120.0,ok,8.241031249999999,0.15480147923583987,0.23473680403549224,False,868.0,28.95716775674373,64.05405886471272,25.497782276943326,0.0,809.0,868.0,20.0,887.0,887.0,6903.0,7497.0,,,,,,,grid-5x5-h4-d1-r1-b0.3,ab6f51b97e4aebc3bc2f3935bce339d5433906f3a3580f79e8a7f1c385603898,benchmarks/grid/fixed-duration/domain.rddl,benchmarks/grid/fixed-duration/grid-5x5-h4-d1-r1-b0.3.rddl,pruningF
bottom-up-retention-v2,5,4,0.3,3,2023,F-only,1.0,0.3,120.0,ok,10.791031250000001,0.0,0.03818215196952224,False,160.0,1.3925550738349557,2.6614367961883545,1.4787339605391026,0.0,76.0,160.0,5.0,58.0,58.0,124.0,334.0,,,,,,,grid-5x5-h4-d1-r1-b0.3,ab6f51b97e4aebc3bc2f3935bce339d5433906f3a3580f79e8a7f1c385603898,benchmarks/grid/fixed-duration/domain.rddl,benchmarks/grid/fixed-duration/grid-5x5-h4-d1-r1-b0.3.rddl,pruningF
bottom-up-retention-v2,5,4,0.3,3,2023,F-only,1.0,0.5,120.0,ok,10.786191464843752,0.0007618205566406254,0.05891649704426527,False,208.0,3.6150949308648705,6.216025096364319,2.509717713110149,0.0,127.0,208.0,8.0,179.0,179.0,440.0,849.0,,,,,,,grid-5x5-h4-d1-r1-b0.3,ab6f51b97e4aebc3bc2f3935bce339d5433906f3a3580f79e8a7f1c385603898,benchmarks/grid/fixed-duration/domain.rddl,benchmarks/grid/fixed-duration/grid-5x5-h4-d1-r1-b0.3.rddl,pruningF
bottom-up-retention-v2,5,5,0.1,1,2023,F-only,1.0,0.5,120.0,ok,11.62535635175171,0.012887433588867193,0.17376655305270106,False,724.0,16.134337056428194,26.887277839705348,5.140789085999131,0.0,439.0,724.0,11.0,807.0,807.0,2007.0,3881.0,1000,0.02,5.0,5.616218328010291,policies/F-only-5-h5-d0.1-a1-l0.5.json,,grid-5x5-h5-d1-r1-b0.1,c2782ac2130146505c431b6d79606db6ec0d93d61eafd747313eeaa42908d059,benchmarks/grid/fixed-duration/domain.rddl,benchmarks/grid/fixed-duration/grid-5x5-h5-d1-r1-b0.1.rddl,pruningF
bottom-up-retention-v2,5,5,0.1,1,2023,F-only,1.0,0.7,120.0,ok,10.640214456347657,0.09996350263152697,0.486905136029236,False,1492.0,61.06667686253786,141.10190386418253,53.72348625678569,0.0,1157.0,1492.0,23.0,2081.0,2081.0,11116.0,15099.0,1000,0.103,5.0,5.702660873066634,policies/F-only-5-h5-d0.1-a1-l0.7.json,,grid-5x5-h5-d1-r1-b0.1,c2782ac2130146505c431b6d79606db6ec0d93d61eafd747313eeaa42908d059,benchmarks/grid/fixed-duration/domain.rddl,benchmarks/grid/fixed-duration/grid-5x5-h5-d1-r1-b0.1.rddl,pruningF
bottom-up-retention-v2,5,5,0.1,1,2023,F-only,1.0,0.9,120.0,ok,10.42516637290039,0.09997335736212161,0.7990024440223351,False,2692.0,125.95135532319546,240.46120792627335,119.62371121626347,0.0,2479.0,2692.0,28.0,2998.0,2998.0,24524.0,27186.0,1000,0.106,5.0,5.714587875059806,policies/F-only-5-h5-d0.1-a1-l0.9.json,,grid-5x5-h5-d1-r1-b0.1,c2782ac2130146505c431b6d79606db6ec0d93d61eafd747313eeaa42908d059,benchmarks/grid/fixed-duration/domain.rddl,benchmarks/grid/fixed-duration/grid-5x5-h5-d1-r1-b0.1.rddl,pruningF
bottom-up-retention-v2,5,5,0.1,1,2023,F-only,1.0,0.3,120.0,ok,11.729504612384034,0.0003297549697036745,0.14973720500711352,False,556.0,10.281886090524495,14.762119972147048,4.148276057094336,0.0,257.0,556.0,9.0,544.0,544.0,783.0,2348.0,1000,0.0,5.0,5.725458170985803,policies/F-only-5-h5-d0.1-a1-l0.3.json,,grid-5x5-h5-d1-r1-b0.1,c2782ac2130146505c431b6d79606db6ec0d93d61eafd747313eeaa42908d059,benchmarks/grid/fixed-duration/domain.rddl,benchmarks/grid/fixed-duration/grid-5x5-h5-d1-r1-b0.1.rddl,pruningF
bottom-up-retention-v2,5,5,0.1,2,2023,F-only,1.0,0.7,120.0,ok,10.640214456347657,0.09996350263152697,0.492006863001734,False,1492.0,61.5175700513646,145.12545033358037,55.259914603084326,0.0,1157.0,1492.0,23.0,2081.0,2081.0,11116.0,15099.0,,,,,,,grid-5x5-h5-d1-r1-b0.1,c2782ac2130146505c431b6d79606db6ec0d93d61eafd747313eeaa42908d059,benchmarks/grid/fixed-duration/domain.rddl,benchmarks/grid/fixed-duration/grid-5x5-h5-d1-r1-b0.1.rddl,pruningF
bottom-up-retention-v2,5,5,0.1,2,2023,F-only,1.0,0.9,120.0,ok,10.42516637290039,0.09997335736212161,0.8400995759293437,False,2692.0,140.17549715936184,238.8806843664497,123.47285612486303,0.0,2479.0,2692.0,28.0,2998.0,2998.0,24524.0,27186.0,,,,,,,grid-5x5-h5-d1-r1-b0.1,c2782ac2130146505c431b6d79606db6ec0d93d61eafd747313eeaa42908d059,benchmarks/grid/fixed-duration/domain.rddl,benchmarks/grid/fixed-duration/grid-5x5-h5-d1-r1-b0.1.rddl,pruningF
bottom-up-retention-v2,5,5,0.1,2,2023,F-only,1.0,0.3,120.0,ok,11.729504612384034,0.0003297549697036745,0.12687858298886567,False,556.0,10.45654178597033,14.796397997997701,3.699282184243202,0.0,257.0,556.0,9.0,544.0,544.0,783.0,2348.0,,,,,,,grid-5x5-h5-d1-r1-b0.1,c2782ac2130146505c431b6d79606db6ec0d93d61eafd747313eeaa42908d059,benchmarks/grid/fixed-duration/domain.rddl,benchmarks/grid/fixed-duration/grid-5x5-h5-d1-r1-b0.1.rddl,pruningF
bottom-up-retention-v2,5,5,0.1,2,2023,F-only,1.0,0.5,120.0,ok,11.62535635175171,0.012887433588867193,0.17806426098104566,False,724.0,16.31006901152432,26.448171120136976,5.289992899633944,0.0,439.0,724.0,11.0,807.0,807.0,2007.0,3881.0,,,,,,,grid-5x5-h5-d1-r1-b0.1,c2782ac2130146505c431b6d79606db6ec0d93d61eafd747313eeaa42908d059,benchmarks/grid/fixed-duration/domain.rddl,benchmarks/grid/fixed-duration/grid-5x5-h5-d1-r1-b0.1.rddl,pruningF
bottom-up-retention-v2,5,5,0.1,3,2023,F-only,1.0,0.9,120.0,ok,10.42516637290039,0.09997335736212161,0.8340593430912122,False,2692.0,109.59696664940566,280.55907611269504,122.33132112305611,0.0,2479.0,2692.0,28.0,2998.0,2998.0,24524.0,27186.0,,,,,,,grid-5x5-h5-d1-r1-b0.1,c2782ac2130146505c431b6d79606db6ec0d93d61eafd747313eeaa42908d059,benchmarks/grid/fixed-duration/domain.rddl,benchmarks/grid/fixed-duration/grid-5x5-h5-d1-r1-b0.1.rddl,pruningF
bottom-up-retention-v2,5,5,0.1,3,2023,F-only,1.0,0.3,120.0,ok,11.729504612384034,0.0003297549697036745,0.13831505097914487,False,556.0,10.924865026026964,15.452543855644763,4.121878766454756,0.0,257.0,556.0,9.0,544.0,544.0,783.0,2348.0,,,,,,,grid-5x5-h5-d1-r1-b0.1,c2782ac2130146505c431b6d79606db6ec0d93d61eafd747313eeaa42908d059,benchmarks/grid/fixed-duration/domain.rddl,benchmarks/grid/fixed-duration/grid-5x5-h5-d1-r1-b0.1.rddl,pruningF
bottom-up-retention-v2,5,5,0.1,3,2023,F-only,1.0,0.5,120.0,ok,11.62535635175171,0.012887433588867193,0.1774146790849045,False,724.0,16.510133049450815,27.624948997981846,5.501721985638142,0.0,439.0,724.0,11.0,807.0,807.0,2007.0,3881.0,,,,,,,grid-5x5-h5-d1-r1-b0.1,c2782ac2130146505c431b6d79606db6ec0d93d61eafd747313eeaa42908d059,benchmarks/grid/fixed-duration/domain.rddl,benchmarks/grid/fixed-duration/grid-5x5-h5-d1-r1-b0.1.rddl,pruningF
bottom-up-retention-v2,5,5,0.1,3,2023,F-only,1.0,0.7,120.0,ok,10.640214456347657,0.09996350263152697,0.49536134395748377,False,1492.0,90.73749498929828,115.07514002732933,54.269193788059056,0.0,1157.0,1492.0,23.0,2081.0,2081.0,11116.0,15099.0,,,,,,,grid-5x5-h5-d1-r1-b0.1,c2782ac2130146505c431b6d79606db6ec0d93d61eafd747313eeaa42908d059,benchmarks/grid/fixed-duration/domain.rddl,benchmarks/grid/fixed-duration/grid-5x5-h5-d1-r1-b0.1.rddl,pruningF
bottom-up-retention-v2,5,5,0.2,1,2023,F-only,1.0,0.7,120.0,ok,11.47349336781006,0.03515087593872072,0.27308538008946925,False,1132.0,29.9296488519758,51.718100206926465,8.317261002957821,0.0,870.0,1132.0,13.0,1036.0,1036.0,4799.0,6624.0,1000,0.032,5.0,6.031713593984023,policies/F-only-5-h5-d0.2-a1-l0.7.json,,grid-5x5-h5-d1-r1-b0.2,f3d6fa15df4240a746e6ac4eff341a7504eaa7cc09751818ef06e89040b79377,benchmarks/grid/fixed-duration/domain.rddl,benchmarks/grid/fixed-duration/grid-5x5-h5-d1-r1-b0.2.rddl,pruningF
bottom-up-retention-v2,5,5,0.2,1,2023,F-only,1.0,0.9,120.0,ok,9.336185924951172,0.1527184580636902,0.7047749720513821,False,2824.0,91.24902496114373,192.2417440218851,59.762532473541796,0.0,2621.0,2824.0,24.0,2533.0,2533.0,21897.0,23855.0,1000,0.172,5.0,5.63302486599423,policies/F-only-5-h5-d0.2-a1-l0.9.json,,grid-5x5-h5-d1-r1-b0.2,f3d6fa15df4240a746e6ac4eff341a7504eaa7cc09751818ef06e89040b79377,benchmarks/grid/fixed-duration/domain.rddl,benchmarks/grid/fixed-duration/grid-5x5-h5-d1-r1-b0.2.rddl,pruningF
bottom-up-retention-v2,5,5,0.2,1,2023,F-only,1.0,0.3,120.0,ok,11.729504612384034,0.0003297549697036745,0.12124087999109179,False,556.0,9.504130925051868,14.071417041122913,3.42762831132859,0.0,257.0,556.0,9.0,544.0,544.0,783.0,2348.0,1000,0.0,5.0,5.739028675016016,policies/F-only-5-h5-d0.2-a1-l0.3.json,,grid-5x5-h5-d1-r1-b0.2,f3d6fa15df4240a746e6ac4eff341a7504eaa7cc09751818ef06e89040b79377,benchmarks/grid/fixed-duration/domain.rddl,benchmarks/grid/fixed-duration/grid-5x5-h5-d1-r1-b0.2.rddl,pruningF
bottom-up-retention-v2,5,5,0.2,1,2023,F-only,1.0,0.5,120.0,ok,11.777657308447267,0.012164754384613043,0.20193092501722276,False,724.0,42.035303078591824,29.33545014820993,5.6717360857874155,0.0,438.0,724.0,12.0,951.0,951.0,2235.0,4353.0,1000,0.021,5.0,7.648420962039381,policies/F-only-5-h5-d0.2-a1-l0.5.json,,grid-5x5-h5-d1-r1-b0.2,f3d6fa15df4240a746e6ac4eff341a7504eaa7cc09751818ef06e89040b79377,benchmarks/grid/fixed-duration/domain.rddl,benchmarks/grid/fixed-duration/grid-5x5-h5-d1-r1-b0.2.rddl,pruningF
bottom-up-retention-v2,5,5,0.2,2,2023,F-only,1.0,0.9,120.0,ok,9.336185924951172,0.1527184580636902,1.1736972100334242,False,2824.0,184.79381396900862,339.07342865131795,88.30605912953615,0.0,2621.0,2824.0,24.0,2533.0,2533.0,21897.0,23855.0,,,,,,,grid-5x5-h5-d1-r1-b0.2,f3d6fa15df4240a746e6ac4eff341a7504eaa7cc09751818ef06e89040b79377,benchmarks/grid/fixed-duration/domain.rddl,benchmarks/grid/fixed-duration/grid-5x5-h5-d1-r1-b0.2.rddl,pruningF
bottom-up-retention-v2,5,5,0.2,2,2023,F-only,1.0,0.3,120.0,ok,11.729504612384034,0.0003297549697036745,0.2902771480148658,False,556.0,16.645508934743702,32.09155995864421,6.234875996597111,0.0,257.0,556.0,9.0,544.0,544.0,783.0,2348.0,,,,,,,grid-5x5-h5-d1-r1-b0.2,f3d6fa15df4240a746e6ac4eff341a7504eaa7cc09751818ef06e89040b79377,benchmarks/grid/fixed-duration/domain.rddl,benchmarks/grid/fixed-duration/grid-5x5-h5-d1-r1-b0.2.rddl,pruningF
bottom-up-retention-v2,5,5,0.2,2,2023,F-only,1.0,0.5,120.0,ok,11.777657308447267,0.012164754384613043,0.21541622804943472,False,724.0,21.53035590890795,34.359681769274175,6.875615916214883,0.0,438.0,724.0,12.0,951.0,951.0,2235.0,4353.0,,,,,,,grid-5x5-h5-d1-r1-b0.2,f3d6fa15df4240a746e6ac4eff341a7504eaa7cc09751818ef06e89040b79377,benchmarks/grid/fixed-duration/domain.rddl,benchmarks/grid/fixed-duration/grid-5x5-h5-d1-r1-b0.2.rddl,pruningF
bottom-up-retention-v2,5,5,0.2,2,2023,F-only,1.0,0.7,120.0,ok,11.47349336781006,0.03515087593872072,0.3278997549787164,False,1132.0,34.23778701107949,65.57862681802362,9.486931376159191,0.0,870.0,1132.0,13.0,1036.0,1036.0,4799.0,6624.0,,,,,,,grid-5x5-h5-d1-r1-b0.2,f3d6fa15df4240a746e6ac4eff341a7504eaa7cc09751818ef06e89040b79377,benchmarks/grid/fixed-duration/domain.rddl,benchmarks/grid/fixed-duration/grid-5x5-h5-d1-r1-b0.2.rddl,pruningF
bottom-up-retention-v2,5,5,0.2,3,2023,F-only,1.0,0.3,120.0,ok,11.729504612384034,0.0003297549697036745,0.171026105992496,False,556.0,14.854925335384905,20.55917284451425,4.470600048080087,0.0,257.0,556.0,9.0,544.0,544.0,783.0,2348.0,,,,,,,grid-5x5-h5-d1-r1-b0.2,f3d6fa15df4240a746e6ac4eff341a7504eaa7cc09751818ef06e89040b79377,benchmarks/grid/fixed-duration/domain.rddl,benchmarks/grid/fixed-duration/grid-5x5-h5-d1-r1-b0.2.rddl,pruningF
bottom-up-retention-v2,5,5,0.2,3,2023,F-only,1.0,0.5,120.0,ok,11.777657308447267,0.012164754384613043,0.2546736110234633,False,724.0,24.359624017961323,41.43265658058226,7.067782920785248,0.0,438.0,724.0,12.0,951.0,951.0,2235.0,4353.0,,,,,,,grid-5x5-h5-d1-r1-b0.2,f3d6fa15df4240a746e6ac4eff341a7504eaa7cc09751818ef06e89040b79377,benchmarks/grid/fixed-duration/domain.rddl,benchmarks/grid/fixed-duration/grid-5x5-h5-d1-r1-b0.2.rddl,pruningF
bottom-up-retention-v2,5,5,0.2,3,2023,F-only,1.0,0.7,120.0,ok,11.47349336781006,0.03515087593872072,0.3433097730157897,False,1132.0,35.67020909395069,64.93627885356545,9.931953973136842,0.0,870.0,1132.0,13.0,1036.0,1036.0,4799.0,6624.0,,,,,,,grid-5x5-h5-d1-r1-b0.2,f3d6fa15df4240a746e6ac4eff341a7504eaa7cc09751818ef06e89040b79377,benchmarks/grid/fixed-duration/domain.rddl,benchmarks/grid/fixed-duration/grid-5x5-h5-d1-r1-b0.2.rddl,pruningF
bottom-up-retention-v2,5,5,0.2,3,2023,F-only,1.0,0.9,120.0,ok,9.336185924951172,0.1527184580636902,0.772319971001707,False,2824.0,93.67968351580203,233.33788744639605,64.22378763090819,0.0,2621.0,2824.0,24.0,2533.0,2533.0,21897.0,23855.0,,,,,,,grid-5x5-h5-d1-r1-b0.2,f3d6fa15df4240a746e6ac4eff341a7504eaa7cc09751818ef06e89040b79377,benchmarks/grid/fixed-duration/domain.rddl,benchmarks/grid/fixed-duration/grid-5x5-h5-d1-r1-b0.2.rddl,pruningF
bottom-up-retention-v2,5,5,0.3,1,2023,F-only,1.0,0.9,120.0,ok,8.767726799340819,0.19483977791285706,0.960894824936986,False,2860.0,181.12349754665047,303.45665803179145,70.38984471000731,0.0,2658.0,2860.0,25.0,2933.0,2933.0,25084.0,27251.0,1000,0.21,5.0,6.915004380978644,policies/F-only-5-h5-d0.3-a1-l0.9.json,,grid-5x5-h5-d1-r1-b0.3,87a1da684d35b9dd9860156eecec31919adf2d9eaed7d0d48966428aad4cd464,benchmarks/grid/fixed-duration/domain.rddl,benchmarks/grid/fixed-duration/grid-5x5-h5-d1-r1-b0.3.rddl,pruningF
bottom-up-retention-v2,5,5,0.3,1,2023,F-only,1.0,0.3,120.0,ok,11.729504612384034,0.0003297549697036745,0.15468805597629398,False,556.0,10.4853700613603,15.639361925423145,4.289406118914485,0.0,257.0,556.0,9.0,544.0,544.0,783.0,2348.0,1000,0.0,5.0,6.813059768057428,policies/F-only-5-h5-d0.3-a1-l0.3.json,,grid-5x5-h5-d1-r1-b0.3,87a1da684d35b9dd9860156eecec31919adf2d9eaed7d0d48966428aad4cd464,benchmarks/grid/fixed-duration/domain.rddl,benchmarks/grid/fixed-duration/grid-5x5-h5-d1-r1-b0.3.rddl,pruningF
bottom-up-retention-v2,5,5,0.3,1,2023,F-only,1.0,0.5,120.0,ok,11.728457985498048,0.0013379237416076667,0.21532856894191355,False,772.0,25.635145022533834,38.07296312879771,6.701288395561278,0.0,467.0,772.0,12.0,951.0,951.0,2362.0,4569.0,1000,0.006,5.0,6.049663063953631,policies/F-only-5-h5-d0.3-a1-l0.5.json,,grid-5x5-h5-d1-r1-b0.3,87a1da684d35b9dd9860156eecec31919adf2d9eaed7d0d48966428aad4cd464,benchmarks/grid/fixed-duration/domain.rddl,benchmarks/grid/fixed-duration/grid-5x5-h5-d1-r1-b0.3.rddl,pruningF
bottom-up-retention-v2,5,5,0.3,1,2023,F-only,1.0,0.7,120.0,ok,11.641601392382814,0.13062487515060428,0.3069875870132819,False,1156.0,61.195319052785635,59.61986293550581,9.33689740486443,0.0,885.0,1156.0,14.0,1229.0,1229.0,5544.0,7683.0,1000,0.122,5.0,6.118103895103559,policies/F-only-5-h5-d0.3-a1-l0.7.json,,grid-5x5-h5-d1-r1-b0.3,87a1da684d35b9dd9860156eecec31919adf2d9eaed7d0d48966428aad4cd464,benchmarks/grid/fixed-duration/domain.rddl,benchmarks/grid/fixed-duration/grid-5x5-h5-d1-r1-b0.3.rddl,pruningF
bottom-up-retention-v2,5,5,0.3,2,2023,F-only,1.0,0.3,120.0,ok,11.729504612384034,0.0003297549697036745,0.13674699689727277,False,556.0,10.372578050009906,15.387240913696587,4.084431799128652,0.0,257.0,556.0,9.0,544.0,544.0,783.0,2348.0,,,,,,,grid-5x5-h5-d1-r1-b0.3,87a1da684d35b9dd9860156eecec31919adf2d9eaed7d0d48966428aad4cd464,benchmarks/grid/fixed-duration/domain.rddl,benchmarks/grid/fixed-duration/grid-5x5-h5-d1-r1-b0.3.rddl,pruningF
bottom-up-retention-v2,5,5,0.3,2,2023,F-only,1.0,0.5,120.0,ok,11.728457985498048,0.0013379237416076667,0.19198321690782905,False,772.0,20.929655991494656,32.380690798163414,6.735656992532313,0.0,467.0,772.0,12.0,951.0,951.0,2362.0,4569.0,,,,,,,grid-5x5-h5-d1-r1-b0.3,87a1da684d35b9dd9860156eecec31919adf2d9eaed7d0d48966428aad4cd464,benchmarks/grid/fixed-duration/domain.rddl,benchmarks/grid/fixed-duration/grid-5x5-h5-d1-r1-b0.3.rddl,pruningF
bottom-up-retention-v2,5,5,0.3,2,2023,F-only,1.0,0.7,120.0,ok,11.641601392382814,0.13062487515060428,0.3930126930354163,False,1156.0,66.78803998511285,85.22157568950206,11.322809848934412,0.0,885.0,1156.0,14.0,1229.0,1229.0,5544.0,7683.0,,,,,,,grid-5x5-h5-d1-r1-b0.3,87a1da684d35b9dd9860156eecec31919adf2d9eaed7d0d48966428aad4cd464,benchmarks/grid/fixed-duration/domain.rddl,benchmarks/grid/fixed-duration/grid-5x5-h5-d1-r1-b0.3.rddl,pruningF
bottom-up-retention-v2,5,5,0.3,2,2023,F-only,1.0,0.9,120.0,ok,8.767726799340819,0.19483977791285706,0.8410359600093216,False,2860.0,135.36562398076057,262.24043092224747,65.76316896826029,0.0,2658.0,2860.0,25.0,2933.0,2933.0,25084.0,27251.0,,,,,,,grid-5x5-h5-d1-r1-b0.3,87a1da684d35b9dd9860156eecec31919adf2d9eaed7d0d48966428aad4cd464,benchmarks/grid/fixed-duration/domain.rddl,benchmarks/grid/fixed-duration/grid-5x5-h5-d1-r1-b0.3.rddl,pruningF
bottom-up-retention-v2,5,5,0.3,3,2023,F-only,1.0,0.3,120.0,ok,11.729504612384034,0.0003297549697036745,0.12830120301805437,False,556.0,9.448332944884896,15.683401026763022,3.9426129078492522,0.0,257.0,556.0,9.0,544.0,544.0,783.0,2348.0,,,,,,,grid-5x5-h5-d1-r1-b0.3,87a1da684d35b9dd9860156eecec31919adf2d9eaed7d0d48966428aad4cd464,benchmarks/grid/fixed-duration/domain.rddl,benchmarks/grid/fixed-duration/grid-5x5-h5-d1-r1-b0.3.rddl,pruningF
bottom-up-retention-v2,5,5,0.3,3,2023,F-only,1.0,0.5,120.0,ok,11.728457985498048,0.0013379237416076667,0.1830961420200765,False,772.0,18.377175088971853,32.67780924215913,6.174450973048806,0.0,467.0,772.0,12.0,951.0,951.0,2362.0,4569.0,,,,,,,grid-5x5-h5-d1-r1-b0.3,87a1da684d35b9dd9860156eecec31919adf2d9eaed7d0d48966428aad4cd464,benchmarks/grid/fixed-duration/domain.rddl,benchmarks/grid/fixed-duration/grid-5x5-h5-d1-r1-b0.3.rddl,pruningF
bottom-up-retention-v2,5,5,0.3,3,2023,F-only,1.0,0.7,120.0,ok,11.641601392382814,0.13062487515060428,0.3053056449862197,False,1156.0,61.2340762745589,57.61055834591389,9.3356529250741,0.0,885.0,1156.0,14.0,1229.0,1229.0,5544.0,7683.0,,,,,,,grid-5x5-h5-d1-r1-b0.3,87a1da684d35b9dd9860156eecec31919adf2d9eaed7d0d48966428aad4cd464,benchmarks/grid/fixed-duration/domain.rddl,benchmarks/grid/fixed-duration/grid-5x5-h5-d1-r1-b0.3.rddl,pruningF
bottom-up-retention-v2,5,5,0.3,3,2023,F-only,1.0,0.9,120.0,ok,8.767726799340819,0.19483977791285706,0.789385276963003,False,2860.0,108.82371617481112,253.5124240675941,67.77861912269145,0.0,2658.0,2860.0,25.0,2933.0,2933.0,25084.0,27251.0,,,,,,,grid-5x5-h5-d1-r1-b0.3,87a1da684d35b9dd9860156eecec31919adf2d9eaed7d0d48966428aad4cd464,benchmarks/grid/fixed-duration/domain.rddl,benchmarks/grid/fixed-duration/grid-5x5-h5-d1-r1-b0.3.rddl,pruningF
bottom-up-retention-v2,5,6,0.1,1,2023,F-only,1.0,0.3,120.0,ok,12.673340800178838,4.0970163897314105e-05,0.4530539030674845,False,1864.0,65.57730317581445,91.46245010197163,10.835009976290166,0.0,853.0,1864.0,15.0,3582.0,3582.0,4640.0,14442.0,1000,0.0,6.0,7.145259662996978,policies/F-only-5-h6-d0.1-a1-l0.3.json,,grid-5x5-h6-d1-r1-b0.1,959c4626f1c8703f136037c5a817d95e59bc4a493656f584d55dcaf308815f3a,benchmarks/grid/fixed-duration/domain.rddl,benchmarks/grid/fixed-duration/grid-5x5-h6-d1-r1-b0.1.rddl,pruningF
bottom-up-retention-v2,5,6,0.1,1,2023,F-only,1.0,0.5,120.0,ok,12.575662159210516,0.010227609756759742,0.575539886020124,False,2416.0,71.63667306303978,147.9197721928358,13.023773208260536,0.0,1461.0,2416.0,15.0,3676.0,3676.0,9346.0,17996.0,1000,0.012,6.0,7.0511458771070465,policies/F-only-5-h6-d0.1-a1-l0.5.json,,grid-5x5-h6-d1-r1-b0.1,959c4626f1c8703f136037c5a817d95e59bc4a493656f584d55dcaf308815f3a,benchmarks/grid/fixed-duration/domain.rddl,benchmarks/grid/fixed-duration/grid-5x5-h6-d1-r1-b0.1.rddl,pruningF
bottom-up-retention-v2,5,6,0.1,1,2023,F-only,1.0,0.7,120.0,ok,11.627250496687077,0.09999994076280956,2.2148077310994267,False,5284.0,337.4021501513198,588.5294270701706,399.59433674812317,0.0,4115.0,5284.0,33.0,10521.0,10521.0,55500.0,75003.0,1000,0.094,6.0,7.063604596070945,policies/F-only-5-h6-d0.1-a1-l0.7.json,,grid-5x5-h6-d1-r1-b0.1,959c4626f1c8703f136037c5a817d95e59bc4a493656f584d55dcaf308815f3a,benchmarks/grid/fixed-duration/domain.rddl,benchmarks/grid/fixed-duration/grid-5x5-h6-d1-r1-b0.1.rddl,pruningF
bottom-up-retention-v2,5,6,0.1,1,2023,F-only,1.0,0.9,120.0,ok,11.112606886740384,0.09998379798851334,4.683009780012071,False,9124.0,756.7013339139521,1349.7173531213775,1203.4698653733358,0.0,8421.0,9124.0,43.0,17609.0,17609.0,134300.0,147467.0,1000,0.092,6.0,7.051083439961076,policies/F-only-5-h6-d0.1-a1-l0.9.json,,grid-5x5-h6-d1-r1-b0.1,959c4626f1c8703f136037c5a817d95e59bc4a493656f584d55dcaf308815f3a,benchmarks/grid/fixed-duration/domain.rddl,benchmarks/grid/fixed-duration/grid-5x5-h6-d1-r1-b0.1.rddl,pruningF
bottom-up-retention-v2,5,6,0.1,2,2023,F-only,1.0,0.3,120.0,ok,12.673340800178838,4.0970163897314105e-05,0.400683001964353,False,1864.0,63.26599000021815,86.4475698908791,10.515446891076863,0.0,853.0,1864.0,15.0,3582.0,3582.0,4640.0,14442.0,,,,,,,grid-5x5-h6-d1-r1-b0.1,959c4626f1c8703f136037c5a817d95e59bc4a493656f584d55dcaf308815f3a,benchmarks/grid/fixed-duration/domain.rddl,benchmarks/grid/fixed-duration/grid-5x5-h6-d1-r1-b0.1.rddl,pruningF
bottom-up-retention-v2,5,6,0.1,2,2023,F-only,1.0,0.5,120.0,ok,12.575662159210516,0.010227609756759742,0.5791306840255857,False,2416.0,71.84661587234586,146.5442740591243,13.730513048358262,0.0,1461.0,2416.0,15.0,3676.0,3676.0,9346.0,17996.0,,,,,,,grid-5x5-h6-d1-r1-b0.1,959c4626f1c8703f136037c5a817d95e59bc4a493656f584d55dcaf308815f3a,benchmarks/grid/fixed-duration/domain.rddl,benchmarks/grid/fixed-duration/grid-5x5-h6-d1-r1-b0.1.rddl,pruningF
bottom-up-retention-v2,5,6,0.1,2,2023,F-only,1.0,0.7,120.0,ok,11.627250496687077,0.09999994076280956,2.264521487057209,False,5284.0,345.7926990231499,686.5862981649116,404.37610377557576,0.0,4115.0,5284.0,33.0,10521.0,10521.0,55500.0,75003.0,,,,,,,grid-5x5-h6-d1-r1-b0.1,959c4626f1c8703f136037c5a817d95e59bc4a493656f584d55dcaf308815f3a,benchmarks/grid/fixed-duration/domain.rddl,benchmarks/grid/fixed-duration/grid-5x5-h6-d1-r1-b0.1.rddl,pruningF
bottom-up-retention-v2,5,6,0.1,2,2023,F-only,1.0,0.9,120.0,ok,11.112606886740384,0.09998379798851334,4.697395868017338,False,9124.0,703.5636487416923,1439.4421689212322,1189.8098537931219,0.0,8421.0,9124.0,43.0,17609.0,17609.0,134300.0,147467.0,,,,,,,grid-5x5-h6-d1-r1-b0.1,959c4626f1c8703f136037c5a817d95e59bc4a493656f584d55dcaf308815f3a,benchmarks/grid/fixed-duration/domain.rddl,benchmarks/grid/fixed-duration/grid-5x5-h6-d1-r1-b0.1.rddl,pruningF
bottom-up-retention-v2,5,6,0.1,3,2023,F-only,1.0,0.3,120.0,ok,12.673340800178838,4.0970163897314105e-05,0.4688050509430468,False,1864.0,58.63440199755132,88.04562280420214,10.427703731693327,0.0,853.0,1864.0,15.0,3582.0,3582.0,4640.0,14442.0,,,,,,,grid-5x5-h6-d1-r1-b0.1,959c4626f1c8703f136037c5a817d95e59bc4a493656f584d55dcaf308815f3a,benchmarks/grid/fixed-duration/domain.rddl,benchmarks/grid/fixed-duration/grid-5x5-h6-d1-r1-b0.1.rddl,pruningF
bottom-up-retention-v2,5,6,0.1,3,2023,F-only,1.0,0.5,120.0,ok,12.575662159210516,0.010227609756759742,0.5680960000026971,False,2416.0,73.97732883691788,117.76143196038902,13.123324140906334,0.0,1461.0,2416.0,15.0,3676.0,3676.0,9346.0,17996.0,,,,,,,grid-5x5-h6-d1-r1-b0.1,959c4626f1c8703f136037c5a817d95e59bc4a493656f584d55dcaf308815f3a,benchmarks/grid/fixed-duration/domain.rddl,benchmarks/grid/fixed-duration/grid-5x5-h6-d1-r1-b0.1.rddl,pruningF
bottom-up-retention-v2,5,6,0.1,3,2023,F-only,1.0,0.7,120.0,ok,11.627250496687077,0.09999994076280956,2.242799732950516,False,5284.0,417.76231676340103,599.9169388087466,401.61198284476995,0.0,4115.0,5284.0,33.0,10521.0,10521.0,55500.0,75003.0,,,,,,,grid-5x5-h6-d1-r1-b0.1,959c4626f1c8703f136037c5a817d95e59bc4a493656f584d55dcaf308815f3a,benchmarks/grid/fixed-duration/domain.rddl,benchmarks/grid/fixed-duration/grid-5x5-h6-d1-r1-b0.1.rddl,pruningF
bottom-up-retention-v2,5,6,0.1,3,2023,F-only,1.0,0.9,120.0,ok,11.112606886740384,0.09998379798851334,4.791903069010004,False,9124.0,719.6612420957536,1369.9724863981828,1211.0953400842845,0.0,8421.0,9124.0,43.0,17609.0,17609.0,134300.0,147467.0,,,,,,,grid-5x5-h6-d1-r1-b0.1,959c4626f1c8703f136037c5a817d95e59bc4a493656f584d55dcaf308815f3a,benchmarks/grid/fixed-duration/domain.rddl,benchmarks/grid/fixed-duration/grid-5x5-h6-d1-r1-b0.1.rddl,pruningF
bottom-up-retention-v2,5,6,0.2,1,2023,F-only,1.0,0.3,120.0,ok,12.673340800178838,4.0970163897314105e-05,0.4613121129805222,False,1864.0,59.41555532626808,144.60036100354046,10.070982156321406,0.0,853.0,1864.0,15.0,3582.0,3582.0,4640.0,14442.0,1000,0.0,6.0,6.953354062978178,policies/F-only-5-h6-d0.2-a1-l0.3.json,,grid-5x5-h6-d1-r1-b0.2,f435a050ed6c57225ff670ff2792667af22e08597cb613b317d984872c88ddcb,benchmarks/grid/fixed-duration/domain.rddl,benchmarks/grid/fixed-duration/grid-5x5-h6-d1-r1-b0.2.rddl,pruningF
bottom-up-retention-v2,5,6,0.2,1,2023,F-only,1.0,0.5,120.0,ok,12.719299950320154,0.0105973579374733,0.6044024520087987,False,2380.0,102.04211226664484,158.37103535886854,14.39523184671998,0.0,1442.0,2380.0,16.0,4117.0,4117.0,10239.0,19731.0,1000,0.012,6.0,7.000161102972925,policies/F-only-5-h6-d0.2-a1-l0.5.json,,grid-5x5-h6-d1-r1-b0.2,f435a050ed6c57225ff670ff2792667af22e08597cb613b317d984872c88ddcb,benchmarks/grid/fixed-duration/domain.rddl,benchmarks/grid/fixed-duration/grid-5x5-h6-d1-r1-b0.2.rddl,pruningF
bottom-up-retention-v2,5,6,0.2,1,2023,F-only,1.0,0.7,120.0,ok,12.412295120797937,0.04934857696617452,1.4227611719397828,False,4876.0,273.81491125561297,425.8999110898003,36.61038156133145,0.0,3758.0,4876.0,23.0,7710.0,7710.0,38670.0,52898.0,1000,0.043,6.0,7.031975336023606,policies/F-only-5-h6-d0.2-a1-l0.7.json,,grid-5x5-h6-d1-r1-b0.2,f435a050ed6c57225ff670ff2792667af22e08597cb613b317d984872c88ddcb,benchmarks/grid/fixed-duration/domain.rddl,benchmarks/grid/fixed-duration/grid-5x5-h6-d1-r1-b0.2.rddl,pruningF
bottom-up-retention-v2,5,6,0.2,1,2023,F-only,1.0,0.9,120.0,ok,9.834752531308222,0.1561213127247468,5.632769806077704,False,12712.0,1000.4491842119023,1693.7236035009846,971.426795469597,0.0,11798.0,12712.0,40.0,19435.0,19435.0,169312.0,184245.0,1000,0.153,6.0,6.769774028100073,policies/F-only-5-h6-d0.2-a1-l0.9.json,,grid-5x5-h6-d1-r1-b0.2,f435a050ed6c57225ff670ff2792667af22e08597cb613b317d984872c88ddcb,benchmarks/grid/fixed-duration/domain.rddl,benchmarks/grid/fixed-duration/grid-5x5-h6-d1-r1-b0.2.rddl,pruningF
bottom-up-retention-v2,5,6,0.2,2,2023,F-only,1.0,0.3,120.0,ok,12.673340800178838,4.0970163897314105e-05,0.40601013402920216,False,1864.0,62.76712636463344,90.3435880318284,10.559835936874151,0.0,853.0,1864.0,15.0,3582.0,3582.0,4640.0,14442.0,,,,,,,grid-5x5-h6-d1-r1-b0.2,f435a050ed6c57225ff670ff2792667af22e08597cb613b317d984872c88ddcb,benchmarks/grid/fixed-duration/domain.rddl,benchmarks/grid/fixed-duration/grid-5x5-h6-d1-r1-b0.2.rddl,pruningF
bottom-up-retention-v2,5,6,0.2,2,2023,F-only,1.0,0.5,120.0,ok,12.719299950320154,0.0105973579374733,0.6558946160366759,False,2380.0,83.37577013298869,217.15316257905215,14.717794139869511,0.0,1442.0,2380.0,16.0,4117.0,4117.0,10239.0,19731.0,,,,,,,grid-5x5-h6-d1-r1-b0.2,f435a050ed6c57225ff670ff2792667af22e08597cb613b317d984872c88ddcb,benchmarks/grid/fixed-duration/domain.rddl,benchmarks/grid/fixed-duration/grid-5x5-h6-d1-r1-b0.2.rddl,pruningF
bottom-up-retention-v2,5,6,0.2,2,2023,F-only,1.0,0.7,120.0,ok,12.412295120797937,0.04934857696617452,1.428260426968336,False,4876.0,210.49911179579794,489.38480915967375,36.850110278464854,0.0,3758.0,4876.0,23.0,7710.0,7710.0,38670.0,52898.0,,,,,,,grid-5x5-h6-d1-r1-b0.2,f435a050ed6c57225ff670ff2792667af22e08597cb613b317d984872c88ddcb,benchmarks/grid/fixed-duration/domain.rddl,benchmarks/grid/fixed-duration/grid-5x5-h6-d1-r1-b0.2.rddl,pruningF
bottom-up-retention-v2,5,6,0.2,2,2023,F-only,1.0,0.9,120.0,ok,9.834752531308222,0.1561213127247468,4.995861393050291,False,12712.0,1000.090145971626,1694.0269492333755,374.76967996917665,0.0,11798.0,12712.0,40.0,19435.0,19435.0,169312.0,184245.0,,,,,,,grid-5x5-h6-d1-r1-b0.2,f435a050ed6c57225ff670ff2792667af22e08597cb613b317d984872c88ddcb,benchmarks/grid/fixed-duration/domain.rddl,benchmarks/grid/fixed-duration/grid-5x5-h6-d1-r1-b0.2.rddl,pruningF
bottom-up-retention-v2,5,6,0.2,3,2023,F-only,1.0,0.3,120.0,ok,12.673340800178838,4.0970163897314105e-05,0.48008310596924275,False,1864.0,61.20529386680573,167.02764318324625,10.64007100649178,0.0,853.0,1864.0,15.0,3582.0,3582.0,4640.0,14442.0,,,,,,,grid-5x5-h6-d1-r1-b0.2,f435a050ed6c57225ff670ff2792667af22e08597cb613b317d984872c88ddcb,benchmarks/grid/fixed-duration/domain.rddl,benchmarks/grid/fixed-duration/grid-5x5-h6-d1-r1-b0.2.rddl,pruningF
bottom-up-retention-v2,5,6,0.2,3,2023,F-only,1.0,0.5,120.0,ok,12.719299950320154,0.0105973579374733,0.5896272660465911,False,2380.0,83.7650450412184,160.99634382408112,14.326412929221988,0.0,1442.0,2380.0,16.0,4117.0,4117.0,10239.0,19731.0,,,,,,,grid-5x5-h6-d1-r1-b0.2,f435a050ed6c57225ff670ff2792667af22e08597cb613b317d984872c88ddcb,benchmarks/grid/fixed-duration/domain.rddl,benchmarks/grid/fixed-duration/grid-5x5-h6-d1-r1-b0.2.rddl,pruningF
bottom-up-retention-v2,5,6,0.2,3,2023,F-only,1.0,0.7,120.0,ok,12.412295120797937,0.04934857696617452,1.4175252059940249,False,4876.0,271.6018920764327,436.2725099781528,36.98388475459069,0.0,3758.0,4876.0,23.0,7710.0,7710.0,38670.0,52898.0,,,,,,,grid-5x5-h6-d1-r1-b0.2,f435a050ed6c57225ff670ff2792667af22e08597cb613b317d984872c88ddcb,benchmarks/grid/fixed-duration/domain.rddl,benchmarks/grid/fixed-duration/grid-5x5-h6-d1-r1-b0.2.rddl,pruningF
bottom-up-retention-v2,5,6,0.2,3,2023,F-only,1.0,0.9,120.0,ok,9.834752531308222,0.1561213127247468,5.087381301098503,False,12712.0,927.7996115852147,1819.7427146369591,376.69589556753635,0.0,11798.0,12712.0,40.0,19435.0,19435.0,169312.0,184245.0,,,,,,,grid-5x5-h6-d1-r1-b0.2,f435a050ed6c57225ff670ff2792667af22e08597cb613b317d984872c88ddcb,benchmarks/grid/fixed-duration/domain.rddl,benchmarks/grid/fixed-duration/grid-5x5-h6-d1-r1-b0.2.rddl,pruningF
bottom-up-retention-v2,5,6,0.3,1,2023,F-only,1.0,0.3,120.0,ok,12.673340800178838,4.0970163897314105e-05,0.40064944908954203,False,1864.0,61.427223845385015,86.76695416215807,10.647514835000038,0.0,853.0,1864.0,15.0,3582.0,3582.0,4640.0,14442.0,1000,0.0,6.0,6.917557530920021,policies/F-only-5-h6-d0.3-a1-l0.3.json,,grid-5x5-h6-d1-r1-b0.3,db66b6a1fb137e99afaae553a2b707a4a34e4e9fead656cb8f29b02085bdea0d,benchmarks/grid/fixed-duration/domain.rddl,benchmarks/grid/fixed-duration/grid-5x5-h6-d1-r1-b0.3.rddl,pruningF
bottom-up-retention-v2,5,6,0.3,1,2023,F-only,1.0,0.5,120.0,ok,12.66882118499212,0.0026402369811844837,0.6035915240645409,False,2476.0,98.17120525985956,116.67621927335858,12.906003859825432,0.0,1501.0,2476.0,15.0,3642.0,3642.0,9587.0,18306.0,1000,0.004,6.0,6.803247421048582,policies/F-only-5-h6-d0.3-a1-l0.5.json,,grid-5x5-h6-d1-r1-b0.3,db66b6a1fb137e99afaae553a2b707a4a34e4e9fead656cb8f29b02085bdea0d,benchmarks/grid/fixed-duration/domain.rddl,benchmarks/grid/fixed-duration/grid-5x5-h6-d1-r1-b0.3.rddl,pruningF
bottom-up-retention-v2,5,6,0.3,1,2023,F-only,1.0,0.7,120.0,ok,12.576658499723035,0.20693862775890337,1.1580504920566455,False,4348.0,200.75466309208423,355.58556811884046,30.618992168456316,0.0,3336.0,4348.0,21.0,6689.0,6689.0,32113.0,44215.0,1000,0.188,6.0,6.841241630958393,policies/F-only-5-h6-d0.3-a1-l0.7.json,,grid-5x5-h6-d1-r1-b0.3,db66b6a1fb137e99afaae553a2b707a4a34e4e9fead656cb8f29b02085bdea0d,benchmarks/grid/fixed-duration/domain.rddl,benchmarks/grid/fixed-duration/grid-5x5-h6-d1-r1-b0.3.rddl,pruningF
bottom-up-retention-v2,5,6,0.3,1,2023,F-only,1.0,0.9,120.0,ok,9.297727830708517,0.26122511035434626,6.792092649033293,False,13408.0,1382.3994047706947,2547.7505383314565,567.1053281985223,0.0,12441.0,13408.0,48.0,26949.0,26949.0,232742.0,253179.0,1000,0.247,6.0,6.871848464012146,policies/F-only-5-h6-d0.3-a1-l0.9.json,,grid-5x5-h6-d1-r1-b0.3,db66b6a1fb137e99afaae553a2b707a4a34e4e9fead656cb8f29b02085bdea0d,benchmarks/grid/fixed-duration/domain.rddl,benchmarks/grid/fixed-duration/grid-5x5-h6-d1-r1-b0.3.rddl,pruningF
bottom-up-retention-v2,5,6,0.3,2,2023,F-only,1.0,0.3,120.0,ok,12.673340800178838,4.0970163897314105e-05,0.39670196594670415,False,1864.0,58.559476980008185,86.32594312075526,10.586750111542642,0.0,853.0,1864.0,15.0,3582.0,3582.0,4640.0,14442.0,,,,,,,grid-5x5-h6-d1-r1-b0.3,db66b6a1fb137e99afaae553a2b707a4a34e4e9fead656cb8f29b02085bdea0d,benchmarks/grid/fixed-duration/domain.rddl,benchmarks/grid/fixed-duration/grid-5x5-h6-d1-r1-b0.3.rddl,pruningF
bottom-up-retention-v2,5,6,0.3,2,2023,F-only,1.0,0.5,120.0,ok,12.66882118499212,0.0026402369811844837,0.6261098219547421,False,2476.0,71.88341673463583,146.30523906089365,13.187463046051562,0.0,1501.0,2476.0,15.0,3642.0,3642.0,9587.0,18306.0,,,,,,,grid-5x5-h6-d1-r1-b0.3,db66b6a1fb137e99afaae553a2b707a4a34e4e9fead656cb8f29b02085bdea0d,benchmarks/grid/fixed-duration/domain.rddl,benchmarks/grid/fixed-duration/grid-5x5-h6-d1-r1-b0.3.rddl,pruningF
bottom-up-retention-v2,5,6,0.3,2,2023,F-only,1.0,0.7,120.0,ok,12.576658499723035,0.20693862775890337,1.2022259570658207,False,4348.0,214.5289556356147,357.5290907174349,31.199797056615353,0.0,3336.0,4348.0,21.0,6689.0,6689.0,32113.0,44215.0,,,,,,,grid-5x5-h6-d1-r1-b0.3,db66b6a1fb137e99afaae553a2b707a4a34e4e9fead656cb8f29b02085bdea0d,benchmarks/grid/fixed-duration/domain.rddl,benchmarks/grid/fixed-duration/grid-5x5-h6-d1-r1-b0.3.rddl,pruningF
bottom-up-retention-v2,5,6,0.3,2,2023,F-only,1.0,0.9,120.0,ok,9.297727830708517,0.26122511035434626,6.186888238997199,False,13408.0,1202.9696740210056,2356.188489939086,513.0544023122638,0.0,12441.0,13408.0,48.0,26949.0,26949.0,232742.0,253179.0,,,,,,,grid-5x5-h6-d1-r1-b0.3,db66b6a1fb137e99afaae553a2b707a4a34e4e9fead656cb8f29b02085bdea0d,benchmarks/grid/fixed-duration/domain.rddl,benchmarks/grid/fixed-duration/grid-5x5-h6-d1-r1-b0.3.rddl,pruningF
bottom-up-retention-v2,5,6,0.3,3,2023,F-only,1.0,0.3,120.0,ok,12.673340800178838,4.0970163897314105e-05,0.38315217895433307,False,1864.0,58.62076464109123,82.6029769377783,9.79737110901624,0.0,853.0,1864.0,15.0,3582.0,3582.0,4640.0,14442.0,,,,,,,grid-5x5-h6-d1-r1-b0.3,db66b6a1fb137e99afaae553a2b707a4a34e4e9fead656cb8f29b02085bdea0d,benchmarks/grid/fixed-duration/domain.rddl,benchmarks/grid/fixed-duration/grid-5x5-h6-d1-r1-b0.3.rddl,pruningF
bottom-up-retention-v2,5,6,0.3,3,2023,F-only,1.0,0.5,120.0,ok,12.66882118499212,0.0026402369811844837,0.6012133429758251,False,2476.0,71.44771597813815,217.89358905516565,13.138536247424781,0.0,1501.0,2476.0,15.0,3642.0,3642.0,9587.0,18306.0,,,,,,,grid-5x5-h6-d1-r1-b0.3,db66b6a1fb137e99afaae553a2b707a4a34e4e9fead656cb8f29b02085bdea0d,benchmarks/grid/fixed-duration/domain.rddl,benchmarks/grid/fixed-duration/grid-5x5-h6-d1-r1-b0.3.rddl,pruningF
bottom-up-retention-v2,5,6,0.3,3,2023,F-only,1.0,0.7,120.0,ok,12.576658499723035,0.20693862775890337,1.1727925729937851,False,4348.0,202.14705204125494,341.48984495550394,29.93579546455294,0.0,3336.0,4348.0,21.0,6689.0,6689.0,32113.0,44215.0,,,,,,,grid-5x5-h6-d1-r1-b0.3,db66b6a1fb137e99afaae553a2b707a4a34e4e9fead656cb8f29b02085bdea0d,benchmarks/grid/fixed-duration/domain.rddl,benchmarks/grid/fixed-duration/grid-5x5-h6-d1-r1-b0.3.rddl,pruningF
bottom-up-retention-v2,5,6,0.3,3,2023,F-only,1.0,0.9,120.0,ok,9.297727830708517,0.26122511035434626,6.251422704895958,False,13408.0,1382.8274408588186,2258.4680010331795,518.2843350339681,0.0,12441.0,13408.0,48.0,26949.0,26949.0,232742.0,253179.0,,,,,,,grid-5x5-h6-d1-r1-b0.3,db66b6a1fb137e99afaae553a2b707a4a34e4e9fead656cb8f29b02085bdea0d,benchmarks/grid/fixed-duration/domain.rddl,benchmarks/grid/fixed-duration/grid-5x5-h6-d1-r1-b0.3.rddl,pruningF
bottom-up-retention-v2,100,3,0.1,1,2023,F-only,1.0,0.3,120.0,ok,199.855625,0.0,0.02140801807399839,False,52.0,0.5875740898773074,1.1410540901124477,1.1142940493300557,0.0,25.0,52.0,4.0,18.0,18.0,40.0,106.0,1000,0.0,3.0,3.6823848319472745,policies/F-only-100-h3-d0.1-a1-l0.3.json,,grid-100x100-h3-d1-r1-b0.1,e7b5e078af983ad6f47d645291ad2e5c7cd7305be73b248d29073906c80157df,benchmarks/grid/fixed-duration/domain.rddl,benchmarks/grid/fixed-duration/grid-100x100-h3-d1-r1-b0.1.rddl,pruningF
bottom-up-retention-v2,100,3,0.1,1,2023,F-only,1.0,0.5,120.0,ok,199.73768750000002,0.009984375000000004,0.027814699918963015,False,64.0,0.7634098874405026,1.7239407170563936,1.4774058945477009,0.0,39.0,64.0,5.0,32.0,32.0,82.0,156.0,1000,0.01,3.0,3.4259537030011415,policies/F-only-100-h3-d0.1-a1-l0.5.json,,grid-100x100-h3-d1-r1-b0.1,e7b5e078af983ad6f47d645291ad2e5c7cd7305be73b248d29073906c80157df,benchmarks/grid/fixed-duration/domain.rddl,benchmarks/grid/fixed-duration/grid-100x100-h3-d1-r1-b0.1.rddl,pruningF
bottom-up-retention-v2,100,3,0.1,1,2023,F-only,1.0,0.7,120.0,ok,198.9323125,0.08976562500000002,0.05210120207630098,False,196.0,3.7284550489857793,7.529604714363813,4.096829914487898,0.0,149.0,196.0,10.0,96.0,96.0,607.0,844.0,1000,0.086,3.0,3.747165548033081,policies/F-only-100-h3-d0.1-a1-l0.7.json,,grid-100x100-h3-d1-r1-b0.1,e7b5e078af983ad6f47d645291ad2e5c7cd7305be73b248d29073906c80157df,benchmarks/grid/fixed-duration/domain.rddl,benchmarks/grid/fixed-duration/grid-100x100-h3-d1-r1-b0.1.rddl,pruningF
bottom-up-retention-v2,100,3,0.1,1,2023,F-only,1.0,0.9,120.0,ok,198.9323125,0.08976562500000002,0.06269403302576393,False,268.0,5.797361955046654,11.680844938382506,6.31802121642977,0.0,226.0,268.0,12.0,149.0,149.0,1093.0,1363.0,1000,0.086,3.0,3.7038526269607246,policies/F-only-100-h3-d0.1-a1-l0.9.json,,grid-100x100-h3-d1-r1-b0.1,e7b5e078af983ad6f47d645291ad2e5c7cd7305be73b248d29073906c80157df,benchmarks/grid/fixed-duration/domain.rddl,benchmarks/grid/fixed-duration/grid-100x100-h3-d1-r1-b0.1.rddl,pruningF
bottom-up-retention-v2,100,3,0.1,2,2023,F-only,1.0,0.3,120.0,ok,199.855625,0.0,0.022066017030738294,False,52.0,0.6277799839153886,1.2122660409659147,1.1300320038571954,0.0,25.0,52.0,4.0,18.0,18.0,40.0,106.0,,,,,,,grid-100x100-h3-d1-r1-b0.1,e7b5e078af983ad6f47d645291ad2e5c7cd7305be73b248d29073906c80157df,benchmarks/grid/fixed-duration/domain.rddl,benchmarks/grid/fixed-duration/grid-100x100-h3-d1-r1-b0.1.rddl,pruningF
bottom-up-retention-v2,100,3,0.1,2,2023,F-only,1.0,0.5,120.0,ok,199.73768750000002,0.009984375000000004,0.02945520495995879,False,64.0,0.778309884481132,1.7364360392093658,1.5000731218606234,0.0,39.0,64.0,5.0,32.0,32.0,82.0,156.0,,,,,,,grid-100x100-h3-d1-r1-b0.1,e7b5e078af983ad6f47d645291ad2e5c7cd7305be73b248d29073906c80157df,benchmarks/grid/fixed-duration/domain.rddl,benchmarks/grid/fixed-duration/grid-100x100-h3-d1-r1-b0.1.rddl,pruningF
bottom-up-retention-v2,100,3,0.1,2,2023,F-only,1.0,0.7,120.0,ok,198.9323125,0.08976562500000002,0.05274844297673553,False,196.0,4.59878786932677,7.637594826519489,4.0692141046747565,0.0,149.0,196.0,10.0,96.0,96.0,607.0,844.0,,,,,,,grid-100x100-h3-d1-r1-b0.1,e7b5e078af983ad6f47d645291ad2e5c7cd7305be73b248d29073906c80157df,benchmarks/grid/fixed-duration/domain.rddl,benchmarks/grid/fixed-duration/grid-100x100-h3-d1-r1-b0.1.rddl,pruningF
bottom-up-retention-v2,100,3,0.1,2,2023,F-only,1.0,0.9,120.0,ok,198.9323125,0.08976562500000002,0.06764370098244399,False,268.0,5.885319202207029,13.02496693097055,7.213339675217867,0.0,226.0,268.0,12.0,149.0,149.0,1093.0,1363.0,,,,,,,grid-100x100-h3-d1-r1-b0.1,e7b5e078af983ad6f47d645291ad2e5c7cd7305be73b248d29073906c80157df,benchmarks/grid/fixed-duration/domain.rddl,benchmarks/grid/fixed-duration/grid-100x100-h3-d1-r1-b0.1.rddl,pruningF
bottom-up-retention-v2,100,3,0.1,3,2023,F-only,1.0,0.3,120.0,ok,199.855625,0.0,0.023882239940576255,False,52.0,0.6593469297513366,1.3368700165301561,1.3443641364574432,0.0,25.0,52.0,4.0,18.0,18.0,40.0,106.0,,,,,,,grid-100x100-h3-d1-r1-b0.1,e7b5e078af983ad6f47d645291ad2e5c7cd7305be73b248d29073906c80157df,benchmarks/grid/fixed-duration/domain.rddl,benchmarks/grid/fixed-duration/grid-100x100-h3-d1-r1-b0.1.rddl,pruningF
bottom-up-retention-v2,100,3,0.1,3,2023,F-only,1.0,0.5,120.0,ok,199.73768750000002,0.009984375000000004,0.029205944971181452,False,64.0,0.9015960386022925,1.796762109734118,1.5236918115988374,0.0,39.0,64.0,5.0,32.0,32.0,82.0,156.0,,,,,,,grid-100x100-h3-d1-r1-b0.1,e7b5e078af983ad6f47d645291ad2e5c7cd7305be73b248d29073906c80157df,benchmarks/grid/fixed-duration/domain.rddl,benchmarks/grid/fixed-duration/grid-100x100-h3-d1-r1-b0.1.rddl,pruningF
bottom-up-retention-v2,100,3,0.1,3,2023,F-only,1.0,0.7,120.0,ok,198.9323125,0.08976562500000002,0.05922357994131744,False,196.0,4.049561219289899,9.668829035945237,4.665892105549574,0.0,149.0,196.0,10.0,96.0,96.0,607.0,844.0,,,,,,,grid-100x100-h3-d1-r1-b0.1,e7b5e078af983ad6f47d645291ad2e5c7cd7305be73b248d29073906c80157df,benchmarks/grid/fixed-duration/domain.rddl,benchmarks/grid/fixed-duration/grid-100x100-h3-d1-r1-b0.1.rddl,pruningF
bottom-up-retention-v2,100,3,0.1,3,2023,F-only,1.0,0.9,120.0,ok,198.9323125,0.08976562500000002,0.06302913802210242,False,268.0,5.699742119759321,12.544479337520897,6.568747921846807,0.0,226.0,268.0,12.0,149.0,149.0,1093.0,1363.0,,,,,,,grid-100x100-h3-d1-r1-b0.1,e7b5e078af983ad6f47d645291ad2e5c7cd7305be73b248d29073906c80157df,benchmarks/grid/fixed-duration/domain.rddl,benchmarks/grid/fixed-duration/grid-100x100-h3-d1-r1-b0.1.rddl,pruningF
bottom-up-retention-v2,100,3,0.2,1,2023,F-only,1.0,0.3,120.0,ok,199.855625,0.0,0.024165402981452644,False,52.0,0.6477220449596643,1.355527900159359,1.3156580971553922,0.0,25.0,52.0,4.0,18.0,18.0,40.0,106.0,1000,0.0,3.0,3.565755636082031,policies/F-only-100-h3-d0.2-a1-l0.3.json,,grid-100x100-h3-d1-r1-b0.2,8d19c9785f17d3478014f39bf5866c2cce0659476a9b8f4c05c10e65bf507861,benchmarks/grid/fixed-duration/domain.rddl,benchmarks/grid/fixed-duration/grid-100x100-h3-d1-r1-b0.2.rddl,pruningF
bottom-up-retention-v2,100,3,0.2,1,2023,F-only,1.0,0.5,120.0,ok,199.90503125,0.009984375000000004,0.026867534033954144,False,64.0,0.7693979423493147,1.663090893998742,1.4089400647208095,0.0,39.0,64.0,5.0,32.0,32.0,83.0,156.0,1000,0.01,3.0,3.411433181958273,policies/F-only-100-h3-d0.2-a1-l0.5.json,,grid-100x100-h3-d1-r1-b0.2,8d19c9785f17d3478014f39bf5866c2cce0659476a9b8f4c05c10e65bf507861,benchmarks/grid/fixed-duration/domain.rddl,benchmarks/grid/fixed-duration/grid-100x100-h3-d1-r1-b0.2.rddl,pruningF
bottom-up-retention-v2,100,3,0.2,1,2023,F-only,1.0,0.7,120.0,ok,199.67351562500002,0.015609375000000005,0.032240552944131196,False,88.0,1.4684709021821618,3.1490250257775187,2.1288240095600486,0.0,67.0,88.0,7.0,59.0,59.0,226.0,317.0,1000,0.013,3.0,3.4062367290025577,policies/F-only-100-h3-d0.2-a1-l0.7.json,,grid-100x100-h3-d1-r1-b0.2,8d19c9785f17d3478014f39bf5866c2cce0659476a9b8f4c05c10e65bf507861,benchmarks/grid/fixed-duration/domain.rddl,benchmarks/grid/fixed-duration/grid-100x100-h3-d1-r1-b0.2.rddl,pruningF
bottom-up-retention-v2,100,3,0.2,1,2023,F-only,1.0,0.9,120.0,ok,198.155625,0.144375,0.047436897992156446,False,160.0,2.800796995870769,6.201217998750508,3.4436709247529507,0.0,149.0,160.0,9.0,74.0,74.0,610.0,670.0,1000,0.136,3.0,3.331232530064881,policies/F-only-100-h3-d0.2-a1-l0.9.json,,grid-100x100-h3-d1-r1-b0.2,8d19c9785f17d3478014f39bf5866c2cce0659476a9b8f4c05c10e65bf507861,benchmarks/grid/fixed-duration/domain.rddl,benchmarks/grid/fixed-duration/grid-100x100-h3-d1-r1-b0.2.rddl,pruningF
bottom-up-retention-v2,100,3,0.2,2,2023,F-only,1.0,0.3,120.0,ok,199.855625,0.0,0.021318931016139686,False,52.0,0.562419998459518,1.1310949921607971,1.0776499984785914,0.0,25.0,52.0,4.0,18.0,18.0,40.0,106.0,,,,,,,grid-100x100-h3-d1-r1-b0.2,8d19c9785f17d3478014f39bf5866c2cce0659476a9b8f4c05c10e65bf507861,benchmarks/grid/fixed-duration/domain.rddl,benchmarks/grid/fixed-duration/grid-100x100-h3-d1-r1-b0.2.rddl,pruningF
bottom-up-retention-v2,100,3,0.2,2,2023,F-only,1.0,0.5,120.0,ok,199.90503125,0.009984375000000004,0.02681366796605289,False,64.0,0.8736229501664639,1.7612559022381902,1.4597749104723334,0.0,39.0,64.0,5.0,32.0,32.0,83.0,156.0,,,,,,,grid-100x100-h3-d1-r1-b0.2,8d19c9785f17d3478014f39bf5866c2cce0659476a9b8f4c05c10e65bf507861,benchmarks/grid/fixed-duration/domain.rddl,benchmarks/grid/fixed-duration/grid-100x100-h3-d1-r1-b0.2.rddl,pruningF
bottom-up-retention-v2,100,3,0.2,2,2023,F-only,1.0,0.7,120.0,ok,199.67351562500002,0.015609375000000005,0.1263956860639155,False,88.0,2.0455208141356707,3.3229399705305696,2.1889780182391405,0.0,67.0,88.0,7.0,59.0,59.0,226.0,317.0,,,,,,,grid-100x100-h3-d1-r1-b0.2,8d19c9785f17d3478014f39bf5866c2cce0659476a9b8f4c05c10e65bf507861,benchmarks/grid/fixed-duration/domain.rddl,benchmarks/grid/fixed-duration/grid-100x100-h3-d1-r1-b0.2.rddl,pruningF
bottom-up-retention-v2,100,3,0.2,2,2023,F-only,1.0,0.9,120.0,ok,198.155625,0.144375,0.050943408976309,False,160.0,3.252267953939736,6.6760709742084146,3.653476946055889,0.0,149.0,160.0,9.0,74.0,74.0,610.0,670.0,,,,,,,grid-100x100-h3-d1-r1-b0.2,8d19c9785f17d3478014f39bf5866c2cce0659476a9b8f4c05c10e65bf507861,benchmarks/grid/fixed-duration/domain.rddl,benchmarks/grid/fixed-duration/grid-100x100-h3-d1-r1-b0.2.rddl,pruningF
bottom-up-retention-v2,100,3,0.2,3,2023,F-only,1.0,0.5,120.0,ok,199.90503125,0.009984375000000004,0.02706566301640123,False,64.0,0.7633048808202147,1.6779099823907018,1.8666329560801387,0.0,39.0,64.0,5.0,32.0,32.0,83.0,156.0,,,,,,,grid-100x100-h3-d1-r1-b0.2,8d19c9785f17d3478014f39bf5866c2cce0659476a9b8f4c05c10e65bf507861,benchmarks/grid/fixed-duration/domain.rddl,benchmarks/grid/fixed-duration/grid-100x100-h3-d1-r1-b0.2.rddl,pruningF
bottom-up-retention-v2,100,3,0.2,3,2023,F-only,1.0,0.7,120.0,ok,199.67351562500002,0.015609375000000005,0.0325884249759838,False,88.0,1.407439005561173,3.239898127503693,2.0881309174001217,0.0,67.0,88.0,7.0,59.0,59.0,226.0,317.0,,,,,,,grid-100x100-h3-d1-r1-b0.2,8d19c9785f17d3478014f39bf5866c2cce0659476a9b8f4c05c10e65bf507861,benchmarks/grid/fixed-duration/domain.rddl,benchmarks/grid/fixed-duration/grid-100x100-h3-d1-r1-b0.2.rddl,pruningF
bottom-up-retention-v2,100,3,0.2,3,2023,F-only,1.0,0.9,120.0,ok,198.155625,0.144375,0.04707651399075985,False,160.0,3.2768360106274486,6.187991821207106,3.327293903566897,0.0,149.0,160.0,9.0,74.0,74.0,610.0,670.0,,,,,,,grid-100x100-h3-d1-r1-b0.2,8d19c9785f17d3478014f39bf5866c2cce0659476a9b8f4c05c10e65bf507861,benchmarks/grid/fixed-duration/domain.rddl,benchmarks/grid/fixed-duration/grid-100x100-h3-d1-r1-b0.2.rddl,pruningF
bottom-up-retention-v2,100,3,0.2,3,2023,F-only,1.0,0.3,120.0,ok,199.855625,0.0,0.021431455039419234,False,52.0,0.5180338630452752,1.1077140225097537,1.167304813861847,0.0,25.0,52.0,4.0,18.0,18.0,40.0,106.0,,,,,,,grid-100x100-h3-d1-r1-b0.2,8d19c9785f17d3478014f39bf5866c2cce0659476a9b8f4c05c10e65bf507861,benchmarks/grid/fixed-duration/domain.rddl,benchmarks/grid/fixed-duration/grid-100x100-h3-d1-r1-b0.2.rddl,pruningF
bottom-up-retention-v2,100,3,0.3,1,2023,F-only,1.0,0.3,120.0,ok,199.855625,0.0,0.021368228015489876,False,52.0,0.5779488710686564,1.1560202110558748,1.1714849388226867,0.0,25.0,52.0,4.0,18.0,18.0,40.0,106.0,1000,0.0,3.0,3.422060451004654,policies/F-only-100-h3-d0.3-a1-l0.3.json,,grid-100x100-h3-d1-r1-b0.3,8d7ff3af4203e00b0d3ca0d34d16dcfd62f3fdea52057e1df95db68d3531deb7,benchmarks/grid/fixed-duration/domain.rddl,benchmarks/grid/fixed-duration/grid-100x100-h3-d1-r1-b0.3.rddl,pruningF
bottom-up-retention-v2,100,3,0.3,1,2023,F-only,1.0,0.5,120.0,ok,199.855625,0.0,0.021178300958126783,False,52.0,0.559641164727509,1.1930940672755241,1.0758900316432118,0.0,33.0,52.0,4.0,18.0,18.0,58.0,106.0,1000,0.0,3.0,3.4544038970489055,policies/F-only-100-h3-d0.3-a1-l0.5.json,,grid-100x100-h3-d1-r1-b0.3,8d7ff3af4203e00b0d3ca0d34d16dcfd62f3fdea52057e1df95db68d3531deb7,benchmarks/grid/fixed-duration/domain.rddl,benchmarks/grid/fixed-duration/grid-100x100-h3-d1-r1-b0.3.rddl,pruningF
bottom-up-retention-v2,100,3,0.3,1,2023,F-only,1.0,0.7,120.0,ok,199.67871875,0.17690625000000004,0.0304696710081771,False,76.0,1.1767861433327198,2.602171036414802,1.818664837628603,0.0,58.0,76.0,6.0,43.0,43.0,175.0,245.0,1000,0.16,3.0,3.574239494977519,policies/F-only-100-h3-d0.3-a1-l0.7.json,,grid-100x100-h3-d1-r1-b0.3,8d7ff3af4203e00b0d3ca0d34d16dcfd62f3fdea52057e1df95db68d3531deb7,benchmarks/grid/fixed-duration/domain.rddl,benchmarks/grid/fixed-duration/grid-100x100-h3-d1-r1-b0.3.rddl,pruningF
bottom-up-retention-v2,100,3,0.3,1,2023,F-only,1.0,0.9,120.0,ok,198.155625,0.144375,0.04991416307166219,False,172.0,3.607091959565878,6.7162319319322705,3.5309300292283297,0.0,160.0,172.0,9.0,73.0,73.0,633.0,695.0,1000,0.136,3.0,3.6917417549993843,policies/F-only-100-h3-d0.3-a1-l0.9.json,,grid-100x100-h3-d1-r1-b0.3,8d7ff3af4203e00b0d3ca0d34d16dcfd62f3fdea52057e1df95db68d3531deb7,benchmarks/grid/fixed-duration/domain.rddl,benchmarks/grid/fixed-duration/grid-100x100-h3-d1-r1-b0.3.rddl,pruningF
bottom-up-retention-v2,100,3,0.3,2,2023,F-only,1.0,0.5,120.0,ok,199.855625,0.0,0.022181947017088532,False,52.0,0.6221660878509283,1.2755069183185697,1.1791229480877519,0.0,33.0,52.0,4.0,18.0,18.0,58.0,106.0,,,,,,,grid-100x100-h3-d1-r1-b0.3,8d7ff3af4203e00b0d3ca0d34d16dcfd62f3fdea52057e1df95db68d3531deb7,benchmarks/grid/fixed-duration/domain.rddl,benchmarks/grid/fixed-duration/grid-100x100-h3-d1-r1-b0.3.rddl,pruningF
bottom-up-retention-v2,100,3,0.3,2,2023,F-only,1.0,0.7,120.0,ok,199.67871875,0.17690625000000004,0.031447221990674734,False,76.0,1.242319936864078,2.752944827079773,1.9013448618352413,0.0,58.0,76.0,6.0,43.0,43.0,175.0,245.0,,,,,,,grid-100x100-h3-d1-r1-b0.3,8d7ff3af4203e00b0d3ca0d34d16dcfd62f3fdea52057e1df95db68d3531deb7,benchmarks/grid/fixed-duration/domain.rddl,benchmarks/grid/fixed-duration/grid-100x100-h3-d1-r1-b0.3.rddl,pruningF
bottom-up-retention-v2,100,3,0.3,2,2023,F-only,1.0,0.9,120.0,ok,198.155625,0.144375,0.056473052012734115,False,172.0,3.074295003898442,7.646716781891882,3.590328968130052,0.0,160.0,172.0,9.0,73.0,73.0,633.0,695.0,,,,,,,grid-100x100-h3-d1-r1-b0.3,8d7ff3af4203e00b0d3ca0d34d16dcfd62f3fdea52057e1df95db68d3531deb7,benchmarks/grid/fixed-duration/domain.rddl,benchmarks/grid/fixed-duration/grid-100x100-h3-d1-r1-b0.3.rddl,pruningF
bottom-up-retention-v2,100,3,0.3,2,2023,F-only,1.0,0.3,120.0,ok,199.855625,0.0,0.03114795801229775,False,52.0,0.6859779823571444,1.3765658950433135,1.267682178877294,0.0,25.0,52.0,4.0,18.0,18.0,40.0,106.0,,,,,,,grid-100x100-h3-d1-r1-b0.3,8d7ff3af4203e00b0d3ca0d34d16dcfd62f3fdea52057e1df95db68d3531deb7,benchmarks/grid/fixed-duration/domain.rddl,benchmarks/grid/fixed-duration/grid-100x100-h3-d1-r1-b0.3.rddl,pruningF
bottom-up-retention-v2,100,3,0.3,3,2023,F-only,1.0,0.7,120.0,ok,199.67871875,0.17690625000000004,0.0330281030619517,False,76.0,1.1904421262443066,3.313894849270582,1.9354330142959952,0.0,58.0,76.0,6.0,43.0,43.0,175.0,245.0,,,,,,,grid-100x100-h3-d1-r1-b0.3,8d7ff3af4203e00b0d3ca0d34d16dcfd62f3fdea52057e1df95db68d3531deb7,benchmarks/grid/fixed-duration/domain.rddl,benchmarks/grid/fixed-duration/grid-100x100-h3-d1-r1-b0.3.rddl,pruningF
bottom-up-retention-v2,100,3,0.3,3,2023,F-only,1.0,0.9,120.0,ok,198.155625,0.144375,0.05212319700513035,False,172.0,2.8163151582702994,6.756123970262706,3.3911080099642277,0.0,160.0,172.0,9.0,73.0,73.0,633.0,695.0,,,,,,,grid-100x100-h3-d1-r1-b0.3,8d7ff3af4203e00b0d3ca0d34d16dcfd62f3fdea52057e1df95db68d3531deb7,benchmarks/grid/fixed-duration/domain.rddl,benchmarks/grid/fixed-duration/grid-100x100-h3-d1-r1-b0.3.rddl,pruningF
bottom-up-retention-v2,100,3,0.3,3,2023,F-only,1.0,0.3,120.0,ok,199.855625,0.0,0.02220580994617194,False,52.0,0.6341640837490559,1.1607579654082656,1.1729799443855882,0.0,25.0,52.0,4.0,18.0,18.0,40.0,106.0,,,,,,,grid-100x100-h3-d1-r1-b0.3,8d7ff3af4203e00b0d3ca0d34d16dcfd62f3fdea52057e1df95db68d3531deb7,benchmarks/grid/fixed-duration/domain.rddl,benchmarks/grid/fixed-duration/grid-100x100-h3-d1-r1-b0.3.rddl,pruningF
bottom-up-retention-v2,100,3,0.3,3,2023,F-only,1.0,0.5,120.0,ok,199.855625,0.0,0.02305891807191074,False,52.0,1.1184769682586193,1.2964110355824232,1.198223908431828,0.0,33.0,52.0,4.0,18.0,18.0,58.0,106.0,,,,,,,grid-100x100-h3-d1-r1-b0.3,8d7ff3af4203e00b0d3ca0d34d16dcfd62f3fdea52057e1df95db68d3531deb7,benchmarks/grid/fixed-duration/domain.rddl,benchmarks/grid/fixed-duration/grid-100x100-h3-d1-r1-b0.3.rddl,pruningF
bottom-up-retention-v2,100,4,0.1,1,2023,F-only,1.0,0.5,120.0,ok,200.68113169921878,0.01074619555664063,0.081162353977561,False,196.0,4.315407015383244,6.360284285619855,2.8140201466158032,0.0,120.0,196.0,8.0,178.0,178.0,415.0,802.0,1000,0.019,4.0,5.784137321985327,policies/F-only-100-h4-d0.1-a1-l0.5.json,,grid-100x100-h4-d1-r1-b0.1,68837195a7e209a526f0309429f8f6fb6b7812825ed3cba775dcdaa08b3aa067,benchmarks/grid/fixed-duration/domain.rddl,benchmarks/grid/fixed-duration/grid-100x100-h4-d1-r1-b0.1.rddl,pruningF
bottom-up-retention-v2,100,4,0.1,1,2023,F-only,1.0,0.7,120.0,ok,199.77751709960936,0.09538847145996095,0.3130551549838856,False,472.0,26.501422049477696,51.3967388542369,32.960419077426195,0.0,366.0,472.0,14.0,342.0,342.0,2004.0,2738.0,1000,0.098,4.0,5.145335778943263,policies/F-only-100-h4-d0.1-a1-l0.7.json,,grid-100x100-h4-d1-r1-b0.1,68837195a7e209a526f0309429f8f6fb6b7812825ed3cba775dcdaa08b3aa067,benchmarks/grid/fixed-duration/domain.rddl,benchmarks/grid/fixed-duration/grid-100x100-h4-d1-r1-b0.1.rddl,pruningF
bottom-up-retention-v2,100,4,0.1,1,2023,F-only,1.0,0.9,120.0,ok,199.67981026367184,0.09923649803466798,0.32732213905546814,False,1084.0,39.11712486296892,99.76313868537545,54.15811249986291,0.0,993.0,1084.0,22.0,1069.0,1069.0,8237.0,9327.0,1000,0.104,4.0,4.78623319498729,policies/F-only-100-h4-d0.1-a1-l0.9.json,,grid-100x100-h4-d1-r1-b0.1,68837195a7e209a526f0309429f8f6fb6b7812825ed3cba775dcdaa08b3aa067,benchmarks/grid/fixed-duration/domain.rddl,benchmarks/grid/fixed-duration/grid-100x100-h4-d1-r1-b0.1.rddl,pruningF
bottom-up-retention-v2,100,4,0.1,1,2023,F-only,1.0,0.3,120.0,ok,200.79103125000003,0.0,0.03995409200433642,False,160.0,1.5744928969070315,2.688902080990374,1.7401049844920635,0.0,76.0,160.0,5.0,58.0,58.0,124.0,334.0,1000,0.0,4.0,4.85856258997228,policies/F-only-100-h4-d0.1-a1-l0.3.json,,grid-100x100-h4-d1-r1-b0.1,68837195a7e209a526f0309429f8f6fb6b7812825ed3cba775dcdaa08b3aa067,benchmarks/grid/fixed-duration/domain.rddl,benchmarks/grid/fixed-duration/grid-100x100-h4-d1-r1-b0.1.rddl,pruningF
bottom-up-retention-v2,100,4,0.1,2,2023,F-only,1.0,0.7,120.0,ok,199.77751709960936,0.09538847145996095,0.13809939695056528,False,472.0,12.549056089483202,23.43655109871179,9.371584746986628,0.0,366.0,472.0,14.0,342.0,342.0,2004.0,2738.0,,,,,,,grid-100x100-h4-d1-r1-b0.1,68837195a7e209a526f0309429f8f6fb6b7812825ed3cba775dcdaa08b3aa067,benchmarks/grid/fixed-duration/domain.rddl,benchmarks/grid/fixed-duration/grid-100x100-h4-d1-r1-b0.1.rddl,pruningF
bottom-up-retention-v2,100,4,0.1,2,2023,F-only,1.0,0.9,120.0,ok,199.67981026367184,0.09923649803466798,0.34729526995215565,False,1084.0,37.98652999103069,111.23596038669348,56.07572291046381,0.0,993.0,1084.0,22.0,1069.0,1069.0,8237.0,9327.0,,,,,,,grid-100x100-h4-d1-r1-b0.1,68837195a7e209a526f0309429f8f6fb6b7812825ed3cba775dcdaa08b3aa067,benchmarks/grid/fixed-duration/domain.rddl,benchmarks/grid/fixed-duration/grid-100x100-h4-d1-r1-b0.1.rddl,pruningF
bottom-up-retention-v2,100,4,0.1,2,2023,F-only,1.0,0.3,120.0,ok,200.79103125000003,0.0,0.045325859915465117,False,160.0,1.7563289729878306,3.0757389031350613,2.195115899667144,0.0,76.0,160.0,5.0,58.0,58.0,124.0,334.0,,,,,,,grid-100x100-h4-d1-r1-b0.1,68837195a7e209a526f0309429f8f6fb6b7812825ed3cba775dcdaa08b3aa067,benchmarks/grid/fixed-duration/domain.rddl,benchmarks/grid/fixed-duration/grid-100x100-h4-d1-r1-b0.1.rddl,pruningF
bottom-up-retention-v2,100,4,0.1,2,2023,F-only,1.0,0.5,120.0,ok,200.68113169921878,0.01074619555664063,0.07598411699291319,False,196.0,4.003916052170098,7.713444996625185,3.9170419331640005,0.0,120.0,196.0,8.0,178.0,178.0,415.0,802.0,,,,,,,grid-100x100-h4-d1-r1-b0.1,68837195a7e209a526f0309429f8f6fb6b7812825ed3cba775dcdaa08b3aa067,benchmarks/grid/fixed-duration/domain.rddl,benchmarks/grid/fixed-duration/grid-100x100-h4-d1-r1-b0.1.rddl,pruningF
bottom-up-retention-v2,100,4,0.1,3,2023,F-only,1.0,0.9,120.0,ok,199.67981026367184,0.09923649803466798,0.3346473609562963,False,1084.0,39.201855077408254,88.7438002973795,58.35120286792517,0.0,993.0,1084.0,22.0,1069.0,1069.0,8237.0,9327.0,,,,,,,grid-100x100-h4-d1-r1-b0.1,68837195a7e209a526f0309429f8f6fb6b7812825ed3cba775dcdaa08b3aa067,benchmarks/grid/fixed-duration/domain.rddl,benchmarks/grid/fixed-duration/grid-100x100-h4-d1-r1-b0.1.rddl,pruningF
bottom-up-retention-v2,100,4,0.1,3,2023,F-only,1.0,0.3,120.0,ok,200.79103125000003,0.0,0.041786874062381685,False,160.0,1.6157228965312243,2.8410099912434816,1.958430977538228,0.0,76.0,160.0,5.0,58.0,58.0,124.0,334.0,,,,,,,grid-100x100-h4-d1-r1-b0.1,68837195a7e209a526f0309429f8f6fb6b7812825ed3cba775dcdaa08b3aa067,benchmarks/grid/fixed-duration/domain.rddl,benchmarks/grid/fixed-duration/grid-100x100-h4-d1-r1-b0.1.rddl,pruningF
bottom-up-retention-v2,100,4,0.1,3,2023,F-only,1.0,0.5,120.0,ok,200.68113169921878,0.01074619555664063,0.06972095498349518,False,196.0,3.7857251008972526,7.582991966046393,3.2453378662467003,0.0,120.0,196.0,8.0,178.0,178.0,415.0,802.0,,,,,,,grid-100x100-h4-d1-r1-b0.1,68837195a7e209a526f0309429f8f6fb6b7812825ed3cba775dcdaa08b3aa067,benchmarks/grid/fixed-duration/domain.rddl,benchmarks/grid/fixed-duration/grid-100x100-h4-d1-r1-b0.1.rddl,pruningF
bottom-up-retention-v2,100,4,0.1,3,2023,F-only,1.0,0.7,120.0,ok,199.77751709960936,0.09538847145996095,0.16496421792544425,False,472.0,40.86232802364975,22.417321568354964,9.303282131440938,0.0,366.0,472.0,14.0,342.0,342.0,2004.0,2738.0,,,,,,,grid-100x100-h4-d1-r1-b0.1,68837195a7e209a526f0309429f8f6fb6b7812825ed3cba775dcdaa08b3aa067,benchmarks/grid/fixed-duration/domain.rddl,benchmarks/grid/fixed-duration/grid-100x100-h4-d1-r1-b0.1.rddl,pruningF
bottom-up-retention-v2,100,4,0.2,1,2023,F-only,1.0,0.7,120.0,ok,200.58711102539067,0.02862823974609376,0.09339552989695221,False,304.0,6.715245195664465,11.39060000423342,4.052843200042844,0.0,232.0,304.0,9.0,218.0,218.0,943.0,1318.0,1000,0.04,4.0,4.774775180034339,policies/F-only-100-h4-d0.2-a1-l0.7.json,,grid-100x100-h4-d1-r1-b0.2,a9784bbc6f85d2536d4912ddf3728addd97302a51e84e033320ec787d5b114b7,benchmarks/grid/fixed-duration/domain.rddl,benchmarks/grid/fixed-duration/grid-100x100-h4-d1-r1-b0.2.rddl,pruningF
bottom-up-retention-v2,100,4,0.2,1,2023,F-only,1.0,0.9,120.0,ok,198.79158753906248,0.15077686814575197,0.14031739300116897,False,544.0,11.18345488794148,23.495557135902345,10.826003854162991,0.0,506.0,544.0,13.0,305.0,305.0,2463.0,2687.0,1000,0.152,4.0,4.635614225990139,policies/F-only-100-h4-d0.2-a1-l0.9.json,,grid-100x100-h4-d1-r1-b0.2,a9784bbc6f85d2536d4912ddf3728addd97302a51e84e033320ec787d5b114b7,benchmarks/grid/fixed-duration/domain.rddl,benchmarks/grid/fixed-duration/grid-100x100-h4-d1-r1-b0.2.rddl,pruningF
bottom-up-retention-v2,100,4,0.2,1,2023,F-only,1.0,0.3,120.0,ok,200.79103125000003,0.0,0.039616157999262214,False,160.0,1.504806918092072,2.712429966777563,1.6801620367914438,0.0,76.0,160.0,5.0,58.0,58.0,124.0,334.0,1000,0.0,4.0,4.712098879972473,policies/F-only-100-h4-d0.2-a1-l0.3.json,,grid-100x100-h4-d1-r1-b0.2,a9784bbc6f85d2536d4912ddf3728addd97302a51e84e033320ec787d5b114b7,benchmarks/grid/fixed-duration/domain.rddl,benchmarks/grid/fixed-duration/grid-100x100-h4-d1-r1-b0.2.rddl,pruningF
bottom-up-retention-v2,100,4,0.2,1,2023,F-only,1.0,0.5,120.0,ok,200.83998873046878,0.01074619555664063,0.06568147800862789,False,196.0,3.681077854707837,6.646334775723517,2.9722281033173203,0.0,120.0,196.0,8.0,178.0,178.0,416.0,802.0,1000,0.019,4.0,4.707658190978691,policies/F-only-100-h4-d0.2-a1-l0.5.json,,grid-100x100-h4-d1-r1-b0.2,a9784bbc6f85d2536d4912ddf3728addd97302a51e84e033320ec787d5b114b7,benchmarks/grid/fixed-duration/domain.rddl,benchmarks/grid/fixed-duration/grid-100x100-h4-d1-r1-b0.2.rddl,pruningF
bottom-up-retention-v2,100,4,0.2,2,2023,F-only,1.0,0.9,120.0,ok,198.79158753906248,0.15077686814575197,0.1435257599223405,False,544.0,11.42773509491235,23.879487765952945,11.101744370535016,0.0,506.0,544.0,13.0,305.0,305.0,2463.0,2687.0,,,,,,,grid-100x100-h4-d1-r1-b0.2,a9784bbc6f85d2536d4912ddf3728addd97302a51e84e033320ec787d5b114b7,benchmarks/grid/fixed-duration/domain.rddl,benchmarks/grid/fixed-duration/grid-100x100-h4-d1-r1-b0.2.rddl,pruningF
bottom-up-retention-v2,100,4,0.2,2,2023,F-only,1.0,0.3,120.0,ok,200.79103125000003,0.0,0.06378748395945877,False,160.0,1.471515977755189,2.6045370614156127,1.6544029349461198,0.0,76.0,160.0,5.0,58.0,58.0,124.0,334.0,,,,,,,grid-100x100-h4-d1-r1-b0.2,a9784bbc6f85d2536d4912ddf3728addd97302a51e84e033320ec787d5b114b7,benchmarks/grid/fixed-duration/domain.rddl,benchmarks/grid/fixed-duration/grid-100x100-h4-d1-r1-b0.2.rddl,pruningF
bottom-up-retention-v2,100,4,0.2,2,2023,F-only,1.0,0.5,120.0,ok,200.83998873046878,0.01074619555664063,0.0654531120089814,False,196.0,3.6442808341234922,6.465414073318243,2.938284887932241,0.0,120.0,196.0,8.0,178.0,178.0,416.0,802.0,,,,,,,grid-100x100-h4-d1-r1-b0.2,a9784bbc6f85d2536d4912ddf3728addd97302a51e84e033320ec787d5b114b7,benchmarks/grid/fixed-duration/domain.rddl,benchmarks/grid/fixed-duration/grid-100x100-h4-d1-r1-b0.2.rddl,pruningF
bottom-up-retention-v2,100,4,0.2,2,2023,F-only,1.0,0.7,120.0,ok,200.58711102539067,0.02862823974609376,0.08913472399581224,False,304.0,5.5551722180098295,10.974895092658699,3.827899810858071,0.0,232.0,304.0,9.0,218.0,218.0,943.0,1318.0,,,,,,,grid-100x100-h4-d1-r1-b0.2,a9784bbc6f85d2536d4912ddf3728addd97302a51e84e033320ec787d5b114b7,benchmarks/grid/fixed-duration/domain.rddl,benchmarks/grid/fixed-duration/grid-100x100-h4-d1-r1-b0.2.rddl,pruningF
bottom-up-retention-v2,100,4,0.2,3,2023,F-only,1.0,0.3,120.0,ok,200.79103125000003,0.0,0.03910969791468233,False,160.0,1.5503739705309272,2.616568934172392,1.7162940930575132,0.0,76.0,160.0,5.0,58.0,58.0,124.0,334.0,,,,,,,grid-100x100-h4-d1-r1-b0.2,a9784bbc6f85d2536d4912ddf3728addd97302a51e84e033320ec787d5b114b7,benchmarks/grid/fixed-duration/domain.rddl,benchmarks/grid/fixed-duration/grid-100x100-h4-d1-r1-b0.2.rddl,pruningF
bottom-up-retention-v2,100,4,0.2,3,2023,F-only,1.0,0.5,120.0,ok,200.83998873046878,0.01074619555664063,0.06754510395694524,False,196.0,3.7200729129835963,6.854432867839932,3.067891695536673,0.0,120.0,196.0,8.0,178.0,178.0,416.0,802.0,,,,,,,grid-100x100-h4-d1-r1-b0.2,a9784bbc6f85d2536d4912ddf3728addd97302a51e84e033320ec787d5b114b7,benchmarks/grid/fixed-duration/domain.rddl,benchmarks/grid/fixed-duration/grid-100x100-h4-d1-r1-b0.2.rddl,pruningF
bottom-up-retention-v2,100,4,0.2,3,2023,F-only,1.0,0.7,120.0,ok,200.58711102539067,0.02862823974609376,0.08961663604713976,False,304.0,5.567612242884934,10.9453258337453,3.889840911142528,0.0,232.0,304.0,9.0,218.0,218.0,943.0,1318.0,,,,,,,grid-100x100-h4-d1-r1-b0.2,a9784bbc6f85d2536d4912ddf3728addd97302a51e84e033320ec787d5b114b7,benchmarks/grid/fixed-duration/domain.rddl,benchmarks/grid/fixed-duration/grid-100x100-h4-d1-r1-b0.2.rddl,pruningF
bottom-up-retention-v2,100,4,0.2,3,2023,F-only,1.0,0.9,120.0,ok,198.79158753906248,0.15077686814575197,0.14148108498193324,False,544.0,10.840922011993825,24.358062190003693,10.892324848100543,0.0,506.0,544.0,13.0,305.0,305.0,2463.0,2687.0,,,,,,,grid-100x100-h4-d1-r1-b0.2,a9784bbc6f85d2536d4912ddf3728addd97302a51e84e033320ec787d5b114b7,benchmarks/grid/fixed-duration/domain.rddl,benchmarks/grid/fixed-duration/grid-100x100-h4-d1-r1-b0.2.rddl,pruningF
bottom-up-retention-v2,100,4,0.3,1,2023,F-only,1.0,0.9,120.0,ok,198.79158753906248,0.15077686814575197,0.23010865692049265,False,844.0,22.772112162783742,48.90737007372081,18.612517276778817,0.0,784.0,844.0,17.0,598.0,598.0,5081.0,5530.0,1000,0.152,4.0,4.596979212015867,policies/F-only-100-h4-d0.3-a1-l0.9.json,,grid-100x100-h4-d1-r1-b0.3,b30c14420396edc8d81b69155512458a131dd8c4e5b0898038f77b8befd824c7,benchmarks/grid/fixed-duration/domain.rddl,benchmarks/grid/fixed-duration/grid-100x100-h4-d1-r1-b0.3.rddl,pruningF
bottom-up-retention-v2,100,4,0.3,1,2023,F-only,1.0,0.3,120.0,ok,200.79103125000003,0.0,0.03918223001528531,False,160.0,1.5129080275073647,2.6366220554336905,1.6272749053314328,0.0,76.0,160.0,5.0,58.0,58.0,124.0,334.0,1000,0.0,4.0,4.72670520900283,policies/F-only-100-h4-d0.3-a1-l0.3.json,,grid-100x100-h4-d1-r1-b0.3,b30c14420396edc8d81b69155512458a131dd8c4e5b0898038f77b8befd824c7,benchmarks/grid/fixed-duration/domain.rddl,benchmarks/grid/fixed-duration/grid-100x100-h4-d1-r1-b0.3.rddl,pruningF
bottom-up-retention-v2,100,4,0.3,1,2023,F-only,1.0,0.5,120.0,ok,200.7861914648438,0.0007618205566406254,0.06337152200285345,False,208.0,4.690966918133199,6.902641034685075,3.079602844081819,0.0,126.0,208.0,8.0,179.0,179.0,440.0,849.0,1000,0.0,4.0,4.749714776990004,policies/F-only-100-h4-d0.3-a1-l0.5.json,,grid-100x100-h4-d1-r1-b0.3,b30c14420396edc8d81b69155512458a131dd8c4e5b0898038f77b8befd824c7,benchmarks/grid/fixed-duration/domain.rddl,benchmarks/grid/fixed-duration/grid-100x100-h4-d1-r1-b0.3.rddl,pruningF
bottom-up-retention-v2,100,4,0.3,1,2023,F-only,1.0,0.7,120.0,ok,200.7116750683594,0.19021566137695317,0.09383155801333487,False,328.0,6.599541986361146,13.279534061439335,4.246226861141622,0.0,248.0,328.0,10.0,268.0,268.0,1152.0,1620.0,1000,0.174,4.0,4.692035484942608,policies/F-only-100-h4-d0.3-a1-l0.7.json,,grid-100x100-h4-d1-r1-b0.3,b30c14420396edc8d81b69155512458a131dd8c4e5b0898038f77b8befd824c7,benchmarks/grid/fixed-duration/domain.rddl,benchmarks/grid/fixed-duration/grid-100x100-h4-d1-r1-b0.3.rddl,pruningF
bottom-up-retention-v2,100,4,0.3,2,2023,F-only,1.0,0.3,120.0,ok,200.79103125000003,0.0,0.04220284300390631,False,160.0,1.5094701666384935,2.7375760255381465,1.8803381826728582,0.0,76.0,160.0,5.0,58.0,58.0,124.0,334.0,,,,,,,grid-100x100-h4-d1-r1-b0.3,b30c14420396edc8d81b69155512458a131dd8c4e5b0898038f77b8befd824c7,benchmarks/grid/fixed-duration/domain.rddl,benchmarks/grid/fixed-duration/grid-100x100-h4-d1-r1-b0.3.rddl,pruningF
bottom-up-retention-v2,100,4,0.3,2,2023,F-only,1.0,0.5,120.0,ok,200.7861914648438,0.0007618205566406254,0.0631920020096004,False,208.0,4.766200087033212,6.87939883209765,3.00278898794204,0.0,126.0,208.0,8.0,179.0,179.0,440.0,849.0,,,,,,,grid-100x100-h4-d1-r1-b0.3,b30c14420396edc8d81b69155512458a131dd8c4e5b0898038f77b8befd824c7,benchmarks/grid/fixed-duration/domain.rddl,benchmarks/grid/fixed-duration/grid-100x100-h4-d1-r1-b0.3.rddl,pruningF
bottom-up-retention-v2,100,4,0.3,2,2023,F-only,1.0,0.7,120.0,ok,200.7116750683594,0.19021566137695317,0.0941272460622713,False,328.0,7.396926055662334,13.194597908295691,4.2007771553471684,0.0,248.0,328.0,10.0,268.0,268.0,1152.0,1620.0,,,,,,,grid-100x100-h4-d1-r1-b0.3,b30c14420396edc8d81b69155512458a131dd8c4e5b0898038f77b8befd824c7,benchmarks/grid/fixed-duration/domain.rddl,benchmarks/grid/fixed-duration/grid-100x100-h4-d1-r1-b0.3.rddl,pruningF
bottom-up-retention-v2,100,4,0.3,2,2023,F-only,1.0,0.9,120.0,ok,198.79158753906248,0.15077686814575197,0.2283349479548633,False,844.0,22.556958603672683,72.28953612502664,18.38578935712576,0.0,784.0,844.0,17.0,598.0,598.0,5081.0,5530.0,,,,,,,grid-100x100-h4-d1-r1-b0.3,b30c14420396edc8d81b69155512458a131dd8c4e5b0898038f77b8befd824c7,benchmarks/grid/fixed-duration/domain.rddl,benchmarks/grid/fixed-duration/grid-100x100-h4-d1-r1-b0.3.rddl,pruningF
bottom-up-retention-v2,100,4,0.3,3,2023,F-only,1.0,0.3,120.0,ok,200.79103125000003,0.0,0.0406430889852345,False,160.0,1.5160340117290616,2.795244916342199,1.8134720157831907,0.0,76.0,160.0,5.0,58.0,58.0,124.0,334.0,,,,,,,grid-100x100-h4-d1-r1-b0.3,b30c14420396edc8d81b69155512458a131dd8c4e5b0898038f77b8befd824c7,benchmarks/grid/fixed-duration/domain.rddl,benchmarks/grid/fixed-duration/grid-100x100-h4-d1-r1-b0.3.rddl,pruningF
bottom-up-retention-v2,100,4,0.3,3,2023,F-only,1.0,0.5,120.0,ok,200.7861914648438,0.0007618205566406254,0.06243226502556354,False,208.0,3.9385888958349824,6.871965946629643,3.003855934366584,0.0,126.0,208.0,8.0,179.0,179.0,440.0,849.0,,,,,,,grid-100x100-h4-d1-r1-b0.3,b30c14420396edc8d81b69155512458a131dd8c4e5b0898038f77b8befd824c7,benchmarks/grid/fixed-duration/domain.rddl,benchmarks/grid/fixed-duration/grid-100x100-h4-d1-r1-b0.3.rddl,pruningF
bottom-up-retention-v2,100,4,0.3,3,2023,F-only,1.0,0.7,120.0,ok,200.7116750683594,0.19021566137695317,0.09429997997358441,False,328.0,6.686429027467966,13.932099216617644,4.202183103188872,0.0,248.0,328.0,10.0,268.0,268.0,1152.0,1620.0,,,,,,,grid-100x100-h4-d1-r1-b0.3,b30c14420396edc8d81b69155512458a131dd8c4e5b0898038f77b8befd824c7,benchmarks/grid/fixed-duration/domain.rddl,benchmarks/grid/fixed-duration/grid-100x100-h4-d1-r1-b0.3.rddl,pruningF
bottom-up-retention-v2,100,4,0.3,3,2023,F-only,1.0,0.9,120.0,ok,198.79158753906248,0.15077686814575197,0.20229462499264628,False,844.0,23.126954794861376,47.49367164913565,17.95498770661652,0.0,784.0,844.0,17.0,598.0,598.0,5081.0,5530.0,,,,,,,grid-100x100-h4-d1-r1-b0.3,b30c14420396edc8d81b69155512458a131dd8c4e5b0898038f77b8befd824c7,benchmarks/grid/fixed-duration/domain.rddl,benchmarks/grid/fixed-duration/grid-100x100-h4-d1-r1-b0.3.rddl,pruningF
bottom-up-retention-v2,100,5,0.1,1,2023,F-only,1.0,0.3,120.0,ok,201.72953198745734,0.0006906283840942386,0.14874967595096678,False,544.0,9.715712862089276,15.133162960410118,3.73194576241076,0.0,252.0,544.0,9.0,543.0,543.0,766.0,2301.0,1000,0.001,5.0,5.8951435999479145,policies/F-only-100-h5-d0.1-a1-l0.3.json,,grid-100x100-h5-d1-r1-b0.1,d32cfe0f1c70979bdeda736bced0cc69d18fdf26a69cbe3f45355bd53da6643f,benchmarks/grid/fixed-duration/domain.rddl,benchmarks/grid/fixed-duration/grid-100x100-h5-d1-r1-b0.1.rddl,pruningF
bottom-up-retention-v2,100,5,0.1,1,2023,F-only,1.0,0.5,120.0,ok,201.62540735396732,0.013589883866271978,0.18287751101888716,False,712.0,15.754134859889746,27.834472013637424,5.674551939591765,0.0,431.0,712.0,11.0,806.0,806.0,1979.0,3834.0,1000,0.022,5.0,5.915623225970194,policies/F-only-100-h5-d0.1-a1-l0.5.json,,grid-100x100-h5-d1-r1-b0.1,d32cfe0f1c70979bdeda736bced0cc69d18fdf26a69cbe3f45355bd53da6643f,benchmarks/grid/fixed-duration/domain.rddl,benchmarks/grid/fixed-duration/grid-100x100-h5-d1-r1-b0.1.rddl,pruningF
bottom-up-retention-v2,100,5,0.1,1,2023,F-only,1.0,0.7,120.0,ok,200.68326316468506,0.09952260393553163,0.48133790504653007,False,1624.0,59.200079762376845,113.25110914185643,38.51389302872121,0.0,1261.0,1624.0,22.0,1892.0,1892.0,10657.0,14456.0,1000,0.103,5.0,5.989265642943792,policies/F-only-100-h5-d0.1-a1-l0.7.json,,grid-100x100-h5-d1-r1-b0.1,d32cfe0f1c70979bdeda736bced0cc69d18fdf26a69cbe3f45355bd53da6643f,benchmarks/grid/fixed-duration/domain.rddl,benchmarks/grid/fixed-duration/grid-100x100-h5-d1-r1-b0.1.rddl,pruningF
bottom-up-retention-v2,100,5,0.1,1,2023,F-only,1.0,0.9,120.0,ok,200.4251663729004,0.09997335736212161,0.9529002320487052,False,2692.0,138.92539869993925,260.95072156749666,224.383381777443,0.0,2482.0,2692.0,28.0,2969.0,2969.0,24578.0,27227.0,1000,0.106,5.0,5.89367881603539,policies/F-only-100-h5-d0.1-a1-l0.9.json,,grid-100x100-h5-d1-r1-b0.1,d32cfe0f1c70979bdeda736bced0cc69d18fdf26a69cbe3f45355bd53da6643f,benchmarks/grid/fixed-duration/domain.rddl,benchmarks/grid/fixed-duration/grid-100x100-h5-d1-r1-b0.1.rddl,pruningF
bottom-up-retention-v2,100,5,0.1,2,2023,F-only,1.0,0.3,120.0,ok,201.72953198745734,0.0006906283840942386,0.1203533539082855,False,544.0,9.568440029397607,15.333986841142178,3.8730480009689927,0.0,252.0,544.0,9.0,543.0,543.0,766.0,2301.0,,,,,,,grid-100x100-h5-d1-r1-b0.1,d32cfe0f1c70979bdeda736bced0cc69d18fdf26a69cbe3f45355bd53da6643f,benchmarks/grid/fixed-duration/domain.rddl,benchmarks/grid/fixed-duration/grid-100x100-h5-d1-r1-b0.1.rddl,pruningF
bottom-up-retention-v2,100,5,0.1,2,2023,F-only,1.0,0.5,120.0,ok,201.62540735396732,0.013589883866271978,0.18052976299077272,False,712.0,15.712843276560307,28.13979669008404,5.707764765247703,0.0,431.0,712.0,11.0,806.0,806.0,1979.0,3834.0,,,,,,,grid-100x100-h5-d1-r1-b0.1,d32cfe0f1c70979bdeda736bced0cc69d18fdf26a69cbe3f45355bd53da6643f,benchmarks/grid/fixed-duration/domain.rddl,benchmarks/grid/fixed-duration/grid-100x100-h5-d1-r1-b0.1.rddl,pruningF
bottom-up-retention-v2,100,5,0.1,2,2023,F-only,1.0,0.7,120.0,ok,200.68326316468506,0.09952260393553163,0.4903483500238508,False,1624.0,98.30078203231096,109.54167298041284,39.397984277457,0.0,1261.0,1624.0,22.0,1892.0,1892.0,10657.0,14456.0,,,,,,,grid-100x100-h5-d1-r1-b0.1,d32cfe0f1c70979bdeda736bced0cc69d18fdf26a69cbe3f45355bd53da6643f,benchmarks/grid/fixed-duration/domain.rddl,benchmarks/grid/fixed-duration/grid-100x100-h5-d1-r1-b0.1.rddl,pruningF
bottom-up-retention-v2,100,5,0.1,2,2023,F-only,1.0,0.9,120.0,ok,200.4251663729004,0.09997335736212161,0.9450315110152587,False,2692.0,141.0710852360353,256.54375716112554,218.65262335631996,0.0,2482.0,2692.0,28.0,2969.0,2969.0,24578.0,27227.0,,,,,,,grid-100x100-h5-d1-r1-b0.1,d32cfe0f1c70979bdeda736bced0cc69d18fdf26a69cbe3f45355bd53da6643f,benchmarks/grid/fixed-duration/domain.rddl,benchmarks/grid/fixed-duration/grid-100x100-h5-d1-r1-b0.1.rddl,pruningF
bottom-up-retention-v2,100,5,0.1,3,2023,F-only,1.0,0.3,120.0,ok,201.72953198745734,0.0006906283840942386,0.127314820070751,False,544.0,9.631858323700726,15.522105153650045,3.97005514241755,0.0,252.0,544.0,9.0,543.0,543.0,766.0,2301.0,,,,,,,grid-100x100-h5-d1-r1-b0.1,d32cfe0f1c70979bdeda736bced0cc69d18fdf26a69cbe3f45355bd53da6643f,benchmarks/grid/fixed-duration/domain.rddl,benchmarks/grid/fixed-duration/grid-100x100-h5-d1-r1-b0.1.rddl,pruningF
bottom-up-retention-v2,100,5,0.1,3,2023,F-only,1.0,0.5,120.0,ok,201.62540735396732,0.013589883866271978,0.18105518305674195,False,712.0,17.227674019522965,27.336052036844194,5.698879715055227,0.0,431.0,712.0,11.0,806.0,806.0,1979.0,3834.0,,,,,,,grid-100x100-h5-d1-r1-b0.1,d32cfe0f1c70979bdeda736bced0cc69d18fdf26a69cbe3f45355bd53da6643f,benchmarks/grid/fixed-duration/domain.rddl,benchmarks/grid/fixed-duration/grid-100x100-h5-d1-r1-b0.1.rddl,pruningF
bottom-up-retention-v2,100,5,0.1,3,2023,F-only,1.0,0.7,120.0,ok,200.68326316468506,0.09952260393553163,0.49416213389486074,False,1624.0,97.23636251874268,110.95613322686404,39.15204433724284,0.0,1261.0,1624.0,22.0,1892.0,1892.0,10657.0,14456.0,,,,,,,grid-100x100-h5-d1-r1-b0.1,d32cfe0f1c70979bdeda736bced0cc69d18fdf26a69cbe3f45355bd53da6643f,benchmarks/grid/fixed-duration/domain.rddl,benchmarks/grid/fixed-duration/grid-100x100-h5-d1-r1-b0.1.rddl,pruningF
bottom-up-retention-v2,100,5,0.1,3,2023,F-only,1.0,0.9,120.0,ok,200.4251663729004,0.09997335736212161,0.9489242790732533,False,2692.0,169.17446115985513,232.25437302608043,217.36242109909654,0.0,2482.0,2692.0,28.0,2969.0,2969.0,24578.0,27227.0,,,,,,,grid-100x100-h5-d1-r1-b0.1,d32cfe0f1c70979bdeda736bced0cc69d18fdf26a69cbe3f45355bd53da6643f,benchmarks/grid/fixed-duration/domain.rddl,benchmarks/grid/fixed-duration/grid-100x100-h5-d1-r1-b0.1.rddl,pruningF
bottom-up-retention-v2,100,5,0.2,1,2023,F-only,1.0,0.3,120.0,ok,201.72953198745734,0.0006906283840942386,0.12290635600220412,False,544.0,10.34353906288743,14.989966992288828,3.8686901098117232,0.0,252.0,544.0,9.0,543.0,543.0,766.0,2301.0,1000,0.001,5.0,5.835727846017107,policies/F-only-100-h5-d0.2-a1-l0.3.json,,grid-100x100-h5-d1-r1-b0.2,596c7bb3edf18336bbddbc87f66807023abd0e8d3abb2f7784bcc0a7a6a0b704,benchmarks/grid/fixed-duration/domain.rddl,benchmarks/grid/fixed-duration/grid-100x100-h5-d1-r1-b0.2.rddl,pruningF
bottom-up-retention-v2,100,5,0.2,1,2023,F-only,1.0,0.5,120.0,ok,201.77765730844732,0.012164754384613043,0.18417097302153707,False,724.0,18.45459989272058,30.936837079934776,6.230946048162878,0.0,437.0,724.0,12.0,951.0,951.0,2232.0,4353.0,1000,0.021,5.0,5.83712037303485,policies/F-only-100-h5-d0.2-a1-l0.5.json,,grid-100x100-h5-d1-r1-b0.2,596c7bb3edf18336bbddbc87f66807023abd0e8d3abb2f7784bcc0a7a6a0b704,benchmarks/grid/fixed-duration/domain.rddl,benchmarks/grid/fixed-duration/grid-100x100-h5-d1-r1-b0.2.rddl,pruningF
bottom-up-retention-v2,100,5,0.2,1,2023,F-only,1.0,0.7,120.0,ok,201.4885916647034,0.03791015301544191,0.43142321496270597,False,1312.0,60.15479483176023,146.90453431103379,15.446535311639309,0.0,1007.0,1312.0,20.0,2263.0,2263.0,9818.0,13525.0,1000,0.036,5.0,6.09705960098654,policies/F-only-100-h5-d0.2-a1-l0.7.json,,grid-100x100-h5-d1-r1-b0.2,596c7bb3edf18336bbddbc87f66807023abd0e8d3abb2f7784bcc0a7a6a0b704,benchmarks/grid/fixed-duration/domain.rddl,benchmarks/grid/fixed-duration/grid-100x100-h5-d1-r1-b0.2.rddl,pruningF
bottom-up-retention-v2,100,5,0.2,1,2023,F-only,1.0,0.9,120.0,ok,199.6467597865112,0.15246779394007876,0.6984191689407453,False,2752.0,81.26694953534752,193.7102514784783,55.506398901343346,0.0,2551.0,2752.0,23.0,2161.0,2161.0,18190.0,19867.0,1000,0.172,5.0,5.681589224957861,policies/F-only-100-h5-d0.2-a1-l0.9.json,,grid-100x100-h5-d1-r1-b0.2,596c7bb3edf18336bbddbc87f66807023abd0e8d3abb2f7784bcc0a7a6a0b704,benchmarks/grid/fixed-duration/domain.rddl,benchmarks/grid/fixed-duration/grid-100x100-h5-d1-r1-b0.2.rddl,pruningF
bottom-up-retention-v2,100,5,0.2,2,2023,F-only,1.0,0.3,120.0,ok,201.72953198745734,0.0006906283840942386,0.12114254897460341,False,544.0,9.458034997805953,15.589567716233432,3.8818801986053586,0.0,252.0,544.0,9.0,543.0,543.0,766.0,2301.0,,,,,,,grid-100x100-h5-d1-r1-b0.2,596c7bb3edf18336bbddbc87f66807023abd0e8d3abb2f7784bcc0a7a6a0b704,benchmarks/grid/fixed-duration/domain.rddl,benchmarks/grid/fixed-duration/grid-100x100-h5-d1-r1-b0.2.rddl,pruningF
bottom-up-retention-v2,100,5,0.2,2,2023,F-only,1.0,0.5,120.0,ok,201.77765730844732,0.012164754384613043,0.18518196197692305,False,724.0,17.79272418934852,31.740269856527448,6.195373949594796,0.0,437.0,724.0,12.0,951.0,951.0,2232.0,4353.0,,,,,,,grid-100x100-h5-d1-r1-b0.2,596c7bb3edf18336bbddbc87f66807023abd0e8d3abb2f7784bcc0a7a6a0b704,benchmarks/grid/fixed-duration/domain.rddl,benchmarks/grid/fixed-duration/grid-100x100-h5-d1-r1-b0.2.rddl,pruningF
bottom-up-retention-v2,100,5,0.2,2,2023,F-only,1.0,0.7,120.0,ok,201.4885916647034,0.03791015301544191,0.4179579960182309,False,1312.0,89.68817198183388,105.33683595713228,15.030688722617924,0.0,1007.0,1312.0,20.0,2263.0,2263.0,9818.0,13525.0,,,,,,,grid-100x100-h5-d1-r1-b0.2,596c7bb3edf18336bbddbc87f66807023abd0e8d3abb2f7784bcc0a7a6a0b704,benchmarks/grid/fixed-duration/domain.rddl,benchmarks/grid/fixed-duration/grid-100x100-h5-d1-r1-b0.2.rddl,pruningF
bottom-up-retention-v2,100,5,0.2,2,2023,F-only,1.0,0.9,120.0,ok,199.6467597865112,0.15246779394007876,0.6813275530003011,False,2752.0,80.60636697337031,169.29417196661234,55.99210725631565,0.0,2551.0,2752.0,23.0,2161.0,2161.0,18190.0,19867.0,,,,,,,grid-100x100-h5-d1-r1-b0.2,596c7bb3edf18336bbddbc87f66807023abd0e8d3abb2f7784bcc0a7a6a0b704,benchmarks/grid/fixed-duration/domain.rddl,benchmarks/grid/fixed-duration/grid-100x100-h5-d1-r1-b0.2.rddl,pruningF
bottom-up-retention-v2,100,5,0.2,3,2023,F-only,1.0,0.3,120.0,ok,201.72953198745734,0.0006906283840942386,0.12220138893462718,False,544.0,10.537522961385548,14.948306139558554,3.906139056198299,0.0,252.0,544.0,9.0,543.0,543.0,766.0,2301.0,,,,,,,grid-100x100-h5-d1-r1-b0.2,596c7bb3edf18336bbddbc87f66807023abd0e8d3abb2f7784bcc0a7a6a0b704,benchmarks/grid/fixed-duration/domain.rddl,benchmarks/grid/fixed-duration/grid-100x100-h5-d1-r1-b0.2.rddl,pruningF
bottom-up-retention-v2,100,5,0.2,3,2023,F-only,1.0,0.5,120.0,ok,201.77765730844732,0.012164754384613043,0.21152996097225696,False,724.0,18.60082393977791,30.94472794327885,6.1478340066969395,0.0,437.0,724.0,12.0,951.0,951.0,2232.0,4353.0,,,,,,,grid-100x100-h5-d1-r1-b0.2,596c7bb3edf18336bbddbc87f66807023abd0e8d3abb2f7784bcc0a7a6a0b704,benchmarks/grid/fixed-duration/domain.rddl,benchmarks/grid/fixed-duration/grid-100x100-h5-d1-r1-b0.2.rddl,pruningF
bottom-up-retention-v2,100,5,0.2,3,2023,F-only,1.0,0.7,120.0,ok,201.4885916647034,0.03791015301544191,0.4077483050059527,False,1312.0,55.339723941870034,106.63119109813124,15.05181286484003,0.0,1007.0,1312.0,20.0,2263.0,2263.0,9818.0,13525.0,,,,,,,grid-100x100-h5-d1-r1-b0.2,596c7bb3edf18336bbddbc87f66807023abd0e8d3abb2f7784bcc0a7a6a0b704,benchmarks/grid/fixed-duration/domain.rddl,benchmarks/grid/fixed-duration/grid-100x100-h5-d1-r1-b0.2.rddl,pruningF
bottom-up-retention-v2,100,5,0.2,3,2023,F-only,1.0,0.9,120.0,ok,199.6467597865112,0.15246779394007876,0.6788520730333403,False,2752.0,79.77162906900048,201.8376791384071,55.37498672492802,0.0,2551.0,2752.0,23.0,2161.0,2161.0,18190.0,19867.0,,,,,,,grid-100x100-h5-d1-r1-b0.2,596c7bb3edf18336bbddbc87f66807023abd0e8d3abb2f7784bcc0a7a6a0b704,benchmarks/grid/fixed-duration/domain.rddl,benchmarks/grid/fixed-duration/grid-100x100-h5-d1-r1-b0.2.rddl,pruningF
bottom-up-retention-v2,100,5,0.3,1,2023,F-only,1.0,0.3,120.0,ok,201.72953198745734,0.0006906283840942386,0.12233217502944171,False,544.0,9.546315181069076,15.47983381897211,4.0054479613900185,0.0,252.0,544.0,9.0,543.0,543.0,766.0,2301.0,1000,0.001,5.0,5.845438462914899,policies/F-only-100-h5-d0.3-a1-l0.3.json,,grid-100x100-h5-d1-r1-b0.3,6b3e7e4e9d43cf7a1b4cb5b82583d805f7672195c74d6e67da3060e3eecd63ae,benchmarks/grid/fixed-duration/domain.rddl,benchmarks/grid/fixed-duration/grid-100x100-h5-d1-r1-b0.3.rddl,pruningF
bottom-up-retention-v2,100,5,0.3,1,2023,F-only,1.0,0.5,120.0,ok,201.7284579854981,0.0013379237416076667,0.1884927280480042,False,772.0,19.74229735787958,32.40880090743303,6.340574123896658,0.0,466.0,772.0,12.0,951.0,951.0,2362.0,4569.0,1000,0.006,5.0,5.855092448997311,policies/F-only-100-h5-d0.3-a1-l0.5.json,,grid-100x100-h5-d1-r1-b0.3,6b3e7e4e9d43cf7a1b4cb5b82583d805f7672195c74d6e67da3060e3eecd63ae,benchmarks/grid/fixed-duration/domain.rddl,benchmarks/grid/fixed-duration/grid-100x100-h5-d1-r1-b0.3.rddl,pruningF
bottom-up-retention-v2,100,5,0.3,1,2023,F-only,1.0,0.7,120.0,ok,201.65049455561527,0.13515564095626834,0.3442380368942395,False,1204.0,40.369054302573204,74.66396410018206,11.622775928117335,0.0,922.0,1204.0,16.0,1573.0,1573.0,6958.0,9639.0,1000,0.126,5.0,5.896746763959527,policies/F-only-100-h5-d0.3-a1-l0.7.json,,grid-100x100-h5-d1-r1-b0.3,6b3e7e4e9d43cf7a1b4cb5b82583d805f7672195c74d6e67da3060e3eecd63ae,benchmarks/grid/fixed-duration/domain.rddl,benchmarks/grid/fixed-duration/grid-100x100-h5-d1-r1-b0.3.rddl,pruningF
bottom-up-retention-v2,100,5,0.3,1,2023,F-only,1.0,0.9,120.0,ok,199.65928200111082,0.19181494525815584,1.201794970082119,False,3580.0,276.7116642789915,377.98849411774427,108.35028800647706,0.0,3316.0,3580.0,32.0,4764.0,4764.0,40852.0,44576.0,1000,0.211,5.0,5.89737114100717,policies/F-only-100-h5-d0.3-a1-l0.9.json,,grid-100x100-h5-d1-r1-b0.3,6b3e7e4e9d43cf7a1b4cb5b82583d805f7672195c74d6e67da3060e3eecd63ae,benchmarks/grid/fixed-duration/domain.rddl,benchmarks/grid/fixed-duration/grid-100x100-h5-d1-r1-b0.3.rddl,pruningF
bottom-up-retention-v2,100,5,0.3,2,2023,F-only,1.0,0.3,120.0,ok,201.72953198745734,0.0006906283840942386,0.12307872308883816,False,544.0,9.947938960976899,14.719144906848669,3.9606631034985185,0.0,252.0,544.0,9.0,543.0,543.0,766.0,2301.0,,,,,,,grid-100x100-h5-d1-r1-b0.3,6b3e7e4e9d43cf7a1b4cb5b82583d805f7672195c74d6e67da3060e3eecd63ae,benchmarks/grid/fixed-duration/domain.rddl,benchmarks/grid/fixed-duration/grid-100x100-h5-d1-r1-b0.3.rddl,pruningF
bottom-up-retention-v2,100,5,0.3,2,2023,F-only,1.0,0.5,120.0,ok,201.7284579854981,0.0013379237416076667,0.19049031101167202,False,772.0,20.32673475332558,33.44881196971983,6.509290193207562,0.0,466.0,772.0,12.0,951.0,951.0,2362.0,4569.0,,,,,,,grid-100x100-h5-d1-r1-b0.3,6b3e7e4e9d43cf7a1b4cb5b82583d805f7672195c74d6e67da3060e3eecd63ae,benchmarks/grid/fixed-duration/domain.rddl,benchmarks/grid/fixed-duration/grid-100x100-h5-d1-r1-b0.3.rddl,pruningF
bottom-up-retention-v2,100,5,0.3,2,2023,F-only,1.0,0.7,120.0,ok,201.65049455561527,0.13515564095626834,0.3485203629825264,False,1204.0,79.71258531324565,74.39806766342372,11.750322650186718,0.0,922.0,1204.0,16.0,1573.0,1573.0,6958.0,9639.0,,,,,,,grid-100x100-h5-d1-r1-b0.3,6b3e7e4e9d43cf7a1b4cb5b82583d805f7672195c74d6e67da3060e3eecd63ae,benchmarks/grid/fixed-duration/domain.rddl,benchmarks/grid/fixed-duration/grid-100x100-h5-d1-r1-b0.3.rddl,pruningF
bottom-up-retention-v2,100,5,0.3,2,2023,F-only,1.0,0.9,120.0,ok,199.65928200111082,0.19181494525815584,1.7952160289278254,False,3580.0,273.72109808493406,378.8659932324663,698.9125981926918,0.0,3316.0,3580.0,32.0,4764.0,4764.0,40852.0,44576.0,,,,,,,grid-100x100-h5-d1-r1-b0.3,6b3e7e4e9d43cf7a1b4cb5b82583d805f7672195c74d6e67da3060e3eecd63ae,benchmarks/grid/fixed-duration/domain.rddl,benchmarks/grid/fixed-duration/grid-100x100-h5-d1-r1-b0.3.rddl,pruningF
bottom-up-retention-v2,100,5,0.3,3,2023,F-only,1.0,0.3,120.0,ok,201.72953198745734,0.0006906283840942386,0.11985984200146049,False,544.0,10.422616149298847,14.297598041594028,3.7468698574230075,0.0,252.0,544.0,9.0,543.0,543.0,766.0,2301.0,,,,,,,grid-100x100-h5-d1-r1-b0.3,6b3e7e4e9d43cf7a1b4cb5b82583d805f7672195c74d6e67da3060e3eecd63ae,benchmarks/grid/fixed-duration/domain.rddl,benchmarks/grid/fixed-duration/grid-100x100-h5-d1-r1-b0.3.rddl,pruningF
bottom-up-retention-v2,100,5,0.3,3,2023,F-only,1.0,0.5,120.0,ok,201.7284579854981,0.0013379237416076667,0.1830228070029989,False,772.0,18.626754987053573,32.693838234990835,6.206836900673807,0.0,466.0,772.0,12.0,951.0,951.0,2362.0,4569.0,,,,,,,grid-100x100-h5-d1-r1-b0.3,6b3e7e4e9d43cf7a1b4cb5b82583d805f7672195c74d6e67da3060e3eecd63ae,benchmarks/grid/fixed-duration/domain.rddl,benchmarks/grid/fixed-duration/grid-100x100-h5-d1-r1-b0.3.rddl,pruningF
bottom-up-retention-v2,100,5,0.3,3,2023,F-only,1.0,0.7,120.0,ok,201.65049455561527,0.13515564095626834,0.3774288750719279,False,1204.0,88.45454594120383,79.38751706387848,11.653842055238783,0.0,922.0,1204.0,16.0,1573.0,1573.0,6958.0,9639.0,,,,,,,grid-100x100-h5-d1-r1-b0.3,6b3e7e4e9d43cf7a1b4cb5b82583d805f7672195c74d6e67da3060e3eecd63ae,benchmarks/grid/fixed-duration/domain.rddl,benchmarks/grid/fixed-duration/grid-100x100-h5-d1-r1-b0.3.rddl,pruningF
bottom-up-retention-v2,100,5,0.3,3,2023,F-only,1.0,0.9,120.0,ok,199.65928200111082,0.19181494525815584,1.2662791149923578,False,3580.0,192.13916023727506,472.0274320570752,115.94188679009676,0.0,3316.0,3580.0,32.0,4764.0,4764.0,40852.0,44576.0,,,,,,,grid-100x100-h5-d1-r1-b0.3,6b3e7e4e9d43cf7a1b4cb5b82583d805f7672195c74d6e67da3060e3eecd63ae,benchmarks/grid/fixed-duration/domain.rddl,benchmarks/grid/fixed-duration/grid-100x100-h5-d1-r1-b0.3.rddl,pruningF
bottom-up-retention-v2,100,6,0.1,1,2023,F-only,1.0,0.3,120.0,ok,202.67324466957237,0.00012032700618953713,0.38860863691661507,False,1732.0,41.08458512928337,57.372825453057885,7.73941189981997,0.0,794.0,1732.0,12.0,2381.0,2381.0,3152.0,9715.0,1000,0.0,6.0,6.878206908004358,policies/F-only-100-h6-d0.1-a1-l0.3.json,,grid-100x100-h6-d1-r1-b0.1,9d14c8a6ddf8e7476e0a1499611216761964933508025083f4cbb88ea5cda8c8,benchmarks/grid/fixed-duration/domain.rddl,benchmarks/grid/fixed-duration/grid-100x100-h6-d1-r1-b0.1.rddl,pruningF
bottom-up-retention-v2,100,6,0.1,1,2023,F-only,1.0,0.5,120.0,ok,202.57563860487903,0.010210671422526631,0.5570069749373943,False,2404.0,69.93908481672406,139.41819698084146,12.601705035194755,0.0,1455.0,2404.0,15.0,3672.0,3672.0,9308.0,17916.0,1000,0.012,6.0,6.81247121701017,policies/F-only-100-h6-d0.1-a1-l0.5.json,,grid-100x100-h6-d1-r1-b0.1,9d14c8a6ddf8e7476e0a1499611216761964933508025083f4cbb88ea5cda8c8,benchmarks/grid/fixed-duration/domain.rddl,benchmarks/grid/fixed-duration/grid-100x100-h6-d1-r1-b0.1.rddl,pruningF
bottom-up-retention-v2,100,6,0.1,1,2023,F-only,1.0,0.7,120.0,ok,201.66174134301548,0.09999434053651696,2.197233112063259,False,5056.0,395.94194281380624,634.922118159011,234.7848298959434,0.0,3913.0,5056.0,29.0,7291.0,7291.0,40263.0,54685.0,1000,0.093,6.0,9.867980470997281,policies/F-only-100-h6-d0.1-a1-l0.7.json,,grid-100x100-h6-d1-r1-b0.1,9d14c8a6ddf8e7476e0a1499611216761964933508025083f4cbb88ea5cda8c8,benchmarks/grid/fixed-duration/domain.rddl,benchmarks/grid/fixed-duration/grid-100x100-h6-d1-r1-b0.1.rddl,pruningF
bottom-up-retention-v2,100,6,0.1,1,2023,F-only,1.0,0.9,120.0,ok,201.13545630676566,0.09953924278575219,9.55710044503212,False,9784.0,1616.549321799539,2956.407681456767,3102.17677091714,0.0,9026.0,9784.0,59.0,34342.0,34342.0,257929.0,282994.0,1000,0.093,6.0,7.305221640970558,policies/F-only-100-h6-d0.1-a1-l0.9.json,,grid-100x100-h6-d1-r1-b0.1,9d14c8a6ddf8e7476e0a1499611216761964933508025083f4cbb88ea5cda8c8,benchmarks/grid/fixed-duration/domain.rddl,benchmarks/grid/fixed-duration/grid-100x100-h6-d1-r1-b0.1.rddl,pruningF
bottom-up-retention-v2,100,6,0.1,2,2023,F-only,1.0,0.3,120.0,ok,202.67324466957237,0.00012032700618953713,0.40410891897045076,False,1732.0,43.605957995168865,58.56450891587883,8.029556949622929,0.0,794.0,1732.0,12.0,2381.0,2381.0,3152.0,9715.0,,,,,,,grid-100x100-h6-d1-r1-b0.1,9d14c8a6ddf8e7476e0a1499611216761964933508025083f4cbb88ea5cda8c8,benchmarks/grid/fixed-duration/domain.rddl,benchmarks/grid/fixed-duration/grid-100x100-h6-d1-r1-b0.1.rddl,pruningF
bottom-up-retention-v2,100,6,0.1,2,2023,F-only,1.0,0.5,120.0,ok,202.57563860487903,0.010210671422526631,0.6635637560393661,False,2404.0,76.48294419050217,119.77946886327118,13.107824022881687,0.0,1455.0,2404.0,15.0,3672.0,3672.0,9308.0,17916.0,,,,,,,grid-100x100-h6-d1-r1-b0.1,9d14c8a6ddf8e7476e0a1499611216761964933508025083f4cbb88ea5cda8c8,benchmarks/grid/fixed-duration/domain.rddl,benchmarks/grid/fixed-duration/grid-100x100-h6-d1-r1-b0.1.rddl,pruningF
bottom-up-retention-v2,100,6,0.1,2,2023,F-only,1.0,0.7,120.0,ok,201.66174134301548,0.09999434053651696,1.7562155909836292,False,5056.0,263.94730689935386,516.2170679541305,194.30736696813256,0.0,3913.0,5056.0,29.0,7291.0,7291.0,40263.0,54685.0,,,,,,,grid-100x100-h6-d1-r1-b0.1,9d14c8a6ddf8e7476e0a1499611216761964933508025083f4cbb88ea5cda8c8,benchmarks/grid/fixed-duration/domain.rddl,benchmarks/grid/fixed-duration/grid-100x100-h6-d1-r1-b0.1.rddl,pruningF
bottom-up-retention-v2,100,6,0.1,2,2023,F-only,1.0,0.9,120.0,ok,201.13545630676566,0.09953924278575219,9.213202369981445,False,9784.0,1615.6271654181182,2766.5085369953886,3085.5781680438668,0.0,9026.0,9784.0,59.0,34342.0,34342.0,257929.0,282994.0,,,,,,,grid-100x100-h6-d1-r1-b0.1,9d14c8a6ddf8e7476e0a1499611216761964933508025083f4cbb88ea5cda8c8,benchmarks/grid/fixed-duration/domain.rddl,benchmarks/grid/fixed-duration/grid-100x100-h6-d1-r1-b0.1.rddl,pruningF
bottom-up-retention-v2,100,6,0.1,3,2023,F-only,1.0,0.3,120.0,ok,202.67324466957237,0.00012032700618953713,0.35861836199183017,False,1732.0,43.89141616411507,60.27273507788777,7.801880012266338,0.0,794.0,1732.0,12.0,2381.0,2381.0,3152.0,9715.0,,,,,,,grid-100x100-h6-d1-r1-b0.1,9d14c8a6ddf8e7476e0a1499611216761964933508025083f4cbb88ea5cda8c8,benchmarks/grid/fixed-duration/domain.rddl,benchmarks/grid/fixed-duration/grid-100x100-h6-d1-r1-b0.1.rddl,pruningF
bottom-up-retention-v2,100,6,0.1,3,2023,F-only,1.0,0.5,120.0,ok,202.57563860487903,0.010210671422526631,0.8224322060123086,False,2404.0,213.61816278658807,141.01056905929,15.479805180802941,0.0,1455.0,2404.0,15.0,3672.0,3672.0,9308.0,17916.0,,,,,,,grid-100x100-h6-d1-r1-b0.1,9d14c8a6ddf8e7476e0a1499611216761964933508025083f4cbb88ea5cda8c8,benchmarks/grid/fixed-duration/domain.rddl,benchmarks/grid/fixed-duration/grid-100x100-h6-d1-r1-b0.1.rddl,pruningF
bottom-up-retention-v2,100,6,0.1,3,2023,F-only,1.0,0.7,120.0,ok,201.66174134301548,0.09999434053651696,1.6792449880158529,False,5056.0,286.8175455369055,437.1768870623782,180.3332574199885,0.0,3913.0,5056.0,29.0,7291.0,7291.0,40263.0,54685.0,,,,,,,grid-100x100-h6-d1-r1-b0.1,9d14c8a6ddf8e7476e0a1499611216761964933508025083f4cbb88ea5cda8c8,benchmarks/grid/fixed-duration/domain.rddl,benchmarks/grid/fixed-duration/grid-100x100-h6-d1-r1-b0.1.rddl,pruningF
bottom-up-retention-v2,100,6,0.1,3,2023,F-only,1.0,0.9,120.0,ok,201.13545630676566,0.09953924278575219,8.706915931892581,False,9784.0,1477.592674898915,2567.6385960541666,2954.5499548548833,0.0,9026.0,9784.0,59.0,34342.0,34342.0,257929.0,282994.0,,,,,,,grid-100x100-h6-d1-r1-b0.1,9d14c8a6ddf8e7476e0a1499611216761964933508025083f4cbb88ea5cda8c8,benchmarks/grid/fixed-duration/domain.rddl,benchmarks/grid/fixed-duration/grid-100x100-h6-d1-r1-b0.1.rddl,pruningF
bottom-up-retention-v2,100,6,0.2,1,2023,F-only,1.0,0.3,120.0,ok,202.67324466957237,0.00012032700618953713,0.45695213798899204,False,1732.0,141.08119788579643,56.675217230804265,7.784351822920144,0.0,794.0,1732.0,12.0,2381.0,2381.0,3152.0,9715.0,1000,0.0,6.0,6.913005740032531,policies/F-only-100-h6-d0.2-a1-l0.3.json,,grid-100x100-h6-d1-r1-b0.2,91918929407bfc0c723fc3b8d1296f8f3b96028f1826a3ee39b74e8fc3aa4c59,benchmarks/grid/fixed-duration/domain.rddl,benchmarks/grid/fixed-duration/grid-100x100-h6-d1-r1-b0.2.rddl,pruningF
bottom-up-retention-v2,100,6,0.2,1,2023,F-only,1.0,0.5,120.0,ok,202.71982684871261,0.010526777730672444,0.6130754170008004,False,2356.0,110.00854370649904,134.97441727668047,14.004880096763372,0.0,1426.0,2356.0,16.0,4106.0,4106.0,10128.0,19538.0,1000,0.012,6.0,7.015234368038364,policies/F-only-100-h6-d0.2-a1-l0.5.json,,grid-100x100-h6-d1-r1-b0.2,91918929407bfc0c723fc3b8d1296f8f3b96028f1826a3ee39b74e8fc3aa4c59,benchmarks/grid/fixed-duration/domain.rddl,benchmarks/grid/fixed-duration/grid-100x100-h6-d1-r1-b0.2.rddl,pruningF
bottom-up-retention-v2,100,6,0.2,1,2023,F-only,1.0,0.7,120.0,ok,202.42421868761218,0.04309776033359899,1.533888170029968,False,4540.0,275.497246067971,452.3419899633154,39.701923029497266,0.0,3490.0,4540.0,24.0,8316.0,8316.0,40395.0,55392.0,1000,0.041,6.0,6.846403258037753,policies/F-only-100-h6-d0.2-a1-l0.7.json,,grid-100x100-h6-d1-r1-b0.2,91918929407bfc0c723fc3b8d1296f8f3b96028f1826a3ee39b74e8fc3aa4c59,benchmarks/grid/fixed-duration/domain.rddl,benchmarks/grid/fixed-duration/grid-100x100-h6-d1-r1-b0.2.rddl,pruningF
bottom-up-retention-v2,100,6,0.2,1,2023,F-only,1.0,0.9,120.0,ok,200.30491319912784,0.19588474922233906,4.482766540022567,False,10108.0,850.2111341804266,1676.6400372143835,391.2491394439712,0.0,9367.0,10108.0,44.0,20093.0,20093.0,160861.0,175479.0,1000,0.191,6.0,6.728414439945482,policies/F-only-100-h6-d0.2-a1-l0.9.json,,grid-100x100-h6-d1-r1-b0.2,91918929407bfc0c723fc3b8d1296f8f3b96028f1826a3ee39b74e8fc3aa4c59,benchmarks/grid/fixed-duration/domain.rddl,benchmarks/grid/fixed-duration/grid-100x100-h6-d1-r1-b0.2.rddl,pruningF
bottom-up-retention-v2,100,6,0.2,2,2023,F-only,1.0,0.3,120.0,ok,202.67324466957237,0.00012032700618953713,0.34625042299740016,False,1732.0,39.67551980167627,57.787016965448856,7.406964083202183,0.0,794.0,1732.0,12.0,2381.0,2381.0,3152.0,9715.0,,,,,,,grid-100x100-h6-d1-r1-b0.2,91918929407bfc0c723fc3b8d1296f8f3b96028f1826a3ee39b74e8fc3aa4c59,benchmarks/grid/fixed-duration/domain.rddl,benchmarks/grid/fixed-duration/grid-100x100-h6-d1-r1-b0.2.rddl,pruningF
bottom-up-retention-v2,100,6,0.2,2,2023,F-only,1.0,0.5,120.0,ok,202.71982684871261,0.010526777730672444,0.65685788996052,False,2356.0,150.75661521404982,154.02529120910913,13.378873118199408,0.0,1426.0,2356.0,16.0,4106.0,4106.0,10128.0,19538.0,,,,,,,grid-100x100-h6-d1-r1-b0.2,91918929407bfc0c723fc3b8d1296f8f3b96028f1826a3ee39b74e8fc3aa4c59,benchmarks/grid/fixed-duration/domain.rddl,benchmarks/grid/fixed-duration/grid-100x100-h6-d1-r1-b0.2.rddl,pruningF
bottom-up-retention-v2,100,6,0.2,2,2023,F-only,1.0,0.7,120.0,ok,202.42421868761218,0.04309776033359899,1.4210031899856403,False,4540.0,292.2715226886794,403.4709637053311,38.08711806777865,0.0,3490.0,4540.0,24.0,8316.0,8316.0,40395.0,55392.0,,,,,,,grid-100x100-h6-d1-r1-b0.2,91918929407bfc0c723fc3b8d1296f8f3b96028f1826a3ee39b74e8fc3aa4c59,benchmarks/grid/fixed-duration/domain.rddl,benchmarks/grid/fixed-duration/grid-100x100-h6-d1-r1-b0.2.rddl,pruningF
bottom-up-retention-v2,100,6,0.2,2,2023,F-only,1.0,0.9,120.0,ok,200.30491319912784,0.19588474922233906,4.430855744984001,False,10108.0,806.0851114569232,1689.823854365386,390.56318218354136,0.0,9367.0,10108.0,44.0,20093.0,20093.0,160861.0,175479.0,,,,,,,grid-100x100-h6-d1-r1-b0.2,91918929407bfc0c723fc3b8d1296f8f3b96028f1826a3ee39b74e8fc3aa4c59,benchmarks/grid/fixed-duration/domain.rddl,benchmarks/grid/fixed-duration/grid-100x100-h6-d1-r1-b0.2.rddl,pruningF
bottom-up-retention-v2,100,6,0.2,3,2023,F-only,1.0,0.5,120.0,ok,202.71982684871261,0.010526777730672444,0.6920104760210961,False,2356.0,90.82649811170995,228.1601111171767,13.729141093790531,0.0,1426.0,2356.0,16.0,4106.0,4106.0,10128.0,19538.0,,,,,,,grid-100x100-h6-d1-r1-b0.2,91918929407bfc0c723fc3b8d1296f8f3b96028f1826a3ee39b74e8fc3aa4c59,benchmarks/grid/fixed-duration/domain.rddl,benchmarks/grid/fixed-duration/grid-100x100-h6-d1-r1-b0.2.rddl,pruningF
bottom-up-retention-v2,100,6,0.2,3,2023,F-only,1.0,0.7,120.0,ok,202.42421868761218,0.04309776033359899,1.4283485440537333,False,4540.0,242.9421761771664,468.73460221104324,39.11435813643038,0.0,3490.0,4540.0,24.0,8316.0,8316.0,40395.0,55392.0,,,,,,,grid-100x100-h6-d1-r1-b0.2,91918929407bfc0c723fc3b8d1296f8f3b96028f1826a3ee39b74e8fc3aa4c59,benchmarks/grid/fixed-duration/domain.rddl,benchmarks/grid/fixed-duration/grid-100x100-h6-d1-r1-b0.2.rddl,pruningF
bottom-up-retention-v2,100,6,0.2,3,2023,F-only,1.0,0.9,120.0,ok,200.30491319912784,0.19588474922233906,4.395522770937532,False,10108.0,831.4366391859949,1531.3857739092782,388.26914597302675,0.0,9367.0,10108.0,44.0,20093.0,20093.0,160861.0,175479.0,,,,,,,grid-100x100-h6-d1-r1-b0.2,91918929407bfc0c723fc3b8d1296f8f3b96028f1826a3ee39b74e8fc3aa4c59,benchmarks/grid/fixed-duration/domain.rddl,benchmarks/grid/fixed-duration/grid-100x100-h6-d1-r1-b0.2.rddl,pruningF
bottom-up-retention-v2,100,6,0.2,3,2023,F-only,1.0,0.3,120.0,ok,202.67324466957237,0.00012032700618953713,0.40775325696449727,False,1732.0,109.41834992263466,55.219075991772115,7.082112017087638,0.0,794.0,1732.0,12.0,2381.0,2381.0,3152.0,9715.0,,,,,,,grid-100x100-h6-d1-r1-b0.2,91918929407bfc0c723fc3b8d1296f8f3b96028f1826a3ee39b74e8fc3aa4c59,benchmarks/grid/fixed-duration/domain.rddl,benchmarks/grid/fixed-duration/grid-100x100-h6-d1-r1-b0.2.rddl,pruningF
bottom-up-retention-v2,100,6,0.3,1,2023,F-only,1.0,0.3,120.0,ok,202.67324466957237,0.00012032700618953713,0.3348990340018645,False,1732.0,37.97279647551477,54.90146391093731,6.990698049776256,0.0,794.0,1732.0,12.0,2381.0,2381.0,3152.0,9715.0,1000,0.0,6.0,6.707427222048864,policies/F-only-100-h6-d0.3-a1-l0.3.json,,grid-100x100-h6-d1-r1-b0.3,d0277a055245d6e3a7ef521aa3210ea3825677b0e7e40ff42792b1c14dfc57d3,benchmarks/grid/fixed-duration/domain.rddl,benchmarks/grid/fixed-duration/grid-100x100-h6-d1-r1-b0.3.rddl,pruningF
bottom-up-retention-v2,100,6,0.3,1,2023,F-only,1.0,0.5,120.0,ok,202.669874909845,0.0030961163610718073,0.534237114014104,False,2488.0,87.02448103576899,102.77683415915817,11.531112133525312,0.0,1508.0,2488.0,14.0,3196.0,3196.0,8569.0,16348.0,1000,0.003,6.0,6.7362653450109065,policies/F-only-100-h6-d0.3-a1-l0.5.json,,grid-100x100-h6-d1-r1-b0.3,d0277a055245d6e3a7ef521aa3210ea3825677b0e7e40ff42792b1c14dfc57d3,benchmarks/grid/fixed-duration/domain.rddl,benchmarks/grid/fixed-duration/grid-100x100-h6-d1-r1-b0.3.rddl,pruningF
bottom-up-retention-v2,100,6,0.3,1,2023,F-only,1.0,0.7,120.0,ok,202.5751052652246,0.2032412769094081,1.1790631799958646,False,4240.0,233.3844811655581,323.09644506312907,30.184820760041475,0.0,3249.0,4240.0,21.0,6658.0,6658.0,31636.0,43622.0,1000,0.185,6.0,6.763948131003417,policies/F-only-100-h6-d0.3-a1-l0.7.json,,grid-100x100-h6-d1-r1-b0.3,d0277a055245d6e3a7ef521aa3210ea3825677b0e7e40ff42792b1c14dfc57d3,benchmarks/grid/fixed-duration/domain.rddl,benchmarks/grid/fixed-duration/grid-100x100-h6-d1-r1-b0.3.rddl,pruningF
bottom-up-retention-v2,100,6,0.3,1,2023,F-only,1.0,0.9,120.0,ok,200.26907030403052,0.2703029472447411,6.044768241001293,False,12364.0,1306.9204828934744,2246.0023078601807,520.1980777783319,0.0,11465.0,12364.0,50.0,26858.0,26858.0,226654.0,246930.0,1000,0.249,6.0,6.552407075068913,policies/F-only-100-h6-d0.3-a1-l0.9.json,,grid-100x100-h6-d1-r1-b0.3,d0277a055245d6e3a7ef521aa3210ea3825677b0e7e40ff42792b1c14dfc57d3,benchmarks/grid/fixed-duration/domain.rddl,benchmarks/grid/fixed-duration/grid-100x100-h6-d1-r1-b0.3.rddl,pruningF
bottom-up-retention-v2,100,6,0.3,2,2023,F-only,1.0,0.5,120.0,ok,202.669874909845,0.0030961163610718073,0.49307673203293234,False,2488.0,63.535235123708844,105.76409508939832,11.639199801720679,0.0,1508.0,2488.0,14.0,3196.0,3196.0,8569.0,16348.0,,,,,,,grid-100x100-h6-d1-r1-b0.3,d0277a055245d6e3a7ef521aa3210ea3825677b0e7e40ff42792b1c14dfc57d3,benchmarks/grid/fixed-duration/domain.rddl,benchmarks/grid/fixed-duration/grid-100x100-h6-d1-r1-b0.3.rddl,pruningF
bottom-up-retention-v2,100,6,0.3,2,2023,F-only,1.0,0.7,120.0,ok,202.5751052652246,0.2032412769094081,1.270178224076517,False,4240.0,204.2147209867835,452.5271402671933,30.121153220534325,0.0,3249.0,4240.0,21.0,6658.0,6658.0,31636.0,43622.0,,,,,,,grid-100x100-h6-d1-r1-b0.3,d0277a055245d6e3a7ef521aa3210ea3825677b0e7e40ff42792b1c14dfc57d3,benchmarks/grid/fixed-duration/domain.rddl,benchmarks/grid/fixed-duration/grid-100x100-h6-d1-r1-b0.3.rddl,pruningF
bottom-up-retention-v2,100,6,0.3,2,2023,F-only,1.0,0.9,120.0,ok,200.26907030403052,0.2703029472447411,6.104920136043802,False,12364.0,1323.4853158937767,2230.7066448265687,516.976430779323,0.0,11465.0,12364.0,50.0,26858.0,26858.0,226654.0,246930.0,,,,,,,grid-100x100-h6-d1-r1-b0.3,d0277a055245d6e3a7ef521aa3210ea3825677b0e7e40ff42792b1c14dfc57d3,benchmarks/grid/fixed-duration/domain.rddl,benchmarks/grid/fixed-duration/grid-100x100-h6-d1-r1-b0.3.rddl,pruningF
bottom-up-retention-v2,100,6,0.3,2,2023,F-only,1.0,0.3,120.0,ok,202.67324466957237,0.00012032700618953713,0.33702974196057767,False,1732.0,38.41077396646142,55.142579949460924,7.11500714533031,0.0,794.0,1732.0,12.0,2381.0,2381.0,3152.0,9715.0,,,,,,,grid-100x100-h6-d1-r1-b0.3,d0277a055245d6e3a7ef521aa3210ea3825677b0e7e40ff42792b1c14dfc57d3,benchmarks/grid/fixed-duration/domain.rddl,benchmarks/grid/fixed-duration/grid-100x100-h6-d1-r1-b0.3.rddl,pruningF
bottom-up-retention-v2,100,6,0.3,3,2023,F-only,1.0,0.7,120.0,ok,202.5751052652246,0.2032412769094081,1.2348264569882303,False,4240.0,270.4534004442394,345.98354378249496,30.094717163592577,0.0,3249.0,4240.0,21.0,6658.0,6658.0,31636.0,43622.0,,,,,,,grid-100x100-h6-d1-r1-b0.3,d0277a055245d6e3a7ef521aa3210ea3825677b0e7e40ff42792b1c14dfc57d3,benchmarks/grid/fixed-duration/domain.rddl,benchmarks/grid/fixed-duration/grid-100x100-h6-d1-r1-b0.3.rddl,pruningF
bottom-up-retention-v2,100,6,0.3,3,2023,F-only,1.0,0.9,120.0,ok,200.26907030403052,0.2703029472447411,5.959596100030467,False,12364.0,1319.0514290472493,2152.517318027094,514.6345683606341,0.0,11465.0,12364.0,50.0,26858.0,26858.0,226654.0,246930.0,,,,,,,grid-100x100-h6-d1-r1-b0.3,d0277a055245d6e3a7ef521aa3210ea3825677b0e7e40ff42792b1c14dfc57d3,benchmarks/grid/fixed-duration/domain.rddl,benchmarks/grid/fixed-duration/grid-100x100-h6-d1-r1-b0.3.rddl,pruningF
bottom-up-retention-v2,100,6,0.3,3,2023,F-only,1.0,0.3,120.0,ok,202.67324466957237,0.00012032700618953713,0.4417267180979252,False,1732.0,40.458491188474,55.61948718968779,7.483122171834111,0.0,794.0,1732.0,12.0,2381.0,2381.0,3152.0,9715.0,,,,,,,grid-100x100-h6-d1-r1-b0.3,d0277a055245d6e3a7ef521aa3210ea3825677b0e7e40ff42792b1c14dfc57d3,benchmarks/grid/fixed-duration/domain.rddl,benchmarks/grid/fixed-duration/grid-100x100-h6-d1-r1-b0.3.rddl,pruningF
bottom-up-retention-v2,100,6,0.3,3,2023,F-only,1.0,0.5,120.0,ok,202.669874909845,0.0030961163610718073,0.5429538370808586,False,2488.0,68.54825816117227,108.8305008597672,12.034081853926182,0.0,1508.0,2488.0,14.0,3196.0,3196.0,8569.0,16348.0,,,,,,,grid-100x100-h6-d1-r1-b0.3,d0277a055245d6e3a7ef521aa3210ea3825677b0e7e40ff42792b1c14dfc57d3,benchmarks/grid/fixed-duration/domain.rddl,benchmarks/grid/fixed-duration/grid-100x100-h6-d1-r1-b0.3.rddl,pruningF
